,Current,Voltage
0,0.0,0.000193119
1,0.0002,0.00439644
2,0.0004,0.0085783
3,0.0006,0.0126743
4,0.0008,0.0168467
5,0.001,0.0209355
