,Current,Voltage
0,0.0,0.00025034
1,0.0002,0.00488997
2,0.0004,0.00953674
3,0.0006,0.0141048
4,0.0008,0.0187397
5,0.001,0.0233603
