,Current,Voltage
0,0.0,0.000138283
1,0.0002,0.00321627
2,0.0004,0.00619411
3,0.0006,0.00917435
4,0.0008,0.0121474
5,0.001,0.0151134
