,Current,Voltage
0,0.0,0.000867844
1,0.0002,0.0299621
2,0.0004,0.0591946
3,0.0006,0.0882292
4,0.0008,0.117531
5,0.001,0.146561
