,Current,Voltage
0,0.0,-1.34038
1,0.0002,-1.21532
2,0.0004,-1.08084
3,0.0006,-0.948529
4,0.0008,-0.815511
5,0.001,-0.683215
