,Current,Voltage
0,0.0,0.000219345
1,0.0002,0.00668526
2,0.0004,0.0130963
3,0.0006,0.019455
4,0.0008,0.0258875
5,0.001,0.0322771
