,Current,Voltage
0,0.0,0.000133514
1,0.0002,0.00310898
2,0.0004,0.00598431
3,0.0006,0.0088954
4,0.0008,0.0117874
5,0.001,0.0146437
