,Current,Voltage
0,0.0,0.00043869
1,0.0002,0.0143409
2,0.0004,0.0282288
3,0.0006,0.0420475
4,0.0008,0.0559568
5,0.001,0.0697637
