,Current,Voltage
0,0.0,0.000128746
1,0.0002,0.00254393
2,0.0004,0.00492573
3,0.0006,0.00729084
4,0.0008,0.00968218
5,0.001,0.0120091
