,Current,Voltage
0,0.0,0.000264645
1,0.0002,0.00816345
2,0.0004,0.0160599
3,0.0006,0.0238943
4,0.0008,0.0317669
5,0.001,0.0396085
