,Current,Voltage
0,0.0,0.000486374
1,0.0002,0.0154662
2,0.0004,0.0304914
3,0.0006,0.0454283
4,0.0008,0.0604773
5,0.001,0.0753331
