,Current,Voltage
0,0.0,0.000376701
1,0.0002,0.0117302
2,0.0004,0.0231051
3,0.0006,0.0343728
4,0.0008,0.0457978
5,0.001,0.057056
