,Current,Voltage
0,0.0,0.000181198
1,0.0002,0.00426054
2,0.0004,0.00829935
3,0.0006,0.0123024
4,0.0008,0.0163579
5,0.001,0.0203919
