,Current,Voltage
0,0.0,0.000145435
1,0.0002,0.00356436
2,0.0004,0.00692368
3,0.0006,0.010283
4,0.0008,0.013628
5,0.001,0.0169921
