,Current,Voltage
0,0.0,0.000216961
1,0.0002,0.00490665
2,0.0004,0.00959396
3,0.0006,0.0141978
4,0.0008,0.018909
5,0.001,0.0235295
