,Current,Voltage
0,0.0,0.000317097
1,0.0002,0.00789165
2,0.0004,0.0155187
3,0.0006,0.0230789
4,0.0008,0.0306797
5,0.001,0.038228
