,Current,Voltage
0,0.0,0.00015974
1,0.0002,0.00396013
2,0.0004,0.00776291
3,0.0006,0.0114989
4,0.0008,0.0152493
5,0.001,0.0189853
