,Current,Voltage
0,0.0,0.000181198
1,0.0002,0.00288248
2,0.0004,0.00562668
3,0.0006,0.00831842
4,0.0008,0.0110078
5,0.001,0.0137138
