,Current,Voltage
0,0.0,0.000329018
1,0.0002,0.00941515
2,0.0004,0.0184894
3,0.0006,0.0274754
4,0.0008,0.0365448
5,0.001,0.0455475
