,Current,Voltage
0,0.0,0.000166893
1,0.0002,0.00231028
2,0.0004,0.00435829
3,0.0006,0.00644207
4,0.0008,0.00851393
5,0.001,0.0105453
