,Current,Voltage
0,0.0,0.000135899
1,0.0002,0.00318289
2,0.0004,0.00611067
3,0.0006,0.00906706
4,0.0008,0.0119853
5,0.001,0.0149155
