,Current,Voltage
0,0.0,0.000197887
1,0.0002,0.00363111
2,0.0004,0.00704288
3,0.0006,0.0104594
4,0.0008,0.0138259
5,0.001,0.0172186
