,Current,Voltage
0,0.0,0.000174046
1,0.0002,0.00295401
2,0.0004,0.00564814
3,0.0006,0.00835657
4,0.0008,0.0110817
5,0.001,0.0137591
