,Current,Voltage
0,0.0,0.000143051
1,0.0002,0.00139475
2,0.0004,0.00264645
3,0.0006,0.00384331
4,0.0008,0.00505924
5,0.001,0.00630856
