,Current,Voltage
0,0.0,0.000112057
1,0.0002,0.00118256
2,0.0004,0.00359774
3,0.0006,1.61621
4,0.0008,3.20055
5,0.001,4.97596
