,Current,Voltage
0,0.0,0.000157356
1,0.0002,0.00209332
2,0.0004,0.00404835
3,0.0006,0.00598669
4,0.0008,0.00792742
5,0.001,0.00986338
