,Current,Voltage
0,0.0,0.000150204
1,0.0002,0.00375986
2,0.0004,0.00736952
3,0.0006,0.010941
4,0.0008,0.0144315
5,0.001,0.0177264
