,Current,Voltage
0,0.0,-0.000388622
1,0.0002,0.049386
2,0.0004,0.0983572
3,0.0006,0.145893
4,0.0008,0.192974
5,0.001,0.238781
