,Current,Voltage
0,0.0,0.000164509
1,0.0002,0.00326633
2,0.0004,0.00635147
3,0.0006,0.00936747
4,0.0008,0.0124526
5,0.001,0.0154924
