,Current,Voltage
0,0.0,-0.00707078
1,8e-10,0.0962098
2,1.6e-09,0.188694
3,2.4e-09,0.2729
4,3.2e-09,0.287388
5,4e-09,0.431918
