,Current,Voltage
0,0.0,0.000793934
1,0.0002,0.0333667
2,0.0004,0.0660491
3,0.0006,10.002
4,0.0008,10.002
5,0.001,10.0018
