,Current,Voltage
0,0.0,0.00017643
1,0.0002,0.00478029
2,0.0004,0.00928879
3,0.0006,0.0138164
4,0.0008,0.018332
5,0.001,0.0228453
