,Current,Voltage
0,0.0,0.000193119
1,0.0002,0.00337839
2,0.0004,0.00652552
3,0.0006,0.00965834
4,0.0008,0.0128055
5,0.001,0.0159335
