,Current,Voltage
0,0.0,0.000560284
1,0.0002,0.0183606
2,0.0004,0.0362706
3,0.0006,0.0540113
4,0.0008,0.0719261
5,0.001,0.0896859
