,Current,Voltage
0,0.0,0.000309944
1,0.0002,0.00823021
2,0.0004,0.01616
3,0.0006,0.0240183
4,0.0008,0.0319266
5,0.001,0.0397921
