,Current,Voltage
0,0.0,0.00137329
1,0.0002,0.0548959
2,0.0004,0.108879
3,0.0006,0.162411
4,0.0008,0.216391
5,0.001,0.269876
