,Current,Voltage
0,0.0,0.00102758
1,0.0002,0.039916
2,0.0004,0.0793433
3,0.0006,0.118303
4,0.0008,0.157895
5,0.001,0.196764
