,Current,Voltage
0,0.0,0.164437
1,0.0002,0.819621
2,0.0004,6.06697
3,0.0006,10.0023
4,0.0008,10.0021
5,0.001,10.002
