,Current,Voltage
0,0.0,0.000257492
1,0.0002,0.00562191
2,0.0004,0.0109744
3,0.0006,0.0162721
4,0.0008,0.0216532
5,0.001,0.0269556
