,Current,Voltage
0,0.0,0.000112057
1,0.0002,0.000588894
2,0.0004,0.00102282
3,0.0006,0.00149012
4,0.0008,0.00190973
5,0.001,0.00232458
