,Current,Voltage
0,0.0,0.0141358
1,0.0002,0.5586
2,0.0004,1.10995
3,0.0006,1.65937
4,0.0008,2.21808
5,0.001,2.77753
