,Current,Voltage
0,0.0,0.000255108
1,0.0002,0.00617027
2,0.0004,0.0121069
3,0.0006,0.0180173
4,0.0008,0.0239539
5,0.001,0.0298572
