,Current,Voltage
0,0.0,0.000195503
1,0.0002,0.00466824
2,0.0004,0.00912189
3,0.0006,0.0135136
4,0.0008,0.0179791
5,0.001,0.022378
