,Current,Voltage
0,0.0,0.00043869
1,0.0002,0.0156522
2,0.0004,0.0308847
3,0.0006,0.0459909
4,0.0008,0.0612402
5,0.001,0.0763369
