,Current,Voltage
0,0.0,0.000753403
1,0.0002,0.0279188
2,0.0004,0.055263
3,0.0006,0.0823355
4,0.0008,0.109634
5,0.001,0.136747
