,Current,Voltage
0,0.0,0.000228882
1,0.0002,0.00499487
2,0.0004,0.00970602
3,0.0006,0.0144076
4,0.0008,0.0191474
5,0.001,0.0238371
