,Current,Voltage
0,0.0,0.000195503
1,0.0002,0.00473022
2,0.0004,0.00926018
3,0.0006,0.0137568
4,0.0008,0.0182891
5,0.001,0.0228214
