,Current,Voltage
0,0.0,-0.35948
1,0.0002,-0.0703192
2,0.0004,0.202637
3,0.0006,0.475831
4,0.0008,0.722237
5,0.001,0.930336
