,Current,Voltage
0,0.0,0.00333786
1,0.0002,0.135758
2,0.0004,0.268841
3,0.0006,0.833039
4,0.0008,2.22707
5,0.001,3.78333
