,Current,Voltage
0,0.0,5.48363e-05
1,0.0002,0.000319481
2,0.0004,0.000514984
3,0.0006,0.000743866
4,0.0008,0.000925064
5,0.001,0.00114679
