,Current,Voltage
0,0.0,0.000419617
1,0.0002,0.0139356
2,0.0004,0.0274253
3,0.0006,0.0408626
4,0.0008,0.0543857
5,0.001,0.0677967
