,Current,Voltage
0,0.0,0.000908375
1,0.0002,0.0333405
2,0.0004,0.0659847
3,0.0006,0.09835
4,0.0008,0.131037
5,0.001,0.163395
