,Current,Voltage
0,0.0,0.000228882
1,0.0002,0.006392
2,0.0004,0.012598
3,0.0006,0.0186872
4,0.0008,0.0248456
5,0.001,0.0309372
