,Current,Voltage
0,0.0,0.000321865
1,0.0002,0.0104213
2,0.0004,0.0205493
3,0.0006,0.0305319
4,0.0008,10.002
5,0.001,10.0021
