,Current,Voltage
0,0.0,0.0201821
1,0.0002,0.838356
2,0.0004,2.85031
3,0.0006,5.84791
4,0.0008,8.84202
5,0.001,10.0018
