,Current,Voltage
0,0.0,-1.04979
1,0.0002,-0.631964
2,0.0004,-0.331736
3,0.0006,-0.107055
4,0.0008,0.0699186
5,0.001,0.211425
