,Current,Voltage
0,0.0,0.000300407
1,0.0002,0.0083518
2,0.0004,0.0164056
3,0.0006,0.0243974
4,0.0008,0.0324917
5,0.001,0.040462
