,Current,Voltage
0,0.0,0.000503063
1,0.0002,0.0152755
2,0.0004,0.0301552
3,0.0006,0.0448608
4,0.0008,0.0596976
5,0.001,0.0744581
