,Current,Voltage
0,0.0,0.000536442
1,0.0002,0.0184512
2,0.0004,0.0364208
3,0.0006,0.0542831
4,0.0008,0.0722623
5,0.001,0.0900817
