,Current,Voltage
0,0.0,0.000989437
1,0.0002,0.0357366
2,0.0004,0.070672
3,0.0006,0.105371
4,0.0008,0.140321
5,0.001,0.174987
