,Current,Voltage
0,0.0,0.000874996
1,0.0002,0.0311708
2,0.0004,0.0617361
3,0.0006,0.0920486
4,0.0008,0.122547
5,0.001,0.152855
