,Current,Voltage
0,0.0,7.39098e-05
1,0.0002,1.5055
2,0.0004,5.40564
3,0.0006,9.44476
4,0.0008,10.0019
5,0.001,10.002
