,Current,Voltage
0,0.0,0.000331402
1,0.0002,0.0107765
2,0.0004,0.0212431
3,0.0006,0.0316286
4,0.0008,0.0421095
5,0.001,0.0524545
