,Current,Voltage
0,0.0,0.000519753
1,0.0002,0.0175619
2,0.0004,2.79088
3,0.0006,6.90771
4,0.0008,10.0019
5,0.001,10.0018
