,Current,Voltage
0,0.0,0.0005126
1,0.0002,0.0185108
2,0.0004,0.0365853
3,0.0006,0.0545216
4,0.0008,0.0726366
5,0.001,0.0905514
