,Current,Voltage
0,0.0,-0.870765
1,8e-10,-0.367379
2,1.6e-09,-0.0618968
3,2.4e-09,0.249676
4,3.2e-09,0.560847
5,4e-09,0.875805
