,Current,Voltage
0,0.0,0.00404382
1,8e-10,0.0108423
2,1.6e-09,0.0176592
3,2.4e-09,0.024462
4,3.2e-09,0.03128
5,4e-09,0.0380981
