,Current,Voltage
0,0.0,0.000362396
1,0.0002,0.0116348
2,0.0004,0.0229359
3,0.0006,0.0341249
4,0.0008,0.0454569
5,0.001,0.056622
