,Current,Voltage
0,0.0,9.77516e-05
1,0.0002,0.00239611
2,0.0004,0.00466347
3,0.0006,0.00692606
4,0.0008,0.0091958
5,0.001,0.0113964
