,Current,Voltage
0,0.0,0.000662804
1,0.0002,0.0236821
2,0.0004,0.0468898
3,0.0006,0.0698781
4,0.0008,0.0931406
5,0.001,0.116103
