,Current,Voltage
0,0.0,0.000154972
1,0.0002,0.00287533
2,0.0004,0.00556946
3,0.0006,0.0082159
4,0.0008,0.0108743
5,0.001,0.0135446
