,Current,Voltage
0,0.0,0.000298023
1,0.0002,0.0114989
2,0.0004,0.0226259
3,0.0006,0.03371
4,0.0008,0.0448966
5,0.001,0.0559998
