,Current,Voltage
0,0.0,0.000488758
1,0.0002,0.018332
2,0.0004,0.0362611
3,0.0006,0.0540543
4,0.0008,0.0720453
5,0.001,0.0897717
