,Current,Voltage
0,0.0,0.000150204
1,0.0002,0.00363827
2,0.0004,0.00709295
3,0.0006,0.0105381
4,0.0008,0.0140047
5,0.001,0.0173783
