,Current,Voltage
0,0.0,0.000104904
1,0.0002,0.00381231
2,0.0004,0.00751019
3,0.0006,0.011127
4,0.0008,0.0148058
5,0.001,0.0183964
