,Current,Voltage
0,0.0,0.00117302
1,0.0002,0.0428653
2,0.0004,0.0848699
3,0.0006,0.126476
4,0.0008,0.168531
5,0.001,0.210147
