,Current,Voltage
0,0.0,5.24521e-05
1,0.0002,0.000934601
2,0.0004,0.00174522
3,0.0006,0.00256777
4,0.0008,0.00340223
5,0.001,0.00417948
