,Current,Voltage
0,0.0,-1.35219
1,0.0002,-1.28566
2,0.0004,-1.22619
3,0.0006,-1.16717
4,0.0008,-1.10815
5,0.001,-1.04939
