,Current,Voltage
0,0.0,0.000386238
1,0.0002,0.0139594
2,0.0004,0.0276113
3,0.0006,0.0411034
4,0.0008,0.0547528
5,0.001,0.0682402
