,Current,Voltage
0,0.0,9.05991e-05
1,0.0002,0.00120401
2,0.0004,0.00232697
3,0.0006,0.00343084
4,0.0008,0.0045681
5,0.001,0.00564814
