,Current,Voltage
0,0.0,0.000128746
1,0.0002,0.00174761
2,0.0004,0.00339508
3,0.0006,0.00502586
4,0.0008,0.0066185
5,0.001,0.00824928
