,Current,Voltage
0,0.0,7.86781e-05
1,0.0002,0.00100851
2,0.0004,0.00180483
3,0.0006,0.00265598
4,0.0008,0.00350952
5,0.001,0.00435591
