,Current,Voltage
0,0.0,0.000178814
1,0.0002,0.00482082
2,0.0004,0.00946045
3,0.0006,0.0140619
4,0.0008,0.0187159
5,0.001,0.0233674
