,Current,Voltage
0,0.0,0.00027895
1,0.0002,0.00954628
2,0.0004,0.0187159
3,0.0006,0.0278926
4,0.0008,0.0370765
5,0.001,0.0462222
