,Current,Voltage
0,0.0,0.000741482
1,0.0002,0.0275946
2,0.0004,0.0545835
3,0.0006,0.0813556
4,0.0008,0.108407
5,0.001,0.135155
