,Current,Voltage
0,0.0,0.000252724
1,0.0002,0.00850677
2,0.0004,0.0167441
3,0.0006,0.0249171
4,0.0008,0.0331616
5,0.001,0.0413871
