,Current,Voltage
0,0.0,0.000109673
1,0.0002,0.00138521
2,0.0004,0.00255108
3,0.0006,0.00355721
4,0.0008,0.00467777
5,0.001,0.00578165
