,Current,Voltage
0,0.0,0.000181198
1,0.0002,0.00430107
2,0.0004,0.00841141
3,0.0006,0.0124574
4,0.0008,0.0165844
5,0.001,0.0206304
