,Current,Voltage
0,0.0,0.000350475
1,0.0002,0.0121713
2,0.0004,0.0240827
3,0.0006,0.0358605
4,0.0008,0.0477457
5,0.001,0.0594854
