,Current,Voltage
0,0.0,0.000152588
1,0.0002,0.00471354
2,0.0004,0.00917912
3,0.0006,0.0135732
4,0.0008,0.0180674
5,0.001,0.0225711
