,Current,Voltage
0,0.0,0.000169277
1,0.0002,0.00562429
2,0.0004,0.0110388
3,0.0006,0.0164413
4,0.0008,0.0219011
5,0.001,0.0272894
