,Current,Voltage
0,0.0,0.000171661
1,0.0002,0.0024128
2,0.0004,0.00466585
3,0.0006,0.00686646
4,0.0008,0.00911474
5,0.001,0.011313
