,Current,Voltage
0,0.0,0.00015974
1,0.0002,0.00224829
2,0.0004,0.00431061
3,0.0006,0.0063324
4,0.0008,0.0083971
5,0.001,0.0104213
