,Current,Voltage
0,0.0,0.00391006
1,0.0002,0.00712395
2,0.0004,0.009377
3,0.0006,0.0118423
4,0.0008,0.0141883
5,0.001,0.0167823
