,Current,Voltage
0,0.0,0.000121593
1,0.0002,0.000967979
2,0.0004,0.00167847
3,0.0006,0.00241041
4,0.0008,0.00318289
5,0.001,0.00389338
