,Current,Voltage
0,0.0,0.000123978
1,0.0002,0.000498295
2,0.0004,0.000824928
3,0.0006,0.00109911
4,0.0008,0.00142097
5,0.001,0.001719
