,Current,Voltage
0,0.0,0.000126362
1,0.0002,0.00108004
2,0.0004,0.00200272
3,0.0006,0.00288248
4,0.0008,0.00379324
5,0.001,0.00468016
