,Current,Voltage
0,0.0,0.00015974
1,0.0002,0.0019145
2,0.0004,0.0036335
3,0.0006,0.00536203
4,0.0008,0.00706434
5,0.001,0.00876427
