,Current,Voltage
0,0.0,0.000166893
1,0.0002,0.00213623
2,0.0004,0.00409365
3,0.0006,0.00602245
4,0.0008,0.00793695
5,0.001,0.00988007
