,Current,Voltage
0,0.0,0.000207424
1,0.0002,0.0032258
2,0.0004,0.00621796
3,0.0006,0.00916719
4,0.0008,0.0120926
5,0.001,0.0150228
