,Current,Voltage
0,0.0,-1.0278
1,0.0002,-0.824049
2,0.0004,-0.698543
3,0.0006,-0.592527
4,0.0008,-0.496056
5,0.001,-0.408599
