,Current,Voltage
0,0.0,0.000157356
1,0.0002,0.00193119
2,0.0004,0.00362635
3,0.0006,0.0053215
4,0.0008,0.0070405
5,0.001,0.00872135
