,Current,Voltage
0,0.0,0.000169277
1,0.0002,0.00191689
2,0.0004,0.0036335
3,0.0006,0.00535488
4,0.0008,0.0070858
5,0.001,0.00876665
