,Current,Voltage
0,0.0,0.000109673
1,0.0002,0.00165701
2,0.0004,0.00315189
3,0.0006,0.00466108
4,0.0008,0.00613451
5,0.001,0.00764608
