,Current,Voltage
0,0.0,0.000138283
1,0.0002,0.0022459
2,0.0004,0.00431061
3,0.0006,0.00635862
4,0.0008,0.00841141
5,0.001,0.0104499
