,Current,Voltage
0,0.0,0.000109673
1,0.0002,0.00152826
2,0.0004,0.00287056
3,0.0006,0.00420094
4,0.0008,0.00555992
5,0.001,0.00688553
