,Current,Voltage
0,0.0,0.000138283
1,0.0002,0.00330448
2,0.0004,0.00643253
3,0.0006,0.00954151
4,0.0008,0.0127006
5,0.001,0.0158119
