,Current,Voltage
0,0.0,0.000100136
1,0.0002,0.00240564
2,0.0004,0.00460148
3,0.0006,0.00681877
4,0.0008,0.0090766
5,0.001,0.0112295
