,Current,Voltage
0,0.0,0.000412464
1,0.0002,0.012629
2,0.0004,0.0248647
3,0.0006,0.0370407
4,0.0008,0.0492859
5,0.001,0.0614452
