,Current,Voltage
0,0.0,0.000126362
1,0.0002,0.00165224
2,0.0004,0.00313759
3,0.0006,0.00459671
4,0.0008,0.00602245
5,0.001,0.00750542
