,Current,Voltage
0,0.0,0.000157356
1,0.0002,0.00302553
2,0.0004,0.00589371
3,0.0006,0.00870705
4,0.0008,0.01158
5,0.001,0.0143814
