,Current,Voltage
0,0.0,0.000135899
1,0.0002,0.00156403
2,0.0004,0.0029397
3,0.0006,0.004282
4,0.0008,0.00566721
5,0.001,0.00702381
