,Current,Voltage
0,0.0,0.000100136
1,0.0002,0.0024724
2,0.0004,0.00477314
3,0.0006,0.00709295
4,0.0008,0.00933647
5,0.001,0.0116372
