,Current,Voltage
0,0.0,-0.000298023
1,0.0002,0.00296831
2,0.0004,9.46332
3,0.0006,10.0022
4,0.0008,10.002
5,0.001,10.002
