,Current,Voltage
0,0.0,0.000135899
1,0.0002,0.00188828
2,0.0004,0.00353575
3,0.0006,0.00519514
4,0.0008,0.0068593
5,0.001,0.0084877
