,Current,Voltage
0,0.0,0.000107288
1,0.0002,0.00163555
2,0.0004,0.00303268
3,0.0006,0.00447035
4,0.0008,0.00584602
5,0.001,0.00729561
