,Current,Voltage
0,0.0,0.000152588
1,0.0002,0.00163078
2,0.0004,0.00306368
3,0.0006,0.00451803
4,0.0008,0.00593424
5,0.001,0.00733137
