,Current,Voltage
0,0.0,0.000116825
1,0.0002,0.00165701
2,0.0004,0.00318289
3,0.0006,0.00469685
4,0.0008,0.00618219
5,0.001,0.0076437
