,Current,Voltage
0,0.0,0.000257492
1,0.0002,0.00648737
2,0.0004,0.0126624
3,0.0006,0.0187659
4,0.0008,0.0249863
5,0.001,0.031085
