,Current,Voltage
0,0.0,0.000207424
1,0.0002,0.00429869
2,0.0004,0.00838041
3,0.0006,0.0123882
4,0.0008,0.0164676
5,0.001,0.0204468
