,Current,Voltage
0,0.0,0.000321865
1,0.0002,0.00957727
2,0.0004,0.0188684
3,0.0006,0.028019
4,0.0008,0.037272
5,0.001,0.0464439
