,Current,Voltage
0,0.0,0.00010252
1,0.0002,0.00146389
2,0.0004,0.00269651
3,0.0006,0.00396252
4,0.0008,0.00522852
5,0.001,0.00648975
