,Current,Voltage
0,0.0,0.000107288
1,0.0002,0.0017333
2,0.0004,0.00328302
3,0.0006,0.00480175
4,0.0008,0.00632286
5,0.001,0.00787497
