,Current,Voltage
0,0.0,0.000200272
1,0.0002,0.00464201
2,0.0004,0.00902176
3,0.0006,0.0133419
4,0.0008,0.0177526
5,0.001,0.0220966
