,Current,Voltage
0,0.0,0.000138283
1,0.0002,0.00208139
2,0.0004,0.00401258
3,0.0006,0.0058651
4,0.0008,0.00777483
5,0.001,0.0096488
