,Current,Voltage
0,0.0,0.00015974
1,0.0002,0.00179052
2,0.0004,0.00338793
3,0.0006,0.0049758
4,0.0008,0.00654936
5,0.001,0.00813246
