,Current,Voltage
0,0.0,0.000190735
1,0.0002,0.0019455
2,0.0004,0.00366926
3,0.0006,0.00537634
4,0.0008,0.00713348
5,0.001,0.00881672
