,Current,Voltage
0,0.0,0.000224113
1,0.0002,0.00428915
2,0.0004,0.00831366
3,0.0006,0.0123167
4,0.0008,0.0163698
5,0.001,0.0203562
