,Current,Voltage
0,0.0,0.000178814
1,0.0002,0.0025773
2,0.0004,0.00520706
3,0.0006,0.00770092
4,0.0008,0.0100994
5,0.001,0.0123096
