,Current,Voltage
0,0.0,0.000171661
1,0.0002,0.00201702
2,0.0004,0.0037694
3,0.0006,0.00553131
4,0.0008,0.00730991
5,0.001,0.00908136
