,Current,Voltage
0,0.0,0.00015974
1,0.0002,0.00286579
2,0.0004,0.00556707
3,0.0006,0.00822067
4,0.0008,0.0109029
5,0.001,0.0135517
