,Current,Voltage
0,0.0,0.000138283
1,0.0002,0.00194788
2,0.0004,0.00376701
3,0.0006,0.00548363
4,0.0008,0.00729322
5,0.001,0.0090456
