,Current,Voltage
0,0.0,0.00014782
1,0.0002,0.00229597
2,0.0004,0.00441074
3,0.0006,0.00650883
4,0.0008,0.0086236
5,0.001,0.0107169
