,Current,Voltage
0,0.0,0.000197887
1,0.0002,0.00199318
2,0.0004,0.00377893
3,0.0006,0.00552416
4,0.0008,0.00730276
5,0.001,0.00908375
