,Current,Voltage
0,0.0,0.000162125
1,0.0002,0.00169754
2,0.0004,0.0032568
3,0.0006,0.0047946
4,0.0008,0.0063014
5,0.001,0.0078249
