,Current,Voltage
0,0.0,9.53674e-05
1,0.0002,0.00165939
2,0.0004,0.00317335
3,0.0006,0.00467062
4,0.0008,0.0061965
5,0.001,0.00768423
