,Current,Voltage
0,0.0,0.000128746
1,0.0002,0.0020504
2,0.0004,0.00397921
3,0.0006,0.00586987
4,0.0008,0.00780821
5,0.001,0.0096488
