,Current,Voltage
0,0.0,0.000178814
1,0.0002,0.00165701
2,0.0004,0.00319481
3,0.0006,0.00464678
4,0.0008,0.00614643
5,0.001,0.00764608
