,Current,Voltage
0,0.0,8.58307e-05
1,0.0002,0.00141621
2,0.0004,0.00269413
3,0.0006,0.00396729
4,0.0008,0.00521183
5,0.001,0.00648499
