,Current,Voltage
0,0.0,0.000252724
1,0.0002,0.00399828
2,0.0004,0.00801802
3,0.0006,0.0118208
4,0.0008,0.0158095
5,0.001,0.0197291
