,Current,Voltage
0,0.0,0.000247955
1,0.0002,0.00550747
2,0.0004,0.0106907
3,0.0006,0.0158358
4,0.0008,0.0210547
5,0.001,0.0262141
