,Current,Voltage
0,0.0,0.00352359
1,8e-10,0.00940943
2,1.6e-09,0.015276
3,2.4e-09,0.0211365
4,3.2e-09,0.027009
5,4e-09,0.032845
