,Current,Voltage
0,0.0,0.00486779
1,8e-10,0.0187249
2,1.6e-09,0.0325947
3,2.4e-09,0.0464427
4,3.2e-09,0.0602953
5,4e-09,0.0741422
