,Current,Voltage
0,0.0,0.00623465
1,8e-10,0.0164104
2,1.6e-09,0.0265994
3,2.4e-09,0.0367761
4,3.2e-09,0.046984
5,4e-09,0.0571404
