,Current,Voltage
0,0.0,0.00374937
1,8e-10,0.0121384
2,1.6e-09,0.0205207
3,2.4e-09,0.0288911
4,3.2e-09,0.0372798
5,4e-09,0.0456645
