,Current,Voltage
0,0.0,0.000178814
1,0.0002,0.00163078
2,0.0004,0.00309229
3,0.0006,0.00454664
4,0.0008,0.00603914
5,0.001,0.00744343
