,Current,Voltage
0,0.0,0.000174046
1,0.0002,0.00331163
2,0.0004,0.00645161
3,0.0006,0.00953674
4,0.0008,0.0126338
5,0.001,0.0157189
