,Current,Voltage
0,0.0,0.000164509
1,0.0002,0.00190496
2,0.0004,0.00365019
3,0.0006,0.00543833
4,0.0008,0.00714302
5,0.001,0.00890493
