,Current,Voltage
0,0.0,0.000123978
1,0.0002,0.00134945
2,0.0004,0.00256062
3,0.0006,0.00374556
4,0.0008,0.00494719
5,0.001,0.00610113
