,Current,Voltage
0,0.0,0.000138283
1,0.0002,0.00167847
2,0.0004,0.00323534
3,0.0006,0.00473022
4,0.0008,0.00621557
5,0.001,0.00776291
