,Current,Voltage
0,0.0,0.000154972
1,0.0002,0.00249624
2,0.0004,0.00474453
3,0.0006,0.00702381
4,0.0008,0.00929117
5,0.001,0.0115299
