,Current,Voltage
0,0.0,0.000164509
1,0.0002,0.000994205
2,0.0004,0.0018239
3,0.0006,0.00261068
4,0.0008,0.00339508
5,0.001,0.00422239
