,Current,Voltage
0,0.0,0.000152588
1,0.0002,0.00249386
2,0.0004,0.00479937
3,0.0006,0.00704288
4,0.0008,0.0093174
5,0.001,0.0115561
