,Current,Voltage
0,0.0,0.000181198
1,0.0002,0.00292063
2,0.0004,0.00559568
3,0.0006,0.00829935
4,0.0008,0.0110173
5,0.001,0.0137019
