,Current,Voltage
0,0.0,0.000152588
1,0.0002,0.00148296
2,0.0004,0.00275373
3,0.0006,0.00405073
4,0.0008,0.00529528
5,0.001,0.00653982
