,Current,Voltage
0,0.0,0.000162125
1,0.0002,0.00147581
2,0.0004,0.0028348
3,0.0006,0.0041151
4,0.0008,0.00544786
5,0.001,0.00672102
