,Current,Voltage
0,0.0,0.000152588
1,0.0002,0.00107765
2,0.0004,0.0019002
3,0.0006,0.00275612
4,0.0008,0.00362635
5,0.001,0.00445604
