,Current,Voltage
0,0.0,0.00013113
1,0.0002,0.000901222
2,0.0004,0.00163794
3,0.0006,0.0023818
4,0.0008,0.00310421
5,0.001,0.00383377
