,Current,Voltage
0,0.0,0.00015974
1,0.0002,0.0027132
2,0.0004,0.00517607
3,0.0006,0.00775576
4,0.0008,0.0102973
5,0.001,0.0127387
