,Current,Voltage
0,0.0,0.000143051
1,0.0002,0.00179291
2,0.0004,0.00337601
3,0.0006,0.00495672
4,0.0008,0.00653982
5,0.001,0.00811815
