,Current,Voltage
0,0.0,0.000100136
1,0.0002,0.00179291
2,0.0004,0.00345945
3,0.0006,0.00508785
4,0.0008,0.00669718
5,0.001,0.00832081
