,Current,Voltage
0,0.0,0.000145435
1,0.0002,0.00197649
2,0.0004,0.00375509
3,0.0006,0.00554323
4,0.0008,0.00730038
5,0.001,0.00909805
