,Current,Voltage
0,0.0,0.000143051
1,0.0002,0.00115633
2,0.0004,0.00217438
3,0.0006,0.0031662
4,0.0008,0.00418186
5,0.001,0.0051713
