,Current,Voltage
0,0.0,0.000109673
1,0.0002,0.00173807
2,0.0004,0.00327587
3,0.0006,0.0048399
4,0.0008,0.00640869
5,0.001,0.00794172
