,Current,Voltage
0,0.0,0.000138283
1,0.0002,0.00154972
2,0.0004,0.00295162
3,0.0006,0.00432968
4,0.0008,0.00571728
5,0.001,0.00711441
