,Current,Voltage
0,0.0,0.00015974
1,0.0002,0.00197172
2,0.0004,0.00375032
3,0.0006,0.00548601
4,0.0008,0.00725031
5,0.001,0.00900984
