,Current,Voltage
0,0.0,0.000126362
1,0.0002,0.00222921
2,0.0004,0.00428677
3,0.0006,0.00625372
4,0.0008,0.00828505
5,0.001,0.0102973
