,Current,Voltage
0,0.0,0.000145435
1,0.0002,0.00183821
2,0.0004,0.00352621
3,0.0006,0.0051403
4,0.0008,0.00681877
5,0.001,0.00848055
