,Current,Voltage
0,0.0,0.000114441
1,0.0002,0.00131369
2,0.0004,0.00248671
3,0.0006,0.00362873
4,0.0008,0.00476122
5,0.001,0.00585318
