,Current,Voltage
0,0.0,0.00010252
1,0.0002,0.00148773
2,0.0004,0.00286818
3,0.0006,0.0041604
4,0.0008,0.0055027
5,0.001,0.00683784
