,Current,Voltage
0,0.0,0.000183582
1,0.0002,0.00208616
2,0.0004,0.00396013
3,0.0006,0.00582695
4,0.0008,0.00771999
5,0.001,0.00955343
