,Current,Voltage
0,0.0,0.000116825
1,0.0002,0.00104904
2,0.0004,0.00190735
3,0.0006,0.00277042
4,0.0008,0.00363588
5,0.001,0.00448465
