,Current,Voltage
0,0.0,0.000133514
1,0.0002,0.00129461
2,0.0004,0.00235081
3,0.0006,0.00341415
4,0.0008,0.00451088
5,0.001,0.00558615
