,Current,Voltage
0,0.0,0.000157356
1,0.0002,0.00174284
2,0.0004,0.00329256
3,0.0006,0.00480175
4,0.0008,0.00635386
5,0.001,0.00791073
