,Current,Voltage
0,0.0,0.000157356
1,0.0002,0.00176668
2,0.0004,0.00335693
3,0.0006,0.00493765
4,0.0008,0.00645638
5,0.001,0.00803232
