,Current,Voltage
0,0.0,0.000128746
1,0.0002,0.00153303
2,0.0004,0.00288963
3,0.0006,0.00420332
4,0.0008,0.00554085
5,0.001,0.00684738
