,Current,Voltage
0,0.0,0.000145435
1,0.0002,0.00159264
2,0.0004,0.00295877
3,0.0006,0.004282
4,0.0008,0.00565529
5,0.001,0.00704527
