,Current,Voltage
0,0.0,0.000128746
1,0.0002,0.00160694
2,0.0004,0.00307798
3,0.0006,0.00447273
4,0.0008,0.00591516
5,0.001,0.00731707
