,Current,Voltage
0,0.0,0.000116825
1,0.0002,0.00156879
2,0.0004,0.002985
3,0.0006,0.00436544
4,0.0008,0.00581026
5,0.001,0.00716925
