,Current,Voltage
0,0.0,0.00014782
1,0.0002,0.0012207
2,0.0004,0.00233173
3,0.0006,0.00334978
4,0.0008,0.00439167
5,0.001,0.0054431
