,Current,Voltage
0,0.0,0.00010252
1,0.0002,0.00146627
2,0.0004,0.00277996
3,0.0006,0.00410557
4,0.0008,0.00538826
5,0.001,0.00668764
