,Current,Voltage
0,0.0,0.000114441
1,0.0002,0.00141859
2,0.0004,0.0026536
3,0.0006,0.0038743
4,0.0008,0.00506878
5,0.001,0.00626326
