,Current,Voltage
0,0.0,0.00336766
1,8e-10,0.0107756
2,1.6e-09,0.0181878
3,2.4e-09,0.0256097
4,3.2e-09,0.0330355
5,4e-09,0.040452
