,Current,Voltage
0,0.0,0.00701427
1,0.0002,0.278265
2,0.0004,0.55491
3,0.0006,0.834877
4,0.0008,1.12591
5,0.001,1.41975
