,Current,Voltage
0,0.0,0.000116825
1,0.0002,-0.000631809
2,0.0004,-0.00140905
3,0.0006,-0.0022006
4,0.0008,-0.0030303
5,0.001,-0.00384808
