,Current,Voltage
0,0.0,0.000395775
1,0.0002,0.011425
2,0.0004,0.0224447
3,0.0006,0.0335169
4,0.0008,0.0444937
5,0.001,0.0553513
