,Current,Voltage
0,0.0,0.000243187
1,0.0002,0.0051713
2,0.0004,0.0100875
3,0.0006,0.014925
4,0.0008,0.019846
5,0.001,0.024693
