,Current,Voltage
0,0.0,0.000460148
1,0.0002,0.0130749
2,0.0004,0.0257587
3,0.0006,0.0383377
4,0.0008,0.0510192
5,0.001,0.0635815
