,Current,Voltage
0,0.0,0.000228882
1,0.0002,0.00469208
2,0.0004,0.00912666
3,0.0006,0.0135374
4,0.0008,0.0180149
5,0.001,0.0223875
