,Current,Voltage
0,0.0,0.000274181
1,0.0002,0.0061965
2,0.0004,0.0121188
3,0.0006,0.0179887
4,0.0008,0.023911
5,0.001,0.0297976
