,Current,Voltage
0,0.0,0.000240803
1,0.0002,0.00501394
2,0.0004,0.00972271
3,0.0006,0.0144196
4,0.0008,0.0191212
5,0.001,0.0238252
