,Current,Voltage
0,0.0,-1.38653
1,0.0002,-1.31913
2,0.0004,-1.25893
3,0.0006,-1.19922
4,0.0008,-1.14073
5,0.001,-1.08207
