,Current,Voltage
0,0.0,0.00150442
1,0.0002,0.0572896
2,0.0004,0.113628
3,0.0006,0.169497
4,0.0008,0.225828
5,0.001,0.281653
