,Current,Voltage
0,0.0,0.000309944
1,0.0002,0.00938416
2,0.0004,0.0184131
3,0.0006,0.0273967
4,0.0008,0.0364637
5,0.001,0.0454426
