,Current,Voltage
0,0.0,0.000834465
1,0.0002,0.0270891
2,0.0004,0.0535536
3,0.0006,0.0797677
4,0.0008,0.10622
5,0.001,0.132377
