,Current,Voltage
0,0.0,0.000150204
1,0.0002,0.00168562
2,0.0004,0.0031352
3,0.0006,0.0046277
4,0.0008,0.00607252
5,0.001,0.00751257
