,Current,Voltage
0,0.0,0.00017643
1,0.0002,0.00253439
2,0.0004,0.0048399
3,0.0006,0.00714302
4,0.0008,0.00948668
5,0.001,0.0117636
