,Current,Voltage
0,0.0,0.00087738
1,0.0002,0.0299907
2,0.0004,0.0593352
3,0.0006,0.0884533
4,0.0008,0.117767
5,0.001,0.146847
