,Current,Voltage
0,0.0,-1.32562
1,0.0002,-1.09392
2,0.0004,-0.873668
3,0.0006,-0.656557
4,0.0008,-0.439432
5,0.001,-0.225697
