,Current,Voltage
0,0.0,0.17585
1,0.0002,0.0178409
2,0.0004,0.0352311
3,0.0006,10.0023
4,0.0008,10.0023
5,0.001,10.002
