,Current,Voltage
0,0.0,0.000178814
1,0.0002,0.00365734
2,0.0004,0.00707865
3,0.0006,0.0104475
4,0.0008,0.013876
5,0.001,0.0173521
