,Current,Voltage
0,0.0,0.000276566
1,0.0002,0.00739574
2,0.0004,0.0144649
3,0.0006,0.0214338
4,0.0008,0.0285411
5,0.001,0.0355363
