,Current,Voltage
0,0.0,0.00387025
1,8e-10,0.0107956
2,1.6e-09,0.0177233
3,2.4e-09,0.0246165
4,3.2e-09,0.031508
5,4e-09,0.0383961
