,Current,Voltage
0,0.0,0.00459719
1,8e-10,0.0134592
2,1.6e-09,0.0223401
3,2.4e-09,0.0311968
4,3.2e-09,0.0400548
5,4e-09,0.0489271
