{
  "mapping_offsets": [
    0.0,
    1.0,
    2.0,
    3.0,
    4.0,
    5.0,
    6.0
  ],
  "flir_offsets": [
    0,
    15,
    30
  ],
  "spin_speed": {
    "min": 100.0,
    "max": 3800.0,
    "value": {
      "0": 1000,
      "1": 1000
    },
    "units": "RPM",
    "optimize_with_chem_os": false
  },
  "spin_time": {
    "min": 10.0,
    "max": 120.0,
    "value": {
      "0": 60,
      "1": 60
    },
    "units": "s",
    "optimize_with_chem_os": false
  },
  "dispense_volume": {
    "min": 0.001,
    "max": 1.0,
    "value": 0.1,
    "units": "mL",
    "optimize_with_chem_os": false
  },
  "campaign_dispensed_amounts": {
    "spiro": {
      "chemical_name": "Spiro",
      "varied": false,
      "value": 0.11739999999999995,
      "units": "mg",
      "metadata": {
        "molar_weight_ mg": 1225.43,
        "concentration_mg_ml": 50,
        "requested_param": null,
        "requested_vol": 0.14735059666735342
      }
    },
    "cobalt": {
      "chemical_name": "FK102",
      "varied": true,
      "value": 0.04590000000000005,
      "units": "mg",
      "metadata": {
        "molar_weight_ mg": 1334.86,
        "concentration_mg_ml": 50,
        "requested_param": null,
        "requested_vol": 0.060982736665979906
      }
    },
    "tbp": {
      "chemical_name": "tBP",
      "varied": false,
      "value": 0.02939999999999987,
      "units": "mg",
      "metadata": {
        "molar_weight_ mg": 135.21,
        "concentration_mg_ml": 50,
        "requested_param": null,
        "requested_vol": 0.04166666666666667
      }
    },
    "annealing": {
      "varied": true,
      "value": 115.95925569534302,
      "units": "s",
      "metadata": {}
    }
  },
  "properties": {
    "measurement_0": 1.6209839418548862e-07,
    "measurement_1": 1.6579411675804608e-07,
    "measurement_2": 1.6187630722769793e-07,
    "measurement_3": 1.5521325264137013e-07,
    "measurement_4": 1.421791189090676e-07,
    "measurement_5": 1.4198370043833606e-07,
    "measurement_6": 1.3208674863010378e-07,
    "measurement_mean": 1.5160451982715858e-07
  },
  "active_parameters_pickle_file": {
    "filename": "not yet defined"
  },
  "processes": {
    "x0": 0.9884547342837317,
    "x1": 0.8442357778549194
  },
  "chemOS": {
    "requested_params": {
      "x0": 0.3799336850643158,
      "x1": 0.4831635653972626
    },
    "output_for_previous": {
      "campaign_name": "pseudomobility",
      "session_id": "dbad41d5-017b-4f35-b430-6be3f655fdb0",
      "experiment_id": "4a862b4a-97e3-4d83-814b-b41ba3cc3fd7",
      "execution_id": "ca4881b1",
      "robot_id": "e0c4ac82",
      "processes": {
        "x0": 0.9884547342837317,
        "x1": 0.8442357778549194
      },
      "properties": {
        "measurement_0": 1.6209839418548862e-07,
        "measurement_1": 1.6579411675804608e-07,
        "measurement_2": 1.6187630722769793e-07,
        "measurement_3": 1.5521325264137013e-07,
        "measurement_4": 1.421791189090676e-07,
        "measurement_5": 1.4198370043833606e-07,
        "measurement_6": 1.3208674863010378e-07,
        "measurement_mean": 1.5160451982715858e-07
      }
    }
  },
  "operator_name": "Thomas",
  "operator_comment": "chemOS optimization of pseudomobility over cobalt annealing space"
}