,Current,Voltage
0,0.0,0.00499272
1,8e-10,0.0147951
2,1.6e-09,0.0246065
3,2.4e-09,0.0343995
4,3.2e-09,0.0441973
5,4e-09,0.0539978
