,Current,Voltage
0,0.0,0.00631285
1,8e-10,0.0179994
2,1.6e-09,0.0296993
3,2.4e-09,0.0413723
4,3.2e-09,0.0530682
5,4e-09,0.0647657
