,Current,Voltage
0,0.0,0.00483036
1,8e-10,0.0137539
2,1.6e-09,0.0226676
3,2.4e-09,0.0316129
4,3.2e-09,0.0405269
5,4e-09,0.0494313
