,Current,Voltage
0,0.0,0.000526905
1,0.0002,0.018208
2,0.0004,0.0359392
3,0.0006,0.0535536
4,0.0008,0.0712872
5,0.001,0.0888371
