,Current,Voltage
0,0.0,0.000507832
1,0.0002,0.0150752
2,0.0004,0.0297523
3,0.0006,0.0442863
4,0.0008,0.0590372
5,0.001,0.0734305
