,Current,Voltage
0,0.0,0.00263214
1,0.0002,0.210528
2,0.0004,3.73217
3,0.0006,4.53667
4,0.0008,4.19144
5,0.001,4.44467
