,Current,Voltage
0,0.0,0.000514984
1,0.0002,0.0171232
2,0.0004,0.0338316
3,0.0006,0.0503993
4,0.0008,0.0670862
5,0.001,0.0836492
