,Current,Voltage
0,0.0,0.000379086
1,0.0002,0.0123358
2,0.0004,0.0243258
3,0.0006,0.0362015
4,0.0008,0.0482035
5,0.001,0.0600863
