,Current,Voltage
0,0.0,0.000500679
1,0.0002,0.0154591
2,0.0004,0.0304508
3,0.0006,0.0453734
4,0.0008,0.0603533
5,0.001,0.0752234
