,Current,Voltage
0,0.0,0.0178266
1,0.0002,0.779648
2,0.0004,3.13514
3,0.0006,6.37548
4,0.0008,9.90179
5,0.001,10.0019
