,Current,Voltage
0,0.0,0.000667572
1,0.0002,0.0238037
2,0.0004,0.0470448
3,0.0006,0.0701356
4,0.0008,0.0934005
5,0.001,0.116396
