,Current,Voltage
0,0.0,0.000486374
1,0.0002,0.0155997
2,0.0004,0.0308561
3,0.0006,0.0459576
4,0.0008,0.0611567
5,0.001,0.0762415
