,Current,Voltage
0,0.0,0.0005126
1,0.0002,0.0161076
2,0.0004,0.0318313
3,0.0006,0.0474238
4,0.0008,0.0631428
5,0.001,0.0787592
