,Current,Voltage
0,0.0,0.00108242
1,0.0002,0.0416064
2,0.0004,0.0823903
3,0.0006,0.122981
4,0.0008,0.964971
5,0.001,1.96359
