,Current,Voltage
0,0.0,0.0438452
1,0.0002,1.97993
2,0.0004,3.93336
3,0.0006,5.86959
4,0.0008,7.82107
5,0.001,9.64668
