,Current,Voltage
0,0.0,0.000572205
1,0.0002,0.0194693
2,0.0004,0.0385737
3,0.0006,0.0574589
4,0.0008,0.0764799
5,0.001,0.0952816
