,Current,Voltage
0,0.0,0.00092268
1,0.0002,0.0309396
2,0.0004,0.0611472
3,0.0006,0.0911331
4,0.0008,0.121334
5,0.001,0.1513
