,Current,Voltage
0,0.0,0.00650644
1,0.0002,0.289185
2,0.0004,0.574362
3,0.0006,1.6298
4,0.0008,3.26792
5,0.001,5.0902
