,Current,Voltage
0,0.0,0.000417233
1,0.0002,0.0131559
2,0.0004,0.0259423
3,0.0006,0.0386453
4,0.0008,0.051415
5,0.001,0.064106
