,Current,Voltage
0,0.0,0.00349283
1,0.0002,3.38203
2,0.0004,10.0021
3,0.0006,10.002
4,0.0008,10.0019
5,0.001,10.0019
