,Current,Voltage
0,0.0,0.000667572
1,0.0002,0.0212455
2,0.0004,0.041945
3,0.0006,0.0625014
4,0.0008,0.0832272
5,0.001,0.103738
