,Current,Voltage
0,0.0,0.00132322
1,0.0002,0.0501251
2,0.0004,0.0993466
3,0.0006,0.147927
4,0.0008,0.197279
5,0.001,0.243218
