,Current,Voltage
0,0.0,0.000636578
1,0.0002,0.0215745
2,0.0004,0.0426793
3,0.0006,0.0635815
4,0.0008,0.0846839
5,0.001,0.105627
