,Current,Voltage
0,0.0,0.000400543
1,0.0002,0.012784
2,0.0004,0.0251484
3,0.0006,0.0374317
4,0.0008,0.0498128
5,0.001,0.062077
