,Current,Voltage
0,0.0,0.00294924
1,0.0002,0.111833
2,0.0004,0.228763
3,0.0006,1.78002
4,0.0008,3.71731
5,0.001,5.61085
