,Current,Voltage
0,0.0,0.000414848
1,0.0002,0.0120807
2,0.0004,0.0245047
3,0.0006,1.69097
4,0.0008,3.48896
5,0.001,5.41489
