,Current,Voltage
0,0.0,0.00267744
1,0.0002,0.11137
2,0.0004,0.221033
3,0.0006,1.23177
4,0.0008,2.71918
5,0.001,4.41874
