,Current,Voltage
0,0.0,0.000491142
1,0.0002,0.0175309
2,0.0004,0.0345874
3,0.0006,0.051527
4,0.0008,0.0686264
5,0.001,0.0855875
