,Current,Voltage
0,0.0,0.00306606
1,0.0002,0.132241
2,0.0004,0.262625
3,0.0006,0.391898
4,0.0008,0.522208
5,0.001,0.651381
