,Current,Voltage
0,0.0,0.000505447
1,0.0002,0.0158286
2,0.0004,0.0312686
3,0.0006,0.0465465
4,0.0008,0.0620079
5,0.001,0.077281
