,Current,Voltage
0,0.0,0.000536442
1,0.0002,0.0183225
2,0.0004,0.0362277
3,0.0006,0.0540972
4,0.0008,0.0720048
5,0.001,0.0897312
