,Current,Voltage
0,0.0,0.00146151
1,0.0002,0.0517726
2,0.0004,0.102541
3,0.0006,1.1741
4,0.0008,2.68302
5,0.001,4.35091
