,Current,Voltage
0,0.0,0.000944138
1,0.0002,0.033288
2,0.0004,0.0658536
3,0.0006,0.0982118
4,0.0008,0.13083
5,0.001,0.163152
