,Current,Voltage
0,0.0,0.000517368
1,0.0002,0.0177908
2,0.0004,0.0351667
3,0.0006,0.0524044
4,0.0008,0.0697517
5,0.001,0.0870204
