,Current,Voltage
0,0.0,0.000841618
1,0.0002,0.0296211
2,0.0004,0.0586104
3,0.0006,0.087359
4,0.0008,0.116324
5,0.001,0.145018
