,Current,Voltage
0,0.0,0.000684261
1,0.0002,0.023613
2,0.0004,0.0465751
3,0.0006,0.0694227
4,0.0008,0.0924897
5,0.001,0.115259
