,Current,Voltage
0,0.0,0.000348091
1,0.0002,0.0114155
2,0.0004,0.0224614
3,0.0006,0.0333977
4,0.0008,0.0444746
5,0.001,0.0554442
