,Current,Voltage
0,0.0,0.000329018
1,0.0002,0.00919819
2,0.0004,0.0180006
3,0.0006,0.0267577
4,0.0008,0.0356221
5,0.001,0.0443959
