,Current,Voltage
0,0.0,0.000243187
1,0.0002,0.0074935
2,0.0004,0.0147367
3,0.0006,0.0219178
4,0.0008,0.0291371
5,0.001,0.0363016
