,Current,Voltage
0,0.0,0.000436306
1,0.0002,0.0141644
2,0.0004,0.0278878
3,0.0006,0.0415277
4,0.0008,0.055306
5,0.001,0.0689292
