,Current,Voltage
0,0.0,0.000314713
1,0.0002,0.00873327
2,0.0004,0.0171518
3,0.0006,0.0255489
4,0.0008,0.0339746
5,0.001,0.0424123
