,Current,Voltage
0,0.0,0.000386238
1,0.0002,0.0127816
2,0.0004,0.025177
3,0.0006,0.0374746
4,0.0008,0.0499129
5,0.001,0.0621915
