,Current,Voltage
0,0.0,0.00048399
1,0.0002,0.0147676
2,0.0004,0.0292063
3,0.0006,0.0434756
4,0.0008,0.0579071
5,0.001,0.0721598
