,Current,Voltage
0,0.0,0.000355244
1,0.0002,0.0119972
2,0.0004,0.023675
3,0.0006,0.0352287
4,0.0008,0.0469327
5,0.001,0.0585008
