,Current,Voltage
0,0.0,0.00033617
1,0.0002,0.010078
2,0.0004,0.0198364
3,0.0006,0.0295424
4,0.0008,0.0392747
5,0.001,0.048964
