,Current,Voltage
0,0.0,0.000400543
1,0.0002,0.0120068
2,0.0004,0.0236583
3,0.0006,0.035243
4,0.0008,0.0469184
5,0.001,0.058496
