,Current,Voltage
0,0.0,0.000455379
1,0.0002,0.014503
2,0.0004,0.0302052
3,0.0006,0.0457025
4,0.0008,0.060308
5,0.001,0.0705576
