,Current,Voltage
0,0.0,0.000338554
1,0.0002,0.00866413
2,0.0004,0.0170279
3,0.0006,0.0253606
4,0.0008,0.0336862
5,0.001,0.0420427
