,Current,Voltage
0,0.0,0.000290871
1,0.0002,0.00830412
2,0.0004,0.0162625
3,0.0006,0.0241876
4,0.0008,0.0321937
5,0.001,0.0401187
