,Current,Voltage
0,0.0,0.000274181
1,0.0002,0.00775337
2,0.0004,0.015192
3,0.0006,0.0226068
4,0.0008,0.0300837
5,0.001,0.0374842
