,Current,Voltage
0,0.0,0.000321865
1,0.0002,0.0089407
2,0.0004,0.0175476
3,0.0006,0.0261497
4,0.0008,0.03474
5,0.001,0.0432897
