,Current,Voltage
0,0.0,0.000243187
1,0.0002,0.0061059
2,0.0004,0.0119925
3,0.0006,0.0177813
4,0.0008,0.0236511
5,0.001,0.029521
