,Current,Voltage
0,0.0,0.000329018
1,0.0002,0.00697851
2,0.0004,0.0135803
3,0.0006,0.0201774
4,0.0008,0.0268149
5,0.001,0.0333595
