,Current,Voltage
0,0.0,0.000402927
1,0.0002,0.0112915
2,0.0004,0.0222087
3,0.0006,0.0330639
4,0.0008,0.0439358
5,0.001,0.0547361
