,Current,Voltage
0,0.0,0.000431538
1,0.0002,0.0136375
2,0.0004,0.0268435
3,0.0006,0.0399494
4,0.0008,0.0532007
5,0.001,0.0663018
