,Current,Voltage
0,0.0,0.000283718
1,0.0002,0.00871658
2,0.0004,0.0170732
3,0.0006,0.0254321
4,0.0008,0.0337887
5,0.001,0.0421238
