,Current,Voltage
0,0.0,0.000343323
1,0.0002,0.0102639
2,0.0004,0.0201392
3,0.0006,0.0299931
4,0.0008,0.0398946
5,0.001,0.0497198
