,Current,Voltage
0,0.0,0.000288486
1,0.0002,0.00820875
2,0.0004,0.0161552
3,0.0006,0.024035
4,0.0008,0.0319171
5,0.001,0.0397944
