,Current,Voltage
0,0.0,0.000305176
1,0.0002,0.00908613
2,0.0004,0.0180531
3,0.0006,0.0268912
4,0.0008,0.0358248
5,0.001,0.0445366
