,Current,Voltage
0,0.0,0.000293255
1,0.0002,0.00744343
2,0.0004,0.0145698
3,0.0006,0.0215864
4,0.0008,0.0287294
5,0.001,0.035758
