,Current,Voltage
0,0.0,0.000271797
1,0.0002,0.00593901
2,0.0004,0.0116539
3,0.0006,0.0172782
4,0.0008,0.0229049
5,0.001,0.0285459
