,Current,Voltage
0,0.0,0.00036478
1,0.0002,0.0120044
2,0.0004,0.0236487
3,0.0006,0.035193
4,0.0008,0.0468516
5,0.001,0.0583887
