,Current,Voltage
0,0.0,0.000319481
1,0.0002,0.00939608
2,0.0004,0.0184822
3,0.0006,0.0275064
4,0.0008,0.036602
5,0.001,0.0455475
