,Current,Voltage
0,0.0,0.000309944
1,0.0002,0.00834227
2,0.0004,0.0163078
3,0.0006,0.0242829
4,0.0008,0.0322819
5,0.001,0.0401926
