,Current,Voltage
0,0.0,0.000398159
1,0.0002,0.0114274
2,0.0004,0.0224566
3,0.0006,0.0333905
4,0.0008,0.0444508
5,0.001,0.0553727
