,Current,Voltage
0,0.0,0.000319481
1,0.0002,0.00796318
2,0.0004,0.0156116
3,0.0006,0.0231647
4,0.0008,0.0308251
5,0.001,0.0384188
