,Current,Voltage
0,0.0,0.000290871
1,0.0002,0.00858784
2,0.0004,0.0168419
3,0.0006,0.025034
4,0.0008,0.0333214
5,0.001,0.0414991
