,Current,Voltage
0,0.0,0.000123978
1,0.0002,0.00243902
2,0.0004,0.0046277
3,0.0006,0.00684261
4,0.0008,0.00905752
5,0.001,0.011251
