,Current,Voltage
0,0.0,0.000321865
1,0.0002,0.00928879
2,0.0004,0.0182772
3,0.0006,0.0272226
4,0.0008,0.0361872
5,0.001,0.0450897
