,Current,Voltage
0,0.0,0.000386238
1,0.0002,0.0112343
2,0.0004,0.0220776
3,0.0006,0.0328422
4,0.0008,0.0436497
5,0.001,0.0543952
