,Current,Voltage
0,0.0,0.000288486
1,0.0002,0.00895023
2,0.0004,0.0176311
3,0.0006,0.0263023
4,0.0008,0.034976
5,0.001,0.0436568
