,Current,Voltage
0,0.0,0.000321865
1,0.0002,0.00821114
2,0.0004,0.0160384
3,0.0006,0.0238872
4,0.0008,0.0317574
5,0.001,0.0395346
