,Current,Voltage
0,0.0,0.000326633
1,0.0002,0.00838518
2,0.0004,0.0164485
3,0.0006,0.0243974
4,0.0008,0.0324869
5,0.001,0.0404406
