,Current,Voltage
0,0.0,0.000345707
1,0.0002,0.0107336
2,0.0004,0.0211525
3,0.0006,0.0314569
4,0.0008,0.0418949
5,0.001,0.0522232
