,Current,Voltage
0,0.0,0.000355244
1,0.0002,0.0114155
2,0.0004,0.02244
3,0.0006,0.0334096
4,0.0008,0.0444841
5,0.001,0.0554276
