,Current,Voltage
0,0.0,0.000371933
1,0.0002,0.00934601
2,0.0004,0.0183558
3,0.0006,0.0272775
4,0.0008,0.0363421
5,0.001,0.0452375
