,Current,Voltage
0,0.0,0.000317097
1,0.0002,0.00865698
2,0.0004,0.0169659
3,0.0006,0.0251865
4,0.0008,0.0335455
5,0.001,0.0418186
