,Current,Voltage
0,0.0,0.000300407
1,0.0002,0.00963449
2,0.0004,0.018971
3,0.0006,0.0282574
4,0.0008,0.0376272
5,0.001,0.0468826
