,Current,Voltage
0,0.0,0.000276566
1,0.0002,0.00746965
2,0.0004,0.014658
3,0.0006,0.02177
4,0.0008,0.028975
5,0.001,0.0361419
