,Current,Voltage
0,0.0,0.000329018
1,0.0002,0.0073719
2,0.0004,0.0144386
3,0.0006,0.0213957
4,0.0008,0.0284767
5,0.001,0.0354981
