,Current,Voltage
0,0.0,0.000240803
1,0.0002,0.00665188
2,0.0004,0.013051
3,0.0006,0.019412
4,0.0008,0.0257921
5,0.001,0.0321412
