,Current,Voltage
0,0.0,0.000259876
1,0.0002,0.00728607
2,0.0004,0.014286
3,0.0006,0.0212479
4,0.0008,0.0282741
5,0.001,0.0352144
