,Current,Voltage
0,0.0,0.000324249
1,0.0002,0.00867605
2,0.0004,0.0169683
3,0.0006,0.0256753
4,0.0008,0.0336313
5,0.001,0.0424337
