,Current,Voltage
0,0.0,0.000371933
1,0.0002,0.0109887
2,0.0004,0.0216556
3,0.0006,0.0321555
4,0.0008,0.0428009
5,0.001,0.0533056
