,Current,Voltage
0,0.0,0.000252724
1,0.0002,0.00767469
2,0.0004,0.0150776
3,0.0006,0.0224042
4,0.0008,0.0297832
5,0.001,0.0371051
