,Current,Voltage
0,0.0,0.000345707
1,0.0002,0.0107479
2,0.0004,0.0211859
3,0.0006,0.0315571
4,0.0008,0.0419521
5,0.001,0.0522947
