,Current,Voltage
0,0.0,0.000369549
1,0.0002,0.0114655
2,0.0004,0.022583
3,0.0006,0.033567
4,0.0008,0.044713
5,0.001,0.0556564
