,Current,Voltage
0,0.0,0.000343323
1,0.0002,0.0094533
2,0.0004,0.0185156
3,0.0006,0.0275278
4,0.0008,0.036664
5,0.001,0.0456738
