,Current,Voltage
0,0.0,0.000391006
1,0.0002,0.0115252
2,0.0004,0.022707
3,0.0006,0.0337696
4,0.0008,0.044961
5,0.001,0.0560236
