,Current,Voltage
0,0.0,0.000333786
1,0.0002,0.011065
2,0.0004,0.0217605
3,0.0006,0.0323939
4,0.0008,0.0431204
5,0.001,0.0537443
