,Current,Voltage
0,0.0,0.000243187
1,0.0002,0.00718355
2,0.0004,0.0141525
3,0.0006,0.0209999
4,0.0008,0.0279713
5,0.001,0.03479
