,Current,Voltage
0,0.0,0.000400543
1,0.0002,0.0145817
2,0.0004,0.0287938
3,0.0006,0.0428915
4,0.0008,0.0571513
5,0.001,0.0712299
