,Current,Voltage
0,0.0,0.000123978
1,0.0002,0.00453234
2,0.0004,0.00888348
3,0.0006,0.0132275
4,0.0008,0.017612
5,0.001,0.0219083
