,Current,Voltage
0,0.0,0.000255108
1,0.0002,0.00766516
2,0.0004,0.0150299
3,0.0006,0.022378
4,0.0008,0.0297832
5,0.001,0.0371122
