,Current,Voltage
0,0.0,0.000321865
1,0.0002,0.00997782
2,0.0004,0.0196624
3,0.0006,0.029273
4,0.0008,0.0390005
5,0.001,0.0486302
