,Current,Voltage
0,0.0,0.000228882
1,0.0002,0.00732422
2,0.0004,0.0143647
3,0.0006,0.0213933
4,0.0008,0.0284672
5,0.001,0.0354791
