,Current,Voltage
0,0.0,0.000464916
1,0.0002,0.015378
2,0.0004,0.0303388
3,0.0006,0.0452471
4,0.0008,0.0601768
5,0.001,0.0750446
