,Current,Voltage
0,0.0,0.000236034
1,0.0002,0.00866652
2,0.0004,0.0170255
3,0.0006,0.0253439
4,0.0008,0.033772
5,0.001,0.0420809
