,Current,Voltage
0,0.0,0.000214577
1,0.0002,0.00630856
2,0.0004,0.0123763
3,0.0006,0.0183487
4,0.0008,0.0244284
5,0.001,0.030396
