,Current,Voltage
0,0.0,0.000202656
1,0.0002,0.00624657
2,0.0004,0.0122929
3,0.0006,0.0182271
4,0.0008,0.0242662
5,0.001,0.0302362
