,Current,Voltage
0,0.0,0.00026226
1,0.0002,0.00912905
2,0.0004,0.017941
3,0.0006,0.0267076
4,0.0008,0.0355864
5,0.001,0.0443411
