,Current,Voltage
0,0.0,0.000224113
1,0.0002,0.00853539
2,0.0004,0.0168467
3,0.0006,0.025053
4,0.0008,0.0333166
5,0.001,0.0415492
