,Current,Voltage
0,0.0,0.000405312
1,0.0002,0.0148082
2,0.0004,0.0292516
3,0.0006,0.0435591
4,0.0008,0.0579858
5,0.001,0.0723553
