,Current,Voltage
0,0.0,0.000214577
1,0.0002,0.0068903
2,0.0004,0.013535
3,0.0006,0.0201678
4,0.0008,0.0267816
5,0.001,0.0333881
