,Current,Voltage
0,0.0,0.000386238
1,0.0002,0.0135159
2,0.0004,0.0266123
3,0.0006,0.0396562
4,0.0008,0.0528383
5,0.001,0.0658536
