,Current,Voltage
0,0.0,0.000240803
1,0.0002,0.00764847
2,0.0004,0.015049
3,0.0006,0.0223637
4,0.0008,0.029726
5,0.001,0.0370693
