,Current,Voltage
0,0.0,0.000462532
1,0.0002,0.0161695
2,0.0004,0.0319648
3,0.0006,0.0475621
4,0.0008,0.0633621
5,0.001,0.0789714
