,Current,Voltage
0,0.0,0.000190735
1,0.0002,0.00641346
2,0.0004,0.0126743
3,0.0006,0.0188327
4,0.0008,0.0250959
5,0.001,0.0312233
