,Current,Voltage
0,0.0,0.000362396
1,0.0002,0.0121069
2,0.0004,0.0238729
3,0.0006,0.0355625
4,0.0008,0.0473452
5,0.001,0.0590014
