,Current,Voltage
0,0.0,0.000245571
1,0.0002,0.00787973
2,0.0004,0.0154614
3,0.0006,0.0230217
4,0.0008,0.030632
5,0.001,0.0381947
