,Current,Voltage
0,0.0,0.000243187
1,0.0002,0.00966311
2,0.0004,0.0190926
3,0.0006,0.0284505
4,0.0008,0.0378656
5,0.001,0.0472569
