,Current,Voltage
0,0.0,0.000221729
1,0.0002,0.00790596
2,0.0004,0.0155687
3,0.0006,0.0231671
4,0.0008,0.0308371
5,0.001,0.0384831
