,Current,Voltage
0,0.0,0.000283718
1,0.0002,0.00756502
2,0.0004,0.0148749
3,0.0006,0.02213
4,0.0008,0.0294065
5,0.001,0.0366545
