,Current,Voltage
0,0.0,0.000290871
1,0.0002,0.00823975
2,0.0004,0.0162053
3,0.0006,0.0241113
4,0.0008,0.0320649
5,0.001,0.0399685
