,Current,Voltage
0,0.0,0.000309944
1,0.0002,0.00971556
2,0.0004,0.0191474
3,0.0006,0.0285196
4,0.0008,0.0379467
5,0.001,0.0472903
