,Current,Voltage
0,0.0,0.000181198
1,0.0002,0.0064683
2,0.0004,0.0127196
3,0.0006,0.0188971
4,0.0008,0.0251532
5,0.001,0.0313711
