,Current,Voltage
0,0.0,0.000221729
1,0.0002,0.00783682
2,0.0004,0.0154352
3,0.0006,0.0229883
4,0.0008,0.0305724
5,0.001,0.038116
