,Current,Voltage
0,0.0,0.000190735
1,0.0002,0.00659227
2,0.0004,0.0130129
3,0.0006,0.0193548
4,0.0008,0.0257397
5,0.001,0.0320959
