,Current,Voltage
0,0.0,0.000309944
1,0.0002,0.00818253
2,0.0004,0.0160837
3,0.0006,0.0239062
4,0.0008,0.0318217
5,0.001,0.0396252
