,Current,Voltage
0,0.0,0.000369549
1,0.0002,0.0114155
2,0.0004,0.0224781
3,0.0006,0.0335121
4,0.0008,0.0445914
5,0.001,0.0555563
