,Current,Voltage
0,0.0,0.000231266
1,0.0002,0.00748873
2,0.0004,0.0147319
3,0.0006,0.0219178
4,0.0008,0.029223
5,0.001,0.0364017
