,Current,Voltage
0,0.0,0.000252724
1,0.0002,0.00840664
2,0.0004,0.0165582
3,0.0006,0.0246143
4,0.0008,0.0327897
5,0.001,0.0408888
