,Current,Voltage
0,0.0,0.000267029
1,0.0002,0.00716925
2,0.0004,0.0140691
3,0.0006,0.0208831
4,0.0008,0.027709
5,0.001,0.0344968
