,Current,Voltage
0,0.0,0.000355244
1,0.0002,0.0123858
2,0.0004,0.0244594
3,0.0006,0.0364304
4,0.0008,0.0485086
5,0.001,0.0604439
