,Current,Voltage
0,0.0,0.000338554
1,0.0002,0.00990629
2,0.0004,0.0195336
3,0.0006,0.0290751
4,0.0008,0.0386882
5,0.001,0.0482178
