,Current,Voltage
0,0.0,0.000426769
1,0.0002,0.0138879
2,0.0004,0.0274277
3,0.0006,0.0408316
4,0.0008,0.0543976
5,0.001,0.0677943
