,Current,Voltage
0,0.0,7.62939e-05
1,0.0002,0.0025773
2,0.0004,0.00506163
3,0.0006,0.00748158
4,0.0008,0.00989914
5,0.001,0.0123477
