,Current,Voltage
0,0.0,0.00041008
1,0.0002,0.0147653
2,0.0004,0.0291395
3,0.0006,0.0433946
4,0.0008,0.0577855
5,0.001,0.0720716
