,Current,Voltage
0,0.0,0.000214577
1,0.0002,0.00678301
2,0.0004,0.0133204
3,0.0006,0.0198078
4,0.0008,0.0263691
5,0.001,0.0328326
