,Current,Voltage
0,0.0,0.000240803
1,0.0002,0.00684261
2,0.0004,0.0134277
3,0.0006,0.0199771
4,0.0008,0.0265265
5,0.001,0.0330448
