,Current,Voltage
0,0.0,0.000240803
1,0.0002,0.00874758
2,0.0004,0.0171995
3,0.0006,0.0256085
4,0.0008,0.0340796
5,0.001,0.0424933
