,Current,Voltage
0,0.0,0.000219345
1,0.0002,0.00723839
2,0.0004,0.0141954
3,0.0006,0.0211263
4,0.0008,0.0281239
5,0.001,0.0350547
