,Current,Voltage
0,0.0,0.000722408
1,0.0002,0.0278473
2,0.0004,0.0550842
3,0.0006,0.0821066
4,0.0008,0.109375
5,0.001,0.136423
