,Current,Voltage
0,0.0,0.000367165
1,0.0002,0.0120616
2,0.0004,0.0238132
3,0.0006,0.0354385
4,0.0008,0.0471568
5,0.001,0.0587964
