,Current,Voltage
0,0.0,0.000481606
1,0.0002,0.0172257
2,0.0004,0.0340796
3,0.0006,0.0507879
4,0.0008,0.067606
5,0.001,0.0842762
