,Current,Voltage
0,0.0,0.000460148
1,0.0002,0.0140691
2,0.0004,0.0277328
3,0.0006,0.0412822
4,0.0008,0.0549483
5,0.001,0.0685191
