,Current,Voltage
0,0.0,0.00025034
1,0.0002,0.00929117
2,0.0004,0.0183082
3,0.0006,0.0272799
4,0.0008,0.036273
5,0.001,0.0452232
