,Current,Voltage
0,0.0,0.00023365
1,0.0002,0.00562668
2,0.0004,0.0110579
3,0.0006,0.0163794
4,0.0008,0.0218034
5,0.001,0.0271702
