,Current,Voltage
0,0.0,0.00714445
1,8e-10,0.0207016
2,1.6e-09,0.0342364
3,2.4e-09,0.047754
4,3.2e-09,0.0612803
5,4e-09,0.0748327
