,Current,Voltage
0,0.0,0.000241756
1,8e-10,0.0573716
2,1.6e-09,0.114386
3,2.4e-09,0.154224
4,3.2e-09,0.260837
5,4e-09,0.371513
