,Current,Voltage
0,0.0,0.00356936
1,8e-10,0.00939488
2,1.6e-09,0.0152295
3,2.4e-09,0.0210447
4,3.2e-09,0.0268183
5,4e-09,0.0326166
