,Current,Voltage
0,0.0,0.00020504
1,0.0002,0.00240803
2,0.0004,0.00460625
3,0.0006,0.00678062
4,0.0008,0.00900745
5,0.001,0.0111508
