,Current,Voltage
0,0.0,0.000166893
1,0.0002,0.00257969
2,0.0004,0.00489712
3,0.0006,0.00719786
4,0.0008,0.00950813
5,0.001,0.0118041
