,Current,Voltage
0,0.0,0.000119209
1,0.0002,0.00160456
2,0.0004,0.00303507
3,0.0006,0.00438929
4,0.0008,0.00581026
5,0.001,0.00719786
