,Current,Voltage
0,0.0,0.000162125
1,0.0002,0.00221014
2,0.0004,0.00416517
3,0.0006,0.00614166
4,0.0008,0.00810623
5,0.001,0.0100493
