,Current,Voltage
0,0.0,0.00014782
1,0.0002,0.00226736
2,0.0004,0.0043416
3,0.0006,0.00639439
4,0.0008,0.00847101
5,0.001,0.0104761
