,Current,Voltage
0,0.0,0.000164509
1,0.0002,0.00305414
2,0.0004,0.00590563
3,0.0006,0.00868797
4,0.0008,0.0115061
5,0.001,0.0143433
