,Current,Voltage
0,0.0,0.000178814
1,0.0002,0.00323772
2,0.0004,0.0063014
3,0.0006,0.00933647
4,0.0008,0.0123692
5,0.001,0.0153947
