,Current,Voltage
0,0.0,0.000181198
1,0.0002,0.00237942
2,0.0004,0.00453234
3,0.0006,0.00666618
4,0.0008,0.00879049
5,0.001,0.0108886
