,Current,Voltage
0,0.0,0.000150204
1,0.0002,0.00247955
2,0.0004,0.00475168
3,0.0006,0.00701666
4,0.0008,0.00928164
5,0.001,0.0115132
