,Current,Voltage
0,0.0,0.000200272
1,0.0002,0.00246286
2,0.0004,0.00469685
3,0.0006,0.00691414
4,0.0008,0.00915527
5,0.001,0.011375
