,Current,Voltage
0,0.0,0.000193119
1,0.0002,0.00182629
2,0.0004,0.00345707
3,0.0006,0.00508785
4,0.0008,0.0066781
5,0.001,0.00830412
