,Current,Voltage
0,0.0,0.000121593
1,0.0002,0.00194311
2,0.0004,0.00372648
3,0.0006,0.00553608
4,0.0008,0.00728369
5,0.001,0.00908852
