,Current,Voltage
0,0.0,0.000171661
1,0.0002,0.00226498
2,0.0004,0.00435591
3,0.0006,0.00640392
4,0.0008,0.00847101
5,0.001,0.0105166
