,Current,Voltage
0,0.0,0.000166893
1,0.0002,0.00186682
2,0.0004,0.00354767
3,0.0006,0.0052309
4,0.0008,0.00689983
5,0.001,0.008533
