,Current,Voltage
0,0.0,0.000171661
1,0.0002,0.00249863
2,0.0004,0.00472784
3,0.0006,0.00697136
4,0.0008,0.00926733
5,0.001,0.0115013
