,Current,Voltage
0,0.0,0.000152588
1,0.0002,0.00201941
2,0.0004,0.00387192
3,0.0006,0.00570297
4,0.0008,0.00757217
5,0.001,0.00940561
