,Current,Voltage
0,0.0,0.00013113
1,0.0002,0.00171661
2,0.0004,0.00324249
3,0.0006,0.00477791
4,0.0008,0.00629425
5,0.001,0.00785589
