,Current,Voltage
0,0.0,0.000164509
1,0.0002,0.0020051
2,0.0004,0.00377655
3,0.0006,0.00556946
4,0.0008,0.00735044
5,0.001,0.00910282
