,Current,Voltage
0,0.0,0.000162125
1,0.0002,0.00219822
2,0.0004,0.00420809
3,0.0006,0.00618935
4,0.0008,0.00820398
5,0.001,0.0101805
