,Current,Voltage
0,0.0,0.000123978
1,0.0002,0.00215054
2,0.0004,0.00414371
3,0.0006,0.0061059
4,0.0008,0.00810862
5,0.001,0.010066
