,Current,Voltage
0,0.0,0.000164509
1,0.0002,0.0033474
2,0.0004,0.00649929
3,0.0006,0.00960827
4,0.0008,0.0127745
5,0.001,0.015893
