,Current,Voltage
0,0.0,0.000164509
1,0.0002,0.0028348
2,0.0004,0.00542879
3,0.0006,0.00802755
4,0.0008,0.0106263
5,0.001,0.0131845
