,Current,Voltage
0,0.0,0.000169277
1,0.0002,0.00222445
2,0.0004,0.00425816
3,0.0006,0.0062561
4,0.0008,0.0082922
5,0.001,0.0102973
