,Current,Voltage
0,0.0,0.000133514
1,0.0002,0.00247478
2,0.0004,0.00473976
3,0.0006,0.0070405
4,0.0008,0.00931025
5,0.001,0.0115561
