,Current,Voltage
0,0.0,0.00013113
1,0.0002,0.483947
2,0.0004,3.85166
3,0.0006,7.33668
4,0.0008,10.002
5,0.001,10.002
