,Current,Voltage
0,0.0,0.000190735
1,0.0002,0.00216961
2,0.0004,0.00412703
3,0.0006,0.00605345
4,0.0008,0.00802994
5,0.001,0.00993252
