,Current,Voltage
0,0.0,0.000197887
1,0.0002,0.00158787
2,0.0004,0.00295877
3,0.0006,0.00432968
4,0.0008,0.00568867
5,0.001,0.00705719
