,Current,Voltage
0,0.0,0.000174046
1,0.0002,0.00171661
2,0.0004,0.0031805
3,0.0006,0.00464678
4,0.0008,0.00613213
5,0.001,0.00763655
