,Current,Voltage
0,0.0,0.000128746
1,0.0002,0.00227213
2,0.0004,0.00437498
3,0.0006,0.00646114
4,0.0008,0.00856161
5,0.001,0.0106359
