,Current,Voltage
0,0.0,0.000162125
1,0.0002,0.00217915
2,0.0004,0.0041604
3,0.0006,0.00610113
4,0.0008,0.00809193
5,0.001,0.0100756
