,Current,Voltage
0,0.0,0.000164509
1,0.0002,0.00226736
2,0.0004,0.00432968
3,0.0006,0.00637531
4,0.0008,0.00845671
5,0.001,0.0105309
