,Current,Voltage
0,0.0,0.000150204
1,0.0002,0.00218391
2,0.0004,0.00418663
3,0.0006,0.00610828
4,0.0008,0.00808716
5,0.001,0.010047
