,Current,Voltage
0,0.0,0.000143051
1,0.0002,0.00220776
2,0.0004,0.00420809
3,0.0006,0.00623465
4,0.0008,0.00821829
5,0.001,0.0101519
