,Current,Voltage
0,0.0,0.000181198
1,0.0002,0.00202656
2,0.0004,0.00379801
3,0.0006,0.00555277
4,0.0008,0.00735998
5,0.001,0.00911713
