,Current,Voltage
0,0.0,0.00014782
1,0.0002,0.00182867
2,0.0004,0.00346422
3,0.0006,0.00508547
4,0.0008,0.00674486
5,0.001,0.00836849
