,Current,Voltage
0,0.0,0.000112057
1,0.0002,4.10378
2,0.0004,9.79934
3,0.0006,10.002
4,0.0008,10.002
5,0.001,10.002
