,Current,Voltage
0,0.0,0.00015974
1,0.0002,0.00192404
2,0.0004,0.00367165
3,0.0006,0.00532627
4,0.0008,0.00705481
5,0.001,0.00880957
