,Current,Voltage
0,0.0,0.000162125
1,0.0002,0.00221968
2,0.0004,0.00428438
3,0.0006,0.00626087
4,0.0008,0.00829697
5,0.001,0.0102854
