,Current,Voltage
0,0.0,0.000157356
1,0.0002,0.00215292
2,0.0004,0.0041008
3,0.0006,0.00605106
4,0.0008,0.00798941
5,0.001,0.00991106
