,Current,Voltage
0,0.0,0.000169277
1,0.0002,0.00185251
2,0.0004,0.00348806
3,0.0006,0.00516653
4,0.0008,0.00677109
5,0.001,0.00843048
