,Current,Voltage
0,0.0,0.00782347
1,8e-10,0.0223556
2,1.6e-09,0.0368752
3,2.4e-09,0.0513606
4,3.2e-09,0.0658782
5,4e-09,0.0803611
