,Current,Voltage
0,0.0,0.000174046
1,0.0002,0.00367641
2,0.0004,0.00714779
3,0.0006,0.0105762
4,0.0008,0.0140333
5,0.001,0.0174761
