,Current,Voltage
0,0.0,0.0011301
1,0.0002,0.0440598
2,0.0004,0.0873137
3,0.0006,0.130196
4,0.0008,0.173495
5,0.001,0.216396
