,Current,Voltage
0,0.0,0.00432014
1,0.0002,0.200055
2,0.0004,0.397482
3,0.0006,3.31854
4,0.0008,6.67704
5,0.001,9.95508
