,Current,Voltage
0,0.0,0.00162601
1,0.0002,0.0642133
2,0.0004,0.127292
3,0.0006,0.189881
4,0.0008,0.253088
5,0.001,0.31554
