,Current,Voltage
0,0.0,0.00033617
1,0.0002,0.0122213
2,0.0004,0.0240922
3,0.0006,0.0358629
4,0.0008,0.0477481
5,0.001,0.059545
