,Current,Voltage
0,0.0,0.00106335
1,0.0002,0.0392723
2,0.0004,0.0777888
3,0.0006,0.115991
4,0.0008,0.154543
5,0.001,0.192704
