,Current,Voltage
0,0.0,0.000426769
1,0.0002,0.0136876
2,0.0004,0.0270414
3,0.0006,0.0402522
4,0.0008,0.0535822
5,0.001,0.0667906
