,Current,Voltage
0,0.0,0.000433922
1,0.0002,0.0150871
2,0.0004,0.029788
3,0.0006,0.044322
4,0.0008,0.0590563
5,0.001,0.0736189
