,Current,Voltage
0,0.0,0.000593662
1,0.0002,0.0219893
2,0.0004,0.0434637
3,0.0006,0.0647569
4,0.0008,0.0862575
5,0.001,0.107591
