,Current,Voltage
0,0.0,0.000729561
1,0.0002,0.0254202
2,0.0004,0.0503206
3,0.0006,0.0749373
4,0.0008,0.0998378
5,0.001,0.124395
