,Current,Voltage
0,0.0,0.000665188
1,0.0002,0.0239491
2,0.0004,0.0473595
3,0.0006,0.0705624
4,0.0008,0.0939536
5,0.001,0.117147
