,Current,Voltage
0,0.0,0.11338
1,0.0002,9.25489
2,0.0004,0.0390649
3,0.0006,0.0580883
4,0.0008,0.0773382
5,0.001,0.0964093
