,Current,Voltage
0,0.0,0.00172853
1,0.0002,0.0688577
2,0.0004,0.135992
3,0.0006,0.313015
4,0.0008,1.34646
5,0.001,1.72984
