,Current,Voltage
0,0.0,0.000326633
1,0.0002,7.57406
2,0.0004,10.0023
3,0.0006,10.002
4,0.0008,10.002
5,0.001,10.002
