,Current,Voltage
0,0.0,0.000288486
1,0.0002,0.00735998
2,0.0004,0.0144553
3,0.0006,0.455732
4,0.0008,1.74785
5,0.001,3.22902
