,Current,Voltage
0,0.0,0.000832081
1,0.0002,0.0307417
2,0.0004,0.0608349
3,0.0006,0.0906658
4,0.0008,0.120697
5,0.001,0.150533
