,Current,Voltage
0,0.0,0.000338554
1,0.0002,0.0123596
2,0.0004,0.0244188
3,0.0006,0.0364161
4,0.0008,0.0484753
5,0.001,0.0604272
