,Current,Voltage
0,0.0,0.00061512
1,0.0002,0.0217438
2,0.0004,0.0429535
3,0.0006,0.0640345
4,0.0008,0.0852942
5,0.001,0.106301
