,Current,Voltage
0,0.0,0.000522137
1,0.0002,0.0175548
2,0.0004,0.0346494
3,0.0006,0.0515985
4,0.0008,0.0687575
5,0.001,0.0857019
