,Current,Voltage
0,0.0,0.00197887
1,0.0002,0.0769329
2,0.0004,0.152442
3,0.0006,1.37678
4,0.0008,3.71792
5,0.001,6.09077
