,Current,Voltage
0,0.0,0.000565052
1,0.0002,0.022068
2,0.0004,0.0437307
3,0.0006,0.0651717
4,0.0008,0.0868177
5,0.001,0.108254
