,Current,Voltage
0,0.0,0.000867844
1,0.0002,0.0339222
2,0.0004,0.0672293
3,0.0006,0.100269
4,0.0008,0.133576
5,0.001,0.16659
