,Current,Voltage
0,0.0,0.000622272
1,0.0002,0.022893
2,0.0004,0.0453091
3,0.0006,0.0675845
4,0.0008,0.0899649
5,0.001,0.112145
