,Current,Voltage
0,0.0,0.000798702
1,0.0002,0.0320959
2,0.0004,0.063529
3,0.0006,0.0947428
4,0.0008,0.126228
5,0.001,0.157366
