,Current,Voltage
0,0.0,0.000767708
1,0.0002,0.0278497
2,0.0004,0.0550675
3,0.0006,0.0820613
4,0.0008,0.109289
5,0.001,0.136302
