,Current,Voltage
0,0.0,0.000357628
1,0.0002,0.0128317
2,0.0004,0.0252843
3,0.0006,0.0377178
4,0.0008,0.0501466
5,0.001,0.0625396
