,Current,Voltage
0,0.0,0.00092268
1,0.0002,0.0378489
2,0.0004,0.0750947
3,0.0006,0.111995
4,0.0008,0.14925
5,0.001,0.186114
