,Current,Voltage
0,0.0,0.000245571
1,0.0002,0.00686646
2,0.0004,0.0134897
3,0.0006,0.0200725
4,0.0008,0.0267339
5,0.001,0.0332618
