,Current,Voltage
0,0.0,0.000836849
1,0.0002,0.0316334
2,0.0004,0.0626445
3,0.0006,0.093379
4,0.0008,0.124438
5,0.001,0.155165
