,Current,Voltage
0,0.0,0.000493526
1,0.0002,0.0165009
2,0.0004,0.0326538
3,0.0006,0.0486302
4,0.0008,0.0647092
5,0.001,0.0806379
