,Current,Voltage
0,0.0,0.000343323
1,0.0002,0.0110555
2,0.0004,0.0218296
3,0.0006,0.0324821
4,0.0008,0.0432611
5,0.001,0.0538778
