,Current,Voltage
0,0.0,0.000400543
1,0.0002,0.0144339
2,0.0004,0.0284767
3,0.0006,0.0424123
4,0.0008,0.0564265
5,0.001,0.0703931
