,Current,Voltage
0,0.0,0.000879765
1,0.0002,0.0343943
2,0.0004,0.0681019
3,0.0006,0.101659
4,0.0008,0.135517
5,0.001,0.169039
