,Current,Voltage
0,0.0,0.000476837
1,0.0002,0.016861
2,0.0004,0.0332808
3,0.0006,0.0496268
4,0.0008,0.0660253
5,0.001,0.0823092
