,Current,Voltage
0,0.0,0.00054121
1,0.0002,0.0173855
2,0.0004,0.0343323
3,0.0006,0.051167
4,0.0008,0.0681615
5,0.001,0.0849462
