,Current,Voltage
0,0.0,0.000522137
1,0.0002,0.0169802
2,0.0004,0.0334811
3,0.0006,0.0498629
4,0.0008,0.0663424
5,0.001,0.0827146
