,Current,Voltage
0,0.0,0.0024128
1,0.0002,0.109792
2,0.0004,0.218024
3,0.0006,0.32527
4,0.0008,0.433538
5,0.001,0.54086
