,Current,Voltage
0,0.0,0.000805855
1,0.0002,0.0322509
2,0.0004,0.0639558
3,0.0006,0.0945997
4,0.0008,0.125937
5,0.001,0.156894
