,Current,Voltage
0,0.0,0.000498295
1,0.0002,0.0177407
2,0.0004,0.0350404
3,0.0006,0.0522256
4,0.0008,0.0695562
5,0.001,0.0867367
