,Current,Voltage
0,0.0,0.000824928
1,0.0002,0.031786
2,0.0004,0.0629234
3,0.0006,0.0937438
4,0.0008,0.124912
5,0.001,0.155725
