,Current,Voltage
0,0.0,0.000669956
1,0.0002,0.0232601
2,0.0004,0.0460029
3,0.0006,0.0686264
4,0.0008,0.0913525
5,0.001,0.114064
