,Current,Voltage
0,0.0,0.000622272
1,0.0002,0.0228405
2,0.0004,0.0452137
3,0.0006,0.0674009
4,0.0008,0.0897503
5,0.001,0.111897
