,Current,Voltage
0,0.0,0.000355244
1,0.0002,0.0125241
2,0.0004,0.024755
3,0.0006,0.0369024
4,0.0008,0.0490665
5,0.001,0.0611758
