,Current,Voltage
0,0.0,0.000312328
1,0.0002,0.00874758
2,0.0004,0.0171304
3,0.0006,0.0255275
4,0.0008,0.0339127
5,0.001,0.0422525
