,Current,Voltage
0,0.0,0.000550747
1,0.0002,0.0186229
2,0.0004,0.0368333
3,0.0006,0.0548267
4,0.0008,0.0730371
5,0.001,0.0910354
