,Current,Voltage
0,0.0,0.00499201
1,8e-10,0.0141246
2,1.6e-09,0.0232091
3,2.4e-09,0.0323167
4,3.2e-09,0.0414345
5,4e-09,0.0505455
