,Current,Voltage
0,0.0,0.00478101
1,8e-10,0.0140994
2,1.6e-09,0.0234051
3,2.4e-09,0.0327208
4,3.2e-09,0.0420392
5,4e-09,0.051347
