,Current,Voltage
0,0.0,7.62939e-05
1,0.0002,0.00109911
2,0.0004,0.00211954
3,0.0006,0.00310183
4,0.0008,0.00407696
5,0.001,0.00507593
