,Current,Voltage
0,0.0,0.000116825
1,0.0002,0.00123501
2,0.0004,0.00228643
3,0.0006,0.00332117
4,0.0008,0.00433922
5,0.001,0.00534058
