,Current,Voltage
0,0.0,0.000119209
1,0.0002,0.00156641
2,0.0004,0.00296831
3,0.0006,0.00434637
4,0.0008,0.00576019
5,0.001,0.00713825
