,Current,Voltage
0,0.0,0.000112057
1,0.0002,0.00121117
2,0.0004,0.00225067
3,0.0006,0.00330687
4,0.0008,0.0043726
5,0.001,0.00541449
