,Current,Voltage
0,0.0,9.77516e-05
1,0.0002,0.00124454
2,0.0004,0.00229359
3,0.0006,0.00334501
4,0.0008,0.00444889
5,0.001,0.00543833
