,Current,Voltage
0,0.0,0.000123978
1,0.0002,0.00135183
2,0.0004,0.002563
3,0.0006,0.00377417
4,0.0008,0.00495195
5,0.001,0.00613451
