,Current,Voltage
0,0.0,0.000116825
1,0.0002,0.00118971
2,0.0004,0.00220537
3,0.0006,0.00327826
4,0.0008,0.00426054
5,0.001,0.00529766
