,Current,Voltage
0,0.0,0.000109673
1,0.0002,0.00149012
2,0.0004,0.00282049
3,0.0006,0.00411034
4,0.0008,0.00546932
5,0.001,0.00675201
