,Current,Voltage
0,0.0,8.34465e-05
1,0.0002,0.0014782
2,0.0004,0.00274181
3,0.0006,0.00401258
4,0.0008,0.00531197
5,0.001,0.00658274
