,Current,Voltage
0,0.0,0.00010252
1,0.0002,0.00128508
2,0.0004,0.0023818
3,0.0006,0.00351429
4,0.0008,0.00461102
5,0.001,0.00572681
