,Current,Voltage
0,0.0,0.00013113
1,0.0002,0.00112534
2,0.0004,0.00208855
3,0.0006,0.00304461
4,0.0008,0.00401258
5,0.001,0.00495195
