,Current,Voltage
0,0.0,0.000116825
1,0.0002,0.00135899
2,0.0004,0.00252724
3,0.0006,0.00369072
4,0.0008,0.00484943
5,0.001,0.00607252
