,Current,Voltage
0,0.0,0.000116825
1,0.0002,0.00144243
2,0.0004,0.00273466
3,0.0006,0.0039959
4,0.0008,0.00530243
5,0.001,0.00657797
