,Current,Voltage
0,0.0,5.48363e-05
1,0.0002,0.00102043
2,0.0004,0.00191212
3,0.0006,0.0028038
4,0.0008,0.00369549
5,0.001,0.00458241
