,Current,Voltage
0,0.0,0.00403881
1,0.0002,0.147581
2,0.0004,0.29247
3,0.0006,0.431604
4,0.0008,0.563774
5,0.001,0.687273
