,Current,Voltage
0,0.0,0.000135899
1,0.0002,0.00160217
2,0.0004,0.00308037
3,0.0006,0.00448465
4,0.0008,0.0059104
5,0.001,0.00729322
