,Current,Voltage
0,0.0,0.00010252
1,0.0002,0.00121593
2,0.0004,0.00226498
3,0.0006,0.0033021
4,0.0008,0.00439167
5,0.001,0.0054121
