,Current,Voltage
0,0.0,0.000143051
1,0.0002,0.00112057
2,0.0004,0.00200272
3,0.0006,0.00286341
4,0.0008,0.00375986
5,0.001,0.00466108
