,Current,Voltage
0,0.0,0.000174046
1,0.0002,0.00152111
2,0.0004,0.00287056
3,0.0006,0.00418186
4,0.0008,0.00552177
5,0.001,0.00681639
