,Current,Voltage
0,0.0,0.000126362
1,0.0002,0.00121355
2,0.0004,0.00225782
3,0.0006,0.00332117
4,0.0008,0.0043869
5,0.001,0.00546694
