,Current,Voltage
0,0.0,0.000553131
1,0.0002,0.0183129
2,0.0004,0.0363255
3,0.0006,0.0542116
4,0.0008,0.0722241
5,0.001,0.0898743
