,Current,Voltage
0,0.0,0.000138283
1,0.0002,0.00127077
2,0.0004,0.00241518
3,0.0006,0.00350952
4,0.0008,0.00459433
5,0.001,0.00570536
