,Current,Voltage
0,0.0,0.000112057
1,0.0002,0.00211477
2,0.0004,0.00411034
3,0.0006,0.00603199
4,0.0008,0.00800848
5,0.001,0.00995398
