,Current,Voltage
0,0.0,0.000152588
1,0.0002,0.0014019
2,0.0004,0.00266075
3,0.0006,0.00392675
4,0.0008,0.00515699
5,0.001,0.00637293
