,Current,Voltage
0,0.0,0.000123978
1,0.0002,0.00131845
2,0.0004,0.00245094
3,0.0006,0.00365257
4,0.0008,0.00477552
5,0.001,0.00591755
