,Current,Voltage
0,0.0,0.000140667
1,0.0002,0.00134945
2,0.0004,0.00254869
3,0.0006,0.00374079
4,0.0008,0.00494003
5,0.001,0.00611305
