,Current,Voltage
0,0.0,0.000128746
1,0.0002,0.00137329
2,0.0004,0.00260353
3,0.0006,0.00380516
4,0.0008,0.00500679
5,0.001,0.00617981
