,Current,Voltage
0,0.0,0.000116825
1,0.0002,0.00143051
2,0.0004,0.00269651
3,0.0006,0.00394344
4,0.0008,0.00524044
5,0.001,0.00646353
