,Current,Voltage
0,0.0,0.000157356
1,0.0002,0.00344753
2,0.0004,0.0067091
3,0.0006,0.00994205
4,0.0008,0.0132251
5,0.001,0.0164723
