,Current,Voltage
0,0.0,0.000143051
1,0.0002,0.00195265
2,0.0004,0.00375986
3,0.0006,0.005548
4,0.0008,0.00734091
5,0.001,0.00913143
