,Current,Voltage
0,0.0,0.000135899
1,0.0002,0.00161409
2,0.0004,0.00308752
3,0.0006,0.00454187
4,0.0008,0.00596523
5,0.001,0.00742912
