,Current,Voltage
0,0.0,0.000107288
1,0.0002,0.000510216
2,0.0004,0.000810623
3,0.0006,0.00117779
4,0.0008,0.00150442
5,0.001,0.00180721
