,Current,Voltage
0,0.0,7.62939e-05
1,0.0002,0.00130177
2,0.0004,0.00243425
3,0.0006,0.00356197
4,0.0008,0.00467539
5,0.001,0.00584364
