,Current,Voltage
0,0.0,0.000140667
1,0.0002,0.00174999
2,0.0004,0.00328064
3,0.0006,0.00484943
4,0.0008,0.00640154
5,0.001,0.00793695
