,Current,Voltage
0,0.0,0.000107288
1,0.0002,0.00132561
2,0.0004,0.00253201
3,0.0006,0.00377178
4,0.0008,0.00494003
5,0.001,0.00614166
