,Current,Voltage
0,0.0,0.000107288
1,0.0002,0.00152349
2,0.0004,0.00287533
3,0.0006,0.00419378
4,0.0008,0.00557423
5,0.001,0.00684977
