,Current,Voltage
0,0.0,6.4373e-05
1,0.0002,0.00113249
2,0.0004,0.00214577
3,0.0006,0.00315189
4,0.0008,0.00418663
5,0.001,0.00517607
