,Current,Voltage
0,0.0,0.000112057
1,0.0002,0.00133991
2,0.0004,0.00247955
3,0.0006,0.00361681
4,0.0008,0.00476122
5,0.001,0.00585079
