,Current,Voltage
0,0.0,0.000109673
1,0.0002,0.00119925
2,0.0004,0.00221729
3,0.0006,0.00320196
4,0.0008,0.00421286
5,0.001,0.00522852
