,Current,Voltage
0,0.0,0.000119209
1,0.0002,0.00113487
2,0.0004,0.00211477
3,0.0006,0.00306368
4,0.0008,0.00404358
5,0.001,0.00498772
