,Current,Voltage
0,0.0,0.000140667
1,0.0002,0.0018239
2,0.0004,0.00344276
3,0.0006,0.00505447
4,0.0008,0.00669241
5,0.001,0.00830889
