,Current,Voltage
0,0.0,0.000112057
1,0.0002,0.00130415
2,0.0004,0.00243425
3,0.0006,0.00353098
4,0.0008,0.00463963
5,0.001,0.00574827
