,Current,Voltage
0,0.0,0.000107288
1,0.0002,0.00116587
2,0.0004,0.00214577
3,0.0006,0.00305653
4,0.0008,0.00404119
5,0.001,0.00498533
