,Current,Voltage
0,0.0,0.000114441
1,0.0002,0.00135899
2,0.0004,0.00250101
3,0.0006,0.00361919
4,0.0008,0.00477314
5,0.001,0.00590801
