,Current,Voltage
0,0.0,0.000231028
1,8e-10,0.0221772
2,1.6e-09,0.0440347
3,2.4e-09,0.0430717
4,3.2e-09,0.116164
5,4e-09,0.187445
