,Current,Voltage
0,0.0,0.00430465
1,8e-10,0.0166728
2,1.6e-09,0.0290515
3,2.4e-09,0.0414703
4,3.2e-09,0.053936
5,4e-09,0.0663431
