,Current,Voltage
0,0.0,0.00361109
1,8e-10,0.0103719
2,1.6e-09,0.0171115
3,2.4e-09,0.02384
4,3.2e-09,0.0304236
5,4e-09,0.0370569
