,Current,Voltage
0,0.0,0.00014782
1,0.0002,0.00234604
2,0.0004,0.00447035
3,0.0006,0.00658512
4,0.0008,0.00870943
5,0.001,0.010798
