,Current,Voltage
0,0.0,0.000116825
1,0.0002,0.00172377
2,0.0004,0.00334978
3,0.0006,0.00484705
4,0.0008,0.006423
5,0.001,0.00797272
