,Current,Voltage
0,0.0,0.000107288
1,0.0002,0.00231504
2,0.0004,0.0044632
3,0.0006,0.0065732
4,0.0008,0.00873089
5,0.001,0.0108337
