,Current,Voltage
0,0.0,0.000138283
1,0.0002,0.00332832
2,0.0004,0.00651121
3,0.0006,0.00961781
4,0.0008,0.0127792
5,0.001,0.0158477
