,Current,Voltage
0,0.0,0.000128746
1,0.0002,0.00203371
2,0.0004,0.00387192
3,0.0006,0.00566483
4,0.0008,0.00750303
5,0.001,0.00930548
