,Current,Voltage
0,0.0,0.000169277
1,0.0002,0.00324965
2,0.0004,0.00623465
3,0.0006,0.00920773
4,0.0008,0.0122118
5,0.001,0.015223
