,Current,Voltage
0,0.0,0.000181198
1,0.0002,0.00252724
2,0.0004,0.00487566
3,0.0006,0.0071907
4,0.0008,0.00953436
5,0.001,0.0118423
