,Current,Voltage
0,0.0,0.000190735
1,0.0002,0.00290394
2,0.0004,0.00559807
3,0.0006,0.00820875
4,0.0008,0.0108862
5,0.001,0.0135541
