,Current,Voltage
0,0.0,0.00013113
1,0.0002,0.0017643
2,0.0004,0.00338554
3,0.0006,0.00500202
4,0.0008,0.00659704
5,0.001,0.00815153
