,Current,Voltage
0,0.0,8.58307e-05
1,0.0002,0.00188828
2,0.0004,0.00360727
3,0.0006,0.00529766
4,0.0008,0.00700951
5,0.001,0.00876188
