,Current,Voltage
0,0.0,0.000164509
1,0.0002,0.00223875
2,0.0004,0.00429153
3,0.0006,0.00632286
4,0.0008,0.00843287
5,0.001,0.0104237
