,Current,Voltage
0,0.0,0.000152588
1,0.0002,0.00201702
2,0.0004,0.00383854
3,0.0006,0.00567675
4,0.0008,0.00752211
5,0.001,0.00932455
