,Current,Voltage
0,0.0,0.000100136
1,0.0002,0.00180483
2,0.0004,0.003438
3,0.0006,0.00508308
4,0.0008,0.00673532
5,0.001,0.00836134
