,Current,Voltage
0,0.0,0.00010252
1,0.0002,0.00167131
2,0.0004,0.00319719
3,0.0006,0.00465631
4,0.0008,0.00613689
5,0.001,0.00762939
