,Current,Voltage
0,0.0,0.000178814
1,0.0002,0.0019598
2,0.0004,0.00371933
3,0.0006,0.0054574
4,0.0008,0.0072217
5,0.001,0.00893354
