,Current,Voltage
0,0.0,0.000164509
1,0.0002,0.00192165
2,0.0004,0.00364304
3,0.0006,0.00540495
4,0.0008,0.00712395
5,0.001,0.00889301
