,Current,Voltage
0,0.0,0.000171661
1,0.0002,0.00325918
2,0.0004,0.00629663
3,0.0006,0.00931978
4,0.0008,0.0123835
5,0.001,0.0153732
