,Current,Voltage
0,0.0,9.77516e-05
1,0.0002,0.00185728
2,0.0004,0.00357389
3,0.0006,0.00524998
4,0.0008,0.00694275
5,0.001,0.00864983
