,Current,Voltage
0,0.0,0.00014782
1,0.0002,0.00284672
2,0.0004,0.00547171
3,0.0006,0.00807762
4,0.0008,0.0106931
5,0.001,0.0132966
