,Current,Voltage
0,0.0,0.000135899
1,0.0002,0.00211239
2,0.0004,0.00406742
3,0.0006,0.00597954
4,0.0008,0.00787735
5,0.001,0.00979185
