,Current,Voltage
0,0.0,0.000112057
1,0.0002,0.00232458
2,0.0004,0.0044775
3,0.0006,0.00661135
4,0.0008,0.0088048
5,0.001,0.0109363
