,Current,Voltage
0,0.0,0.000166893
1,0.0002,0.003016
2,0.0004,0.00585556
3,0.0006,0.00861883
4,0.0008,0.0114775
5,0.001,0.0142622
