,Current,Voltage
0,0.0,0.000133514
1,0.0002,0.00241995
2,0.0004,0.00466585
3,0.0006,0.0069356
4,0.0008,0.00918388
5,0.001,0.0113988
