,Current,Voltage
0,0.0,0.000150204
1,0.0002,0.00228643
2,0.0004,0.00440121
3,0.0006,0.00651598
4,0.0008,0.00864744
5,0.001,0.0106883
