,Current,Voltage
0,0.0,0.000157356
1,0.0002,0.00234842
2,0.0004,0.00447035
3,0.0006,0.0065589
4,0.0008,0.00872374
5,0.001,0.0108147
