,Current,Voltage
0,0.0,0.000123978
1,0.0002,0.00217915
2,0.0004,0.00419378
3,0.0006,0.0061965
4,0.0008,0.00818014
5,0.001,0.0101709
