,Current,Voltage
0,0.0,0.00017643
1,0.0002,0.00381947
2,0.0004,0.00740051
3,0.0006,0.0109577
4,0.0008,0.0145292
5,0.001,0.0180697
