,Current,Voltage
0,0.0,0.000119209
1,0.0002,0.00186682
2,0.0004,0.00351429
3,0.0006,0.00519514
4,0.0008,0.00686407
5,0.001,0.00850439
