,Current,Voltage
0,0.0,0.000150204
1,0.0002,0.00196457
2,0.0004,0.00377655
3,0.0006,0.00554085
4,0.0008,0.00728846
5,0.001,0.00908852
