,Current,Voltage
0,0.0,0.00014782
1,0.0002,0.00196218
2,0.0004,0.0036931
3,0.0006,0.0053978
4,0.0008,0.00710726
5,0.001,0.00885248
