,Current,Voltage
0,0.0,0.000157356
1,0.0002,0.00292301
2,0.0004,0.00559092
3,0.0006,0.0082612
4,0.0008,0.0109315
5,0.001,0.0136137
