,Current,Voltage
0,0.0,0.000154972
1,0.0002,0.00464678
2,0.0004,0.00896454
3,0.0006,0.0134397
4,0.0008,0.0181198
5,0.001,0.0226092
