,Current,Voltage
0,0.0,0.000121593
1,0.0002,0.0018549
2,0.0004,0.00350475
3,0.0006,0.00518084
4,0.0008,0.00683069
5,0.001,0.00848055
