,Current,Voltage
0,0.0,0.000100136
1,0.0002,0.00179052
2,0.0004,0.00342131
3,0.0006,0.00507116
4,0.0008,0.00672817
5,0.001,0.00833988
