,Current,Voltage
0,0.0,0.000116825
1,0.0002,0.0016427
2,0.0004,0.00315428
3,0.0006,0.00462294
4,0.0008,0.00614643
5,0.001,0.00760555
