,Current,Voltage
0,0.0,0.000138283
1,0.0002,0.00204325
2,0.0004,0.00383615
3,0.0006,0.00559568
4,0.0008,0.00741005
5,0.001,0.00920296
