,Current,Voltage
0,0.0,9.05991e-05
1,0.0002,0.00182867
2,0.0004,0.00351667
3,0.0006,0.00519037
4,0.0008,0.00687361
5,0.001,0.00849247
