,Current,Voltage
0,0.0,0.000166893
1,0.0002,0.00307798
2,0.0004,0.00596046
3,0.0006,0.00880241
4,0.0008,0.0117087
5,0.001,0.0145292
