,Current,Voltage
0,0.0,0.000188351
1,0.0002,0.00608206
2,0.0004,0.0119925
3,0.0006,0.0177956
4,0.0008,0.023737
5,0.001,0.0295329
