,Current,Voltage
0,0.0,0.000107288
1,0.0002,0.0020051
2,0.0004,0.00382662
3,0.0006,0.00562191
4,0.0008,0.00745058
5,0.001,0.00925779
