,Current,Voltage
0,0.0,0.00017643
1,0.0002,0.00357628
2,0.0004,0.00694752
3,0.0006,0.0102234
4,0.0008,0.0135636
5,0.001,0.0168824
