,Current,Voltage
0,0.0,0.000107288
1,0.0002,0.00161886
2,0.0004,0.00308752
3,0.0006,0.00449657
4,0.0008,0.00599384
5,0.001,0.00740767
