,Current,Voltage
0,0.0,0.000236034
1,0.0002,0.00634909
2,0.0004,0.0124955
3,0.0006,0.0185275
4,0.0008,0.0246263
5,0.001,0.0306582
