,Current,Voltage
0,0.0,0.00017643
1,0.0002,0.00163555
2,0.0004,0.0031352
3,0.0006,0.00461817
4,0.0008,0.00607967
5,0.001,0.00752687
