,Current,Voltage
0,0.0,0.000138283
1,0.0002,0.00172138
2,0.0004,0.00329733
3,0.0006,0.00477314
4,0.0008,0.00636339
5,0.001,0.00785351
