,Current,Voltage
0,0.0,0.000145435
1,0.0002,0.00177622
2,0.0004,0.00334024
3,0.0006,0.00489712
4,0.0008,0.00644684
5,0.001,0.00805616
