,Current,Voltage
0,0.0,0.00706863
1,8e-10,0.0206857
2,1.6e-09,0.0343492
3,2.4e-09,0.0479753
4,3.2e-09,0.0616193
5,4e-09,0.0752554
