,Current,Voltage
0,0.0,0.0114057
1,8e-10,0.0318863
2,1.6e-09,0.0522344
3,2.4e-09,0.072593
4,3.2e-09,0.092947
5,4e-09,0.113348
