,Current,Voltage
0,0.0,0.00484204
1,8e-10,0.0138173
2,1.6e-09,0.0228093
3,2.4e-09,0.0317683
4,3.2e-09,0.0407579
5,4e-09,0.0497174
