,Current,Voltage
0,0.0,0.00650382
1,8e-10,0.0178003
2,1.6e-09,0.0290725
3,2.4e-09,0.0403507
4,3.2e-09,0.0516133
5,4e-09,0.0628912
