{
  "mapping_offsets": [
    0.0,
    1.0,
    2.0,
    3.0,
    4.0,
    5.0,
    6.0
  ],
  "flir_offsets": [
    0,
    15,
    30
  ],
  "spin_speed": {
    "min": 100.0,
    "max": 3800.0,
    "value": {
      "0": 1000,
      "1": 1000,
      "2": 1000,
      "3": 1000,
      "4": 1000,
      "5": 1000,
      "6": 1000,
      "7": 1000,
      "8": 1000,
      "9": 1000,
      "10": 1000,
      "11": 1000,
      "12": 1000,
      "13": 1000,
      "14": 1000,
      "15": 1000,
      "16": 1000,
      "17": 1000,
      "18": 1000,
      "19": 1000,
      "20": 1000,
      "21": 1000,
      "22": 1000,
      "23": 1000,
      "24": 1000
    },
    "units": "RPM",
    "optimize_with_chem_os": false
  },
  "spin_time": {
    "min": 10.0,
    "max": 120.0,
    "value": {
      "0": 60,
      "1": 60,
      "2": 60,
      "3": 60,
      "4": 60,
      "5": 60,
      "6": 60,
      "7": 60,
      "8": 60,
      "9": 60,
      "10": 60,
      "11": 60,
      "12": 60,
      "13": 60,
      "14": 60,
      "15": 60,
      "16": 60,
      "17": 60,
      "18": 60,
      "19": 60,
      "20": 60,
      "21": 60,
      "22": 60,
      "23": 60,
      "24": 60
    },
    "units": "s",
    "optimize_with_chem_os": false
  },
  "dispense_volume": {
    "min": 0.001,
    "max": 1.0,
    "value": 0.1,
    "units": "mL",
    "optimize_with_chem_os": false
  },
  "campaign_dispensed_amounts": {
    "spiro": {
      "chemical_name": "Spiro",
      "varied": false,
      "value": 0.10779999999999967,
      "units": "mg",
      "metadata": {
        "molar_weight_ mg": 1225.43,
        "concentration_mg_ml": 50,
        "requested_param": null,
        "requested_vol": 0.1347071258870427
      }
    },
    "cobalt": {
      "chemical_name": "FK102",
      "varied": true,
      "value": 0.05660000000000043,
      "units": "mg",
      "metadata": {
        "molar_weight_ mg": 1334.86,
        "concentration_mg_ml": 50,
        "requested_param": null,
        "requested_vol": 0.07362620744629063
      }
    },
    "tbp": {
      "chemical_name": "tBP",
      "varied": false,
      "value": 0.02970000000000006,
      "units": "mg",
      "metadata": {
        "molar_weight_ mg": 135.21,
        "concentration_mg_ml": 50,
        "requested_param": null,
        "requested_vol": 0.04166666666666667
      }
    },
    "annealing": {
      "varied": true,
      "value": 62.350852489471436,
      "units": "s",
      "metadata": {}
    }
  },
  "properties": {
    "measurement_0": 6.802163114851056e-07,
    "measurement_1": 7.457391900811642e-07,
    "measurement_2": 7.216286655710083e-07,
    "measurement_3": 7.063893888651561e-07,
    "measurement_4": 6.641706817539401e-07,
    "measurement_5": 6.873547574644406e-07,
    "measurement_6": 6.985287328200752e-07,
    "measurement_mean": 7.005753897201272e-07
  },
  "active_parameters_pickle_file": {
    "filename": "not yet defined"
  },
  "processes": {
    "x0": 0.3374966513963928,
    "x1": 0.29273703694343567
  },
  "chemOS": {
    "requested_params": {
      "x0": 0.5017583966255188,
      "x1": 0.259795218706131
    },
    "output_for_previous": {
      "campaign_name": "pseudomobility",
      "session_id": "dbad41d5-017b-4f35-b430-6be3f655fdb0",
      "experiment_id": "f8d39da2-5f2d-4a49-af05-61d819e18673",
      "execution_id": "46dc0d91",
      "robot_id": "e0c4ac82",
      "processes": {
        "x0": 0.3374966513963928,
        "x1": 0.29273703694343567
      },
      "properties": {
        "measurement_0": 6.802163114851056e-07,
        "measurement_1": 7.457391900811642e-07,
        "measurement_2": 7.216286655710083e-07,
        "measurement_3": 7.063893888651561e-07,
        "measurement_4": 6.641706817539401e-07,
        "measurement_5": 6.873547574644406e-07,
        "measurement_6": 6.985287328200752e-07,
        "measurement_mean": 7.005753897201272e-07
      }
    }
  },
  "operator_name": "Thomas",
  "operator_comment": "chemOS optimization of pseudomobility over cobalt annealing space"
}