,Current,Voltage
0,0.0,0.00703192
1,8e-10,0.0199981
2,1.6e-09,0.0329533
3,2.4e-09,0.045913
4,3.2e-09,0.0589075
5,4e-09,0.0718434
