,Current,Voltage
0,0.0,0.00321007
1,8e-10,0.0093677
2,1.6e-09,0.0155239
3,2.4e-09,0.0217061
4,3.2e-09,0.0278351
5,4e-09,0.033998
