,Current,Voltage
0,0.0,0.00442004
1,8e-10,0.012224
2,1.6e-09,0.0200143
3,2.4e-09,0.0278258
4,3.2e-09,0.0356257
5,4e-09,0.0434136
