,Current,Voltage
0,0.0,0.00472713
1,8e-10,0.0130417
2,1.6e-09,0.0213645
3,2.4e-09,0.0296645
4,3.2e-09,0.0379887
5,4e-09,0.0463116
