,Current,Voltage
0,0.0,0.00392818
1,8e-10,0.0112543
2,1.6e-09,0.0185876
3,2.4e-09,0.025913
4,3.2e-09,0.0332465
5,4e-09,0.0405753
