,Current,Voltage
0,0.0,0.00373149
1,8e-10,0.010426
2,1.6e-09,0.0171108
3,2.4e-09,0.0237844
4,3.2e-09,0.0304635
5,4e-09,0.0371401
