,Current,Voltage
0,0.0,0.00625896
1,8e-10,0.0180089
2,1.6e-09,0.0297527
3,2.4e-09,0.0415044
4,3.2e-09,0.0532663
5,4e-09,0.0650003
