,Current,Voltage
0,0.0,0.00694966
1,8e-10,0.0201116
2,1.6e-09,0.0332372
3,2.4e-09,0.0463779
4,3.2e-09,0.0595124
5,4e-09,0.0726755
