,Current,Voltage
0,0.0,0.0091002
1,8e-10,0.0247846
2,1.6e-09,0.0404408
3,2.4e-09,0.0561037
4,3.2e-09,0.071744
5,4e-09,0.0874031
