,Current,Voltage
0,0.0,0.000183582
1,0.0002,0.00213146
2,0.0004,0.00402689
3,0.0006,0.00590801
4,0.0008,0.00778198
5,0.001,0.00965595
