,Current,Voltage
0,0.0,0.000319481
1,0.0002,0.00913143
2,0.0004,0.0178218
3,0.0006,0.0262189
4,0.0008,0.0349665
5,0.001,0.0436926
