,Current,Voltage
0,0.0,-1.29411
1,0.0002,-1.18434
2,0.0004,-1.08107
3,0.0006,-0.981584
4,0.0008,-0.879698
5,0.001,-0.778749
