,Current,Voltage
0,0.0,0.000216961
1,0.0002,0.00128508
2,0.0004,0.00228167
3,0.0006,0.00324965
4,0.0008,0.00426531
5,0.001,0.0052762
