,Current,Voltage
0,0.0,0.000252724
1,0.0002,0.00631094
2,0.0004,0.0123715
3,0.0006,0.0183725
4,0.0008,0.0244212
5,0.001,0.0304127
