,Current,Voltage
0,0.0,0.000398159
1,0.0002,0.00988483
2,0.0004,0.0194049
3,0.0006,0.0288725
4,0.0008,0.0383496
5,0.001,0.0477934
