,Current,Voltage
0,0.0,4.10427
1,0.0002,1.36509
2,0.0004,4.2092
3,0.0006,7.22001
4,0.0008,10.0018
5,0.001,10.0018
