,Current,Voltage
0,0.0,0.000231266
1,0.0002,0.00368118
2,0.0004,0.00710011
3,0.0006,0.0105095
4,0.0008,0.0139689
5,0.001,0.0173473
