,Current,Voltage
0,0.0,0.00038147
1,0.0002,0.0102592
2,0.0004,0.0201631
3,0.0006,0.0299406
4,0.0008,0.0398088
5,0.001,0.0496125
