,Current,Voltage
0,0.0,0.000295639
1,0.0002,0.00686646
2,0.0004,0.013454
3,0.0006,0.02002
4,0.0008,0.0265765
5,0.001,0.0330687
