,Current,Voltage
0,0.0,0.0240421
1,0.0002,1.11926
2,0.0004,2.27355
3,0.0006,3.51531
4,0.0008,4.92193
5,0.001,10.0018
