,Current,Voltage
0,0.0,0.205479
1,0.0002,3.87344
2,0.0004,9.99083
3,0.0006,10.001
4,0.0008,10.0017
5,0.001,10.0015
