,Current,Voltage
0,0.0,0.000212193
1,0.0002,0.00488043
2,0.0004,0.00953197
3,0.0006,0.0141454
4,0.0008,0.018754
5,0.001,0.0233722
