,Current,Voltage
0,0.0,0.000193119
1,0.0002,0.00372648
2,0.0004,0.00725985
3,0.0006,0.0107527
4,0.0008,0.0143027
5,0.001,0.0177693
