,Current,Voltage
0,0.0,0.000221729
1,0.0002,0.00415564
2,0.0004,0.00808001
3,0.0006,0.0119686
4,0.0008,0.0158882
5,0.001,0.0198007
