,Current,Voltage
0,0.0,0.000183582
1,0.0002,0.00313282
2,0.0004,0.00606298
3,0.0006,0.00894547
4,0.0008,0.0117373
5,0.001,0.0146294
