,Current,Voltage
0,0.0,0.000391006
1,0.0002,0.0118685
2,0.0004,0.0234365
3,0.0006,0.0348735
4,0.0008,0.0464511
5,0.001,0.0578356
