,Current,Voltage
0,0.0,0.000183582
1,0.0002,0.00427246
2,0.0004,0.00829697
3,0.0006,0.0123048
4,0.0008,0.0163484
5,0.001,0.0203443
