,Current,Voltage
0,0.0,0.000193119
1,0.0002,0.00330687
2,0.0004,0.00643969
3,0.0006,0.00952721
4,0.0008,0.0126243
5,0.001,0.0157475
