,Current,Voltage
0,0.0,0.000140667
1,0.0002,0.00299692
2,0.0004,0.00576019
3,0.0006,0.00851631
4,0.0008,0.0112963
5,0.001,0.0140285
