,Current,Voltage
0,0.0,0.000138283
1,0.0002,0.0023365
2,0.0004,0.00446558
3,0.0006,0.00659943
4,0.0008,0.00877619
5,0.001,0.0108337
