,Current,Voltage
0,0.0,0.000524521
1,0.0002,0.0151491
2,0.0004,0.0298619
3,0.0006,0.0444126
4,0.0008,0.0590944
5,0.001,0.0736451
