,Current,Voltage
0,0.0,0.00430775
1,8e-10,0.0103469
2,1.6e-09,0.0163558
3,2.4e-09,0.0223775
4,3.2e-09,0.0283806
5,4e-09,0.0343771
