,Current,Voltage
0,0.0,0.00445294
1,8e-10,0.0127628
2,1.6e-09,0.0210941
3,2.4e-09,0.0293975
4,3.2e-09,0.0377162
5,4e-09,0.0460224
