,Current,Voltage
0,0.0,0.00785875
1,8e-10,0.0250516
2,1.6e-09,0.0421841
3,2.4e-09,0.0593686
4,3.2e-09,0.0764222
5,4e-09,0.0936084
