,Current,Voltage
0,0.0,0.00613761
1,8e-10,0.0163219
2,1.6e-09,0.0263937
3,2.4e-09,0.0365515
4,3.2e-09,0.0466425
5,4e-09,0.056726
