,Current,Voltage
0,0.0,0.00636196
1,8e-10,0.0178285
2,1.6e-09,0.0292881
3,2.4e-09,0.0407252
4,3.2e-09,0.0521524
5,4e-09,0.0636044
