,Current,Voltage
0,0.0,-0.0451343
1,8e-10,0.599957
2,1.6e-09,0.909413
3,2.4e-09,1.1784
4,3.2e-09,1.43472
5,4e-09,1.69103
