,Current,Voltage
0,0.0,0.000138283
1,0.0002,0.00108242
2,0.0004,0.00192165
3,0.0006,0.00279188
4,0.0008,0.00369787
5,0.001,0.00455618
