,Current,Voltage
0,0.0,9.77516e-05
1,0.0002,0.00203848
2,0.0004,0.00397444
3,0.0006,0.00585318
4,0.0008,0.00781536
5,0.001,0.00970125
