,Current,Voltage
0,0.0,0.000224113
1,0.0002,0.00422955
2,0.0004,0.0082016
3,0.0006,0.0121546
4,0.0008,0.0161219
5,0.001,0.0200701
