,Current,Voltage
0,0.0,0.000152588
1,0.0002,0.00145912
2,0.0004,0.0027132
3,0.0006,0.00399113
4,0.0008,0.00522614
5,0.001,0.00651598
