,Current,Voltage
0,0.0,6.67572e-05
1,0.0002,0.00150681
2,0.0004,0.00291586
3,0.0006,0.00432968
4,0.0008,0.0057292
5,0.001,0.00714064
