,Current,Voltage
0,0.0,0.000119209
1,0.0002,0.003829
2,0.0004,0.00745296
3,0.0006,0.0110412
4,0.0008,0.0147176
5,0.001,0.0156021
