,Current,Voltage
0,0.0,9.53674e-05
1,0.0002,0.000178814
2,0.0004,0.811198
3,0.0006,2.80703
4,0.0008,3.79114
5,0.001,5.6201
