,Current,Voltage
0,0.0,5.72205e-05
1,0.0002,0.00186205
2,0.0004,0.00363111
3,0.0006,0.00541925
4,0.0008,0.00716448
5,0.001,0.00888348
