,Current,Voltage
0,0.0,0.000138283
1,0.0002,0.00119686
2,0.0004,0.00220537
3,0.0006,0.00319481
4,0.0008,0.00420809
5,0.001,0.00521421
