,Current,Voltage
0,0.0,8.82149e-05
1,0.0002,0.000975132
2,0.0004,0.00181913
3,0.0006,0.00263691
4,0.0008,0.00346422
5,0.001,0.00430584
