,Current,Voltage
0,0.0,9.53674e-05
1,0.0002,0.000803471
2,0.0004,0.00138521
3,0.0006,0.00200272
4,0.0008,0.00260592
5,0.001,0.00324011
