,Current,Voltage
0,0.0,0.000135899
1,0.0002,0.00379086
2,0.0004,0.00745058
3,0.0006,0.0110507
4,0.0008,0.0146937
5,0.001,0.0182986
