,Current,Voltage
0,0.0,0.00013113
1,0.0002,0.00132799
2,0.0004,0.00254154
3,0.0006,0.00373602
4,0.0008,0.00491619
5,0.001,0.00609398
