,Current,Voltage
0,0.0,0.00058651
1,0.0002,0.0211
2,0.0004,0.0417829
3,0.0006,0.0622463
4,0.0008,0.0829411
5,0.001,0.103388
