,Current,Voltage
0,0.0,8.10623e-05
1,0.0002,0.00108004
2,0.0004,0.00202656
3,0.0006,0.00296354
4,0.0008,0.00391245
5,0.001,0.00486135
