,Current,Voltage
0,0.0,0.000112057
1,0.0002,0.00219107
2,0.0004,0.0042057
3,0.0006,0.00615835
4,0.0008,0.00816107
5,0.001,0.0101042
