,Current,Voltage
0,0.0,0.000846386
1,0.0002,0.0317574
2,0.0004,0.0628138
3,0.0006,0.093646
4,0.0008,0.124848
5,0.001,0.155735
