,Current,Voltage
0,0.0,0.000126362
1,0.0002,0.00113487
2,0.0004,0.00206947
3,0.0006,0.00299931
4,0.0008,0.00397444
5,0.001,0.00491619
