,Current,Voltage
0,0.0,0.000126362
1,0.0002,0.00174999
2,0.0004,0.00330925
3,0.0006,0.00488997
4,0.0008,0.00645161
5,0.001,0.00803709
