,Current,Voltage
0,0.0,0.000166893
1,0.0002,0.00387669
2,0.0004,0.00759602
3,0.0006,0.01127
4,0.0008,0.0149822
5,0.001,0.0186825
