,Current,Voltage
0,0.0,0.000610352
1,0.0002,0.0233746
2,0.0004,0.0462937
3,0.0006,0.0690246
4,0.0008,0.0918937
5,0.001,0.114641
