,Current,Voltage
0,0.0,7.86781e-05
1,0.0002,0.00149488
2,0.0004,0.00287294
3,0.0006,0.00423908
4,0.0008,0.00560999
5,0.001,0.0069952
