,Current,Voltage
0,0.0,0.000128746
1,0.0002,0.00258207
2,0.0004,0.00492334
3,0.0006,0.00730753
4,0.0008,0.00965357
5,0.001,0.0119925
