,Current,Voltage
0,0.0,9.53674e-05
1,0.0002,0.00282764
2,0.0004,0.00550985
3,0.0006,0.00818729
4,0.0008,0.0108647
5,0.001,0.0135279
