,Current,Voltage
0,0.0,0.00020504
1,0.0002,0.00489473
2,0.0004,0.0094986
3,0.0006,0.0140405
4,0.0008,0.0186563
5,0.001,0.0232124
