,Current,Voltage
0,0.0,0.00010252
1,0.0002,0.00177145
2,0.0004,0.00334263
3,0.0006,0.00492573
4,0.0008,0.00651836
5,0.001,0.00812292
