,Current,Voltage
0,0.0,0.000109673
1,0.0002,0.00162601
2,0.0004,0.00303268
3,0.0006,0.0045085
4,0.0008,0.00593662
5,0.001,0.00740051
