,Current,Voltage
0,0.0,0.000121593
1,0.0002,0.00180483
2,0.0004,0.00342607
3,0.0006,0.00505447
4,0.0008,0.00666618
5,0.001,0.0083065
