,Current,Voltage
0,0.0,0.000116825
1,0.0002,0.00167131
2,0.0004,0.00322819
3,0.0006,0.00473738
4,0.0008,0.00625372
5,0.001,0.00781775
