,Current,Voltage
0,0.0,0.000207424
1,0.0002,0.00616789
2,0.0004,0.0120115
3,0.0006,0.0175357
4,0.0008,0.0233126
5,0.001,0.0290251
