,Current,Voltage
0,0.0,5.48363e-05
1,0.0002,0.000679493
2,0.0004,0.0012064
3,0.0006,0.00170231
4,0.0008,0.00223637
5,0.001,0.00277519
