,Current,Voltage
0,0.0,-0.00027895
1,0.0002,0.000867844
2,0.0004,0.00166655
3,0.0006,0.0024581
4,0.0008,0.00322104
5,0.001,0.0039649
