,Current,Voltage
0,0.0,0.000114441
1,0.0002,0.00133276
2,0.0004,0.00243187
3,0.0006,0.00355959
4,0.0008,0.0046587
5,0.001,0.0057888
