,Current,Voltage
0,0.0,0.000197887
1,0.0002,0.00453234
2,0.0004,0.00938177
3,0.0006,0.0160122
4,0.0008,0.021472
5,0.001,0.0234962
