,Current,Voltage
0,0.0,0.000104904
1,0.0002,0.0019455
2,0.0004,0.00374317
3,0.0006,0.00555754
4,0.0008,0.00731945
5,0.001,0.00915289
