,Current,Voltage
0,0.0,9.77516e-05
1,0.0002,0.00127077
2,0.0004,0.00240803
3,0.0006,0.00350475
4,0.0008,0.00463009
5,0.001,0.00576019
