,Current,Voltage
0,0.0,0.000116825
1,0.0002,0.00152349
2,0.0004,0.00293016
3,0.0006,0.00427246
4,0.0008,0.00560045
5,0.001,0.00695467
