,Current,Voltage
0,0.0,9.77516e-05
1,0.0002,0.00102997
2,0.0004,0.00189543
3,0.0006,0.0027585
4,0.0008,0.00364304
5,0.001,0.00451565
