,Current,Voltage
0,0.0,9.05991e-05
1,0.0002,0.00138044
2,0.0004,0.00257015
3,0.0006,0.00375986
4,0.0008,0.00499725
5,0.001,0.00620842
