,Current,Voltage
0,0.0,9.77516e-05
1,0.0002,0.00119925
2,0.0004,0.00226974
3,0.0006,0.00332594
4,0.0008,0.00438213
5,0.001,0.00543833
