,Current,Voltage
0,0.0,0.000123978
1,0.0002,0.00104904
2,0.0004,0.00192165
3,0.0006,0.00280857
4,0.0008,0.00369549
5,0.001,0.00458956
