,Current,Voltage
0,0.0,0.000154972
1,0.0002,0.00244856
2,0.0004,0.00470638
3,0.0006,0.00689745
4,0.0008,0.00913143
5,0.001,0.0113225
