,Current,Voltage
0,0.0,0.000126362
1,0.0002,0.000998974
2,0.0004,0.00186682
3,0.0006,0.00270605
4,0.0008,0.00359297
5,0.001,0.00445843
