,Current,Voltage
0,0.0,0.000135899
1,0.0002,0.00151873
2,0.0004,0.00287771
3,0.0006,0.00422955
4,0.0008,0.00558615
5,0.001,0.00690222
