,Current,Voltage
0,0.0,8.34465e-05
1,0.0002,0.00179529
2,0.0004,0.00351429
3,0.0006,0.00516415
4,0.0008,0.00684023
5,0.001,0.00854731
