,Current,Voltage
0,0.0,0.00626588
1,8e-10,0.017771
2,1.6e-09,0.0293167
3,2.4e-09,0.0408902
4,3.2e-09,0.052458
5,4e-09,0.0640535
