,Current,Voltage
0,0.0,0.00706935
1,8e-10,0.020375
2,1.6e-09,0.0336576
3,2.4e-09,0.0469518
4,3.2e-09,0.0602198
5,4e-09,0.0735185
