,Current,Voltage
0,0.0,0.00605226
1,8e-10,0.0164254
2,1.6e-09,0.0267928
3,2.4e-09,0.0371404
4,3.2e-09,0.0475166
5,4e-09,0.0578742
