,Current,Voltage
0,0.0,0.00398111
1,8e-10,0.0100808
2,1.6e-09,0.0161617
3,2.4e-09,0.0222557
4,3.2e-09,0.028358
5,4e-09,0.0344503
