,Current,Voltage
0,0.0,0.00354528
1,8e-10,0.0101602
2,1.6e-09,0.0168009
3,2.4e-09,0.0234163
4,3.2e-09,0.030004
5,4e-09,0.0365975
