,Current,Voltage
0,0.0,0.00675559
1,8e-10,0.0212746
2,1.6e-09,0.0357711
3,2.4e-09,0.0502548
4,3.2e-09,0.0647554
5,4e-09,0.0792763
