,Current,Voltage
0,0.0,0.00351405
1,8e-10,0.0103247
2,1.6e-09,0.0171478
3,2.4e-09,0.0239844
4,3.2e-09,0.030823
5,4e-09,0.0376542
