,Current,Voltage
0,0.0,0.00360012
1,8e-10,0.00956774
2,1.6e-09,0.015512
3,2.4e-09,0.0214317
4,3.2e-09,0.0273519
5,4e-09,0.0332527
