,Current,Voltage
0,0.0,0.00013113
1,0.0002,0.00162363
2,0.0004,0.00307083
3,0.0006,0.00449419
4,0.0008,0.00594139
5,0.001,0.00735521
