,Current,Voltage
0,0.0,0.000228882
1,0.0002,0.00547409
2,0.0004,0.0106931
3,0.0006,0.0159431
4,0.0008,0.021193
5,0.001,0.0263643
