,Current,Voltage
0,0.0,0.000221729
1,0.0002,0.00534534
2,0.0004,0.0104499
3,0.0006,0.0155473
4,0.0008,0.0206304
5,0.001,0.0256848
