,Current,Voltage
0,0.0,0.000138283
1,0.0002,0.00213861
2,0.0004,0.00404119
3,0.0006,0.00594378
4,0.0008,0.00785112
5,0.001,0.0097847
