,Current,Voltage
0,0.0,0.000143051
1,0.0002,0.00271559
2,0.0004,0.00527143
3,0.0006,0.00780344
4,0.0008,0.0103116
5,0.001,0.0128365
