,Current,Voltage
0,0.0,0.000195503
1,0.0002,0.00250816
2,0.0004,0.00482559
3,0.0006,0.00712395
4,0.0008,0.00941038
5,0.001,0.0116897
