,Current,Voltage
0,0.0,0.00014782
1,0.0002,0.0019455
2,0.0004,0.00364542
3,0.0006,0.00537634
4,0.0008,0.00705481
5,0.001,0.00877857
