,Current,Voltage
0,0.0,0.000152588
1,0.0002,0.00324249
2,0.0004,0.0062871
3,0.0006,0.00926495
4,0.0008,0.0123215
5,0.001,0.0153065
