,Current,Voltage
0,0.0,0.000143051
1,0.0002,0.00248194
2,0.0004,0.00469923
3,0.0006,0.00693083
4,0.0008,0.00918865
5,0.001,0.0114179
