,Current,Voltage
0,0.0,0.00010252
1,0.0002,0.00161648
2,0.0004,0.00307322
3,0.0006,0.00452518
4,0.0008,0.00597954
5,0.001,0.00745535
