,Current,Voltage
0,0.0,0.000121593
1,0.0002,0.00235558
2,0.0004,0.00454664
3,0.0006,0.00668049
4,0.0008,0.00889301
5,0.001,0.0110102
