,Current,Voltage
0,0.0,0.00015974
1,0.0002,0.00228882
2,0.0004,0.00444651
3,0.0006,0.00652552
4,0.0008,0.00860691
5,0.001,0.0107193
