,Current,Voltage
0,0.0,0.000226498
1,0.0002,0.00418901
2,0.0004,0.0081563
3,0.0006,0.012064
4,0.0008,0.0159955
5,0.001,0.0199151
