,Current,Voltage
0,0.0,0.000178814
1,0.0002,0.00317812
2,0.0004,0.0061202
3,0.0006,0.00896692
4,0.0008,0.0118899
5,0.001,0.0148368
