,Current,Voltage
0,0.0,0.000231266
1,0.0002,0.00633717
2,0.0004,0.0124454
3,0.0006,0.018456
4,0.0008,0.0245571
5,0.001,0.0306058
