,Current,Voltage
0,0.0,0.00014782
1,0.0002,0.00226498
2,0.0004,0.00436306
3,0.0006,0.00643969
4,0.0008,0.00854731
5,0.001,0.0106096
