,Current,Voltage
0,0.0,0.000166893
1,0.0002,0.00282526
2,0.0004,0.00545263
3,0.0006,0.00809431
4,0.0008,0.0106859
5,0.001,0.0132823
