,Current,Voltage
0,0.0,0.000140667
1,0.0002,0.00346422
2,0.0004,0.0067997
3,0.0006,0.0100565
4,0.0008,0.0134134
5,0.001,0.0166535
