,Current,Voltage
0,0.0,0.000135899
1,0.0002,0.00165701
2,0.0004,0.00318527
3,0.0006,0.00464439
4,0.0008,0.00616312
5,0.001,0.00765085
