,Current,Voltage
0,0.0,0.000145435
1,0.0002,0.00415564
2,0.0004,0.00813961
3,0.0006,0.0120711
4,0.0008,0.0160813
5,0.001,0.0200272
