,Current,Voltage
0,0.0,0.000143051
1,0.0002,0.00197649
2,0.0004,0.00378847
3,0.0006,0.00561953
4,0.0008,0.00740767
5,0.001,0.00917196
