,Current,Voltage
0,0.0,0.000169277
1,0.0002,0.00321865
2,0.0004,0.00624418
3,0.0006,0.00923634
4,0.0008,0.0122476
5,0.001,0.0152421
