,Current,Voltage
0,0.0,0.000133514
1,0.0002,0.00158548
2,0.0004,0.00300407
3,0.0006,0.00437975
4,0.0008,0.00579119
5,0.001,0.00719547
