,Current,Voltage
0,0.0,0.000140667
1,0.0002,0.00252962
2,0.0004,0.00491142
3,0.0006,0.00721455
4,0.0008,0.00954151
5,0.001,0.0118709
