,Current,Voltage
0,0.0,0.00015974
1,0.0002,0.00243902
2,0.0004,0.00469208
3,0.0006,0.00688553
4,0.0008,0.00912428
5,0.001,0.0113702
