,Current,Voltage
0,0.0,0.000145435
1,0.0002,0.00182629
2,0.0004,0.003438
3,0.0006,0.00504971
4,0.0008,0.00666857
5,0.001,0.00827312
