,Current,Voltage
0,0.0,0.000138283
1,0.0002,0.00276089
2,0.0004,0.0053215
3,0.0006,0.00783443
4,0.0008,0.0103235
5,0.001,0.0125766
