,Current,Voltage
0,0.0,0.000135899
1,0.0002,0.00136375
2,0.0004,0.00254154
3,0.0006,0.00371695
4,0.0008,0.00488043
5,0.001,0.00605822
