,Current,Voltage
0,0.0,0.000138283
1,0.0002,0.00246525
2,0.0004,0.00471354
3,0.0006,0.00698805
4,0.0008,0.00925779
5,0.001,0.0114465
