,Current,Voltage
0,0.0,0.000143051
1,0.0002,0.00273228
2,0.0004,0.00531673
3,0.0006,0.00780821
4,0.0008,0.0103617
5,0.001,0.0128746
