,Current,Voltage
0,0.0,0.000135899
1,0.0002,0.00149965
2,0.0004,0.0028348
3,0.0006,0.00414848
4,0.0008,0.00545502
5,0.001,0.0067544
