,Current,Voltage
0,0.0,0.000185966
1,0.0002,0.00472307
2,0.0004,0.00922203
3,0.0006,0.0136757
4,0.0008,0.0181699
5,0.001,0.0226259
