,Current,Voltage
0,0.0,0.000154972
1,0.0002,0.00161648
2,0.0004,0.00305414
3,0.0006,0.00447989
4,0.0008,0.00589132
5,0.001,0.0073123
