,Current,Voltage
0,0.0,0.000114441
1,0.0002,0.00216961
2,0.0004,0.00419617
3,0.0006,0.00612497
4,0.0008,0.00814676
5,0.001,0.0101376
