,Current,Voltage
0,0.0,0.000145435
1,0.0002,0.00160694
2,0.0004,0.00300884
3,0.0006,0.00437737
4,0.0008,0.00578165
5,0.001,0.00717402
