,Current,Voltage
0,0.0,0.000114441
1,0.0002,0.00196695
2,0.0004,0.00373363
3,0.0006,0.00555038
4,0.0008,0.00731945
5,0.001,0.00911236
