,Current,Voltage
0,0.0,0.000169277
1,0.0002,0.00213623
2,0.0004,0.00402689
3,0.0006,0.00594378
4,0.0008,0.00785589
5,0.001,0.00975847
