,Current,Voltage
0,0.0,0.000140667
1,0.0002,0.00252008
2,0.0004,0.00477791
3,0.0006,0.00704765
4,0.0008,0.00937462
5,0.001,0.0116372
