,Current,Voltage
0,0.0,0.000283718
1,0.0002,0.00883818
2,0.0004,0.0174475
3,0.0006,0.0259733
4,0.0008,0.0345206
5,0.001,0.0430417
