,Current,Voltage
0,0.0,0.000123978
1,0.0002,0.00319004
2,0.0004,0.00618696
3,0.0006,0.00917673
4,0.0008,0.012145
5,0.001,0.0151134
