,Current,Voltage
0,0.0,0.000171661
1,0.0002,0.00209093
2,0.0004,0.00398636
3,0.0006,0.00583887
4,0.0008,0.00774145
5,0.001,0.00961065
