,Current,Voltage
0,0.0,0.000143051
1,0.0002,0.00205994
2,0.0004,0.00392914
3,0.0006,0.00575542
4,0.0008,0.00764847
5,0.001,0.00947237
