,Current,Voltage
0,0.0,0.000195503
1,0.0002,0.00315666
2,0.0004,0.00611782
3,0.0006,0.0090313
4,0.0008,0.01194
5,0.001,0.0148797
