,Current,Voltage
0,0.0,0.000114441
1,0.0002,0.00160933
2,0.0004,0.00308514
3,0.0006,0.00453711
4,0.0008,0.00597
5,0.001,0.00745058
