,Current,Voltage
0,0.0,0.000138283
1,0.0002,0.00189066
2,0.0004,0.00361681
3,0.0006,0.00531912
4,0.0008,0.00705957
5,0.001,0.00876427
