,Current,Voltage
0,0.0,9.29832e-05
1,0.0002,0.000882149
2,0.0004,0.00163794
3,0.0006,0.00237226
4,0.0008,0.00308752
5,0.001,0.00384331
