,Current,Voltage
0,0.0,9.29832e-05
1,0.0002,0.000779629
2,0.0004,0.00148058
3,0.0006,0.0021553
4,0.0008,0.00281572
5,0.001,0.00347614
