,Current,Voltage
0,0.0,0.000200272
1,0.0002,0.00473738
2,0.0004,0.0092864
3,0.0006,0.0137544
4,0.0008,0.0182581
5,0.001,0.0227404
