,Current,Voltage
0,0.0,0.000107288
1,0.0002,0.00151396
2,0.0004,0.00283718
3,0.0006,0.00415802
4,0.0008,0.00549078
5,0.001,0.00686646
