,Current,Voltage
0,0.0,0.000150204
1,0.0002,0.0031662
2,0.0004,0.0061512
3,0.0006,0.0090909
4,0.0008,0.0120711
5,0.001,0.0150347
