,Current,Voltage
0,0.0,9.29832e-05
1,0.0002,0.000784397
2,0.0004,0.00145912
3,0.0006,0.00211239
4,0.0008,0.00277281
5,0.001,0.00345469
