,Current,Voltage
0,0.0,0.00014782
1,0.0002,0.00312567
2,0.0004,0.00611067
3,0.0006,0.00898123
4,0.0008,0.0119162
5,0.001,0.014801
