,Current,Voltage
0,0.0,0.000100136
1,0.0002,0.00143766
2,0.0004,0.00270605
3,0.0006,0.00401735
4,0.0008,0.00529051
5,0.001,0.0065732
