,Current,Voltage
0,0.0,0.000121593
1,0.0002,0.000994205
2,0.0004,0.0019002
3,0.0006,0.00271082
4,0.0008,0.00353813
5,0.001,0.00440836
