,Current,Voltage
0,0.0,0.000138283
1,0.0002,0.00241756
2,0.0004,0.00466824
3,0.0006,0.00688314
4,0.0008,0.00914812
5,0.001,0.0113273
