,Current,Voltage
0,0.0,5.24521e-05
1,0.0002,0.000827312
2,0.0004,0.00154257
3,0.0006,0.0022006
4,0.0008,0.00293493
5,0.001,0.0035882
