,Current,Voltage
0,0.0,0.000109673
1,0.0002,0.00110626
2,0.0004,0.00210285
3,0.0006,0.0030899
4,0.0008,0.00408649
5,0.001,0.00505209
