,Current,Voltage
0,0.0,0.000107288
1,0.0002,0.000681877
2,0.0004,0.00122309
3,0.0006,0.00172138
4,0.0008,0.00228882
5,0.001,0.00277281
