,Current,Voltage
0,0.0,0.00010252
1,0.0002,0.0019002
2,0.0004,0.00367641
3,0.0006,0.00543356
4,0.0008,0.00718594
5,0.001,0.00892401
