,Current,Voltage
0,0.0,0.000138283
1,0.0002,0.00169516
2,0.0004,0.00320911
3,0.0006,0.0047636
4,0.0008,0.00628471
5,0.001,0.00776768
