,Current,Voltage
0,0.0,0.000104904
1,0.0002,0.00158787
2,0.0004,0.00303984
3,0.0006,0.00441313
4,0.0008,0.00584364
5,0.001,0.00729799
