,Current,Voltage
0,0.0,0.000138283
1,0.0002,0.00157595
2,0.0004,0.00299692
3,0.0006,0.00439644
4,0.0008,0.00579119
5,0.001,0.00719547
