,Current,Voltage
0,0.0,0.000236034
1,0.0002,0.00505924
2,0.0004,0.00987768
3,0.0006,0.0146794
4,0.0008,0.0194812
5,0.001,0.0242972
