,Current,Voltage
0,0.0,9.05991e-05
1,0.0002,0.00161171
2,0.0004,0.00309467
3,0.0006,0.00457048
4,0.0008,0.00607491
5,0.001,0.0075388
