,Current,Voltage
0,0.0,0.00017643
1,0.0002,0.00208616
2,0.0004,0.00401735
3,0.0006,0.00587225
4,0.0008,0.00779629
5,0.001,0.00967979
