,Current,Voltage
0,0.0,8.58307e-05
1,0.0002,0.000920296
2,0.0004,0.001688
3,0.0006,0.00246286
4,0.0008,0.0032711
5,0.001,0.0040102
