,Current,Voltage
0,0.0,0.000100136
1,0.0002,0.000898838
2,0.0004,0.0015974
3,0.0006,0.00229359
4,0.0008,0.00302076
5,0.001,0.00369549
