,Current,Voltage
0,0.0,7.15256e-05
1,0.0002,0.000927448
2,0.0004,0.00172853
3,0.0006,0.0025177
4,0.0008,0.00328779
5,0.001,0.00409842
