,Current,Voltage
0,0.0,0.000107288
1,0.0002,0.00143766
2,0.0004,0.00276327
3,0.0006,0.00402212
4,0.0008,0.00533342
5,0.001,0.00661612
