,Current,Voltage
0,0.0,5.00679e-05
1,0.0002,0.000810623
2,0.0004,0.0014925
3,0.0006,0.0021863
4,0.0008,0.00286341
5,0.001,0.00358582
