,Current,Voltage
0,0.0,0.000112057
1,0.0002,0.000860691
2,0.0004,0.00162363
3,0.0006,0.0023222
4,0.0008,0.00305653
5,0.001,0.00377417
