,Current,Voltage
0,0.0,0.000119209
1,0.0002,0.00136375
2,0.0004,0.00257969
3,0.0006,0.00374556
4,0.0008,0.00497341
5,0.001,0.00613689
