,Current,Voltage
0,0.0,0.000116825
1,0.0002,0.00177145
2,0.0004,0.00337601
3,0.0006,0.0049758
4,0.0008,0.00657082
5,0.001,0.0081706
