,Current,Voltage
0,0.0,0.000116825
1,0.0002,0.00104189
2,0.0004,0.00195742
3,0.0006,0.00286341
4,0.0008,0.00377417
5,0.001,0.00464916
