,Current,Voltage
0,0.0,9.05991e-05
1,0.0002,0.00132799
2,0.0004,0.00252724
3,0.0006,0.00366688
4,0.0008,0.00482082
5,0.001,0.00600815
