,Current,Voltage
0,0.0,0.000128746
1,0.0002,0.00248194
2,0.0004,0.00482321
3,0.0006,0.0071454
4,0.0008,0.00941992
5,0.001,0.0117207
