,Current,Voltage
0,0.0,0.000140667
1,0.0002,0.0014019
2,0.0004,0.00262976
3,0.0006,0.00379086
4,0.0008,0.00499964
5,0.001,0.00627279
