,Current,Voltage
0,0.0,0.000133514
1,0.0002,0.00401735
2,0.0004,0.00787973
3,0.0006,0.0116777
4,0.0008,0.0155306
5,0.001,0.0193262
