,Current,Voltage
0,0.0,8.82149e-05
1,0.0002,0.00132084
2,0.0004,0.00256538
3,0.0006,0.00374556
4,0.0008,0.00492573
5,0.001,0.00612974
