,Current,Voltage
0,0.0,0.000107288
1,0.0002,0.00175714
2,0.0004,0.00334978
3,0.0006,0.00492811
4,0.0008,0.00654459
5,0.001,0.00807524
