,Current,Voltage
0,0.0,0.00013113
1,0.0002,0.00130415
2,0.0004,0.0024581
3,0.0006,0.00360489
4,0.0008,0.004704
5,0.001,0.00584364
