,Current,Voltage
0,0.0,0.000157356
1,0.0002,0.00339985
2,0.0004,0.00659943
3,0.0006,0.00974417
4,0.0008,0.0129414
5,0.001,0.0161219
