,Current,Voltage
0,0.0,9.29832e-05
1,0.0002,0.000941753
2,0.0004,0.00178814
3,0.0006,0.0026083
4,0.0008,0.00336647
5,0.001,0.0041914
