,Current,Voltage
0,0.0,0.000116825
1,0.0002,0.00147581
2,0.0004,0.00276804
3,0.0006,0.0040555
4,0.0008,0.00536203
5,0.001,0.00661612
