,Current,Voltage
0,0.0,0.000116825
1,0.0002,0.0014019
2,0.0004,0.00263929
3,0.0006,0.00388384
4,0.0008,0.00509262
5,0.001,0.0063324
