,Current,Voltage
0,0.0,0.000140667
1,0.0002,0.000903606
2,0.0004,0.00163078
3,0.0006,0.00235081
4,0.0008,0.0030899
5,0.001,0.00378609
