,Current,Voltage
0,0.0,0.000100136
1,0.0002,0.00114202
2,0.0004,0.00213146
3,0.0006,0.00311375
4,0.0008,0.00411034
5,0.001,0.00507355
