,Current,Voltage
0,0.0,0.000123978
1,0.0002,0.000886917
2,0.0004,0.00161886
3,0.0006,0.00228882
4,0.0008,0.00302553
5,0.001,0.00368357
