,Current,Voltage
0,0.0,0.000109673
1,0.0002,0.00102758
2,0.0004,0.00192642
3,0.0006,0.00279188
4,0.0008,0.00370979
5,0.001,0.00457764
