,Current,Voltage
0,0.0,0.000157356
1,0.0002,0.00383377
2,0.0004,0.00747919
3,0.0006,0.0110388
4,0.0008,0.0146556
5,0.001,0.0182343
