,Current,Voltage
0,0.0,0.000100136
1,0.0002,0.000965595
2,0.0004,0.00173569
3,0.0006,0.00255823
4,0.0008,0.00333548
5,0.001,0.00411034
