,Current,Voltage
0,0.0,0.000162125
1,0.0002,0.00326872
2,0.0004,0.00627995
3,0.0006,0.00930309
4,0.0008,0.0123262
5,0.001,0.0153708
