,Current,Voltage
0,0.0,0.000114441
1,0.0002,0.000944138
2,0.0004,0.00176191
3,0.0006,0.002563
4,0.0008,0.00337839
5,0.001,0.00414371
