,Current,Voltage
0,0.0,0.000154972
1,0.0002,0.0019455
2,0.0004,0.0037241
3,0.0006,0.00547171
4,0.0008,0.007236
5,0.001,0.00903606
