,Current,Voltage
0,0.0,8.58307e-05
1,0.0002,0.00199556
2,0.0004,0.00383377
3,0.0006,0.00564814
4,0.0008,0.00747919
5,0.001,0.00928402
