,Current,Voltage
0,0.0,0.000185966
1,0.0002,0.00235558
2,0.0004,0.00451565
3,0.0006,0.00665188
4,0.0008,0.0088048
5,0.001,0.0109744
