,Current,Voltage
0,0.0,-0.341008
1,0.0002,0.641346
2,0.0004,1.14402
3,0.0006,10.0019
4,0.0008,10.0022
5,0.001,10.0019
