,Current,Voltage
0,0.0,0.000166893
1,0.0002,0.00223875
2,0.0004,0.00419617
3,0.0006,0.00620365
4,0.0008,0.00824213
5,0.001,0.0102305
