,Current,Voltage
0,0.0,0.000255108
1,0.0002,0.00659704
2,0.0004,0.0128412
3,0.0006,0.019052
4,0.0008,0.0253344
5,0.001,0.0315356
