,Current,Voltage
0,0.0,-1.10407
1,0.0002,0.126231
2,0.0004,0.253589
3,0.0006,0.341916
4,0.0008,10.0021
5,0.001,10.002
