,Current,Voltage
0,0.0,0.000162125
1,0.0002,0.0019598
2,0.0004,0.00370264
3,0.0006,0.0054431
4,0.0008,0.00721455
5,0.001,0.00897646
