,Current,Voltage
0,0.0,0.000193119
1,0.0002,0.00246525
2,0.0004,0.00477076
3,0.0006,0.00700951
4,0.0008,0.00929356
5,0.001,0.0115085
