,Current,Voltage
0,0.0,0.000197887
1,0.0002,0.00266075
2,0.0004,0.00512838
3,0.0006,0.0075078
4,0.0008,0.00998735
5,0.001,0.0123811
