,Current,Voltage
0,0.0,0.000121593
1,0.0002,0.00068903
2,0.0004,0.00112772
3,0.0006,0.00159979
4,0.0008,0.00208139
5,0.001,0.00254631
