,Current,Voltage
0,0.0,0.000112057
1,0.0002,0.00279427
2,0.0004,0.00544786
3,0.0006,0.00805855
4,0.0008,0.0106978
5,0.001,0.0133181
