,Current,Voltage
0,0.0,0.000145435
1,0.0002,0.00255823
2,0.0004,0.00490665
3,0.0006,0.007267
4,0.0008,0.00962496
5,0.001,0.0119567
