,Current,Voltage
0,0.0,0.000143051
1,0.0002,0.000813007
2,0.0004,0.00141859
3,0.0006,0.00204325
4,0.0008,0.00267982
5,0.001,0.00328779
