,Current,Voltage
0,0.0,0.000104904
1,0.0002,0.00112057
2,0.0004,0.00211954
3,0.0006,0.00312328
4,0.0008,0.00408888
5,0.001,0.00505924
