,Current,Voltage
0,0.0,-1.42976
1,0.0002,-1.12073
2,0.0004,-0.810752
3,0.0006,-0.386205
4,0.0008,-0.116973
5,0.001,0.147474
