,Current,Voltage
0,0.0,0.00246525
1,0.0002,0.0984716
2,0.0004,0.195611
3,0.0006,0.291872
4,0.0008,0.388184
5,0.001,0.487592
