,Current,Voltage
0,0.0,0.000841618
1,0.0002,0.0308013
2,0.0004,0.0609732
3,0.0006,0.0908566
4,0.0008,0.121033
5,0.001,0.150917
