,Current,Voltage
0,0.0,0.000154972
1,0.0002,0.0022316
2,0.0004,0.00425339
3,0.0006,0.00627995
4,0.0008,0.00829458
5,0.001,0.0102854
