,Current,Voltage
0,0.0,0.000379086
1,0.0002,0.0108624
2,0.0004,0.0213742
3,0.0006,0.031786
4,0.0008,0.0423098
5,0.001,0.0527143
