,Current,Voltage
0,0.0,-0.000503063
1,0.0002,0.0420737
2,0.0004,0.0847602
3,0.0006,0.126977
4,0.0008,0.169489
5,0.001,0.211504
