,Current,Voltage
0,0.0,-1.34627
1,0.0002,-1.09911
2,0.0004,-0.842826
3,0.0006,-0.574119
4,0.0008,-0.281453
5,0.001,0.0305104
