,Current,Voltage
0,0.0,0.000383854
1,0.0002,0.0103974
2,0.0004,0.0204444
3,0.0006,0.0303555
4,0.0008,0.0403619
5,0.001,0.0502872
