,Current,Voltage
0,0.0,0.000226498
1,0.0002,0.0077939
2,0.0004,0.0153732
3,0.0006,0.02285
4,0.0008,0.030427
5,0.001,0.0379062
