,Current,Voltage
0,0.0,0.00862837
1,0.0002,0.360405
2,0.0004,0.716987
3,0.0006,1.06642
4,0.0008,1.42946
5,0.001,10.0018
