,Current,Voltage
0,0.0,0.00315189
1,0.0002,0.130167
2,0.0004,0.258443
3,0.0006,0.385621
4,0.0008,0.513897
5,0.001,0.641015
