,Current,Voltage
0,0.0,0.0085187
1,0.0002,0.392625
2,0.0004,0.785162
3,0.0006,1.18359
4,0.0008,1.5976
5,0.001,2.132
