,Current,Voltage
0,0.0,0.000154972
1,0.0002,0.00106812
2,0.0004,0.00201464
3,0.0006,0.00287056
4,0.0008,0.00377178
5,0.001,0.00466585
