,Current,Voltage
0,0.0,-1.33558
1,0.0002,-1.09034
2,0.0004,-0.843346
3,0.0006,-0.598762
4,0.0008,-0.352988
5,0.001,-0.109479
