,Current,Voltage
0,0.0,0.000104904
1,0.0002,0.00113249
2,0.0004,0.00205278
3,0.0006,0.002985
4,0.0008,0.0039053
5,0.001,0.00482321
