,Current,Voltage
0,0.0,0.00626445
1,8e-10,0.0164447
2,1.6e-09,0.0266085
3,2.4e-09,0.0367761
4,3.2e-09,0.0469277
5,4e-09,0.0571015
