,Current,Voltage
0,0.0,0.0036993
1,8e-10,0.0101326
2,1.6e-09,0.0165739
3,2.4e-09,0.02301
4,3.2e-09,0.0294414
5,4e-09,0.0358782
