,Current,Voltage
0,0.0,-2.014
1,0.0002,-1.97115
2,0.0004,-1.92844
3,0.0006,-1.88613
4,0.0008,-1.84388
5,0.001,-1.80178
