,Current,Voltage
0,0.0,0.000329018
1,0.0002,0.00938892
2,0.0004,0.0184512
3,0.0006,0.0274539
4,0.0008,0.036552
5,0.001,0.045526
