,Current,Voltage
0,0.0,-1.92347
1,0.0002,-1.88984
2,0.0004,-1.85671
3,0.0006,-1.82343
4,0.0008,-1.79041
5,0.001,-1.75731
