,Current,Voltage
0,0.0,-1.71949
1,0.0002,-1.66081
2,0.0004,-1.61825
3,0.0006,-1.57602
4,0.0008,-1.53374
5,0.001,-1.49196
