,Current,Voltage
0,0.0,-1.90475
1,0.0002,-1.84797
2,0.0004,-1.80714
3,0.0006,-1.7666
4,0.0008,-1.72596
5,0.001,-1.68573
