,Current,Voltage
0,0.0,-1.41333
1,0.0002,-1.36285
2,0.0004,-1.31309
3,0.0006,-1.26395
4,0.0008,-1.21511
5,0.001,-1.16673
