,Current,Voltage
0,0.0,-1.41281
1,0.0002,-1.35989
2,0.0004,-1.30785
3,0.0006,-1.2563
4,0.0008,-1.20478
5,0.001,-1.15372
