,Current,Voltage
0,0.0,-1.92808
1,0.0002,-1.86611
2,0.0004,-1.80784
3,0.0006,-1.75115
4,0.0008,-1.69403
5,0.001,-1.63888
