,Current,Voltage
0,0.0,-1.3551
1,0.0002,-1.26934
2,0.0004,-1.17866
3,0.0006,-1.09212
4,0.0008,-1.00561
5,0.001,-0.919442
