,Current,Voltage
0,0.0,-1.39523
1,0.0002,-1.3312
2,0.0004,-1.28621
3,0.0006,-1.24144
4,0.0008,-1.1968
5,0.001,-1.15237
