,Current,Voltage
0,0.0,-1.38065
1,0.0002,-1.33601
2,0.0004,-1.29174
3,0.0006,-1.2479
4,0.0008,-1.20407
5,0.001,-1.16063
