,Current,Voltage
0,0.0,-0.532861
1,0.0002,-0.232885
2,0.0004,-0.0794864
3,0.0006,0.00708818
4,0.0008,0.0334096
5,0.001,0.013268
