,Current,Voltage
0,0.0,-1.99516
1,0.0002,-1.94083
2,0.0004,-1.90226
3,0.0006,-1.86386
4,0.0008,-1.82577
5,0.001,-1.78782
