,Current,Voltage
0,0.0,-1.43694
1,0.0002,-1.39093
2,0.0004,-1.34547
3,0.0006,-1.30074
4,0.0008,-1.25576
5,0.001,-1.21151
