,Current,Voltage
0,0.0,-1.33923
1,0.0002,-1.28026
2,0.0004,-1.23986
3,0.0006,-1.19991
4,0.0008,-1.16013
5,0.001,-1.12056
