,Current,Voltage
0,0.0,-1.85243
1,0.0002,-1.80345
2,0.0004,-1.75728
3,0.0006,-1.70923
4,0.0008,-1.66233
5,0.001,-1.61824
