,Current,Voltage
0,0.0,-1.35314
1,0.0002,-1.30337
2,0.0004,-1.25476
3,0.0006,-1.20731
4,0.0008,-1.16048
5,0.001,-1.11481
