,Current,Voltage
0,0.0,-1.4499
1,0.0002,-1.39653
2,0.0004,-1.34395
3,0.0006,-1.29192
4,0.0008,-1.24042
5,0.001,-1.18956
