,Current,Voltage
0,0.0,-1.36447
1,0.0002,-1.29529
2,0.0004,-1.22174
3,0.0006,-1.14297
4,0.0008,-1.06017
5,0.001,-0.960264
