,Current,Voltage
0,0.0,-1.38934
1,0.0002,-1.3322
2,0.0004,-1.27629
3,0.0006,-1.22194
4,0.0008,-1.16843
5,0.001,-1.11609
