,Current,Voltage
0,0.0,-1.34205
1,0.0002,-1.30477
2,0.0004,-1.26778
3,0.0006,-1.2313
4,0.0008,-1.19478
5,0.001,-1.15842
