,Current,Voltage
0,0.0,0.000166893
1,0.0002,0.00154734
2,0.0004,0.00282049
3,0.0006,0.00407457
4,0.0008,0.00538349
5,0.001,0.00668287
