,Current,Voltage
0,0.0,0.000188351
1,0.0002,0.00468254
2,0.0004,0.00914097
3,0.0006,0.0135565
4,0.0008,0.0179911
5,0.001,0.022409
