,Current,Voltage
0,0.0,-2.0315
1,0.0002,-1.98479
2,0.0004,-1.95328
3,0.0006,-1.92196
4,0.0008,-1.89082
5,0.001,-1.85969
