,Current,Voltage
0,0.0,-1.44258
1,0.0002,-1.39669
2,0.0004,-1.35149
3,0.0006,-1.30663
4,0.0008,-1.26202
5,0.001,-1.21774
