,Current,Voltage
0,0.0,-0.554662
1,0.0002,-0.184186
2,0.0004,-0.0459719
3,0.0006,0.0108314
4,0.0008,0.0345135
5,0.001,0.0446153
