,Current,Voltage
0,0.0,0.000214577
1,0.0002,0.00444412
2,0.0004,0.00864506
3,0.0006,0.0127888
4,0.0008,0.0169706
5,0.001,0.021131
