,Current,Voltage
0,0.0,0.000340939
1,0.0002,0.00970125
2,0.0004,0.019052
3,0.0006,0.0283766
4,0.0008,0.0376821
5,0.001,0.0469542
