,Current,Voltage
0,0.0,0.000107288
1,0.0002,0.00136137
2,0.0004,0.00257492
3,0.0006,0.0037384
4,0.0008,0.00495672
5,0.001,0.00611067
