,Current,Voltage
0,0.0,-2.02067
1,0.0002,-1.97875
2,0.0004,-1.93681
3,0.0006,-1.8953
4,0.0008,-1.85388
5,0.001,-1.81248
