,Current,Voltage
0,0.0,-1.84339
1,0.0002,-1.80481
2,0.0004,-1.76656
3,0.0006,-1.72858
4,0.0008,-1.69079
5,0.001,-1.6532
