,Current,Voltage
0,0.0,-1.77676
1,0.0002,-1.73031
2,0.0004,-1.67244
3,0.0006,-1.61381
4,0.0008,-1.55636
5,0.001,-1.50008
