,Current,Voltage
0,0.0,-1.34275
1,0.0002,-1.30341
2,0.0004,-1.26436
3,0.0006,-1.22579
4,0.0008,-1.18736
5,0.001,-1.14895
