,Current,Voltage
0,0.0,0.000269413
1,0.0002,0.00407934
2,0.0004,0.00789881
3,0.0006,0.0116658
4,0.0008,0.0154614
5,0.001,0.0192261
