,Current,Voltage
0,0.0,0.000202656
1,0.0002,0.00353098
2,0.0004,0.00688314
3,0.0006,0.0101709
4,0.0008,0.0134945
5,0.001,0.0168204
