,Current,Voltage
0,0.0,-2.0294
1,0.0002,-1.99088
2,0.0004,-1.95265
3,0.0006,-1.91468
4,0.0008,-1.87659
5,0.001,-1.839
