,Current,Voltage
0,0.0,-2.02533
1,0.0002,-1.992
2,0.0004,-1.95857
3,0.0006,-1.92552
4,0.0008,-1.89249
5,0.001,-1.85969
