,Current,Voltage
0,0.0,0.00437832
1,8e-10,0.0128458
2,1.6e-09,0.0213237
3,2.4e-09,0.0297902
4,3.2e-09,0.0382729
5,4e-09,0.0467374
