,Current,Voltage
0,0.0,0.00433302
1,8e-10,0.0122161
2,1.6e-09,0.0200751
3,2.4e-09,0.0279574
4,3.2e-09,0.0358129
5,4e-09,0.0436978
