,Current,Voltage
0,0.0,0.00537181
1,8e-10,0.0176747
2,1.6e-09,0.0299566
3,2.4e-09,0.0422816
4,3.2e-09,0.0545182
5,4e-09,0.0667903
