,Current,Voltage
0,0.0,0.000119209
1,0.0002,0.00273705
2,0.0004,0.00526428
3,0.0006,0.00780344
4,0.0008,0.010345
5,0.001,0.0128603
