,Current,Voltage
0,0.0,0.000126362
1,0.0002,0.00221014
2,0.0004,0.00426054
3,0.0006,0.00627279
4,0.0008,0.00832081
5,0.001,0.0103188
