,Current,Voltage
0,0.0,0.00013113
1,0.0002,0.00235558
2,0.0004,0.00456095
3,0.0006,0.00673294
4,0.0008,0.0089097
5,0.001,0.0110745
