,Current,Voltage
0,0.0,0.000169277
1,0.0002,0.0028801
2,0.0004,0.00558853
3,0.0006,0.00823021
4,0.0008,0.0109315
5,0.001,0.0135803
