,Current,Voltage
0,0.0,0.000133514
1,0.0002,0.00239849
2,0.0004,0.00466347
3,0.0006,0.00689268
4,0.0008,0.00916958
5,0.001,0.0113797
