,Current,Voltage
0,0.0,0.000135899
1,0.0002,0.00168085
2,0.0004,0.0031805
3,0.0006,0.00470161
4,0.0008,0.00620842
5,0.001,0.00771284
