,Current,Voltage
0,0.0,0.000114441
1,0.0002,0.0020051
2,0.0004,0.00380993
3,0.0006,0.00560522
4,0.0008,0.00743628
5,0.001,0.0092411
