,Current,Voltage
0,0.0,0.000123978
1,0.0002,0.00193357
2,0.0004,0.00363827
3,0.0006,0.00539541
4,0.0008,0.0070858
5,0.001,0.00879288
