,Current,Voltage
0,0.0,0.000121593
1,0.0002,0.00240803
2,0.0004,0.00461817
3,0.0006,0.00685692
4,0.0008,0.00911236
5,0.001,0.0112939
