,Current,Voltage
0,0.0,0.000138283
1,0.0002,0.00208378
2,0.0004,0.00401735
3,0.0006,0.00592947
4,0.0008,0.00790834
5,0.001,0.00977278
