,Current,Voltage
0,0.0,7.62939e-05
1,0.0002,0.00193357
2,0.0004,0.00375271
3,0.0006,0.0054884
4,0.0008,0.00724077
5,0.001,0.00905991
