,Current,Voltage
0,0.0,0.000109673
1,0.0002,0.00211239
2,0.0004,0.00407219
3,0.0006,0.00602961
4,0.0008,0.00799656
5,0.001,0.00995159
