,Current,Voltage
0,0.0,0.00015974
1,0.0002,0.00209332
2,0.0004,0.00407934
3,0.0006,0.00602722
4,0.0008,0.00796318
5,0.001,0.00994444
