,Current,Voltage
0,0.0,0.000112057
1,0.0002,0.00174999
2,0.0004,0.00334978
3,0.0006,0.00488758
4,0.0008,0.00643253
5,0.001,0.00798702
