,Current,Voltage
0,0.0,0.000133514
1,0.0002,0.00206232
2,0.0004,0.00392199
3,0.0006,0.00583649
4,0.0008,0.00769615
5,0.001,0.00957966
