,Current,Voltage
0,0.0,0.000121593
1,0.0002,0.00229359
2,0.0004,0.00445127
3,0.0006,0.00654221
4,0.0008,0.00865221
5,0.001,0.0107574
