,Current,Voltage
0,0.0,0.000157356
1,0.0002,0.00271082
2,0.0004,0.00519276
3,0.0006,0.00769138
4,0.0008,0.0101852
5,0.001,0.0126648
