,Current,Voltage
0,0.0,0.000135899
1,0.0002,0.00248432
2,0.0004,0.00482559
3,0.0006,0.0071454
4,0.0008,0.00947237
5,0.001,0.011785
