,Current,Voltage
0,0.0,0.000133514
1,0.0002,0.00234604
2,0.0004,0.00454187
3,0.0006,0.00671625
4,0.0008,0.0088644
5,0.001,0.0110006
