,Current,Voltage
0,0.0,0.000140667
1,0.0002,0.00205994
2,0.0004,0.00397682
3,0.0006,0.00585794
4,0.0008,0.00776768
5,0.001,0.00966072
