,Current,Voltage
0,0.0,0.000112057
1,0.0002,0.00238657
2,0.0004,0.00463486
3,0.0006,0.00689745
4,0.0008,0.00912189
5,0.001,0.0113153
