,Current,Voltage
0,0.0,0.000135899
1,0.0002,0.00256777
2,0.0004,0.00494003
3,0.0006,0.00730038
4,0.0008,0.00967741
5,0.001,0.0120044
