,Current,Voltage
0,0.0,0.00017643
1,0.0002,0.00311852
2,0.0004,0.00609875
3,0.0006,0.571408
4,0.0008,1.90177
5,0.001,3.41689
