,Current,Voltage
0,0.0,8.34465e-05
1,0.0002,0.00204325
2,0.0004,0.00393152
3,0.0006,0.00574589
4,0.0008,0.0076437
5,0.001,0.0095129
