,Current,Voltage
0,0.0,0.000183582
1,0.0002,0.0024128
2,0.0004,0.00465631
3,0.0006,0.00681639
4,0.0008,0.00907421
5,0.001,0.0112295
