,Current,Voltage
0,0.0,0.000133514
1,0.0002,0.00224113
2,0.0004,0.0042963
3,0.0006,0.00633478
4,0.0008,0.00839949
5,0.001,0.010426
