,Current,Voltage
0,0.0,8.58307e-05
1,0.0002,0.00256538
2,0.0004,0.0049305
3,0.0006,0.0073123
4,0.0008,0.00971556
5,0.001,0.0120902
