,Current,Voltage
0,0.0,0.000138283
1,0.0002,0.00236273
2,0.0004,0.00450373
3,0.0006,0.00664711
4,0.0008,0.00878334
5,0.001,0.0109196
