,Current,Voltage
0,0.0,0.000143051
1,0.0002,0.00198841
2,0.0004,0.00382185
3,0.0006,0.00562906
4,0.0008,0.00743866
5,0.001,0.0092864
