,Current,Voltage
0,0.0,0.000138283
1,0.0002,0.00285625
2,0.0004,0.00546455
3,0.0006,0.008111
4,0.0008,0.0106955
5,0.001,0.0133204
