,Current,Voltage
0,0.0,0.000185966
1,0.0002,0.00207663
2,0.0004,0.00394821
3,0.0006,0.00582695
4,0.0008,0.00770807
5,0.001,0.00956535
