,Current,Voltage
0,0.0,0.000157356
1,0.0002,0.00241518
2,0.0004,0.00458717
3,0.0006,0.00679731
4,0.0008,0.008986
5,0.001,0.0111604
