,Current,Voltage
0,0.0,0.000171661
1,0.0002,0.00368357
2,0.0004,0.00709295
3,0.0006,0.0105453
4,0.0008,0.0139761
5,0.001,0.0173974
