,Current,Voltage
0,0.0,0.000123978
1,0.0002,0.0023675
2,0.0004,0.00452757
3,0.0006,0.00669241
4,0.0008,0.00889301
5,0.001,0.0110579
