,Current,Voltage
0,0.0,0.000154972
1,0.0002,0.0017643
2,0.0004,0.00336647
3,0.0006,0.00494719
4,0.0008,0.00654936
5,0.001,0.00810385
