,Current,Voltage
0,0.0,0.000112057
1,0.0002,0.00231028
2,0.0004,0.00444174
3,0.0006,0.00656605
4,0.0008,0.00873089
5,0.001,0.0108314
