,Current,Voltage
0,0.0,0.000121593
1,0.0002,0.0025034
2,0.0004,0.0047493
3,0.0006,0.00704765
4,0.0008,0.00934839
5,0.001,0.0116205
