,Current,Voltage
0,0.0,0.00014782
1,0.0002,0.00219107
2,0.0004,0.00424862
3,0.0006,0.00628948
4,0.0008,0.00831842
5,0.001,0.0103545
