,Current,Voltage
0,0.0,0.000169277
1,0.0002,0.00304222
2,0.0004,0.00591516
3,0.0006,0.00873566
4,0.0008,0.0115967
5,0.001,0.0144124
