,Current,Voltage
0,0.0,0.000190735
1,0.0002,0.00237703
2,0.0004,0.00459909
3,0.0006,0.0067544
4,0.0008,0.00893831
5,0.001,0.0110865
