,Current,Voltage
0,0.0,0.000169277
1,0.0002,0.00250816
2,0.0004,0.00481129
3,0.0006,0.00710011
4,0.0008,0.00938416
5,0.001,0.011673
