,Current,Voltage
0,0.0,0.000126362
1,0.0002,0.0017333
2,0.0004,0.00326633
3,0.0006,0.00481606
4,0.0008,0.00633955
5,0.001,0.00789404
