,Current,Voltage
0,0.0,0.00013113
1,0.0002,0.00227928
2,0.0004,0.00440121
3,0.0006,0.0065279
4,0.0008,0.0086689
5,0.001,0.0107193
