,Current,Voltage
0,0.0,0.000169277
1,0.0002,0.00247717
2,0.0004,0.00480652
3,0.0006,0.00707388
4,0.0008,0.00936031
5,0.001,0.0116611
