,Current,Voltage
0,0.0,0.00015974
1,0.0002,0.00242233
2,0.0004,0.00468731
3,0.0006,0.00689268
4,0.0008,0.00913858
5,0.001,0.0113297
