,Current,Voltage
0,0.0,0.000114441
1,0.0002,0.00166893
2,0.0004,0.00316381
3,0.0006,0.00465393
4,0.0008,0.00614643
5,0.001,0.00763893
