,Current,Voltage
0,0.0,0.000121593
1,0.0002,0.00191689
2,0.0004,0.00366449
3,0.0006,0.00538588
4,0.0008,0.00712633
5,0.001,0.00885963
