,Current,Voltage
0,0.0,0.000140667
1,0.0002,0.00264168
2,0.0004,0.00506878
3,0.0006,0.00742674
4,0.0008,0.00984669
5,0.001,0.0122619
