,Current,Voltage
0,0.0,0.000181198
1,0.0002,0.00179291
2,0.0004,0.00344038
3,0.0006,0.00503302
4,0.0008,0.00662088
5,0.001,0.00819445
