,Current,Voltage
0,0.0,0.000185966
1,0.0002,0.00240803
2,0.0004,0.00466824
3,0.0006,0.00684977
4,0.0008,0.00908613
5,0.001,0.0112653
