,Current,Voltage
0,0.0,0.000128746
1,0.0002,0.00241756
2,0.0004,0.00463009
3,0.0006,0.00682592
4,0.0008,0.00905991
5,0.001,0.0112629
