,Current,Voltage
0,0.0,0.000104904
1,0.0002,0.00174999
2,0.0004,0.00333786
3,0.0006,0.00494242
4,0.0008,0.00654221
5,0.001,0.00814199
