,Current,Voltage
0,0.0,0.00010252
1,0.0002,0.00187159
2,0.0004,0.00358582
3,0.0006,0.00526667
4,0.0008,0.0070262
5,0.001,0.00873089
