,Current,Voltage
0,0.0,0.000133514
1,0.0002,0.00242472
2,0.0004,0.00459909
3,0.0006,0.00677824
4,0.0008,0.00897884
5,0.001,0.0111437
