,Current,Voltage
0,0.0,0.000114441
1,0.0002,0.00237703
2,0.0004,0.00456333
3,0.0006,0.00674486
4,0.0008,0.00894308
5,0.001,0.0111341
