,Current,Voltage
0,0.0,0.000107288
1,0.0002,0.00217438
2,0.0004,0.00417709
3,0.0006,0.00619173
4,0.0008,0.0082469
5,0.001,0.0102377
