,Current,Voltage
0,0.0,0.000185966
1,0.0002,0.00254393
2,0.0004,0.00485659
3,0.0006,0.00718355
4,0.0008,0.00952244
5,0.001,0.0118494
