,Current,Voltage
0,0.0,0.0231335
1,8e-10,0.0425668
2,1.6e-09,0.0616357
3,2.4e-09,0.0807467
4,3.2e-09,0.0998118
5,4e-09,0.118828
