,Current,Voltage
0,0.0,0.000200272
1,0.0002,0.00312805
2,0.0004,0.00605106
3,0.0006,0.00891685
4,0.0008,0.0118446
5,0.001,0.0146794
