,Current,Voltage
0,0.0,0.000114441
1,0.0002,0.00284195
2,0.0004,0.00553846
3,0.0006,0.00819445
4,0.0008,0.0108838
5,0.001,0.0135565
