,Current,Voltage
0,0.0,0.000154972
1,0.0002,0.00327826
2,0.0004,0.00634909
3,0.0006,0.00938416
4,0.0008,0.0124502
5,0.001,0.015471
