,Current,Voltage
0,0.0,0.000412464
1,0.0002,0.0156212
2,0.0004,0.0308967
3,0.0006,0.046072
4,0.0008,0.0613379
5,0.001,0.0764847
