,Current,Voltage
0,0.0,0.000138283
1,0.0002,0.00408411
2,0.0004,0.00798225
3,0.0006,0.0118184
4,0.0008,0.0157261
5,0.001,0.0196028
