,Current,Voltage
0,0.0,0.00017643
1,0.0002,0.00377417
2,0.0004,0.00735044
3,0.0006,0.0109386
4,0.0008,0.0145483
5,0.001,0.0181031
