,Current,Voltage
0,0.0,0.00025034
1,0.0002,0.00572443
2,0.0004,0.0111938
3,0.0006,0.0166631
4,0.0008,0.0221539
5,0.001,0.0275946
