,Current,Voltage
0,0.0,0.000207424
1,0.0002,0.00515461
2,0.0004,0.0100994
3,0.0006,0.0149345
4,0.0008,0.0198412
5,0.001,0.0247431
