,Current,Voltage
0,0.0,0.000178814
1,0.0002,0.00374079
2,0.0004,0.00721931
3,0.0006,0.0107098
4,0.0008,0.0141907
5,0.001,0.0176358
