,Current,Voltage
0,0.0,0.000178814
1,0.0002,0.00420809
2,0.0004,0.00822783
3,0.0006,0.0122094
4,0.0008,0.0161839
5,0.001,0.0201941
