,Current,Voltage
0,0.0,0.000140667
1,0.0002,0.00348091
2,0.0004,0.00675201
3,0.0006,0.0100374
4,0.0008,0.0132966
5,0.001,0.01652
