,Current,Voltage
0,0.0,0.000135899
1,0.0002,0.00416756
2,0.0004,0.00814199
3,0.0006,0.0120258
4,0.0008,0.0159812
5,0.001,0.0199318
