,Current,Voltage
0,0.0,0.000157356
1,0.0002,0.00384808
2,0.0004,0.00753641
3,0.0006,0.0112009
4,0.0008,0.0148582
5,0.001,0.0185037
