,Current,Voltage
0,0.0,0.00013113
1,0.0002,0.00298977
2,0.0004,0.0057745
3,0.0006,0.00856161
4,0.0008,0.0113559
5,0.001,0.0141478
