,Current,Voltage
0,0.0,0.000157356
1,0.0002,0.00417948
2,0.0004,0.00818968
3,0.0006,0.012145
4,0.0008,0.0161409
5,0.001,0.0200915
