,Current,Voltage
0,0.0,0.000360012
1,0.0002,0.0134254
2,0.0004,0.0265145
3,0.0006,0.0395131
4,0.0008,0.052588
5,0.001,0.0656128
