,Current,Voltage
0,0.0,0.000188351
1,0.0002,0.00388861
2,0.0004,0.00757217
3,0.0006,0.0112057
4,0.0008,0.0149012
5,0.001,0.0185871
