,Current,Voltage
0,0.0,0.000128746
1,0.0002,0.00410795
2,0.0004,0.00809431
3,0.0006,0.0119972
4,0.0008,0.0159574
5,0.001,0.0198722
