,Current,Voltage
0,0.0,0.000169277
1,0.0002,0.00433207
2,0.0004,0.00842333
3,0.0006,0.0124836
4,0.0008,0.016644
5,0.001,0.0206852
