,Current,Voltage
0,0.0,0.000183582
1,0.0002,0.00529528
2,0.0004,0.0103736
3,0.0006,0.0154352
4,0.0008,0.0205421
5,0.001,0.0255823
