,Current,Voltage
0,0.0,0.000143051
1,0.0002,0.00346422
2,0.0004,0.00680447
3,0.0006,0.0100541
4,0.0008,0.0133777
5,0.001,0.0166345
