,Current,Voltage
0,0.0,0.000190735
1,0.0002,0.0042963
2,0.0004,0.00836611
3,0.0006,0.0123787
4,0.0008,0.0164628
5,0.001,0.020504
