,Current,Voltage
0,0.0,0.000195503
1,0.0002,0.00361443
2,0.0004,0.00702858
3,0.0006,0.0104237
4,0.0008,0.0138068
5,0.001,0.0172138
