,Current,Voltage
0,0.0,0.000145435
1,0.0002,0.0041914
2,0.0004,0.00820637
3,0.0006,0.0121927
4,0.0008,0.0161815
5,0.001,0.020175
