,Current,Voltage
0,0.0,0.000138283
1,0.0002,0.00366688
2,0.0004,0.00707388
3,0.0006,0.0105214
4,0.0008,0.0139713
5,0.001,0.0174069
