,Current,Voltage
0,0.0,0.000193119
1,0.0002,0.00413418
2,0.0004,0.00810862
3,0.0006,0.0119877
4,0.0008,0.0159407
5,0.001,0.0198507
