,Current,Voltage
0,0.0,0.000188351
1,0.0002,0.00435829
2,0.0004,0.00854492
3,0.0006,0.0126553
4,0.0008,0.016849
5,0.001,0.0209546
