,Current,Voltage
0,0.0,0.000188351
1,0.0002,0.00522852
2,0.0004,0.0102353
3,0.0006,0.0152063
4,0.0008,0.0201893
5,0.001,0.0251913
