,Current,Voltage
0,0.0,0.000145435
1,0.0002,0.00300646
2,0.0004,0.00585079
3,0.0006,0.00864506
4,0.0008,0.0114632
5,0.001,0.0142741
