,Current,Voltage
0,0.0,0.000209808
1,0.0002,0.0057435
2,0.0004,0.0112867
3,0.0006,0.0167274
4,0.0008,0.022254
5,0.001,0.0277233
