,Current,Voltage
0,0.0,0.000238419
1,0.0002,0.00490665
2,0.0004,0.0095439
3,0.0006,0.0141692
4,0.0008,0.0187826
5,0.001,0.0233984
