,Current,Voltage
0,0.0,0.000154972
1,0.0002,0.00439644
2,0.0004,0.00859022
3,0.0006,0.0127792
4,0.0008,0.0169778
5,0.001,0.0211453
