,Current,Voltage
0,0.0,0.00017643
1,0.0002,0.00422001
2,0.0004,0.00825167
3,0.0006,0.0122476
4,0.0008,0.0162435
5,0.001,0.0202465
