,Current,Voltage
0,0.0,0.000138283
1,0.0002,0.0036788
2,0.0004,0.00716448
3,0.0006,0.0106525
4,0.0008,0.0141311
5,0.001,0.0176024
