,Current,Voltage
0,0.0,0.000329018
1,0.0002,0.00963211
2,0.0004,0.0190115
3,0.0006,0.0282836
4,0.0008,0.0376105
5,0.001,0.0468993
