,Current,Voltage
0,0.0,0.000181198
1,0.0002,0.00463486
2,0.0004,0.00902891
3,0.0006,0.0134349
4,0.0008,0.0178504
5,0.001,0.0222397
