,Current,Voltage
0,0.0,0.000231266
1,0.0002,0.00455379
2,0.0004,0.00888824
3,0.0006,0.0130987
4,0.0008,0.017426
5,0.001,0.0216842
