,Current,Voltage
0,0.0,0.000178814
1,0.0002,0.00433207
2,0.0004,0.00850201
3,0.0006,0.012598
4,0.0008,0.0167274
5,0.001,0.0208497
