,Current,Voltage
0,0.0,0.000126362
1,0.0002,0.00290394
2,0.0004,0.00565052
3,0.0006,0.00834227
4,0.0008,0.0111079
5,0.001,0.0138187
