,Current,Voltage
0,0.0,0.000112057
1,0.0002,0.00239134
2,0.0004,0.00458002
3,0.0006,0.00678778
4,0.0008,0.00899792
5,0.001,0.0112104
