,Current,Voltage
0,0.0,0.0016737
1,0.0002,3.75868
2,0.0004,9.20301
3,0.0006,10.0019
4,0.0008,10.0019
5,0.001,10.0019
