,Current,Voltage
0,0.0,0.00015974
1,0.0002,0.00359297
2,0.0004,0.00696182
3,0.0006,0.0102878
4,0.0008,0.0136757
5,0.001,0.0170183
