,Current,Voltage
0,0.0,0.000169277
1,0.0002,0.00450611
2,0.0004,0.00880241
3,0.0006,0.0131035
4,0.0008,0.0173831
5,0.001,0.0216913
