,Current,Voltage
0,0.0,0.000150204
1,0.0002,0.00399351
2,0.0004,0.0077939
3,0.0006,0.0115752
4,0.0008,0.0153661
5,0.001,0.0191355
