,Current,Voltage
0,0.0,0.000154972
1,0.0002,0.00442505
2,0.0004,0.00870705
3,0.0006,0.0129652
4,0.0008,0.0171995
5,0.001,0.0214148
