,Current,Voltage
0,0.0,0.00013113
1,0.0002,0.00344038
2,0.0004,0.00671625
3,0.0006,0.00992775
4,0.0008,0.0131822
5,0.001,0.0164533
