,Current,Voltage
0,0.0,0.000143051
1,0.0002,0.00372648
2,0.0004,0.00728369
3,0.0006,0.0107574
4,0.0008,0.0143099
5,0.001,0.0178742
