,Current,Voltage
0,0.0,0.000214577
1,0.0002,0.00349045
2,0.0004,0.00678301
3,0.0006,0.010078
4,0.0008,0.0133324
5,0.001,0.0165939
