,Current,Voltage
0,0.0,0.00014782
1,0.0002,0.00421286
2,0.0004,0.00817537
3,0.0006,0.0121379
4,0.0008,0.0161695
5,0.001,0.0201082
