,Current,Voltage
0,0.0,0.000214577
1,0.0002,0.00401974
2,0.0004,0.00782728
3,0.0006,0.0115395
4,0.0008,0.0153208
5,0.001,0.019033
