,Current,Voltage
0,0.0,0.00017643
1,0.0002,0.00356913
2,0.0004,0.00698566
3,0.0006,0.0102854
4,0.0008,0.0136685
5,0.001,0.0170469
