,Current,Voltage
0,0.0,0.000164509
1,0.0002,0.00389338
2,0.0004,0.00760317
3,0.0006,0.0112629
4,0.0008,0.0149703
5,0.001,0.0186467
