,Current,Voltage
0,0.0,0.000152588
1,0.0002,0.00353813
2,0.0004,0.0068903
3,0.0006,0.0102758
4,0.0008,0.0136018
5,0.001,0.0169444
