,Current,Voltage
0,0.0,0.000195503
1,0.0002,0.00407219
2,0.0004,0.00794649
3,0.0006,0.0117373
4,0.0008,0.0156045
5,0.001,0.019412
