,Current,Voltage
0,0.0,0.000252724
1,0.0002,0.00586033
2,0.0004,0.0114393
3,0.0006,0.0169611
4,0.0008,0.0225806
5,0.001,0.0280571
