,Current,Voltage
0,0.0,0.000200272
1,0.0002,0.00443459
2,0.0004,0.00865459
3,0.0006,0.0128317
4,0.0008,0.0171137
5,0.001,0.0212789
