,Current,Voltage
0,0.0,0.000193119
1,0.0002,0.00334501
2,0.0004,0.00647545
3,0.0006,0.00959873
4,0.0008,0.0127554
5,0.001,0.0158572
