,Current,Voltage
0,0.0,0.00171661
1,0.0002,4.1925
2,0.0004,9.95746
3,0.0006,10.0019
4,0.0008,10.0018
5,0.001,10.0019
