,Current,Voltage
0,0.0,0.000178814
1,0.0002,0.00483513
2,0.0004,0.00945091
3,0.0006,0.0140572
4,0.0008,0.0187135
5,0.001,0.023315
