,Current,Voltage
0,0.0,0.000140667
1,0.0002,0.00436306
2,0.0004,0.00859499
3,0.0006,0.0127864
4,0.0008,0.0170135
5,0.001,0.0212002
