,Current,Voltage
0,0.0,0.000183582
1,0.0002,0.00594854
2,0.0004,0.0116086
3,0.0006,0.017314
4,0.0008,0.0230241
5,0.001,0.0286937
