,Current,Voltage
0,0.0,0.000178814
1,0.0002,0.00609636
2,0.0004,0.0119758
3,0.0006,0.0177956
4,0.0008,0.0237155
5,0.001,0.0295448
