,Current,Voltage
0,0.0,0.000202656
1,0.0002,0.00567198
2,0.0004,0.0111794
3,0.0006,0.0166106
4,0.0008,0.0221157
5,0.001,0.0276089
