,Current,Voltage
0,0.0,0.00020504
1,0.0002,0.00581264
2,0.0004,0.0113797
3,0.0006,0.0169396
4,0.0008,0.0225043
5,0.001,0.0280142
