,Current,Voltage
0,0.0,0.000312328
1,0.0002,0.00884295
2,0.0004,0.0173354
3,0.0006,0.0257993
4,0.0008,0.0343227
5,0.001,0.0427699
