,Current,Voltage
0,0.0,0.000312328
1,0.0002,0.00926971
2,0.0004,0.0181389
3,0.0006,0.0268531
4,0.0008,10.0021
5,0.001,10.0021
