,Current,Voltage
0,0.0,0.000171661
1,0.0002,0.005548
2,0.0004,0.0109076
3,0.0006,0.0162172
4,0.0008,0.0215626
5,0.001,0.0268698
