,Current,Voltage
0,0.0,0.00023365
1,0.0002,0.00468254
2,0.0004,0.00911236
3,0.0006,0.0135326
4,0.0008,0.0179863
5,0.001,0.0224376
