,Current,Voltage
0,0.0,7.86781e-05
1,0.0002,0.00328302
2,0.0004,0.00639439
3,0.0006,0.00952005
4,0.0008,0.0126386
5,0.001,0.0157547
