,Current,Voltage
0,0.0,0.000126362
1,0.0002,0.00397921
2,0.0004,0.00771761
3,0.0006,0.0114679
4,0.0008,0.0152588
5,0.001,0.0190163
