,Current,Voltage
0,0.0,0.000352859
1,0.0002,0.0123739
2,0.0004,0.0244808
3,0.0006,0.036459
4,0.0008,0.0485206
5,0.001,0.0604653
