,Current,Voltage
0,0.0,0.000174046
1,0.0002,0.00435352
2,0.0004,0.00854492
3,0.0006,0.0127244
4,0.0008,0.0168514
5,0.001,0.0209928
