,Current,Voltage
0,0.0,0.000157356
1,0.0002,0.00355959
2,0.0004,0.00695229
3,0.0006,0.0102949
4,0.0008,0.0136733
5,0.001,0.0170159
