,Current,Voltage
0,0.0,0.000119209
1,0.0002,0.00366688
2,0.0004,0.00709295
3,0.0006,0.010519
4,0.0008,0.0140166
5,0.001,0.0174499
