,Current,Voltage
0,0.0,0.000154972
1,0.0002,0.00518084
2,0.0004,0.0101829
3,0.0006,0.0151587
4,0.0008,0.0201678
5,0.001,0.0251055
