,Current,Voltage
0,0.0,0.00215769
1,0.0002,0.0861001
2,0.0004,0.170834
3,0.0006,0.254855
4,0.0008,0.339584
5,0.001,0.423529
