,Current,Voltage
0,0.0,0.000164509
1,0.0002,0.00546455
2,0.0004,0.0107336
3,0.0006,0.0159502
4,0.0008,0.0212312
5,0.001,0.0263882
