,Current,Voltage
0,0.0,0.000162125
1,0.0002,0.00365257
2,0.0004,0.00715971
3,0.0006,0.0105953
4,0.0008,0.0140619
5,0.001,0.0174546
