,Current,Voltage
0,0.0,0.000164509
1,0.0002,0.00320196
2,0.0004,0.0062561
3,0.0006,0.0092411
4,0.0008,0.0122404
5,0.001,0.0152349
