,Current,Voltage
0,0.0,0.38547
1,0.0002,1.51836
2,0.0004,3.64866
3,0.0006,6.92555
4,0.0008,10.0021
5,0.001,10.002
