,Current,Voltage
0,0.0,0.000169277
1,0.0002,0.00461578
2,0.0004,0.0090003
3,0.0006,0.0133204
4,0.0008,0.0176787
5,0.001,0.0220585
