,Current,Voltage
0,0.0,0.000190735
1,0.0002,0.00584841
2,0.0004,0.0114584
3,0.0006,0.0169992
4,0.0008,0.0226355
5,0.001,0.0282335
