,Current,Voltage
0,0.0,0.000171661
1,0.0002,0.00536203
2,0.0004,0.0105143
3,0.0006,0.0156736
4,0.0008,0.0207973
5,0.001,0.0259089
