,Current,Voltage
0,0.0,0.000696182
1,0.0002,0.0261927
2,0.0004,0.0518537
3,0.0006,0.0770497
4,0.0008,0.102618
5,0.001,0.127983
