,Current,Voltage
0,0.0,0.000143051
1,0.0002,0.00383377
2,0.0004,0.00741482
3,0.0006,0.0110126
4,0.0008,0.0146365
5,0.001,0.0182176
