,Current,Voltage
0,0.0,0.000162125
1,0.0002,0.00531435
2,0.0004,0.0104785
3,0.0006,0.015533
4,0.0008,0.0206661
5,0.001,0.0257373
