,Current,Voltage
0,0.0,0.000565052
1,0.0002,0.0212979
2,0.0004,0.0422001
3,0.0006,0.062871
4,0.0008,0.0837255
5,0.001,0.104415
