,Current,Voltage
0,0.0,0.000190735
1,0.0002,0.00470877
2,0.0004,0.00912666
3,0.0006,0.0135255
4,0.0008,0.0179768
5,0.001,0.0223851
