,Current,Voltage
0,0.0,0.000143051
1,0.0002,0.0038147
2,0.0004,0.00742197
3,0.0006,0.0110412
4,0.0008,0.0146055
5,0.001,0.0181937
