,Current,Voltage
0,0.0,0.000166893
1,0.0002,0.00395298
2,0.0004,0.00772953
3,0.0006,0.0114608
4,0.0008,0.0152445
5,0.001,0.018959
