,Current,Voltage
0,0.0,0.000314713
1,0.0002,0.0107312
2,0.0004,0.0211763
3,0.0006,0.0314999
4,0.0008,0.0419474
5,0.001,0.0522399
