,Current,Voltage
0,0.0,0.00772238
1,0.0002,0.0935245
2,0.0004,0.15471
3,0.0006,0.200555
4,0.0008,0.24076
5,0.001,0.277047
