,Current,Voltage
0,0.0,0.000224113
1,0.0002,0.00415802
2,0.0004,0.00809431
3,0.0006,0.0119758
4,0.0008,0.0158739
5,0.001,0.0197387
