,Current,Voltage
0,0.0,0.000157356
1,0.0002,0.00375509
2,0.0004,0.00731468
3,0.0006,0.0108361
4,0.0008,0.0144172
5,0.001,0.0179195
