,Current,Voltage
0,0.0,-2.43712
1,0.0002,-2.11467
2,0.0004,-1.84487
3,0.0006,-1.58443
4,0.0008,-1.33035
5,0.001,-1.08433
