,Current,Voltage
0,0.0,0.000348091
1,0.0002,0.00873089
2,0.0004,0.0171494
3,0.0006,0.0254822
4,0.0008,0.0339031
5,0.001,0.0422359
