,Current,Voltage
0,0.0,0.00749445
1,8e-10,0.0226645
2,1.6e-09,0.0377812
3,2.4e-09,0.0529065
4,3.2e-09,0.0680695
5,4e-09,0.0831811
