,Current,Voltage
0,0.0,-0.0498006
1,8e-10,0.574484
2,1.6e-09,0.914537
3,2.4e-09,1.20178
4,3.2e-09,1.43074
5,4e-09,1.71878
