,Current,Voltage
0,0.0,0.000369549
1,0.0002,0.0117755
2,0.0004,0.0232339
3,0.0006,0.0345969
4,0.0008,0.0460505
5,0.001,0.0573778
