,Current,Voltage
0,0.0,0.000360012
1,0.0002,0.0111651
2,0.0004,0.0219941
3,0.0006,0.0327182
4,0.0008,0.0435495
5,0.001,0.0542641
