,Current,Voltage
0,0.0,0.000822544
1,0.0002,0.0297332
2,0.0004,0.058856
3,0.0006,1.13586
4,0.0008,2.68935
5,0.001,4.34589
