,Current,Voltage
0,0.0,0.000300407
1,0.0002,0.00808239
2,0.0004,0.0158763
3,0.0006,0.0236344
4,0.0008,0.0314331
5,0.001,0.039196
