,Current,Voltage
0,0.0,0.000154972
1,0.0002,0.001297
2,0.0004,0.00242949
3,0.0006,0.00355005
4,0.0008,0.00467539
5,0.001,0.0203133
