,Current,Voltage
0,0.0,-1.51672
1,0.0002,-1.45655
2,0.0004,-1.38531
3,0.0006,-1.31483
4,0.0008,-1.24425
5,0.001,-1.17463
