,Current,Voltage
0,0.0,0.000391006
1,0.0002,0.0137234
2,0.0004,0.0271153
3,0.0006,0.0403666
4,0.0008,0.0537491
5,0.001,0.0670171
