,Current,Voltage
0,0.0,0.000398159
1,0.0002,0.0125837
2,0.0004,0.0247335
3,0.0006,0.0368381
4,0.0008,0.0490332
5,0.001,0.0611115
