,Current,Voltage
0,0.0,0.000369549
1,0.0002,0.0110078
2,0.0004,0.0217152
3,0.0006,0.0322914
4,0.0008,0.0429821
5,0.001,0.0536156
