,Current,Voltage
0,0.0,0.000369549
1,0.0002,0.0103474
2,0.0004,0.0203633
3,0.0006,0.0302887
4,0.0008,0.0403094
5,0.001,0.0501823
