,Current,Voltage
0,0.0,0.000302792
1,0.0002,0.00878811
2,0.0004,0.0172377
3,0.0006,0.0256968
4,0.0008,0.0341558
5,0.001,0.0453424
