,Current,Voltage
0,0.0,-0.758069
1,0.0002,-0.679643
2,0.0004,-0.597422
3,0.0006,-0.518246
4,0.0008,-0.440407
5,0.001,-0.363996
