,Current,Voltage
0,0.0,0.000309944
1,0.0002,0.0108862
2,0.0004,0.021503
3,0.0006,0.0319886
4,0.0008,0.0425887
5,0.001,0.053041
