,Current,Voltage
0,0.0,0.000314713
1,0.0002,0.00989437
2,0.0004,0.0194836
3,0.0006,0.0290227
4,0.0008,0.0386262
5,0.001,0.0480962
