,Current,Voltage
0,0.0,0.000171661
1,0.0002,0.00236511
2,0.0004,0.00454187
3,0.0006,0.00665665
4,0.0008,0.00879765
5,0.001,0.0112987
