,Current,Voltage
0,0.0,0.000317097
1,0.0002,0.00962734
2,0.0004,0.0189328
3,0.0006,0.0281882
4,0.0008,0.0374889
5,0.001,0.0467467
