,Current,Voltage
0,0.0,0.000436306
1,0.0002,0.0130749
2,0.0004,0.0258279
3,0.0006,0.0384545
4,0.0008,0.0512028
5,0.001,0.0638223
