,Current,Voltage
0,0.0,0.000462532
1,0.0002,0.0149679
2,0.0004,0.0295782
3,0.0006,0.0440335
4,0.0008,0.0586414
5,0.001,0.0730944
