,Current,Voltage
0,0.0,0.000333786
1,0.0002,0.00952005
2,0.0004,0.0186944
3,0.0006,0.0277781
4,0.0008,0.0370121
5,0.001,0.0460744
