,Current,Voltage
0,0.0,0.000352859
1,0.0002,0.0117874
2,0.0004,0.0232363
3,0.0006,0.0346041
4,0.0008,0.0460839
5,0.001,0.0574136
