,Current,Voltage
0,0.0,0.000348091
1,0.0002,0.00933409
2,0.0004,0.0183296
3,0.0006,0.0272393
4,0.0008,0.0362229
5,0.001,0.0451326
