,Current,Voltage
0,0.0,0.000362396
1,0.0002,0.0111914
2,0.0004,0.0220203
3,0.0006,0.0327635
4,0.0008,0.0436521
5,0.001,0.0543356
