,Current,Voltage
0,0.0,0.000348091
1,0.0002,0.00998974
2,0.0004,0.0196099
3,0.0006,0.0292468
4,0.0008,0.0388741
5,0.001,0.0484538
