,Current,Voltage
0,0.0,-0.144129
1,0.0002,0.0193048
2,0.0004,0.0490546
3,0.0006,0.0654697
4,0.0008,0.0808191
5,0.001,0.0952768
