,Current,Voltage
0,0.0,0.000340939
1,0.0002,0.00974655
2,0.0004,0.0192094
3,0.0006,0.0285888
4,0.0008,0.0379872
5,0.001,0.0473404
