,Current,Voltage
0,0.0,0.000369549
1,0.0002,0.0113249
2,0.0004,0.0223136
3,0.0006,0.0332308
4,0.0008,0.0442171
5,0.001,0.0551343
