,Current,Voltage
0,0.0,0.000317097
1,0.0002,0.00929117
2,0.0004,0.0182581
3,0.0006,0.0271368
4,0.0008,0.0361252
5,0.001,0.0450277
