,Current,Voltage
0,0.0,0.000426769
1,0.0002,0.0127745
2,0.0004,0.0252247
3,0.0006,0.0375462
4,0.0008,0.0499725
5,0.001,0.0623369
