,Current,Voltage
0,0.0,0.000274181
1,0.0002,0.00755548
2,0.0004,0.0148225
3,0.0006,0.0220299
4,0.0008,0.0293136
5,0.001,0.0365186
