,Current,Voltage
0,0.0,0.000371933
1,0.0002,0.00989437
2,0.0004,0.019443
3,0.0006,0.0289536
4,0.0008,0.0385356
5,0.001,0.0480199
