,Current,Voltage
0,0.0,0.000305176
1,0.0002,0.00901461
2,0.0004,0.017705
3,0.0006,0.0263143
4,0.0008,0.0350642
5,0.001,0.0436807
