,Current,Voltage
0,0.0,-1.41295
1,0.0002,-1.34335
2,0.0004,-1.2621
3,0.0006,-1.18156
4,0.0008,-1.09872
5,0.001,-1.01812
