,Current,Voltage
0,0.0,-1.10476
1,0.0002,-0.845826
2,0.0004,-0.685432
3,0.0006,-0.557196
4,0.0008,-0.42836
5,0.001,-0.300729
