,Current,Voltage
0,0.0,0.000300407
1,0.0002,0.00909805
2,0.0004,0.0178313
3,0.0006,0.0265431
4,0.0008,0.0353217
5,0.001,0.0439882
