,Current,Voltage
0,0.0,0.00038147
1,0.0002,0.0105524
2,0.0004,0.0207353
3,0.0006,0.0308323
4,0.0008,0.0410819
5,0.001,0.0511241
