,Current,Voltage
0,0.0,-1.39632
1,0.0002,-1.2874
2,0.0004,-1.19546
3,0.0006,-1.10551
4,0.0008,-1.01747
5,0.001,-0.931072
