,Current,Voltage
0,0.0,0.000290871
1,0.0002,0.00907183
2,0.0004,0.0178552
3,0.0006,0.026567
4,0.0008,0.0353622
5,0.001,0.0440931
