,Current,Voltage
0,0.0,0.000393391
1,0.0002,0.0121331
2,0.0004,0.0239539
3,0.0006,0.035634
4,0.0008,0.0474381
5,0.001,0.0591111
