,Current,Voltage
0,0.0,0.000398159
1,0.0002,0.0132442
2,0.0004,0.0261092
3,0.0006,0.0388479
4,0.0008,0.0516963
5,0.001,0.0644732
