,Current,Voltage
0,0.0,0.000214577
1,0.0002,0.00494957
2,0.0004,0.0103426
3,0.0006,0.0170279
4,0.0008,0.0246739
5,0.001,0.0319481
