,Current,Voltage
0,0.0,0.000319481
1,0.0002,0.00917912
2,0.0004,0.0179744
3,0.0006,0.0267601
4,0.0008,0.0356078
5,0.001,0.0443697
