,Current,Voltage
0,0.0,0.000121593
1,0.0002,0.000579357
2,0.0004,0.000936985
3,0.0006,0.00131845
4,0.0008,0.00174046
5,0.001,0.00213623
