,Current,Voltage
0,0.0,-1.41986
1,0.0002,-1.33163
2,0.0004,-1.24879
3,0.0006,-1.16662
4,0.0008,-1.08415
5,0.001,-1.00218
