,Current,Voltage
0,0.0,0.000376701
1,0.0002,0.0110793
2,0.0004,0.0217581
3,0.0006,0.0323462
4,0.0008,0.0430465
5,0.001,0.0536585
