,Current,Voltage
0,0.0,0.000517368
1,0.0002,0.0200176
2,0.0004,0.0396681
3,0.0006,0.0591421
4,0.0008,0.0787544
5,0.001,0.0981426
