,Current,Voltage
0,0.0,-0.996983
1,0.0002,-0.468333
2,0.0004,-0.243795
3,0.0006,-0.089426
4,0.0008,0.0208712
5,0.001,0.103898
