,Current,Voltage
0,0.0,0.000312328
1,0.0002,0.0080061
2,0.0004,0.0156689
3,0.0006,0.0233412
4,0.0008,0.0310254
5,0.001,0.0386214
