,Current,Voltage
0,0.0,0.000309944
1,0.0002,0.00874996
2,0.0004,0.0171804
3,0.0006,0.0255227
4,0.0008,0.0339866
5,0.001,0.0423288
