,Current,Voltage
0,0.0,0.000514984
1,0.0002,0.0179172
2,0.0004,0.0353861
3,0.0006,0.0527239
4,0.0008,0.0701904
5,0.001,0.0875425
