,Current,Voltage
0,0.0,-1.33069
1,0.0002,-1.26654
2,0.0004,-1.19099
3,0.0006,-1.11592
4,0.0008,-1.04071
5,0.001,-0.966024
