,Current,Voltage
0,0.0,-0.119104
1,0.0002,-0.00472784
2,0.0004,0.0355029
3,0.0006,0.0530839
4,0.0008,0.0658607
5,0.001,0.0745249
