{
  "mapping_offsets": [
    0.0,
    1.0,
    2.0,
    3.0,
    4.0,
    5.0,
    6.0
  ],
  "flir_offsets": [
    0,
    15,
    30
  ],
  "spin_speed": {
    "min": 100.0,
    "max": 3800.0,
    "value": {
      "0": 1000,
      "1": 1000,
      "2": 1000,
      "3": 1000,
      "4": 1000,
      "5": 1000,
      "6": 1000,
      "7": 1000,
      "8": 1000
    },
    "units": "RPM",
    "optimize_with_chem_os": false
  },
  "spin_time": {
    "min": 10.0,
    "max": 120.0,
    "value": {
      "0": 60,
      "1": 60,
      "2": 60,
      "3": 60,
      "4": 60,
      "5": 60,
      "6": 60,
      "7": 60,
      "8": 60
    },
    "units": "s",
    "optimize_with_chem_os": false
  },
  "dispense_volume": {
    "min": 0.001,
    "max": 1.0,
    "value": 0.1,
    "units": "mL",
    "optimize_with_chem_os": false
  },
  "campaign_dispensed_amounts": {
    "spiro": {
      "chemical_name": "Spiro",
      "varied": false,
      "value": 0.1645000000000003,
      "units": "mg",
      "metadata": {
        "molar_weight_ mg": 1225.43,
        "concentration_mg_ml": 50,
        "requested_param": null,
        "requested_vol": 0.20551693295119947
      }
    },
    "cobalt": {
      "chemical_name": "FK102",
      "varied": true,
      "value": 0.0,
      "units": "mg",
      "metadata": {
        "molar_weight_ mg": 1334.86,
        "concentration_mg_ml": 50,
        "requested_param": null,
        "requested_vol": 0.0028164003821338768
      }
    },
    "tbp": {
      "chemical_name": "tBP",
      "varied": false,
      "value": 0.02950000000000008,
      "units": "mg",
      "metadata": {
        "molar_weight_ mg": 135.21,
        "concentration_mg_ml": 50,
        "requested_param": null,
        "requested_vol": 0.04166666666666667
      }
    },
    "annealing": {
      "varied": true,
      "value": 0.15357707161456347,
      "units": "s",
      "metadata": {}
    }
  },
  "properties": {
    "measurement_0": 1.4285526852269126e-07,
    "measurement_1": 6.487181290007188e-08,
    "measurement_2": 1.4737244287068416e-07,
    "measurement_3": 1.5185169089876733e-07,
    "measurement_4": 1.451791616015443e-07,
    "measurement_5": 1.257346027101913e-07,
    "measurement_6": 1.2422171085213385e-07,
    "measurement_mean": 1.288695271937263e-07
  },
  "active_parameters_pickle_file": {
    "filename": "not yet defined"
  },
  "processes": {
    "x0": 0.9943180473907057,
    "x1": 0.9022524952888489
  },
  "chemOS": {
    "requested_params": {
      "x0": 0.012580548413097858,
      "x1": 0.0006399044650606811
    },
    "output_for_previous": {
      "campaign_name": "pseudomobility",
      "session_id": "9d97a479-d129-410e-a3ee-9c638411253c",
      "experiment_id": "c37dd9c2-0961-4a07-8317-84cdd9a4c2cd",
      "execution_id": "54f3851c",
      "robot_id": "7fed69c8",
      "processes": {
        "x0": 0.9943180473907057,
        "x1": 0.9022524952888489
      },
      "properties": {
        "measurement_0": 1.4285526852269126e-07,
        "measurement_1": 6.487181290007188e-08,
        "measurement_2": 1.4737244287068416e-07,
        "measurement_3": 1.5185169089876733e-07,
        "measurement_4": 1.451791616015443e-07,
        "measurement_5": 1.257346027101913e-07,
        "measurement_6": 1.2422171085213385e-07,
        "measurement_mean": 1.288695271937263e-07
      }
    }
  },
  "operator_name": "Ray",
  "operator_comment": "chemos optimization Co anneal mean Ps"
}