,Current,Voltage
0,0.0,0.00851965
1,8e-10,0.0258813
2,1.6e-09,0.0431836
3,2.4e-09,0.0604997
4,3.2e-09,0.0777714
5,4e-09,0.0951128
