,Current,Voltage
0,0.0,0.000193119
1,0.0002,0.00522614
2,0.0004,0.0101542
3,0.0006,0.0151134
4,0.0008,0.0200891
5,0.001,0.0249863
