,Current,Voltage
0,0.0,0.00023365
1,0.0002,0.00554323
2,0.0004,0.0108075
3,0.0006,0.0160503
4,0.0008,0.0213361
5,0.001,0.0265527
