,Current,Voltage
0,0.0,0.00017643
1,0.0002,0.00407219
2,0.0004,0.00795364
3,0.0006,0.0117874
4,0.0008,0.0156474
5,0.001,0.019474
