,Current,Voltage
0,0.0,0.000183582
1,0.0002,0.00174761
2,0.0004,0.00323296
3,0.0006,0.00477076
4,0.0008,0.00627756
5,0.001,0.00778198
