,Current,Voltage
0,0.0,0.00010252
1,0.0002,0.000610352
2,0.0004,0.000975132
3,0.0006,0.00137806
4,0.0008,0.00180006
5,0.001,0.00219345
