,Current,Voltage
0,0.0,0.000696182
1,0.0002,0.0240111
2,0.0004,0.0471139
3,0.0006,0.0697088
4,0.0008,0.0928187
5,0.001,0.0663877
