,Current,Voltage
0,0.0,0.000152588
1,0.0002,0.00213861
2,0.0004,0.00404835
3,0.0006,0.00596046
4,0.0008,0.00790119
5,0.001,0.009799
