,Current,Voltage
0,0.0,0.000200272
1,0.0002,0.0023818
2,0.0004,0.00458241
3,0.0006,0.00671387
4,0.0008,0.00890017
5,0.001,0.0110316
