,Current,Voltage
0,0.0,0.000255108
1,0.0002,0.00719547
2,0.0004,0.0140691
3,0.0006,0.0209165
4,0.0008,0.0278664
5,0.001,0.0346684
