,Current,Voltage
0,0.0,0.0104284
1,0.0002,0.242343
2,0.0004,0.474136
3,0.0006,0.701807
4,0.0008,0.929332
5,0.001,1.15206
