,Current,Voltage
0,0.0,0.000135899
1,0.0002,0.00177383
2,0.0004,0.003407
3,0.0006,0.00498533
4,0.0008,0.00656605
5,0.001,0.00813723
