,Current,Voltage
0,0.0,0.000100136
1,0.0002,0.000700951
2,0.0004,0.00130177
3,0.0006,0.00179291
4,0.0008,0.00237465
5,0.001,0.00290155
