,Current,Voltage
0,0.0,0.000274181
1,0.0002,0.00822067
2,0.0004,0.0161862
3,0.0006,0.0240564
4,0.0008,0.0319982
5,0.001,0.0398731
