,Current,Voltage
0,0.0,0.000119209
1,0.0002,0.000498295
2,0.0004,0.000736713
3,0.0006,0.0010252
4,0.0008,0.00126123
5,0.001,0.00155687
