,Current,Voltage
0,0.0,0.000109673
1,0.0002,-0.000753403
2,0.0004,-0.00166178
3,0.0006,-0.00258207
4,0.0008,-0.00351906
5,0.001,-0.00443935
