,Current,Voltage
0,0.0,-2.14231
1,0.0002,-1.52034
2,0.0004,-0.892475
3,0.0006,-0.269232
4,0.0008,0.360005
5,0.001,0.985236
