,Current,Voltage
0,0.0,0.000190735
1,0.0002,0.00334978
2,0.0004,0.00649452
3,0.0006,0.00957489
4,0.0008,0.0127268
5,0.001,0.0157857
