,Current,Voltage
0,0.0,0.000166893
1,0.0002,0.00339508
2,0.0004,0.00652075
3,0.0006,0.00966311
4,0.0008,0.0127864
5,0.001,0.015893
