,Current,Voltage
0,0.0,-1.89461
1,0.0002,-1.66408
2,0.0004,-1.42034
3,0.0006,-1.17851
4,0.0008,-0.935411
5,0.001,-0.694377
