,Current,Voltage
0,0.0,0.0005126
1,0.0002,0.0184608
2,0.0004,0.036552
3,0.0006,0.0544405
4,0.0008,0.0724792
5,0.001,0.0904107
