,Current,Voltage
0,0.0,0.000238419
1,0.0002,0.00397921
2,0.0004,0.00769138
3,0.0006,0.011344
4,0.0008,0.0150347
5,0.001,0.0187492
