,Current,Voltage
0,0.0,0.000209808
1,0.0002,0.00292063
2,0.0004,0.00561476
3,0.0006,0.00824928
4,0.0008,0.0109386
5,0.001,0.0136065
