,Current,Voltage
0,0.0,0.000281334
1,0.0002,0.00607729
2,0.0004,0.0118828
3,0.0006,0.0176549
4,0.0008,0.0234294
5,0.001,0.0291705
