,Current,Voltage
0,0.0,0.000228882
1,0.0002,0.00361681
2,0.0004,0.00697851
3,0.0006,0.0103545
4,0.0008,0.0136852
5,0.001,0.0170398
