,Current,Voltage
0,0.0,0.00238657
1,0.0002,0.091238
2,0.0004,0.180826
3,0.0006,0.269728
4,0.0008,0.359418
5,0.001,0.448186
