,Current,Voltage
0,0.0,0.000195503
1,0.0002,0.0032115
2,0.0004,0.00622749
3,0.0006,0.00923157
4,0.0008,0.0122213
5,0.001,0.0152063
