,Current,Voltage
0,0.0,0.000221729
1,0.0002,0.00510931
2,0.0004,0.00998974
3,0.0006,0.0148535
4,0.0008,0.019753
5,0.001,0.0245428
