,Current,Voltage
0,0.0,0.000498295
1,0.0002,0.0168133
2,0.0004,0.0331545
3,0.0006,0.0493574
4,0.0008,0.0656867
5,0.001,0.0819063
