,Current,Voltage
0,0.0,0.000245571
1,0.0002,0.00622034
2,0.0004,0.0122046
3,0.0006,0.0181317
4,0.0008,0.024147
5,0.001,0.0300312
