,Current,Voltage
0,0.0,0.000216961
1,0.0002,0.00465155
2,0.0004,0.00906467
3,0.0006,0.0134492
4,0.0008,0.0178814
5,0.001,0.0222158
