,Current,Voltage
0,0.0,0.000231266
1,0.0002,0.0040555
2,0.0004,0.00788689
3,0.0006,0.0116348
4,0.0008,0.0154233
5,0.001,0.0191975
