,Current,Voltage
0,0.0,0.000107288
1,0.0002,0.00170708
2,0.0004,0.00325203
3,0.0006,0.00481367
4,0.0008,0.00639677
5,0.001,0.00790358
