,Current,Voltage
0,0.0,0.000107288
1,0.0002,0.00141144
2,0.0004,0.00262022
3,0.0006,0.0038743
4,0.0008,0.00510454
5,0.001,0.00632286
