,Current,Voltage
0,0.0,0.000109673
1,0.0002,0.00151634
2,0.0004,0.0028944
3,0.0006,0.00425339
4,0.0008,0.00557184
5,0.001,0.00695467
