,Current,Voltage
0,0.0,0.000150204
1,0.0002,0.00230551
2,0.0004,0.00438929
3,0.0006,0.00647545
4,0.0008,0.00860929
5,0.001,0.0106907
