,Current,Voltage
0,0.0,0.000143051
1,0.0002,0.00233412
2,0.0004,0.00450134
3,0.0006,0.0066328
4,0.0008,0.00875711
5,0.001,0.01091
