,Current,Voltage
0,0.0,0.000162125
1,0.0002,0.00173807
2,0.0004,0.00331879
3,0.0006,0.00489712
4,0.0008,0.00645876
5,0.001,0.0080061
