,Current,Voltage
0,0.0,0.000133514
1,0.0002,0.0016427
2,0.0004,0.00311852
3,0.0006,0.00462055
4,0.0008,0.00610113
5,0.001,0.00757694
