,Current,Voltage
0,0.0,0.000123978
1,0.0002,0.00185966
2,0.0004,0.00355959
3,0.0006,0.00522375
4,0.0008,0.00689268
5,0.001,0.00857592
