,Current,Voltage
0,0.0,0.000119209
1,0.0002,0.00147581
2,0.0004,0.00279188
3,0.0006,0.00408411
4,0.0008,0.00542164
5,0.001,0.00673532
