,Current,Voltage
0,0.0,7.62939e-05
1,0.0002,0.00136375
2,0.0004,0.00252485
3,0.0006,0.00373602
4,0.0008,0.00493288
5,0.001,0.00611782
