,Current,Voltage
0,0.0,0.000150204
1,0.0002,0.00150442
2,0.0004,0.0027585
3,0.0006,0.00402927
4,0.0008,0.00530005
5,0.001,0.00656843
