,Current,Voltage
0,0.0,0.000169277
1,0.0002,0.00182152
2,0.0004,0.00343323
3,0.0006,0.00503063
4,0.0008,0.00664473
5,0.001,0.00828266
