,Current,Voltage
0,0.0,0.000114441
1,0.0002,0.00183821
2,0.0004,0.00351667
3,0.0006,0.00516176
4,0.0008,0.00687122
5,0.001,0.00850916
