,Current,Voltage
0,0.0,0.000143051
1,0.0002,0.00165939
2,0.0004,0.00314951
3,0.0006,0.00459671
4,0.0008,0.00612259
5,0.001,0.00756979
