,Current,Voltage
0,0.0,0.000152588
1,0.0002,0.00170231
2,0.0004,0.00330687
3,0.0006,0.00482559
4,0.0008,0.00636578
5,0.001,0.00789642
