,Current,Voltage
0,0.0,0.000116825
1,0.0002,0.000863075
2,0.0004,0.0015521
3,0.0006,0.00223875
4,0.0008,0.0029397
5,0.001,0.0037241
