,Current,Voltage
0,0.0,5.96046e-05
1,0.0002,0.00133991
2,0.0004,0.00255585
3,0.0006,0.00376701
4,0.0008,0.00500441
5,0.001,0.00622749
