,Current,Voltage
0,0.0,0.000107288
1,0.0002,0.00167131
2,0.0004,0.00313997
3,0.0006,0.00462294
4,0.0008,0.00608206
5,0.001,0.00757456
