,Current,Voltage
0,0.0,0.000152588
1,0.0002,0.00158072
2,0.0004,0.00294685
3,0.0006,0.00431776
4,0.0008,0.00570536
5,0.001,0.00705004
