,Current,Voltage
0,0.0,0.000112057
1,0.0002,0.00121593
2,0.0004,1.65108
3,0.0006,3.90374
4,0.0008,6.43597
5,0.001,8.94498
