,Current,Voltage
0,0.0,0.000157356
1,0.0002,0.00156879
2,0.0004,0.00294209
3,0.0006,0.00431776
4,0.0008,0.00565529
5,0.001,0.00702143
