,Current,Voltage
0,0.0,8.10623e-05
1,0.0002,1.90106
2,0.0004,5.97632
3,0.0006,9.27589
4,0.0008,10.0018
5,0.001,10.0018
