,Current,Voltage
0,0.0,0.000128746
1,0.0002,0.0013876
2,0.0004,0.00258923
3,0.0006,0.00378847
4,0.0008,0.0050211
5,0.001,0.00620365
