,Current,Voltage
0,0.0,0.000162125
1,0.0002,0.0015521
2,0.0004,0.00299931
3,0.0006,0.00432968
4,0.0008,0.00570297
5,0.001,0.00705719
