,Current,Voltage
0,0.0,0.000119209
1,0.0002,0.00145435
2,0.0004,0.00274658
3,0.0006,0.0040102
4,0.0008,0.00530958
5,0.001,0.00657558
