,Current,Voltage
0,0.0,0.00014782
1,0.0002,0.00199556
2,0.0004,0.00379086
3,0.0006,0.00556946
4,0.0008,0.00737906
5,0.001,0.00915766
