,Current,Voltage
0,0.0,0.000109673
1,0.0002,0.000383854
2,0.0004,0.759194
3,0.0006,2.69384
4,0.0008,4.84998
5,0.001,6.84028
