,Current,Voltage
0,0.0,0.000152588
1,0.0002,0.00192404
2,0.0004,0.00362396
3,0.0006,0.00535727
4,0.0008,0.00704527
5,0.001,0.00877619
