,Current,Voltage
0,0.0,0.00010252
1,0.0002,0.00136375
2,0.0004,0.00259638
3,0.0006,0.00377655
4,0.0008,0.00500917
5,0.001,0.00620127
