,Current,Voltage
0,0.0,8.34465e-05
1,0.0002,0.00108004
2,0.0004,0.00229836
3,0.0006,1.58304
4,0.0008,3.19081
5,0.001,4.99963
