,Current,Voltage
0,0.0,0.000107288
1,0.0002,0.00151634
2,0.0004,0.00288725
3,0.0006,0.00424147
4,0.0008,0.00558376
5,0.001,0.00695229
