,Current,Voltage
0,0.0,9.53674e-05
1,0.0002,0.00140667
2,0.0004,0.00268936
3,0.0006,0.00395298
4,0.0008,0.00516415
5,0.001,0.00644922
