,Current,Voltage
0,0.0,0.00132799
1,0.0002,0.0455117
2,0.0004,0.0900769
3,0.0006,0.134234
4,0.0008,0.17874
5,0.001,0.222869
