,Current,Voltage
0,0.0,0.000202656
1,0.0002,0.0039649
2,0.0004,0.0075984
3,0.0006,0.0112653
4,0.0008,0.0149632
5,0.001,0.0186253
