,Current,Voltage
0,0.0,0.000252724
1,0.0002,0.0045085
2,0.0004,0.00874758
3,0.0006,0.0129986
4,0.0008,0.01724
5,0.001,0.0214195
