,Current,Voltage
0,0.0,0.000302792
1,0.0002,0.00711441
2,0.0004,0.0139332
3,0.0006,0.0207233
4,0.0008,0.0276542
5,0.001,0.0343919
