,Current,Voltage
0,0.0,0.000345707
1,0.0002,0.0088954
2,0.0004,0.0175405
3,0.0006,0.0260448
4,0.0008,0.0346804
5,0.001,0.0430441
