,Current,Voltage
0,0.0,0.000219345
1,0.0002,0.00367403
2,0.0004,0.00711918
3,0.0006,0.0105524
4,0.0008,0.0139141
5,0.001,0.0173497
