,Current,Voltage
0,0.0,0.000319481
1,0.0002,0.00839949
2,0.0004,0.0165176
3,0.0006,0.0245738
4,0.0008,0.0326395
5,0.001,0.04071
