,Current,Voltage
0,0.0,0.000214577
1,0.0002,0.00514984
2,0.0004,0.00998735
3,0.0006,0.0148559
4,0.0008,0.0197244
5,0.001,0.0245714
