,Current,Voltage
0,0.0,0.000238419
1,0.0002,0.00440836
2,0.0004,0.00856876
3,0.0006,0.012641
4,0.0008,0.0167751
5,0.001,0.0208879
