,Current,Voltage
0,0.0,0.000274181
1,0.0002,0.00624418
2,0.0004,0.0121808
3,0.0006,0.0181031
4,0.0008,0.024035
5,0.001,0.0299382
