,Current,Voltage
0,0.0,0.000245571
1,0.0002,0.00499249
2,0.0004,0.0097537
3,0.0006,0.0144768
4,0.0008,0.0192213
5,0.001,0.0239253
