,Current,Voltage
0,0.0,0.000243187
1,0.0002,0.00344992
2,0.0004,0.00664711
3,0.0006,0.00974655
4,0.0008,0.0129628
5,0.001,0.016098
