,Current,Voltage
0,0.0,0.000195503
1,0.0002,0.00379562
2,0.0004,0.00742912
3,0.0006,0.0109386
4,0.0008,0.0145173
5,0.001,0.0180697
