,Current,Voltage
0,0.0,0.000226498
1,0.0002,0.00486374
2,0.0004,0.00950813
3,0.0006,0.0140643
4,0.0008,0.0187063
5,0.001,0.0232887
