,Current,Voltage
0,0.0,0.000419617
1,0.0002,0.0124717
2,0.0004,0.0245476
3,0.0006,0.0365162
4,0.0008,0.0486088
5,0.001,0.0605369
