,Current,Voltage
0,0.0,0.000202656
1,0.0002,0.00358343
2,0.0004,0.00695467
3,0.0006,0.0102997
4,0.0008,0.0136447
5,0.001,0.0169706
