,Current,Voltage
0,0.0,0.000193119
1,0.0002,0.0040102
2,0.0004,0.0077939
3,0.0006,0.0115395
4,0.0008,0.0152874
5,0.001,0.0190473
