,Current,Voltage
0,0.0,0.000283718
1,0.0002,0.00775576
2,0.0004,0.0151753
3,0.0006,0.0225735
4,0.0008,0.0300574
5,0.001,0.0374508
