,Current,Voltage
0,0.0,0.000185966
1,0.0002,0.00444412
2,0.0004,0.00863075
3,0.0006,0.0127459
4,0.0008,0.0168872
5,0.001,0.0210404
