,Current,Voltage
0,0.0,0.00025034
1,0.0002,0.00514984
2,0.0004,0.0100446
3,0.0006,0.0148535
4,0.0008,0.0197363
5,0.001,0.0245786
