,Current,Voltage
0,0.0,0.000202656
1,0.0002,0.00340462
2,0.0004,0.00657797
3,0.0006,0.00974417
4,0.0008,0.012908
5,0.001,0.0160646
