,Current,Voltage
0,0.0,0.00020504
1,0.0002,0.00386715
2,0.0004,0.00745773
3,0.0006,0.011003
4,0.0008,0.0146317
5,0.001,0.0181794
