,Current,Voltage
0,0.0,0.000207424
1,0.0002,0.00365734
2,0.0004,0.00707388
3,0.0006,0.0104618
4,0.0008,0.0139022
5,0.001,0.0172377
