,Current,Voltage
0,0.0,0.000219345
1,0.0002,0.00454903
2,0.0004,0.00885487
3,0.0006,0.0130939
4,0.0008,0.017364
5,0.001,0.0216222
