,Current,Voltage
0,0.0,0.000171661
1,0.0002,0.00365973
2,0.0004,0.00712156
3,0.0006,0.0105619
4,0.0008,0.0140047
5,0.001,0.017395
