,Current,Voltage
0,0.0,0.000329018
1,0.0002,0.0077796
2,0.0004,0.0151801
3,0.0006,0.0224876
4,0.0008,0.0300288
5,0.001,0.037334
