,Current,Voltage
0,0.0,0.000228882
1,0.0002,0.00448227
2,0.0004,0.00872135
3,0.0006,0.0128579
4,0.0008,0.0171041
5,0.001,0.021286
