,Current,Voltage
0,0.0,0.000283718
1,0.0002,0.00632763
2,0.0004,0.0123429
3,0.0006,0.0182819
4,0.0008,0.0240707
5,0.001,0.0300384
