,Current,Voltage
0,0.0,0.000185966
1,0.0002,0.00293493
2,0.0004,0.00566483
3,0.0006,0.00836134
4,0.0008,0.0110507
5,0.001,0.0137186
