,Current,Voltage
0,0.0,0.000283718
1,0.0002,0.00515461
2,0.0004,0.00994921
3,0.0006,0.0147128
4,0.0008,0.0195527
5,0.001,0.0243282
