,Current,Voltage
0,0.0,0.000236034
1,0.0002,0.00445843
2,0.0004,0.0086832
3,0.0006,0.0129366
4,0.0008,0.0171995
5,0.001,0.0213552
