,Current,Voltage
0,0.0,0.000154972
1,0.0002,0.00344992
2,0.0004,0.00676632
3,0.0006,0.00998974
4,0.0008,0.0133085
5,0.001,0.0165248
