,Current,Voltage
0,0.0,0.000386238
1,0.0002,0.0100493
2,0.0004,0.0196648
3,0.0006,0.0292468
4,0.0008,0.0388026
5,0.001,0.0481844
