,Current,Voltage
0,0.0,0.000326633
1,0.0002,0.00784397
2,0.0004,0.0153685
3,0.0006,0.0229216
4,0.0008,0.0304794
5,0.001,0.0380969
