,Current,Voltage
0,0.0,0.000202656
1,0.0002,0.00523567
2,0.0004,0.0102019
3,0.0006,0.0151134
4,0.0008,0.0201082
5,0.001,0.0249934
