,Current,Voltage
0,0.0,0.000319481
1,0.0002,0.00602484
2,0.0004,0.0117159
3,0.0006,0.0173974
4,0.0008,0.0231218
5,0.001,0.0287557
