,Current,Voltage
0,0.0,0.000245571
1,0.0002,0.00440121
2,0.0004,0.00852585
3,0.0006,0.0126529
4,0.0008,0.0167227
5,0.001,0.0208139
