,Current,Voltage
0,0.0,0.000226498
1,0.0002,0.00288963
2,0.0004,0.00551939
3,0.0006,0.00809431
4,0.0008,0.0106907
5,0.001,0.0133276
