,Current,Voltage
0,0.0,0.000228882
1,0.0002,0.00494957
2,0.0004,0.00967741
3,0.0006,0.0143671
4,0.0008,0.0190997
5,0.001,0.0238419
