,Current,Voltage
0,0.0,0.000264645
1,0.0002,0.00759602
2,0.0004,0.0148749
3,0.0006,0.0219417
4,0.0008,0.0292277
5,0.001,0.0363922
