,Current,Voltage
0,0.0,0.000224113
1,0.0002,0.0047946
2,0.0004,0.0093627
3,0.0006,0.0138879
4,0.0008,0.0184608
5,0.001,0.0230098
