,Current,Voltage
0,0.0,0.000228882
1,0.0002,0.00400305
2,0.0004,0.00773668
3,0.0006,0.0114536
4,0.0008,0.0152278
5,0.001,0.0188851
