,Current,Voltage
0,0.0,0.00111818
1,0.0002,0.0402093
2,0.0004,0.079596
3,0.0006,0.118699
4,0.0008,0.158105
5,0.001,0.197132
