,Current,Voltage
0,0.0,0.000994205
1,0.0002,0.0369859
2,0.0004,0.0731945
3,0.0006,0.109112
4,0.0008,0.145321
5,0.001,0.205448
