,Current,Voltage
0,0.0,0.000162125
1,0.0002,0.00325203
2,0.0004,0.0062418
3,0.0006,0.00921011
4,0.0008,0.0122333
5,0.001,0.0152564
