,Current,Voltage
0,0.0,0.000641346
1,0.0002,0.0213504
2,0.0004,0.0422001
3,0.0006,0.0628686
4,0.0008,0.0837302
5,0.001,0.104342
