,Current,Voltage
0,0.0,0.000293255
1,0.0002,0.00584126
2,0.0004,0.0113344
3,0.0006,0.0167751
4,0.0008,0.0223136
5,0.001,0.0277591
