,Current,Voltage
0,0.0,0.000457764
1,0.0002,0.0137949
2,0.0004,0.0271654
3,0.0006,0.0404167
4,0.0008,0.0538063
5,0.001,0.0670791
