,Current,Voltage
0,0.0,0.000224113
1,0.0002,0.00318289
2,0.0004,0.00611544
3,0.0006,0.0090003
4,0.0008,0.0119257
5,0.001,0.0148296
