,Current,Voltage
0,0.0,0.000314713
1,0.0002,0.00778437
2,0.0004,0.0152087
3,0.0006,0.0225925
4,0.0008,0.0300455
5,0.001,0.0374293
