,Current,Voltage
0,0.0,0.000891685
1,0.0002,0.0301981
2,0.0004,0.0596738
3,0.0006,0.0889254
4,0.0008,0.118408
5,0.001,0.147679
