,Current,Voltage
0,0.0,0.000193119
1,0.0002,0.00349998
2,0.0004,0.00675917
3,0.0006,0.0100017
4,0.0008,0.013237
5,0.001,0.0164986
