,Current,Voltage
0,0.0,0.000200272
1,0.0002,0.00394821
2,0.0004,0.00770569
3,0.0006,0.0113678
4,0.0008,0.0151062
5,0.001,0.0188398
