,Current,Voltage
0,0.0,0.000238419
1,0.0002,0.0042367
2,0.0004,0.00822544
3,0.0006,0.012188
4,0.0008,0.0161362
5,0.001,0.0201035
