,Current,Voltage
0,0.0,0.000209808
1,0.0002,0.00342846
2,0.0004,0.00663519
3,0.0006,0.00982761
4,0.0008,0.0129986
5,0.001,0.0161123
