,Current,Voltage
0,0.0,0.00027895
1,0.0002,0.00580788
2,0.0004,0.0113153
3,0.0006,0.0167871
4,0.0008,0.0223184
5,0.001,0.0277901
