{
  "mapping_offsets": [
    0.0,
    1.0,
    2.0,
    3.0,
    4.0,
    5.0,
    6.0
  ],
  "flir_offsets": [
    0,
    15,
    30
  ],
  "spin_speed": {
    "min": 100.0,
    "max": 3800.0,
    "value": {
      "0": 1000,
      "1": 1000,
      "2": 1000,
      "3": 1000,
      "4": 1000,
      "5": 1000,
      "6": 1000,
      "7": 1000,
      "8": 1000,
      "9": 1000,
      "10": 1000,
      "11": 1000,
      "12": 1000,
      "13": 1000,
      "14": 1000,
      "15": 1000,
      "16": 1000,
      "17": 1000,
      "18": 1000,
      "19": 1000,
      "20": 1000,
      "21": 1000,
      "22": 1000,
      "23": 1000,
      "24": 1000,
      "25": 1000,
      "26": 1000
    },
    "units": "RPM",
    "optimize_with_chem_os": false
  },
  "spin_time": {
    "min": 10.0,
    "max": 120.0,
    "value": {
      "0": 60,
      "1": 60,
      "2": 60,
      "3": 60,
      "4": 60,
      "5": 60,
      "6": 60,
      "7": 60,
      "8": 60,
      "9": 60,
      "10": 60,
      "11": 60,
      "12": 60,
      "13": 60,
      "14": 60,
      "15": 60,
      "16": 60,
      "17": 60,
      "18": 60,
      "19": 60,
      "20": 60,
      "21": 60,
      "22": 60,
      "23": 60,
      "24": 60,
      "25": 60,
      "26": 60
    },
    "units": "s",
    "optimize_with_chem_os": false
  },
  "dispense_volume": {
    "min": 0.001,
    "max": 1.0,
    "value": 0.1,
    "units": "mL",
    "optimize_with_chem_os": false
  },
  "campaign_dispensed_amounts": {
    "spiro": {
      "chemical_name": "Spiro",
      "varied": false,
      "value": 0.1048,
      "units": "mg",
      "metadata": {
        "molar_weight_ mg": 1225.43,
        "concentration_mg_ml": 50,
        "requested_param": null,
        "requested_vol": 0.1311346732303702
      }
    },
    "cobalt": {
      "chemical_name": "FK102",
      "varied": true,
      "value": 0.06040000000000001,
      "units": "mg",
      "metadata": {
        "molar_weight_ mg": 1334.86,
        "concentration_mg_ml": 50,
        "requested_param": null,
        "requested_vol": 0.07719866010296314
      }
    },
    "tbp": {
      "chemical_name": "tBP",
      "varied": false,
      "value": 0.030600000000000183,
      "units": "mg",
      "metadata": {
        "molar_weight_ mg": 135.21,
        "concentration_mg_ml": 50,
        "requested_param": null,
        "requested_vol": 0.04166666666666666
      }
    },
    "annealing": {
      "varied": true,
      "value": 172.37375736236572,
      "units": "s",
      "metadata": {}
    }
  },
  "properties": {
    "measurement_0": 7.204994914350713e-07,
    "measurement_1": 6.727378299338088e-07,
    "measurement_2": 2.0842715645519073e-08,
    "measurement_3": 6.047748772876573e-07,
    "measurement_4": 5.054182495508661e-07,
    "measurement_5": 8.455013303460243e-08,
    "measurement_6": 3.416462673998762e-07,
    "measurement_mean": 4.2149565204105734e-07
  },
  "active_parameters_pickle_file": {
    "filename": "not yet defined"
  },
  "processes": {
    "x0": 0.3082299338685769,
    "x1": 0.34341752529144287
  },
  "chemOS": {
    "requested_params": {
      "x0": 0.5404369235038757,
      "x1": 0.7182239890098572
    },
    "output_for_previous": {
      "campaign_name": "pseudomobility",
      "session_id": "9d97a479-d129-410e-a3ee-9c638411253c",
      "experiment_id": "76ab6642-f5c1-449c-9872-715f7560bf6a",
      "execution_id": "24da963f",
      "robot_id": "7fed69c8",
      "processes": {
        "x0": 0.3082299338685769,
        "x1": 0.34341752529144287
      },
      "properties": {
        "measurement_0": 7.204994914350713e-07,
        "measurement_1": 6.727378299338088e-07,
        "measurement_2": 2.0842715645519073e-08,
        "measurement_3": 6.047748772876573e-07,
        "measurement_4": 5.054182495508661e-07,
        "measurement_5": 8.455013303460243e-08,
        "measurement_6": 3.416462673998762e-07,
        "measurement_mean": 4.2149565204105734e-07
      }
    }
  },
  "operator_name": "Ray",
  "operator_comment": "chemos optimization Co anneal mean Ps"
}