,Current,Voltage
0,0.0,0.00164747
1,0.0002,0.0630164
2,0.0004,0.124774
3,0.0006,0.18605
4,0.0008,0.247917
5,0.001,0.30925
