,Current,Voltage
0,0.0,0.000658035
1,0.0002,0.0233316
2,0.0004,0.0461459
3,0.0006,0.0687504
4,0.0008,0.0915599
5,0.001,0.114188
