,Current,Voltage
0,0.0,0.00226736
1,0.0002,0.579391
2,0.0004,4.08238
3,0.0006,8.43775
4,0.0008,10.0023
5,0.001,10.0022
