,Current,Voltage
0,0.0,0.00170708
1,0.0002,0.0659966
2,0.0004,0.13088
3,0.0006,0.195167
4,0.0008,0.387449
5,0.001,1.36392
