,Current,Voltage
0,0.0,0.00109673
1,0.0002,0.0368643
2,0.0004,0.0728035
3,0.0006,0.108449
4,0.0008,0.144384
5,0.001,0.180006
