,Current,Voltage
0,0.0,0.00101328
1,0.0002,0.0402808
2,0.0004,0.0798059
3,0.0006,0.119054
4,0.0008,0.15856
5,0.001,0.197747
