,Current,Voltage
0,0.0,0.00144005
1,0.0002,0.0800633
2,0.0004,0.158689
3,0.0006,0.264757
4,0.0008,1.02679
5,0.001,10.0022
