,Current,Voltage
0,0.0,0.00114202
1,0.0002,0.0421
2,0.0004,0.083406
3,0.0006,0.124352
4,0.0008,0.165603
5,0.001,0.206525
