,Current,Voltage
0,0.0,0.000529289
1,0.0002,0.0181746
2,0.0004,0.0359797
3,0.0006,0.0535321
4,0.0008,0.0713086
5,0.001,0.0889254
