,Current,Voltage
0,0.0,0.00584126
1,0.0002,0.220218
2,0.0004,1.75033
3,0.0006,4.14422
4,0.0008,6.76628
5,0.001,9.35941
