,Current,Voltage
0,0.0,0.000958443
1,0.0002,0.0336647
2,0.0004,0.0665236
3,0.0006,0.0991988
4,0.0008,0.132086
5,0.001,0.164716
