,Current,Voltage
0,0.0,0.000603199
1,0.0002,0.0231647
2,0.0004,0.0458622
3,0.0006,0.0683427
4,0.0008,0.0909972
5,0.001,0.113485
