,Current,Voltage
0,0.0,0.00101566
1,0.0002,0.038588
2,0.0004,0.0764966
3,0.0006,0.114028
4,0.0008,0.151923
5,0.001,0.189424
