,Current,Voltage
0,0.0,0.00109911
1,0.0002,0.0394177
2,0.0004,0.0780964
3,0.0006,0.116429
4,0.0008,0.155036
5,0.001,0.193355
