,Current,Voltage
0,0.0,0.00067234
1,0.0002,0.0244951
2,0.0004,2.3416
3,0.0006,4.58172
4,0.0008,8.14966
5,0.001,10.0019
