,Current,Voltage
0,0.0,0.00116587
1,0.0002,0.0477052
2,0.0004,0.0946355
3,0.0006,0.141087
4,0.0008,0.18791
5,0.001,0.234342
