,Current,Voltage
0,0.0,0.00199795
1,0.0002,0.079391
2,0.0004,0.157528
3,0.0006,0.234928
4,0.0008,0.313039
5,0.001,0.390391
