,Current,Voltage
0,0.0,0.000634193
1,0.0002,0.0218153
2,0.0004,0.0432038
3,0.0006,0.0644207
4,0.0008,0.0857782
5,0.001,0.106981
