,Current,Voltage
0,0.0,0.000171661
1,0.0002,0.00341892
2,0.0004,0.00664949
3,0.0006,0.00986338
4,0.0008,0.0130653
5,0.001,0.0163102
