,Current,Voltage
0,0.0,0.000128746
1,0.0002,0.00152111
2,0.0004,0.0028491
3,0.0006,0.00419617
4,0.0008,0.00554323
5,0.001,0.00686884
