,Current,Voltage
0,0.0,0.000123978
1,0.0002,0.000891685
2,0.0004,0.00157356
3,0.0006,0.00226974
4,0.0008,0.00297308
5,0.001,0.00369549
