,Current,Voltage
0,0.0,0.000123978
1,0.0002,0.000581741
2,0.0004,0.00102282
3,0.0006,0.00139236
4,0.0008,0.00184059
5,0.001,0.0022316
