,Current,Voltage
0,0.0,0.000154972
1,0.0002,0.00327349
2,0.0004,0.00633478
3,0.0006,0.00937939
4,0.0008,0.0124645
5,0.001,0.0154901
