,Current,Voltage
0,0.0,0.000154972
1,0.0002,0.00170469
2,0.0004,0.00322819
3,0.0006,0.0047183
4,0.0008,0.00621557
5,0.001,0.00770569
