,Current,Voltage
0,0.0,0.000154972
1,0.0002,0.00151873
2,0.0004,0.00286102
3,0.0006,0.00420332
4,0.0008,0.00556231
5,0.001,0.00686407
