,Current,Voltage
0,0.0,0.000195503
1,0.0002,0.00299692
2,0.0004,0.00539303
3,0.0006,0.00794649
4,0.0008,0.0104809
5,0.001,0.013001
