,Current,Voltage
0,0.0,0.000197887
1,0.0002,0.00339508
2,0.0004,0.00655174
3,0.0006,0.00967979
4,0.0008,0.0128198
5,0.001,0.0159502
