,Current,Voltage
0,0.0,0.000123978
1,0.0002,0.000755787
2,0.0004,0.00132799
3,0.0006,0.00189066
4,0.0008,0.00249147
5,0.001,0.00302553
