,Current,Voltage
0,0.0,0.000214577
1,0.0002,0.00468016
2,0.0004,0.00916958
3,0.0006,0.0135803
4,0.0008,0.0180578
5,0.001,0.0225258
