,Current,Voltage
0,0.0,0.000247955
1,0.0002,0.00534296
2,0.0004,0.0104332
3,0.0006,0.0154948
4,0.0008,0.0205731
5,0.001,0.0255895
