,Current,Voltage
0,0.0,0.000174046
1,0.0002,0.00221014
2,0.0004,0.00416279
3,0.0006,0.00610828
4,0.0008,0.00804424
5,0.001,0.00998259
