,Current,Voltage
0,0.0,0.000112057
1,0.0002,0.000517368
2,0.0004,0.00087738
3,0.0006,0.00123262
4,0.0008,0.00160933
5,0.001,0.00196695
