,Current,Voltage
0,0.0,0.000152588
1,0.0002,0.00178099
2,0.0004,0.00339031
3,0.0006,0.00500202
4,0.0008,0.00662565
5,0.001,0.00818729
