,Current,Voltage
0,0.0,0.000119209
1,0.0002,0.00140429
2,0.0004,0.00262499
3,0.0006,0.00381231
4,0.0008,0.00504255
5,0.001,0.00622034
