,Current,Voltage
0,0.0,0.00015974
1,0.0002,0.00139236
2,0.0004,0.00263929
3,0.0006,0.00380993
4,0.0008,0.00506639
5,0.001,0.00627041
