,Current,Voltage
0,0.0,0.000100136
1,0.0002,0.00151157
2,0.0004,0.00291109
3,0.0006,0.00424385
4,0.0008,0.00562668
5,0.001,0.00695467
