,Current,Voltage
0,0.0,0.000154972
1,0.0002,0.00255346
2,0.0004,0.00488997
3,0.0006,0.00713348
4,0.0008,0.00939131
5,0.001,0.0116587
