,Current,Voltage
0,0.0,0.000317097
1,0.0002,0.00671625
2,0.0004,0.0131774
3,0.0006,0.0195074
4,0.0008,0.0259638
5,0.001,0.0323224
