,Current,Voltage
0,0.0,0.000166893
1,0.0002,0.00141382
2,0.0004,0.00260592
3,0.0006,0.00384331
4,0.0008,0.00503778
5,0.001,0.0062418
