,Current,Voltage
0,0.0,0.000190735
1,0.0002,0.00410318
2,0.0004,0.00796556
3,0.0006,0.0117898
4,0.0008,0.0156426
5,0.001,0.019443
