,Current,Voltage
0,0.0,0.000190735
1,0.0002,0.00348568
2,0.0004,0.00678062
3,0.0006,0.0100374
4,0.0008,0.0132823
5,0.001,0.0165772
