,Current,Voltage
0,0.0,0.000152588
1,0.0002,0.00154018
2,0.0004,0.0029397
3,0.0006,0.00427485
4,0.0008,0.00565052
5,0.001,0.00698328
