,Current,Voltage
0,0.0,0.000181198
1,0.0002,0.00411272
2,0.0004,0.00798702
3,0.0006,0.0118303
4,0.0008,0.0156879
5,0.001,0.0195241
