,Current,Voltage
0,0.0,0.000119209
1,0.0002,0.00102282
2,0.0004,0.00192165
3,0.0006,0.00275612
4,0.0008,0.00362635
5,0.001,0.00448227
