,Current,Voltage
0,0.0,0.000135899
1,0.0002,0.00165462
2,0.0004,0.00314236
3,0.0006,0.00458717
4,0.0008,0.00602484
5,0.001,0.00748158
