,Current,Voltage
0,0.0,0.000164509
1,0.0002,0.00174046
2,0.0004,0.00325918
3,0.0006,0.00476837
4,0.0008,0.00630617
5,0.001,0.0078392
