,Current,Voltage
0,0.0,0.000252724
1,0.0002,0.00532389
2,0.0004,0.010438
3,0.0006,0.0154543
4,0.0008,0.0205779
5,0.001,0.0255919
