,Current,Voltage
0,0.0,0.00017643
1,0.0002,0.00102282
2,0.0004,0.00188112
3,0.0006,0.00265121
4,0.0008,0.00347137
5,0.001,0.00428915
