,Current,Voltage
0,0.0,0.000126362
1,0.0002,0.00145912
2,0.0004,0.00271082
3,0.0006,0.00390291
4,0.0008,0.00516415
5,0.001,0.00640631
