,Current,Voltage
0,0.0,0.000174046
1,0.0002,0.00201225
2,0.0004,0.003829
3,0.0006,0.00562906
4,0.0008,0.00745058
5,0.001,0.00926256
