,Current,Voltage
0,0.0,0.000355244
1,0.0002,0.010345
2,0.0004,0.0203896
3,0.0006,0.0299311
4,0.0008,0.039494
5,0.001,0.0491953
