,Current,Voltage
0,0.0,0.000200272
1,0.0002,0.00376225
2,0.0004,0.00735998
3,0.0006,0.0108838
4,0.0008,0.0144076
5,0.001,0.0179386
