,Current,Voltage
0,0.0,0.000116825
1,0.0002,0.00128746
2,0.0004,0.0023818
3,0.0006,0.00345707
4,0.0008,0.00454903
5,0.001,0.00565052
