,Current,Voltage
0,0.0,0.000166893
1,0.0002,0.00270128
2,0.0004,0.00514746
3,0.0006,0.00756025
4,0.0008,0.010035
5,0.001,0.0124478
