,Current,Voltage
0,0.0,0.000164509
1,0.0002,0.0033927
2,0.0004,0.0065136
3,0.0006,0.00963926
4,0.0008,0.0128102
5,0.001,0.0159192
