,Current,Voltage
0,0.0,0.000169277
1,0.0002,0.00170708
2,0.0004,0.00319481
3,0.0006,0.00463486
4,0.0008,0.00614643
5,0.001,0.00759125
