,Current,Voltage
0,0.0,0.000200272
1,0.0002,0.00278711
2,0.0004,0.00529051
3,0.0006,0.00778675
4,0.0008,0.0103426
5,0.001,0.0128603
