,Current,Voltage
0,0.0,0.000236034
1,0.0002,0.0052762
2,0.0004,0.0102878
3,0.0006,0.0152183
4,0.0008,0.0201392
5,0.001,0.0250578
