,Current,Voltage
0,0.0,0.000200272
1,0.0002,0.00351429
2,0.0004,0.00683069
3,0.0006,0.0100851
4,0.0008,0.0133801
5,0.001,0.0166345
