,Current,Voltage
0,0.0,0.0117278
1,8e-10,0.031951
2,1.6e-09,0.0521126
3,2.4e-09,0.0722685
4,3.2e-09,0.0924277
5,4e-09,0.112631
