,Current,Voltage
0,0.0,0.00636244
1,8e-10,0.0181062
2,1.6e-09,0.0298648
3,2.4e-09,0.0415976
4,3.2e-09,0.053318
5,4e-09,0.0650733
