,Current,Voltage
0,0.0,0.00336623
1,8e-10,0.00934362
2,1.6e-09,0.0153127
3,2.4e-09,0.0212929
4,3.2e-09,0.0272758
5,4e-09,0.0332463
