,Current,Voltage
0,0.0,9.77516e-05
1,0.0002,0.00118732
2,0.0004,0.00224352
3,0.0006,0.00328064
4,0.0008,0.00433922
5,0.001,0.00539064
