,Current,Voltage
0,0.0,-0.945902
1,0.0002,-0.344086
2,0.0004,0.110896
3,0.0006,0.515478
4,0.0008,0.899611
5,0.001,1.29565
