,Current,Voltage
0,0.0,0.000522137
1,0.0002,0.0183225
2,0.0004,0.0362134
3,0.0006,0.0539684
4,0.0008,0.0718498
5,0.001,0.0895929
