,Current,Voltage
0,0.0,0.000231266
1,0.0002,0.00461102
2,0.0004,0.00902891
3,0.0006,0.0133348
4,0.0008,0.017693
5,0.001,0.0220561
