,Current,Voltage
0,0.0,0.00450611
1,0.0002,0.177808
2,0.0004,0.352657
3,0.0006,0.526211
4,0.0008,0.701134
5,0.001,0.874598
