,Current,Voltage
0,0.0,0.00010252
1,0.0002,0.00033617
2,0.0004,0.000452995
3,0.0006,0.000584126
4,0.0008,0.000734329
5,0.001,0.000901222
