,Current,Voltage
0,0.0,0.0905299
1,0.0002,0.0178981
2,0.0004,0.0353813
3,0.0006,0.0526834
4,0.0008,0.0701332
5,0.001,0.0874639
