,Current,Voltage
0,0.0,0.000150204
1,0.0002,0.00171423
2,0.0004,0.00320911
3,0.0006,0.00471115
4,0.0008,0.0062418
5,0.001,0.00777006
