,Current,Voltage
0,0.0,-1.78774
1,0.0002,-1.38239
2,0.0004,-0.982916
3,0.0006,-0.57411
4,0.0008,-0.142629
5,0.001,10.0019
