,Current,Voltage
0,0.0,0.000734329
1,0.0002,0.027802
2,0.0004,0.0550246
3,0.0006,0.0821161
4,0.0008,0.109448
5,0.001,0.136588
