,Current,Voltage
0,0.0,0.000114441
1,0.0002,0.000455379
2,0.0004,0.00074625
3,0.0006,0.00102997
4,0.0008,0.00128746
5,0.001,0.00159025
