,Current,Voltage
0,0.0,0.00193834
1,0.0002,0.0734782
2,0.0004,0.145178
3,0.0006,0.21647
4,0.0008,0.288444
5,0.001,10.002
