,Current,Voltage
0,0.0,0.000114441
1,0.0002,0.000939369
2,0.0004,0.00174522
3,0.0006,0.00252724
4,0.0008,0.00335217
5,0.001,0.00415802
