{
  "mapping_offsets": [
    0.0,
    1.0,
    2.0,
    3.0,
    4.0,
    5.0,
    6.0
  ],
  "flir_offsets": [
    0,
    15,
    30
  ],
  "spin_speed": {
    "min": 100.0,
    "max": 3800.0,
    "value": {
      "0": 1000,
      "1": 1000,
      "2": 1000,
      "3": 1000,
      "4": 1000,
      "5": 1000,
      "6": 1000,
      "7": 1000,
      "8": 1000,
      "9": 1000,
      "10": 1000,
      "11": 1000,
      "12": 1000,
      "13": 1000,
      "14": 1000,
      "15": 1000,
      "16": 1000,
      "17": 1000,
      "18": 1000
    },
    "units": "RPM",
    "optimize_with_chem_os": false
  },
  "spin_time": {
    "min": 10.0,
    "max": 120.0,
    "value": {
      "0": 60,
      "1": 60,
      "2": 60,
      "3": 60,
      "4": 60,
      "5": 60,
      "6": 60,
      "7": 60,
      "8": 60,
      "9": 60,
      "10": 60,
      "11": 60,
      "12": 60,
      "13": 60,
      "14": 60,
      "15": 60,
      "16": 60,
      "17": 60,
      "18": 60
    },
    "units": "s",
    "optimize_with_chem_os": false
  },
  "dispense_volume": {
    "min": 0.001,
    "max": 1.0,
    "value": 0.1,
    "units": "mL",
    "optimize_with_chem_os": false
  },
  "campaign_dispensed_amounts": {
    "spiro": {
      "chemical_name": "Spiro",
      "varied": false,
      "value": 0.10499999999999998,
      "units": "mg",
      "metadata": {
        "molar_weight_ mg": 1225.43,
        "concentration_mg_ml": 50,
        "requested_param": null,
        "requested_vol": 0.13222304833274953
      }
    },
    "cobalt": {
      "chemical_name": "FK102",
      "varied": true,
      "value": 0.05970000000000031,
      "units": "mg",
      "metadata": {
        "molar_weight_ mg": 1334.86,
        "concentration_mg_ml": 50,
        "requested_param": null,
        "requested_vol": 0.0761102850005838
      }
    },
    "tbp": {
      "chemical_name": "tBP",
      "varied": false,
      "value": 0.03049999999999997,
      "units": "mg",
      "metadata": {
        "molar_weight_ mg": 135.21,
        "concentration_mg_ml": 50,
        "requested_param": null,
        "requested_vol": 0.04166666666666666
      }
    },
    "annealing": {
      "varied": true,
      "value": 88.66044759750366,
      "units": "s",
      "metadata": {}
    }
  },
  "properties": {
    "measurement_0": 3.7341747331183545e-07,
    "measurement_1": 3.119325168985093e-07,
    "measurement_2": 0.0,
    "measurement_3": 0.0,
    "measurement_4": 0.0,
    "measurement_5": 0.0,
    "measurement_6": 0.0,
    "measurement_mean": 9.790714145862068e-08
  },
  "active_parameters_pickle_file": {
    "filename": "not yet defined"
  },
  "processes": {
    "x0": 0.4088933985145071,
    "x1": 0.38691145181655884
  },
  "chemOS": {
    "requested_params": {
      "x0": 0.5284318327903748,
      "x1": 0.36941853165626526
    },
    "output_for_previous": {
      "campaign_name": "pseudomobility",
      "session_id": "9d97a479-d129-410e-a3ee-9c638411253c",
      "experiment_id": "1a29c495-5ce3-4e21-8fdb-2e306e5772cc",
      "execution_id": "b618c998",
      "robot_id": "7fed69c8",
      "processes": {
        "x0": 0.4088933985145071,
        "x1": 0.38691145181655884
      },
      "properties": {
        "measurement_0": 3.7341747331183545e-07,
        "measurement_1": 3.119325168985093e-07,
        "measurement_2": 0.0,
        "measurement_3": 0.0,
        "measurement_4": 0.0,
        "measurement_5": 0.0,
        "measurement_6": 0.0,
        "measurement_mean": 9.790714145862068e-08
      }
    }
  },
  "operator_name": "Ray",
  "operator_comment": "chemos optimization Co anneal mean Ps"
}