,Current,Voltage
0,0.0,0.0127506
1,8e-10,0.0351598
2,1.6e-09,0.0574884
3,2.4e-09,0.0798349
4,3.2e-09,0.102107
5,4e-09,0.124439
