,Current,Voltage
0,0.0,0.00474739
1,8e-10,0.012748
2,1.6e-09,0.020736
3,2.4e-09,0.0287185
4,3.2e-09,0.0367208
5,4e-09,0.0447054
