,Current,Voltage
0,0.0,0.00428224
1,8e-10,0.0106912
2,1.6e-09,0.017097
3,2.4e-09,0.0234947
4,3.2e-09,0.0299058
5,4e-09,0.0362864
