,Current,Voltage
0,0.0,0.000152588
1,0.0002,0.00144243
2,0.0004,0.00267982
3,0.0006,0.00389576
4,0.0008,0.0051713
5,0.001,0.00643253
