,Current,Voltage
0,0.0,0.000145435
1,0.0002,0.00148058
2,0.0004,0.00271797
3,0.0006,0.0039649
4,0.0008,0.00518084
5,0.001,0.00644684
