,Current,Voltage
0,0.0,0.000157356
1,0.0002,0.00202417
2,0.0004,0.00384331
3,0.0006,0.0056839
4,0.0008,0.00748634
5,0.001,0.00931978
