,Current,Voltage
0,0.0,0.000157356
1,0.0002,0.00159502
2,0.0004,0.00301361
3,0.0006,0.00438929
4,0.0008,0.00575542
5,0.001,0.00713348
