,Current,Voltage
0,0.0,0.000138283
1,0.0002,0.00181437
2,0.0004,0.00339746
3,0.0006,0.00504255
4,0.0008,0.00661612
5,0.001,0.00822783
