,Current,Voltage
0,0.0,0.000145435
1,0.0002,0.00146151
2,0.0004,0.00271082
3,0.0006,0.00399351
4,0.0008,0.00522375
5,0.001,0.00650406
