,Current,Voltage
0,0.0,0.000145435
1,0.0002,0.00154495
2,0.0004,0.00292301
3,0.0006,0.00426769
4,0.0008,0.00564098
5,0.001,0.00700235
