,Current,Voltage
0,0.0,0.000174046
1,0.0002,0.00212431
2,0.0004,0.00404119
3,0.0006,0.00596762
4,0.0008,0.00788689
5,0.001,0.00976801
