,Current,Voltage
0,0.0,0.000143051
1,0.0002,0.00141144
2,0.0004,0.00260592
3,0.0006,0.00373602
4,0.0008,0.0049448
5,0.001,0.00613689
