,Current,Voltage
0,0.0,0.000164509
1,0.0002,0.00165939
2,0.0004,0.00312567
3,0.0006,0.00460863
4,0.0008,0.00608683
5,0.001,0.00755787
