,Current,Voltage
0,0.0,0.000166893
1,0.0002,0.00152588
2,0.0004,0.00287056
3,0.0006,0.00417709
4,0.0008,0.00549316
5,0.001,0.00681877
