,Current,Voltage
0,0.0,0.000150204
1,0.0002,0.00133753
2,0.0004,0.00248671
3,0.0006,0.00359297
4,0.0008,0.00472307
5,0.001,0.00588179
