,Current,Voltage
0,0.0,0.000181198
1,0.0002,0.00174284
2,0.0004,0.00325918
3,0.0006,0.00477791
4,0.0008,0.00634432
5,0.001,0.00780582
