,Current,Voltage
0,0.0,0.000195503
1,0.0002,0.00170946
2,0.0004,0.00323772
3,0.0006,0.00473976
4,0.0008,0.00622034
5,0.001,0.00775814
