,Current,Voltage
0,0.0,0.000154972
1,0.0002,0.00191927
2,0.0004,0.00361443
3,0.0006,0.0052762
4,0.0008,0.00697374
5,0.001,0.00866413
