,Current,Voltage
0,0.0,0.000119209
1,0.0002,0.00161409
2,0.0004,0.00305891
3,0.0006,0.00452995
4,0.0008,0.0059557
5,0.001,0.00740051
