,Current,Voltage
0,0.0,0.000116825
1,0.0002,0.00130177
2,0.0004,0.0024128
3,0.0006,0.00355721
4,0.0008,0.00464439
5,0.001,0.00575304
