,Current,Voltage
0,0.0,0.00013113
1,0.0002,0.00151157
2,0.0004,0.00283241
3,0.0006,0.00413418
4,0.0008,0.00548601
5,0.001,0.0067687
