,Current,Voltage
0,0.0,0.00015974
1,0.0002,0.00141144
2,0.0004,0.00259876
3,0.0006,0.00375986
4,0.0008,0.00495195
5,0.001,0.00612974
