,Current,Voltage
0,0.0,0.000140667
1,0.0002,0.00152826
2,0.0004,0.00282288
3,0.0006,0.00411749
4,0.0008,0.0054431
5,0.001,0.00671864
