,Current,Voltage
0,0.0,0.000183582
1,0.0002,0.00213623
2,0.0004,0.00404119
3,0.0006,0.00600576
4,0.0008,0.00794649
5,0.001,0.00981331
