,Current,Voltage
0,0.0,0.000174046
1,0.0002,0.00249386
2,0.0004,0.00478506
3,0.0006,0.00700712
4,0.0008,0.00929117
5,0.001,0.011518
