,Current,Voltage
0,0.0,0.000178814
1,0.0002,0.00156641
2,0.0004,0.00285864
3,0.0006,0.00418186
4,0.0008,0.00548363
5,0.001,0.00684261
