,Current,Voltage
0,0.0,0.00014782
1,0.0002,0.00149012
2,0.0004,0.00282288
3,0.0006,0.00414371
4,0.0008,0.00546217
5,0.001,0.0067997
