,Current,Voltage
0,0.0,0.000240803
1,0.0002,0.00567198
2,0.0004,0.0111079
3,0.0006,0.01652
4,0.0008,0.0219417
5,0.001,0.0273275
