,Current,Voltage
0,0.0,0.000188351
1,0.0002,0.00130653
2,0.0004,0.00243425
3,0.0006,0.00354767
4,0.0008,0.00466585
5,0.001,0.00579119
