,Current,Voltage
0,0.0,0.000150204
1,0.0002,0.00146866
2,0.0004,0.00271559
3,0.0006,0.00395775
4,0.0008,0.00520706
5,0.001,0.00640631
