,Current,Voltage
0,0.0,0.000116825
1,0.0002,0.00139713
2,0.0004,0.00257254
3,0.0006,0.00379324
4,0.0008,0.00501871
5,0.001,0.00624657
