,Current,Voltage
0,0.0,0.00015974
1,0.0002,0.00158548
2,0.0004,0.00292301
3,0.0006,0.00429153
4,0.0008,0.00565529
5,0.001,0.00701904
