,Current,Voltage
0,0.0,0.00441194
1,8e-10,0.0114608
2,1.6e-09,0.0184934
3,2.4e-09,0.0255167
4,3.2e-09,0.0325596
5,4e-09,0.039597
