,Current,Voltage
0,0.0,0.000171661
1,0.0002,0.00409126
2,0.0004,0.00796795
3,0.0006,0.0117993
4,0.0008,0.0156951
5,0.001,0.0195432
