,Current,Voltage
0,0.0,0.00074625
1,0.0002,0.0284982
2,0.0004,0.0564528
3,0.0006,0.0841355
4,0.0008,0.112066
5,0.001,0.139701
