,Current,Voltage
0,0.0,0.000267029
1,0.0002,0.00629902
2,0.0004,0.0123048
3,0.0006,0.0183296
4,0.0008,0.0243354
5,0.001,0.0302839
