,Current,Voltage
0,0.0,0.000154972
1,0.0002,0.00251532
2,0.0004,0.00486612
3,0.0006,0.00717163
4,0.0008,0.00952244
5,0.001,0.0118542
