,Current,Voltage
0,0.0,0.00015974
1,0.0002,0.00211716
2,0.0004,0.00394821
3,0.0006,0.00592709
4,0.0008,0.0079155
5,0.001,0.00988245
