,Current,Voltage
0,0.0,0.000264645
1,0.0002,0.00618458
2,0.0004,0.012579
3,0.0006,0.0186157
4,0.0008,0.02491
5,0.001,0.0309062
