,Current,Voltage
0,0.0,0.000832081
1,0.0002,0.0312066
2,0.0004,0.0618339
3,0.0006,0.0921535
4,0.0008,0.1228
5,0.001,0.153141
