,Current,Voltage
0,0.0,0.000162125
1,0.0002,0.00397444
2,0.0004,0.00778913
3,0.0006,0.0115108
4,0.0008,0.0153136
5,0.001,0.0190878
