,Current,Voltage
0,0.0,0.000276566
1,0.0002,0.00665665
2,0.0004,0.0130892
3,0.0006,0.0193882
4,0.0008,0.0257611
5,0.001,0.0321007
