,Current,Voltage
0,0.0,0.000576973
1,0.0002,0.0188065
2,0.0004,0.0371885
3,0.0006,0.0553489
4,0.0008,0.0736976
5,0.001,0.0918031
