,Current,Voltage
0,0.0,0.000112057
1,0.0002,0.00124931
2,0.0004,0.00235796
3,0.0006,0.00339508
4,0.0008,0.00449896
5,0.001,0.00551224
