,Current,Voltage
0,0.0,0.00068903
1,0.0002,0.0249958
2,0.0004,0.0494504
3,0.0006,0.0737095
4,0.0008,0.0981188
5,0.001,0.122325
