,Current,Voltage
0,0.0,0.000202656
1,0.0002,0.00500917
2,0.0004,0.00977755
3,0.0006,0.0145411
4,0.0008,0.0193286
5,0.001,0.0240684
