,Current,Voltage
0,0.0,0.000331402
1,0.0002,0.00941753
2,0.0004,0.018847
3,0.0006,0.0279069
4,0.0008,0.0371313
5,0.001,0.0459743
