,Current,Voltage
0,0.0,0.000195503
1,0.0002,0.00581741
2,0.0004,0.0114155
3,0.0006,0.0169349
4,0.0008,0.0225258
5,0.001,0.0280643
