,Current,Voltage
0,0.0,0.000212193
1,0.0002,0.00509977
2,0.0004,0.00992775
3,0.0006,0.0147414
4,0.0008,0.019567
5,0.001,0.0244546
