,Current,Voltage
0,0.0,0.000269413
1,0.0002,0.00582218
2,0.0004,0.0113821
3,0.0006,0.0169039
4,0.0008,0.0224638
5,0.001,0.0279427
