,Current,Voltage
0,0.0,0.000476837
1,0.0002,0.0156212
2,0.0004,0.0309563
3,0.0006,0.0460958
4,0.0008,0.0626779
5,0.001,0.078156
