,Current,Voltage
0,0.0,0.000216961
1,0.0002,0.00543833
2,0.0004,0.0106502
3,0.0006,0.0158143
4,0.0008,0.0209904
5,0.001,0.0261974
