,Current,Voltage
0,0.0,0.00020504
1,0.0002,0.00406027
2,0.0004,0.00790596
3,0.0006,0.0117326
4,0.0008,0.0155377
5,0.001,0.0193691
