,Current,Voltage
0,0.0,0.00023365
1,0.0002,0.00534296
2,0.0004,0.0104237
3,0.0006,0.0154066
4,0.0008,0.0205088
5,0.001,0.025475
