,Current,Voltage
0,0.0,9.29832e-05
1,0.0002,0.000946522
2,0.0004,0.00174761
3,0.0006,0.00260115
4,0.0008,0.00341654
5,0.001,0.00418425
