,Current,Voltage
0,0.0,0.000507832
1,0.0002,0.0174713
2,0.0004,0.0346255
3,0.0006,0.0515294
4,0.0008,0.0687695
5,0.001,0.0857496
