,Current,Voltage
0,0.0,0.000224113
1,0.0002,0.00475645
2,0.0004,0.00924587
3,0.0006,0.0137234
4,0.0008,0.0182295
5,0.001,0.0226998
