,Current,Voltage
0,0.0,0.000340939
1,0.0002,0.0114179
2,0.0004,0.0224519
3,0.0006,0.0334573
4,0.0008,0.0445533
5,0.001,0.0555182
