,Current,Voltage
0,0.0,0.000634193
1,0.0002,0.021286
2,0.0004,0.0420117
3,0.0006,0.0626206
4,0.0008,0.0834179
5,0.001,0.103827
