,Current,Voltage
0,0.0,0.000140667
1,0.0002,0.00333786
2,0.0004,0.00635624
3,0.0006,0.00941277
4,0.0008,0.0125074
5,0.001,0.015552
