,Current,Voltage
0,0.0,0.00077486
1,0.0002,0.0240278
2,0.0004,0.0482655
3,0.0006,0.187693
4,0.0008,0.0965977
5,0.001,0.10855
