,Current,Voltage
0,0.0,0.000231266
1,0.0002,0.00556231
2,0.0004,0.0108624
3,0.0006,0.0161004
4,0.0008,0.021379
5,0.001,0.026648
