,Current,Voltage
0,0.0,0.000455379
1,0.0002,0.0144386
2,0.0004,0.0285029
3,0.0006,0.0424099
4,0.0008,0.0564265
5,0.001,0.070374
