,Current,Voltage
0,0.0,0.000319481
1,0.0002,0.00889301
2,0.0004,0.0174809
3,0.0006,0.0259018
4,0.0008,0.0344753
5,0.001,0.0429535
