,Current,Voltage
0,0.0,0.000309944
1,0.0002,0.00796318
2,0.0004,0.0156212
3,0.0006,0.023222
4,0.0008,0.0308824
5,0.001,0.0384879
