,Current,Voltage
0,0.0,0.000290871
1,0.0002,0.00857592
2,0.0004,0.0169063
3,0.0006,0.0251031
4,0.0008,0.033412
5,0.001,0.0416279
