,Current,Voltage
0,0.0,0.000739098
1,0.0002,0.0235605
2,0.0004,0.0465703
3,0.0006,0.0693798
4,0.0008,0.09238
5,0.001,0.115132
