,Current,Voltage
0,0.0,0.000236034
1,0.0002,0.00482798
2,0.0004,0.00944376
3,0.0006,0.0139761
4,0.0008,0.0185728
5,0.001,0.0231123
