,Current,Voltage
0,0.0,0.000481606
1,0.0002,0.0133204
2,0.0004,0.0261736
3,0.0006,0.0389051
4,0.0008,0.051775
5,0.001,0.064559
