,Current,Voltage
0,0.0,0.000269413
1,0.0002,0.0060606
2,0.0004,0.0118089
3,0.0006,0.0175428
4,0.0008,0.0233316
5,0.001,0.0290275
