,Current,Voltage
0,0.0,0.000238419
1,0.0002,0.00383615
2,0.0004,0.00739098
3,0.0006,0.0109458
4,0.0008,0.0145149
5,0.001,0.0181055
