,Current,Voltage
0,0.0,0.000424385
1,0.0002,1.73411
2,0.0004,7.87595
3,0.0006,10.0021
4,0.0008,10.0019
5,0.001,10.0019
