,Current,Voltage
0,0.0,0.000221729
1,0.0002,0.00681162
2,0.0004,0.0133729
3,0.0006,0.0199103
4,0.0008,0.0265169
5,0.001,0.0329757
