,Current,Voltage
0,0.0,0.000195503
1,0.0002,0.00381708
2,0.0004,0.00742197
3,0.0006,0.0109744
4,0.0008,0.0145459
5,0.001,0.0180888
