,Current,Voltage
0,0.0,0.000579357
1,0.0002,0.0171423
2,0.0004,0.0337839
3,0.0006,0.0503135
4,0.0008,0.0669622
5,0.001,0.0834894
