,Current,Voltage
0,0.0,0.000269413
1,0.0002,0.00855684
2,0.0004,0.0167871
3,0.0006,0.0249481
4,0.0008,0.0332165
5,0.001,0.0413203
