,Current,Voltage
0,0.0,0.000557899
1,0.0002,0.0183272
2,0.0004,0.036242
3,0.0006,0.0539374
4,0.0008,0.0718427
5,0.001,0.0895596
