,Current,Voltage
0,0.0,0.000505447
1,0.0002,0.0160956
2,0.0004,0.031724
3,0.0006,0.047276
4,0.0008,0.0629473
5,0.001,0.0784683
