,Current,Voltage
0,0.0,0.000126362
1,0.0002,0.00290632
2,0.0004,0.00557899
3,0.0006,0.00825882
4,0.0008,0.0109506
5,0.001,0.0136423
