,Current,Voltage
0,0.0,0.000491142
1,0.0002,0.0138664
2,0.0004,0.0272441
3,0.0006,0.966375
4,0.0008,2.84014
5,0.001,1.16167
