,Current,Voltage
0,0.0,0.000574589
1,0.0002,0.0181437
2,0.0004,0.035913
3,0.0006,0.0534725
4,0.0008,0.0712562
5,0.001,0.0888515
