,Current,Voltage
0,0.0,0.000581741
1,0.0002,0.0191021
2,0.0004,0.0378132
3,0.0006,0.0563169
4,0.0008,0.0749803
5,0.001,0.0934958
