,Current,Voltage
0,0.0,0.000150204
1,0.0002,0.00335455
2,0.0004,0.00646114
3,0.0006,0.00953197
4,0.0008,0.0126505
5,0.001,0.0157952
