,Current,Voltage
0,0.0,0.000367165
1,0.0002,0.0113058
2,0.0004,0.0222611
3,0.0006,0.0331211
4,0.0008,0.044117
5,0.001,0.0550032
