,Current,Voltage
0,0.0,0.00033617
1,0.0002,0.00902891
2,0.0004,0.0177169
3,0.0006,0.0263333
4,0.0008,0.0349665
5,0.001,0.0435877
