,Current,Voltage
0,0.0,0.00396442
1,8e-10,0.011152
2,1.6e-09,0.0183513
3,2.4e-09,0.0255396
4,3.2e-09,0.032759
5,4e-09,0.0399301
