,Current,Voltage
0,0.0,-1.2953
1,0.0002,-0.783496
2,0.0004,-0.281987
3,0.0006,0.22126
4,0.0008,0.734842
5,0.001,1.25314
