,Current,Voltage
0,0.0,-0.282087
1,0.0002,-0.196974
2,0.0004,-0.116093
3,0.0006,-0.0400972
4,0.0008,0.0326538
5,0.001,0.101364
