,Current,Voltage
0,0.0,0.000281334
1,0.0002,0.00744581
2,0.0004,0.0146794
3,0.0006,0.0217438
4,0.0008,0.0289536
5,0.001,0.0360084
