,Current,Voltage
0,0.0,0.000152588
1,0.0002,0.00167608
2,0.0004,0.00309944
3,0.0006,0.00458002
4,0.0008,0.00607729
5,0.001,0.00746012
