,Current,Voltage
0,0.0,0.00010252
1,0.0002,0.00217199
2,0.0004,0.00413895
3,0.0006,0.00611782
4,0.0008,0.00807762
5,0.001,0.0100303
