,Current,Voltage
0,0.0,0.000112057
1,0.0002,0.00160456
2,0.0004,0.00306129
3,0.0006,0.00450373
4,0.0008,0.00596285
5,0.001,0.00737429
