,Current,Voltage
0,0.0,0.00014782
1,0.0002,0.00189781
2,0.0004,0.00360966
3,0.0006,0.0053072
4,0.0008,0.00699759
5,0.001,0.00870943
