,Current,Voltage
0,0.0,0.000154972
1,0.0002,0.00164509
2,0.0004,0.00316143
3,0.0006,0.00460148
4,0.0008,0.00613928
5,0.001,0.00757694
