,Current,Voltage
0,0.0,0.000138283
1,0.0002,0.00153065
2,0.0004,0.00285864
3,0.0006,0.00419855
4,0.0008,0.00554323
5,0.001,0.00688791
