,Current,Voltage
0,0.0,0.000121593
1,0.0002,0.00206709
2,0.0004,0.00396252
3,0.0006,0.0058198
4,0.0008,0.00773668
5,0.001,0.00961304
