,Current,Voltage
0,0.0,0.000123978
1,0.0002,0.00185013
2,0.0004,0.396245
3,0.0006,2.29302
4,0.0008,4.3726
5,0.001,6.4322
