,Current,Voltage
0,0.0,9.29832e-05
1,0.0002,0.00204802
2,0.0004,0.00390291
3,0.0006,0.00577927
4,0.0008,0.00766039
5,0.001,0.00952482
