,Current,Voltage
0,0.0,0.000221729
1,0.0002,0.00439882
2,0.0004,0.00859737
3,0.0006,0.874357
4,0.0008,2.21462
5,0.001,3.81415
