,Current,Voltage
0,0.0,0.000145435
1,0.0002,0.00195026
2,0.0004,0.00368834
3,0.0006,0.00542164
4,0.0008,0.00720263
5,0.001,0.00893354
