,Current,Voltage
0,0.0,0.000112057
1,0.0002,0.00153065
2,0.0004,0.00292063
3,0.0006,0.00424862
4,0.0008,0.00559092
5,0.001,0.00691891
