,Current,Voltage
0,0.0,8.10623e-05
1,0.0002,0.00183344
2,0.0004,0.00351906
3,0.0006,0.00517607
4,0.0008,0.00689983
5,0.001,0.00852823
