,Current,Voltage
0,0.0,0.000221729
1,0.0002,0.00435829
2,0.0004,0.00853539
3,0.0006,0.0125742
4,0.0008,0.0167346
5,0.001,0.0208569
