,Current,Voltage
0,0.0,0.000104904
1,0.0002,0.00108719
2,0.0004,0.00202179
3,0.0006,0.00295162
4,0.0008,0.00392914
5,0.001,0.00484705
