,Current,Voltage
0,0.0,0.000140667
1,0.0002,0.00166416
2,0.0004,0.00310421
3,0.0006,0.00455379
4,0.0008,0.00604153
5,0.001,0.0075388
