,Current,Voltage
0,0.0,0.00010252
1,0.0002,0.00117064
2,0.0004,0.00213861
3,0.0006,0.00309944
4,0.0008,0.0041008
5,0.001,0.00506163
