,Current,Voltage
0,0.0,0.000100136
1,0.0002,0.00158787
2,0.0004,0.00301123
3,0.0006,0.00442982
4,0.0008,0.00586271
5,0.001,0.00729799
