,Current,Voltage
0,0.0,0.000107288
1,0.0002,0.00145197
2,0.0004,0.00270605
3,0.0006,0.00397205
4,0.0008,0.00521421
5,0.001,0.00647306
