,Current,Voltage
0,0.0,0.000183582
1,0.0002,0.0024724
2,0.0004,0.00478506
3,0.0006,0.00703573
4,0.0008,0.0862384
5,0.001,1.01298
