,Current,Voltage
0,0.0,0.000104904
1,0.0002,0.00144005
2,0.0004,0.00268698
3,0.0006,0.00397444
4,0.0008,0.0052309
5,0.001,0.00652552
