,Current,Voltage
0,0.0,0.000166893
1,0.0002,0.00174046
2,0.0004,0.00329494
3,0.0006,0.00485182
4,0.0008,0.00638247
5,0.001,0.00793934
