,Current,Voltage
0,0.0,0.000178814
1,0.0002,0.0018549
2,0.0004,0.003438
3,0.0006,0.00505209
4,0.0008,0.00664473
5,0.001,0.00827551
