,Current,Voltage
0,0.0,0.000114441
1,0.0002,0.00170708
2,0.0004,0.00325918
3,0.0006,0.00481606
4,0.0008,0.00633478
5,0.001,0.0079155
