,Current,Voltage
0,0.0,0.000152588
1,0.0002,0.00161409
2,0.0004,0.00304461
3,0.0006,0.00444651
4,0.0008,0.00588417
5,0.001,0.00730276
