,Current,Voltage
0,0.0,0.000112057
1,0.0002,0.00168562
2,0.0004,0.00324965
3,0.0006,0.00473499
4,0.0008,0.00626802
5,0.001,0.00776291
