,Current,Voltage
0,0.0,0.000126362
1,0.0002,0.00163794
2,0.0004,0.00316858
3,0.0006,0.004673
4,0.0008,0.00618935
5,0.001,0.0077033
