,Current,Voltage
0,0.0,0.00014782
1,0.0002,0.00130177
2,0.0004,0.00244379
3,0.0006,0.00356913
4,0.0008,0.00470638
5,0.001,0.00581264
