,Current,Voltage
0,0.0,-4.05312e-05
1,0.0002,0.00216484
2,0.0004,0.00393629
3,0.0006,0.00559807
4,0.0008,0.00723839
5,0.001,0.00885248
