,Current,Voltage
0,0.0,0.000126362
1,0.0002,0.00180721
2,0.0004,0.00343561
3,0.0006,0.00509501
4,0.0008,0.00674009
5,0.001,0.00836611
