,Current,Voltage
0,0.0,0.000874996
1,0.0002,0.00126839
2,0.0004,0.00240564
3,0.0006,0.0034976
4,0.0008,0.0046134
5,0.001,0.00568151
