,Current,Voltage
0,0.0,0.000178814
1,0.0002,0.00234127
2,0.0004,0.00449896
3,0.0006,0.00665665
4,0.0008,0.00878811
5,0.001,0.0109577
