,Current,Voltage
0,0.0,0.000138283
1,0.0002,0.00144482
2,0.0004,0.00273228
3,0.0006,0.00403643
4,0.0008,0.00533581
5,0.001,0.00659466
