,Current,Voltage
0,0.0,0.000135899
1,0.0002,0.00162363
2,0.0004,0.00312805
3,0.0006,0.00458241
4,0.0008,0.00602245
5,0.001,0.00749588
