,Current,Voltage
0,0.0,0.00010252
1,0.0002,0.00166893
2,0.0004,0.00318527
3,0.0006,0.00470638
4,0.0008,0.00620365
5,0.001,0.00767469
