,Current,Voltage
0,0.0,0.000154972
1,0.0002,0.00191212
2,0.0004,0.00362396
3,0.0006,0.00534058
4,0.0008,0.00706434
5,0.001,0.00874758
