,Current,Voltage
0,0.0,0.004673
1,8e-10,0.0124433
2,1.6e-09,0.0202162
3,2.4e-09,0.0279691
4,3.2e-09,0.0357366
5,4e-09,0.0434854
