,Current,Voltage
0,0.0,0.000128746
1,0.0002,0.00251055
2,0.0004,0.0048089
3,0.0006,0.00710487
4,0.0008,0.00943661
5,0.001,0.0117302
