,Current,Voltage
0,0.0,0.000114441
1,0.0002,0.0014472
2,0.0004,0.00274658
3,0.0006,0.00399351
4,0.0008,0.0052619
5,0.001,0.00654459
