,Current,Voltage
0,0.0,0.000162125
1,0.0002,0.00287533
2,0.0004,0.00559568
3,0.0006,0.0082612
4,0.0008,0.0109386
5,0.001,0.013597
