,Current,Voltage
0,0.0,0.000183582
1,0.0002,0.00220537
2,0.0004,0.00424147
3,0.0006,0.00620365
4,0.0008,0.00824928
5,0.001,0.0101972
