,Current,Voltage
0,0.0,0.000169277
1,0.0002,0.00207424
2,0.0004,0.00390768
3,0.0006,0.00574827
4,0.0008,0.0075388
5,0.001,0.00938654
