,Current,Voltage
0,0.0,0.000195503
1,0.0002,0.00269175
2,0.0004,0.00519991
3,0.0006,0.00772715
4,0.0008,0.0101948
5,0.001,0.0126886
