,Current,Voltage
0,0.0,0.000302792
1,0.0002,0.00783443
2,0.0004,0.0153756
3,0.0006,0.0228477
4,0.0008,10.0022
5,0.001,10.0022
