,Current,Voltage
0,0.0,0.000238419
1,0.0002,0.00442982
2,0.0004,0.00860214
3,0.0006,0.0127602
4,0.0008,0.016911
5,0.001,0.02105
