,Current,Voltage
0,0.0,0.000195503
1,0.0002,0.00201941
2,0.0004,0.0037837
3,0.0006,0.00562191
4,0.0008,0.00738382
5,0.001,0.00915051
