,Current,Voltage
0,0.0,0.000264645
1,0.0002,0.00459909
2,0.0004,0.00889063
3,0.0006,0.0131273
4,0.0008,0.0174761
5,0.001,0.0217366
