,Current,Voltage
0,0.0,0.000107288
1,0.0002,0.00177383
2,0.0004,0.00344276
3,0.0006,0.00504494
4,0.0008,0.0067091
5,0.001,0.00833273
