,Current,Voltage
0,0.0,0.000164509
1,0.0002,0.00218868
2,0.0004,0.00418186
3,0.0006,0.0061512
4,0.0008,0.00817299
5,0.001,0.0101686
