,Current,Voltage
0,0.0,0.000133514
1,0.0002,0.00167847
2,0.0004,0.00320673
3,0.0006,0.00467777
4,0.0008,0.0062108
5,0.001,0.00769377
