,Current,Voltage
0,0.0,0.000150204
1,0.0002,0.00151157
2,0.0004,0.00289202
3,0.0006,0.00416279
4,0.0008,0.00551701
5,0.001,0.006845
