,Current,Voltage
0,0.0,0.000138283
1,0.0002,0.000851154
2,0.0004,0.00153542
3,0.0006,0.00221491
4,0.0008,0.0029254
5,0.001,0.00360966
