,Current,Voltage
0,0.0,0.000231266
1,0.0002,0.00518799
2,0.0004,0.0100803
3,0.0006,0.0149322
4,0.0008,0.0198293
5,0.001,0.0246954
