,Current,Voltage
0,0.0,0.000123978
1,0.0002,0.00137806
2,0.0004,0.0026083
3,0.0006,0.00378132
4,0.0008,0.00499725
5,0.001,0.00619411
