,Current,Voltage
0,0.0,0.000226498
1,0.0002,0.00458717
2,0.0004,0.00891209
3,0.0006,0.0132251
4,0.0008,0.0175238
5,0.001,0.0217891
