,Current,Voltage
0,0.0,0.000133514
1,0.0002,0.0014472
2,0.0004,0.00271559
3,0.0006,0.00396729
4,0.0008,0.00522614
5,0.001,0.00648499
