,Current,Voltage
0,0.0,0.000188351
1,0.0002,0.00384569
2,0.0004,0.00742197
3,0.0006,0.010941
4,0.0008,0.0145578
5,0.001,0.0181127
