,Current,Voltage
0,0.0,0.000121593
1,0.0002,0.00228167
2,0.0004,0.00443697
3,0.0006,0.00651836
4,0.0008,0.00865698
5,0.001,0.0107503
