,Current,Voltage
0,0.0,0.000116825
1,0.0002,0.00192642
2,0.0004,0.00370979
3,0.0006,0.00540733
4,0.0008,0.00718594
5,0.001,0.00896692
