,Current,Voltage
0,0.0,0.000143051
1,0.0002,0.00142574
2,0.0004,0.00268221
3,0.0006,0.00386238
4,0.0008,0.00509739
5,0.001,0.00633478
