,Current,Voltage
0,0.0,0.00667405
1,8e-10,0.0193889
2,1.6e-09,0.0321186
3,2.4e-09,0.0448432
4,3.2e-09,0.0575387
5,4e-09,0.0702548
