,Current,Voltage
0,0.0,0.000193119
1,0.0002,0.00196218
2,0.0004,0.00370741
3,0.0006,0.00543356
4,0.0008,0.00718117
5,0.001,0.00893354
