,Current,Voltage
0,0.0,0.000202656
1,0.0002,0.00312328
2,0.0004,0.00597
3,0.0006,0.00879049
4,0.0008,0.0116682
5,0.001,0.0144672
