,Current,Voltage
0,0.0,0.000107288
1,0.0002,0.00196218
2,0.0004,0.00371695
3,0.0006,0.00538111
4,0.0008,0.00716209
5,0.001,0.00891209
