,Current,Voltage
0,0.0,0.000152588
1,0.0002,0.0026989
2,0.0004,0.00518084
3,0.0006,0.00763655
4,0.0008,0.0101113
5,0.001,0.0125647
