,Current,Voltage
0,0.0,0.00014782
1,0.0002,0.00293493
2,0.0004,0.00568628
3,0.0006,0.00839472
4,0.0008,0.0111365
5,0.001,0.0138617
