,Current,Voltage
0,0.0,0.00010252
1,0.0002,0.00226021
2,0.0004,0.00429392
3,0.0006,0.00627518
4,0.0008,0.0083065
5,0.001,0.0103331
