,Current,Voltage
0,0.0,0.000209808
1,0.0002,0.00324249
2,0.0004,0.00624657
3,0.0006,0.00922441
4,0.0008,0.0122809
5,0.001,0.0152087
