,Current,Voltage
0,0.0,0.000145435
1,0.0002,0.00263691
2,0.0004,0.00507355
3,0.0006,0.00749588
4,0.0008,0.00993729
5,0.001,0.0123477
