,Current,Voltage
0,0.0,0.000171661
1,0.0002,0.00353336
2,0.0004,0.00687838
3,0.0006,0.0101948
4,0.0008,0.0135398
5,0.001,0.016861
