,Current,Voltage
0,0.0,-1.37603
1,0.0002,-1.32507
2,0.0004,-1.27473
3,0.0006,-1.22466
4,0.0008,-1.17423
5,0.001,-1.12428
