,Current,Voltage
0,0.0,0.000162125
1,0.0002,0.00272036
2,0.0004,0.00523329
3,0.0006,0.00773191
4,0.0008,0.0102401
5,0.001,0.0127482
