,Current,Voltage
0,0.0,0.000138283
1,0.0002,0.00272512
2,0.0004,0.00528336
3,0.0006,0.00778675
4,0.0008,0.0103498
5,0.001,0.0128722
