,Current,Voltage
0,0.0,-1.02936
1,0.0002,-0.70694
2,0.0004,-0.493543
3,0.0006,-0.379002
4,0.0008,-0.298429
5,0.001,-0.229652
