,Current,Voltage
0,0.0,-1.47727
1,0.0002,-1.42792
2,0.0004,-1.36921
3,0.0006,-1.31115
4,0.0008,-1.25283
5,0.001,-1.19493
