,Current,Voltage
0,0.0,0.000169277
1,0.0002,0.00261068
2,0.0004,0.00501156
3,0.0006,0.00742197
4,0.0008,0.00978947
5,0.001,0.0121546
