,Current,Voltage
0,0.0,0.000112057
1,0.0002,0.0018692
2,0.0004,0.00356674
3,0.0006,0.00529289
4,0.0008,0.00693798
5,0.001,0.00863075
