,Current,Voltage
0,0.0,0.000135899
1,0.0002,0.00207663
2,0.0004,0.00402689
3,0.0006,0.00591516
4,0.0008,0.00779867
5,0.001,0.0096941
