,Current,Voltage
0,0.0,-0.000326633
1,0.0002,0.0028801
2,0.0004,0.00556707
3,0.0006,0.00822306
4,0.0008,0.0109386
5,0.001,0.0135612
