,Current,Voltage
0,0.0,0.000123978
1,0.0002,0.00221729
2,0.0004,0.00418663
3,0.0006,0.00615358
4,0.0008,0.00815392
5,0.001,0.0101352
