,Current,Voltage
0,0.0,9.29832e-05
1,0.0002,0.00230312
2,0.0004,0.00450134
3,0.0006,0.00660658
4,0.0008,0.00875711
5,0.001,0.0109148
