,Current,Voltage
0,0.0,0.000207424
1,0.0002,0.00314474
2,0.0004,0.00602245
3,0.0006,0.00880718
4,0.0008,0.0116324
5,0.001,0.0144219
