,Current,Voltage
0,0.0,0.000119209
1,0.0002,0.00140429
2,0.0004,0.00268221
3,0.0006,0.00387907
4,0.0008,0.00510693
5,0.001,0.00632048
