,Current,Voltage
0,0.0,0.000214577
1,0.0002,0.00388861
2,0.0004,0.00756264
3,0.0006,0.0111866
4,0.0008,0.0148582
5,0.001,0.0185132
