,Current,Voltage
0,0.0,0.000219345
1,0.0002,0.00468731
2,0.0004,0.00919104
3,0.0006,0.0136137
4,0.0008,0.0181079
5,0.001,0.0224972
