,Current,Voltage
0,0.0,0.00015974
1,0.0002,0.0029397
2,0.0004,0.00563622
3,0.0006,0.00833273
4,0.0008,0.0110221
5,0.001,0.0137353
