,Current,Voltage
0,0.0,0.000195503
1,0.0002,2.49082
2,0.0004,4.7654
3,0.0006,8.63349
4,0.0008,10.002
5,0.001,10.002
