,Current,Voltage
0,0.0,0.000157356
1,0.0002,0.00217199
2,0.0004,0.00407219
3,0.0006,0.0060153
4,0.0008,0.00794172
5,0.001,0.00986338
