,Current,Voltage
0,0.0,0.000123978
1,0.0002,0.00194311
2,0.0004,0.00374079
3,0.0006,0.00551701
4,0.0008,0.00724554
5,0.001,0.0090003
