,Current,Voltage
0,0.0,0.000112057
1,0.0002,0.00246525
2,0.0004,0.00473261
3,0.0006,0.00697136
4,0.0008,0.00925303
5,0.001,0.0115085
