,Current,Voltage
0,0.0,0.000190735
1,0.0002,0.00312328
2,0.0004,0.00603914
3,0.0006,0.00895739
4,0.0008,0.0118661
5,0.001,0.0147414
