,Current,Voltage
0,0.0,0.00627637
1,8e-10,0.0167358
2,1.6e-09,0.0271895
3,2.4e-09,0.0376093
4,3.2e-09,0.0480418
5,4e-09,0.0584865
