,Current,Voltage
0,0.0,-1.41505
1,0.0002,0.36494
2,0.0004,1.25007
3,0.0006,1.88295
4,0.0008,2.36255
5,0.001,3.02603
