,Current,Voltage
0,0.0,0.000495911
1,0.0002,0.0189877
2,0.0004,0.0375438
3,0.0006,0.0559616
4,0.0008,0.0745702
5,0.001,0.0929713
