,Current,Voltage
0,0.0,-0.137591
1,0.0002,0.261576
2,0.0004,0.664132
3,0.0006,1.06342
4,0.0008,1.46608
5,0.001,1.86558
