,Current,Voltage
0,0.0,0.000252724
1,0.0002,0.00622272
2,0.0004,0.0122023
3,0.0006,0.0181198
4,0.0008,0.0240874
5,0.001,0.0300097
