,Current,Voltage
0,0.0,0.000319481
1,0.0002,0.00947475
2,0.0004,0.0186324
3,0.0006,0.0277042
4,0.0008,0.0369
5,0.001,0.0460052
