,Current,Voltage
0,0.0,-1.31645
1,0.0002,-1.1405
2,0.0004,-0.962896
3,0.0006,-0.786817
4,0.0008,-0.61003
5,0.001,-0.434785
