,Current,Voltage
0,0.0,0.00149727
1,0.0002,0.0589418
2,0.0004,0.116856
3,0.0006,0.174301
4,0.0008,0.232275
5,0.001,0.2897
