,Current,Voltage
0,0.0,-1.77634
1,0.0002,-1.50383
2,0.0004,-1.23543
3,0.0006,-0.979447
4,0.0008,-0.719202
5,0.001,-0.460589
