,Current,Voltage
0,0.0,0.000267029
1,0.0002,0.00732899
2,0.0004,0.0143099
3,0.0006,0.0212622
4,0.0008,0.0282431
5,0.001,0.0351906
