,Current,Voltage
0,0.0,-0.227468
1,0.0002,-0.0915909
2,0.0004,0.0452757
3,0.0006,0.180688
4,0.0008,0.317535
5,0.001,0.452936
