,Current,Voltage
0,0.0,0.00645685
1,8e-10,0.0171912
2,1.6e-09,0.0278902
3,2.4e-09,0.0385449
4,3.2e-09,0.0492198
5,4e-09,0.0598938
