,Current,Voltage
0,0.0,-1.34947
1,0.0002,-1.26824
2,0.0004,-1.2098
3,0.0006,-1.15225
4,0.0008,-1.09515
5,0.001,-1.03864
