,Current,Voltage
0,0.0,0.000452995
1,0.0002,0.0156236
2,0.0004,0.0309086
3,0.0006,0.0460696
4,0.0008,0.0611281
5,0.001,0.0762606
