,Current,Voltage
0,0.0,0.00288486
1,0.0002,0.11328
2,0.0004,0.225089
3,0.0006,0.336492
4,0.0008,0.449336
5,0.001,0.562062
