,Current,Voltage
0,0.0,0.000202656
1,0.0002,0.00478506
2,0.0004,0.00931263
3,0.0006,0.0137901
4,0.0008,0.0183296
5,0.001,0.0228143
