,Current,Voltage
0,0.0,0.0245452
1,0.0002,0.0742459
2,0.0004,0.123188
3,0.0006,0.171022
4,0.0008,0.218282
5,0.001,0.264344
