,Current,Voltage
0,0.0,0.000638962
1,0.0002,0.022583
2,0.0004,0.0446415
3,0.0006,0.0665736
4,0.0008,0.0886488
5,0.001,0.110519
