,Current,Voltage
0,0.0,0.000422001
1,0.0002,0.0145078
2,0.0004,0.0286603
3,0.0006,0.0426888
4,0.0008,0.0568008
5,0.001,0.0708556
