,Current,Voltage
0,0.0,0.000135899
1,0.0002,0.00292778
2,0.0004,0.00562429
3,0.0006,0.0083375
4,0.0008,0.0111008
5,0.001,0.013783
