,Current,Voltage
0,0.0,0.000271797
1,0.0002,0.00847578
2,0.0004,0.0166774
3,0.0006,0.0247955
4,0.0008,0.0329804
5,0.001,0.0411344
