,Current,Voltage
0,0.0,0.000915527
1,0.0002,0.0363612
2,0.0004,0.0720143
3,0.0006,0.107419
4,0.0008,0.143113
5,0.001,0.178483
