,Current,Voltage
0,0.0,-0.117397
1,0.0002,0.226977
2,0.0004,0.574272
3,0.0006,0.918944
4,0.0008,1.26676
5,0.001,1.61153
