,Current,Voltage
0,0.0,0.000970364
1,0.0002,0.00496149
2,0.0004,0.00965834
3,0.0006,0.0143027
4,0.0008,0.0190616
5,0.001,0.0237012
