,Current,Voltage
0,0.0,0.000109673
1,0.0002,-0.00157118
2,0.0004,-0.00331879
3,0.0006,-0.00504494
4,0.0008,-0.00676632
5,0.001,-0.00849485
