,Current,Voltage
0,0.0,0.0248814
1,0.0002,0.0966263
2,0.0004,0.167744
3,0.0006,0.237756
4,0.0008,0.307839
5,0.001,0.376682
