,Current,Voltage
0,0.0,0.185206
1,0.0002,0.0252557
2,0.0004,0.0499201
3,0.0006,0.0743628
4,0.0008,0.0990295
5,0.001,0.123475
