,Current,Voltage
0,0.0,6.4373e-05
1,0.0002,0.00826359
2,0.0004,0.0162649
3,0.0006,0.0241661
4,0.0008,0.0321412
5,0.001,0.0400591
