,Current,Voltage
0,0.0,0.0049448
1,8e-10,0.0134091
2,1.6e-09,0.0219522
3,2.4e-09,0.030411
4,3.2e-09,0.0388858
5,4e-09,0.0474
