,Current,Voltage
0,0.0,0.00010252
1,0.0002,0.00122786
2,0.0004,0.00223398
3,0.0006,0.00326395
4,0.0008,0.00428438
5,0.001,0.0052619
