,Current,Voltage
0,0.0,0.000770092
1,0.0002,0.0246525
2,0.0004,0.0486231
3,0.0006,0.0724387
4,0.0008,0.0964308
5,0.001,0.12027
