,Current,Voltage
0,0.0,-1.35407
1,0.0002,-1.18891
2,0.0004,-1.07178
3,0.0006,-0.961299
4,0.0008,-0.856459
5,0.001,-0.757132
