,Current,Voltage
0,0.0,0.000133514
1,0.0002,0.00180006
2,0.0004,0.00343323
3,0.0006,0.00504494
4,0.0008,0.00664473
5,0.001,0.00825405
