,Current,Voltage
0,0.0,-0.000998974
1,0.0002,0.117021
2,0.0004,0.235627
3,0.0006,0.352981
4,0.0008,0.471144
5,0.001,0.588086
