,Current,Voltage
0,0.0,0.000288486
1,0.0002,0.00586748
2,0.0004,0.0114298
3,0.0006,0.0169754
4,0.0008,0.0225091
5,0.001,0.0280023
