,Current,Voltage
0,0.0,0.00015974
1,0.0002,0.00100613
2,0.0004,0.00181437
3,0.0006,0.00268221
4,0.0008,0.0034976
5,0.001,0.0042963
