,Current,Voltage
0,0.0,0.000109673
1,0.0002,0.00133753
2,0.0004,0.00245094
3,0.0006,0.00357151
4,0.0008,0.00475645
5,0.001,0.00585318
