,Current,Voltage
0,0.0,0.0290728
1,0.0002,0.727739
2,0.0004,1.44307
3,0.0006,2.1816
4,0.0008,10.0018
5,0.001,10.0014
