,Current,Voltage
0,0.0,0.000231266
1,0.0002,0.00361204
2,0.0004,0.00697136
3,0.0006,0.0103402
4,0.0008,0.0136662
5,0.001,0.017004
