,Current,Voltage
0,0.0,0.000319481
1,0.0002,0.0101066
2,0.0004,0.0191522
3,0.0006,0.0290251
4,0.0008,10.0019
5,0.001,10.0021
