,Current,Voltage
0,0.0,0.000655651
1,0.0002,0.0199032
2,0.0004,0.0392723
3,0.0006,0.0584507
4,0.0008,0.0777888
5,0.001,0.0969481
