,Current,Voltage
0,0.0,0.000245571
1,0.0002,0.00414848
2,0.0004,0.00809431
3,0.0006,0.0119495
4,0.0008,0.0158405
5,0.001,0.0197244
