,Current,Voltage
0,0.0,0.000112057
1,0.0002,0.00144482
2,0.0004,0.00272036
3,0.0006,0.00398636
4,0.0008,0.0052166
5,0.001,0.0065136
