,Current,Voltage
0,0.0,0.000450611
1,0.0002,0.0181437
2,0.0004,0.0412345
3,0.0006,0.0463104
4,0.0008,0.0549626
5,0.001,0.0687909
