,Current,Voltage
0,0.0,0.00100374
1,0.0002,0.0365114
2,0.0004,0.0723028
3,0.0006,0.107818
4,0.0008,0.14359
5,0.001,0.179048
