,Current,Voltage
0,0.0,0.000150204
1,0.0002,0.00213146
2,0.0004,0.00407934
3,0.0006,0.00600815
4,0.0008,0.00797033
5,0.001,0.00984669
