,Current,Voltage
0,0.0,0.00113249
1,0.0002,0.0450683
2,0.0004,0.0893426
3,0.0006,0.133309
4,0.0008,0.177615
5,0.001,0.221462
