,Current,Voltage
0,0.0,0.000245571
1,0.0002,0.00672102
2,0.0004,0.0132084
3,0.0006,0.019629
4,0.0008,0.026114
5,0.001,0.0325036
