,Current,Voltage
0,0.0,0.0196052
1,0.0002,0.0331831
2,0.0004,0.0466228
3,0.0006,0.0598598
4,0.0008,0.0731206
5,0.001,0.0862026
