,Current,Voltage
0,0.0,0.00017643
1,0.0002,0.00356197
2,0.0004,0.00691891
3,0.0006,0.0102592
4,0.0008,0.0136089
5,0.001,0.0169849
