,Current,Voltage
0,0.0,0.000193119
1,0.0002,0.00338554
2,0.0004,0.00650883
3,0.0006,0.00961304
4,0.0008,0.0127435
5,0.001,0.0158691
