,Current,Voltage
0,0.0,0.000231266
1,0.0002,0.00517607
2,0.0004,0.0100613
3,0.0006,0.0149417
4,0.0008,0.0198317
5,0.001,0.0246811
