,Current,Voltage
0,0.0,0.000121593
1,0.0002,0.00100374
2,0.0004,0.00176907
3,0.0006,0.00257492
4,0.0008,0.00335693
5,0.001,0.0041604
