,Current,Voltage
0,0.0,0.00266314
1,0.0002,0.116563
2,0.0004,0.232072
3,0.0006,0.348172
4,0.0008,0.467794
5,0.001,0.487354
