,Current,Voltage
0,0.0,0.000166893
1,0.0002,0.003829
2,0.0004,0.00737667
3,0.0006,0.0109267
4,0.0008,0.0145054
5,0.001,0.0180483
