,Current,Voltage
0,0.0,0.000247955
1,0.0002,0.00665665
2,0.0004,0.0130463
3,0.0006,0.0193715
4,0.0008,0.025773
5,0.001,0.0320888
