,Current,Voltage
0,0.0,0.0077343
1,0.0002,0.0531173
2,0.0004,0.0986409
3,0.0006,0.143707
4,0.0008,0.189121
5,0.001,0.234077
