,Current,Voltage
0,0.0,0.000572205
1,0.0002,0.0165462
2,0.0004,0.0325847
3,0.0006,0.0484681
4,0.0008,0.0644684
5,0.001,0.0803685
