,Current,Voltage
0,0.0,0.000152588
1,0.0002,0.00184536
2,0.0004,0.00344753
3,0.0006,0.00512123
4,0.0008,0.00674486
5,0.001,0.00837803
