,Current,Voltage
0,0.0,0.000710487
1,0.0002,0.0227761
2,0.0004,0.0450015
3,0.0006,0.067029
4,0.0008,0.0892329
5,0.001,0.111251
