,Current,Voltage
0,0.0,0.000185966
1,0.0002,0.00350475
2,0.0004,0.00675678
3,0.0006,0.00994444
4,0.0008,0.0132394
5,0.001,0.016439
