,Current,Voltage
0,0.0,0.000157356
1,0.0002,0.00213146
2,0.0004,0.00403881
3,0.0006,0.00593185
4,0.0008,0.0078702
5,0.001,0.00977993
