,Current,Voltage
0,0.0,0.000164509
1,0.0002,0.00230551
2,0.0004,0.00439644
3,0.0006,0.00652552
4,0.0008,0.00859499
5,0.001,0.0106764
