,Current,Voltage
0,0.0,0.000169277
1,0.0002,0.00225782
2,0.0004,0.00433922
3,0.0006,0.00639677
4,0.0008,0.00848055
5,0.001,0.0105262
