,Current,Voltage
0,0.0,0.00130653
1,0.0002,0.0514889
2,0.0004,0.101995
3,0.0006,0.152156
4,0.0008,0.202689
5,0.001,0.252833
