,Current,Voltage
0,0.0,0.000243187
1,0.0002,0.00539541
2,0.0004,0.0104618
3,0.0006,0.0155401
4,0.0008,0.0205779
5,0.001,0.0255704
