,Current,Voltage
0,0.0,0.000667572
1,0.0002,0.022428
2,0.0004,0.0443077
3,0.0006,0.0660539
4,0.0008,0.0879693
5,0.001,0.109606
