,Current,Voltage
0,0.0,0.000121593
1,0.0002,0.00277281
2,0.0004,0.00540733
3,0.0006,0.00798941
4,0.0008,0.0105739
5,0.001,0.0131845
