,Current,Voltage
0,0.0,0.000252724
1,0.0002,0.00574827
2,0.0004,0.0112057
3,0.0006,0.0166202
4,0.0008,0.022099
5,0.001,0.027492
