,Current,Voltage
0,0.0,0.000238419
1,0.0002,0.00410795
2,0.0004,0.00802994
3,0.0006,0.0118685
4,0.0008,0.0157046
5,0.001,0.019567
