,Current,Voltage
0,0.0,0.000166893
1,0.0002,0.00308275
2,0.0004,0.00594854
3,0.0006,0.00882626
4,0.0008,0.0117326
5,0.001,0.0145698
