{
  "mapping_offsets": [
    0.0,
    1.0,
    2.0,
    3.0,
    4.0,
    5.0,
    6.0
  ],
  "flir_offsets": [
    0,
    15,
    30
  ],
  "spin_speed": {
    "min": 100.0,
    "max": 3800.0,
    "value": {
      "0": 1000,
      "1": 1000,
      "2": 1000,
      "3": 1000,
      "4": 1000,
      "5": 1000,
      "6": 1000,
      "7": 1000,
      "8": 1000,
      "9": 1000,
      "10": 1000
    },
    "units": "RPM",
    "optimize_with_chem_os": false
  },
  "spin_time": {
    "min": 10.0,
    "max": 120.0,
    "value": {
      "0": 60,
      "1": 60,
      "2": 60,
      "3": 60,
      "4": 60,
      "5": 60,
      "6": 60,
      "7": 60,
      "8": 60,
      "9": 60,
      "10": 60
    },
    "units": "s",
    "optimize_with_chem_os": false
  },
  "dispense_volume": {
    "min": 0.001,
    "max": 1.0,
    "value": 0.1,
    "units": "mL",
    "optimize_with_chem_os": false
  },
  "campaign_dispensed_amounts": {
    "spiro": {
      "chemical_name": "Spiro",
      "varied": false,
      "value": 0.07730000000000015,
      "units": "mg",
      "metadata": {
        "molar_weight_ mg": 1225.43,
        "concentration_mg_ml": 50,
        "requested_param": null,
        "requested_vol": 0.09971813125702834
      }
    },
    "cobalt": {
      "chemical_name": "FK102",
      "varied": true,
      "value": 0.08499999999999996,
      "units": "mg",
      "metadata": {
        "molar_weight_ mg": 1334.86,
        "concentration_mg_ml": 50,
        "requested_param": null,
        "requested_vol": 0.10861520207630498
      }
    },
    "tbp": {
      "chemical_name": "tBP",
      "varied": false,
      "value": 0.02939999999999987,
      "units": "mg",
      "metadata": {
        "molar_weight_ mg": 135.21,
        "concentration_mg_ml": 50,
        "requested_param": null,
        "requested_vol": 0.04166666666666666
      }
    },
    "annealing": {
      "varied": true,
      "value": 147.70204067230225,
      "units": "s",
      "metadata": {}
    }
  },
  "properties": {
    "measurement_0": 1.430623791001679e-07,
    "measurement_1": 1.4188735105708786e-07,
    "measurement_2": 1.42323851003535e-07,
    "measurement_3": 1.4347320174501092e-07,
    "measurement_4": 1.4299450572592724e-07,
    "measurement_5": 1.434257842501704e-07,
    "measurement_6": 1.4418947604404296e-07,
    "measurement_mean": 1.430509355608489e-07
  },
  "active_parameters_pickle_file": {
    "filename": "not yet defined"
  },
  "processes": {
    "x0": 0.9803997403741954,
    "x1": 0.0072923097759485245
  },
  "chemOS": {
    "requested_params": {
      "x0": 0.9999292492866516,
      "x1": 0.615425169467926
    },
    "output_for_previous": {
      "campaign_name": "pseudomobility",
      "session_id": "dbad41d5-017b-4f35-b430-6be3f655fdb0",
      "experiment_id": "bc3ec8dd-3de2-46dc-8501-cd9f1f598485",
      "execution_id": "c5c7f601",
      "robot_id": "e0c4ac82",
      "processes": {
        "x0": 0.9803997403741954,
        "x1": 0.0072923097759485245
      },
      "properties": {
        "measurement_0": 1.430623791001679e-07,
        "measurement_1": 1.4188735105708786e-07,
        "measurement_2": 1.42323851003535e-07,
        "measurement_3": 1.4347320174501092e-07,
        "measurement_4": 1.4299450572592724e-07,
        "measurement_5": 1.434257842501704e-07,
        "measurement_6": 1.4418947604404296e-07,
        "measurement_mean": 1.430509355608489e-07
      }
    }
  },
  "operator_name": "Thomas",
  "operator_comment": "chemOS optimization of pseudomobility over cobalt annealing space"
}