,Current,Voltage
0,0.0,0.00698471
1,8e-10,0.0204053
2,1.6e-09,0.0338211
3,2.4e-09,0.0472214
4,3.2e-09,0.0606215
5,4e-09,0.0740292
