,Current,Voltage
0,0.0,0.00695729
1,8e-10,0.0208549
2,1.6e-09,0.0347106
3,2.4e-09,0.0485985
4,3.2e-09,0.0624042
5,4e-09,0.0762827
