,Current,Voltage
0,0.0,0.00010252
1,0.0002,0.00200033
2,0.0004,0.00385046
3,0.0006,0.00568151
4,0.0008,0.00748873
5,0.001,0.00930786
