,Current,Voltage
0,0.0,0.000157356
1,0.0002,0.00149727
2,0.0004,0.00282764
3,0.0006,0.00412226
4,0.0008,0.00545025
5,0.001,0.0067544
