,Current,Voltage
0,0.0,0.00014782
1,0.0002,0.00208616
2,0.0004,0.00401497
3,0.0006,0.00591993
4,0.0008,0.00784397
5,0.001,0.00975609
