,Current,Voltage
0,0.0,8.10623e-05
1,0.0002,0.000400543
2,0.0004,0.000693798
3,0.0006,0.000977516
4,0.0008,0.00127077
5,0.001,0.00156164
