,Current,Voltage
0,0.0,-1.34096
1,0.0002,-1.29761
2,0.0004,-1.25505
3,0.0006,-1.21301
4,0.0008,-1.17123
5,0.001,-1.1297
