,Current,Voltage
0,0.0,0.000450611
1,0.0002,0.0164914
2,0.0004,0.0326204
3,0.0006,0.0486183
4,0.0008,0.0646567
5,0.001,0.080595
