,Current,Voltage
0,0.0,0.000212193
1,0.0002,0.00548363
2,0.0004,0.010736
3,0.0006,0.015974
4,0.0008,0.0211883
5,0.001,0.026381
