,Current,Voltage
0,0.0,0.000164509
1,0.0002,0.0027442
2,0.0004,0.00524759
3,0.0006,0.00771523
4,0.0008,0.0102448
5,0.001,0.0127411
