,Current,Voltage
0,0.0,0.000212193
1,0.0002,0.00382662
2,0.0004,0.00740767
3,0.0006,0.0109887
4,0.0008,0.0146079
5,0.001,0.0181317
