,Current,Voltage
0,0.0,0.00027895
1,0.0002,0.00686646
2,0.0004,0.0133896
3,0.0006,0.019896
4,0.0008,0.0264668
5,0.001,0.0329638
