,Current,Voltage
0,0.0,0.000283718
1,0.0002,0.00805616
2,0.0004,0.0157285
3,0.0006,0.0234008
4,0.0008,0.0311232
5,0.001,0.0387526
