,Current,Voltage
0,0.0,0.000455379
1,0.0002,0.0127745
2,0.0004,0.0251317
3,0.0006,0.0374389
4,0.0008,0.0497985
5,0.001,0.0620699
