,Current,Voltage
0,0.0,0.000891685
1,0.0002,0.0323272
2,0.0004,0.0639796
3,0.0006,0.0953746
4,0.0008,0.127032
5,0.001,0.158391
