,Current,Voltage
0,0.0,0.000188351
1,0.0002,0.00313044
2,0.0004,0.00607967
3,0.0006,0.00894785
4,0.0008,0.0118971
5,0.001,0.0147939
