,Current,Voltage
0,0.0,0.000374317
1,0.0002,0.0100899
2,0.0004,0.0198364
3,0.0006,0.0294566
4,0.0008,0.0392103
5,0.001,0.0486994
