,Current,Voltage
0,0.0,0.000393391
1,0.0002,0.0145602
2,0.0004,0.0287437
3,0.0006,0.0427938
4,0.0008,0.0570035
5,0.001,0.0710869
