,Current,Voltage
0,0.0,0.000152588
1,0.0002,0.00313759
2,0.0004,0.00605822
3,0.0006,0.00900984
4,0.0008,0.0119567
5,0.001,0.0149083
