,Current,Voltage
0,0.0,0.000228882
1,0.0002,0.00388384
2,0.0004,0.00752926
3,0.0006,0.0110936
4,0.0008,0.0147128
5,0.001,0.0182962
