,Current,Voltage
0,0.0,0.000560284
1,0.0002,0.0180793
2,0.0004,0.0357294
3,0.0006,0.0532389
4,0.0008,0.0708818
5,0.001,0.0883722
