,Current,Voltage
0,0.0,0.000116825
1,0.0002,0.000123978
2,0.0004,-1.43051e-05
3,0.0006,-8.34465e-05
4,0.0008,-0.000231266
5,0.001,-0.000300407
