,Current,Voltage
0,0.0,0.000269413
1,0.0002,0.0046587
2,0.0004,0.00906706
3,0.0006,0.0133824
4,0.0008,0.0178027
5,0.001,0.0221562
