,Current,Voltage
0,0.0,0.000863075
1,0.0002,0.0376868
2,0.0004,0.0747681
3,0.0006,0.111566
4,0.0008,0.148654
5,0.001,0.185411
