,Current,Voltage
0,0.0,0.000202656
1,0.0002,0.00438213
2,0.0004,0.00852823
3,0.0006,0.0126648
4,0.0008,0.016799
5,0.001,0.0209284
