,Current,Voltage
0,0.0,9.53674e-05
1,0.0002,0.00099659
2,0.0004,0.00187874
3,0.0006,0.00268698
4,0.0008,0.00352859
5,0.001,0.00441551
