,Current,Voltage
0,0.0,0.0126123
1,0.0002,0.0687456
2,0.0004,0.125201
3,0.0006,0.181131
4,0.0008,0.237532
5,0.001,0.293479
