,Current,Voltage
0,0.0,0.000140667
1,0.0002,0.00270605
2,0.0004,0.00522375
3,0.0006,0.00772953
4,0.0008,0.0102234
5,0.001,0.0127006
