,Current,Voltage
0,0.0,0.00023365
1,0.0002,0.00450611
2,0.0004,0.00874043
3,0.0006,0.0128174
4,0.0008,0.0169659
5,0.001,0.021255
