,Current,Voltage
0,0.0,0.000128746
1,0.0002,0.00164986
2,0.0004,0.00311613
3,0.0006,0.00454664
4,0.0008,0.00601292
5,0.001,0.00751019
