,Current,Voltage
0,0.0,-1.28944
1,0.0002,-0.851829
2,0.0004,-0.41693
3,0.0006,-0.00793457
4,0.0008,0.368087
5,0.001,0.75063
