,Current,Voltage
0,0.0,0.000212193
1,0.0002,0.00401258
2,0.0004,0.00773191
3,0.0006,0.0114822
4,0.0008,0.0152278
5,0.001,0.0189018
