,Current,Voltage
0,0.0,0.000226498
1,0.0002,0.00701666
2,0.0004,0.0138092
3,0.0006,0.0205231
4,0.0008,0.0272965
5,0.001,0.0340056
