,Current,Voltage
0,0.0,0.000240803
1,0.0002,0.00421286
2,0.0004,0.00812531
3,0.0006,0.0120282
4,0.0008,0.0159597
5,0.001,0.0198245
