,Current,Voltage
0,0.0,0.000197887
1,0.0002,0.00302792
2,0.0004,0.00584841
3,0.0006,0.00869751
4,0.0008,0.0114822
5,0.001,0.0143003
