,Current,Voltage
0,0.0,0.00041008
1,0.0002,0.0138402
2,0.0004,0.0273108
3,0.0006,0.0406456
4,0.0008,0.0542831
5,0.001,0.0677109
