,Current,Voltage
0,0.0,0.000169277
1,0.0002,0.00230789
2,0.0004,0.00437975
3,0.0006,0.00644684
4,0.0008,0.00853777
5,0.001,0.0106168
