,Current,Voltage
0,0.0,0.000181198
1,0.0002,0.00505447
2,0.0004,0.00989676
3,0.0006,0.0146914
4,0.0008,0.0194693
5,0.001,0.0242567
