,Current,Voltage
0,0.0,0.000486374
1,0.0002,0.0168467
2,0.0004,0.0333047
3,0.0006,0.0496197
4,0.0008,0.0661159
5,0.001,0.0823784
