,Current,Voltage
0,0.0,0.00015974
1,0.0002,1.34188
2,0.0004,0.0049758
3,0.0006,0.00733137
4,0.0008,0.00972986
5,0.001,0.0121021
