,Current,Voltage
0,0.0,0.000319481
1,0.0002,0.0078392
2,0.0004,0.0154233
3,0.0006,0.0228882
4,0.0008,0.030477
5,0.001,0.0379896
