,Current,Voltage
0,0.0,0.000104904
1,0.0002,0.000655651
2,0.0004,0.00119209
3,0.0006,0.00173807
4,0.0008,0.00226259
5,0.001,0.00281334
