,Current,Voltage
0,0.0,0.000169277
1,0.0002,0.00203371
2,0.0004,0.00381708
3,0.0006,0.00561476
4,0.0008,0.0074029
5,0.001,0.00917912
