,Current,Voltage
0,0.0,0.000116825
1,0.0002,0.00115633
2,0.0004,0.0020957
3,0.0006,0.00304461
4,0.0008,0.00405788
5,0.001,0.00499964
