,Current,Voltage
0,0.0,0.00015974
1,0.0002,0.00380993
2,0.0004,0.00746965
3,0.0006,0.0110269
4,0.0008,0.0146794
5,0.001,0.0182772
