,Current,Voltage
0,0.0,0.000216961
1,0.0002,0.00356197
2,0.0004,0.00693798
3,0.0006,0.0102663
4,0.0008,0.0136232
5,0.001,0.016911
