,Current,Voltage
0,0.0,0.000212193
1,0.0002,0.00568151
2,0.0004,0.0110507
3,0.0006,0.0164342
4,0.0008,0.0218582
5,0.001,0.0272202
