,Current,Voltage
0,0.0,0.000269413
1,0.0002,0.00676632
2,0.0004,0.0132751
3,0.0006,0.0197649
4,0.0008,0.0262213
5,0.001,0.0326633
