,Current,Voltage
0,0.0,0.000829697
1,0.0002,0.0315475
2,0.0004,0.0624728
3,0.0006,0.0931096
4,0.0008,0.124032
5,0.001,0.154665
