,Current,Voltage
0,0.0,0.000190735
1,0.0002,0.00322104
2,0.0004,0.00625372
3,0.0006,0.00924349
4,0.0008,0.012207
5,0.001,0.015204
