,Current,Voltage
0,0.0,7.15256e-05
1,0.0002,0.000398159
2,0.0004,0.000674725
3,0.0006,0.000913143
4,0.0008,0.00121355
5,0.001,0.00145674
