,Current,Voltage
0,0.0,0.00043869
1,0.0002,0.0145125
2,0.0004,0.0286913
3,0.0006,0.0427437
4,0.0008,0.0569153
5,0.001,0.0709295
