,Current,Voltage
0,0.0,0.00036478
1,0.0002,0.0104642
2,0.0004,0.0205898
3,0.0006,0.0306582
4,0.0008,0.0407982
5,0.001,0.0507951
