,Current,Voltage
0,0.0,0.00017643
1,0.0002,0.00331163
2,0.0004,0.00635147
3,0.0006,0.00935793
4,0.0008,0.0124598
5,0.001,0.0154543
