,Current,Voltage
0,0.0,0.000212193
1,0.0002,0.00535488
2,0.0004,0.0104475
3,0.0006,0.0154901
4,0.0008,0.0205755
5,0.001,0.025599
