,Current,Voltage
0,0.0,0.00036478
1,0.0002,0.0108886
2,0.0004,0.0212765
3,0.0006,0.0316834
4,0.0008,0.0423026
5,0.001,0.0527453
