,Current,Voltage
0,0.0,0.000240803
1,0.0002,0.00422716
2,0.0004,0.00815868
3,0.0006,0.0120783
4,0.0008,0.016067
5,0.001,0.0200081
