,Current,Voltage
0,0.0,0.000956059
1,0.0002,0.0340438
2,0.0004,0.0673699
3,0.0006,0.100415
4,0.0008,0.133777
5,0.001,0.166812
