,Current,Voltage
0,0.0,0.000948906
1,0.0002,0.0357437
2,0.0004,0.0708508
3,0.0006,0.10561
4,0.0008,0.140631
5,0.001,0.175416
