,Current,Voltage
0,0.0,-0.721209
1,0.0002,-0.368667
2,0.0004,-0.157695
3,0.0006,-0.0148034
4,0.0008,0.0963879
5,0.001,0.18729
