,Current,Voltage
0,0.0,-1.74391
1,0.0002,-1.65663
2,0.0004,-1.59679
3,0.0006,-1.53812
4,0.0008,-1.48064
5,0.001,-1.42411
