,Current,Voltage
0,0.0,0.000216961
1,0.0002,0.00407457
2,0.0004,0.00795603
3,0.0006,0.0117421
4,0.0008,0.0156045
5,0.001,0.0193787
