,Current,Voltage
0,0.0,0.000171661
1,0.0002,0.00368595
2,0.0004,0.00718832
3,0.0006,0.0106311
4,0.0008,0.0141072
5,0.001,0.0175762
