,Current,Voltage
0,0.0,0.000426769
1,0.0002,0.01266
2,0.0004,0.0249529
3,0.0006,0.0371504
4,0.0008,0.0494313
5,0.001,0.0615954
