,Current,Voltage
0,0.0,-1.79496
1,0.0002,-1.24881
2,0.0004,-0.712042
3,0.0006,-0.178294
4,0.0008,0.35789
5,0.001,0.871022
