,Current,Voltage
0,0.0,0.00013113
1,0.0002,0.00160456
2,0.0004,0.00303268
3,0.0006,0.00447512
4,0.0008,0.00589371
5,0.001,0.00730515
