,Current,Voltage
0,0.0,0.000178814
1,0.0002,0.00410318
2,0.0004,0.00801563
3,0.0006,0.0118399
4,0.0008,0.015707
5,0.001,0.0195694
