,Current,Voltage
0,0.0,0.000362396
1,0.0002,0.0131559
2,0.0004,0.0259995
3,0.0006,0.0386763
4,0.0008,0.0515008
5,0.001,0.0641847
