,Current,Voltage
0,0.0,0.000736713
1,0.0002,0.0263929
2,0.0004,0.0522447
3,0.0006,0.0778818
4,0.0008,0.103745
5,0.001,0.129354
