,Current,Voltage
0,0.0,0.000259876
1,0.0002,0.00608683
2,0.0004,0.0119233
3,0.0006,0.017724
4,0.0008,0.0235581
5,0.001,0.0293231
