,Current,Voltage
0,0.0,0.000138283
1,0.0002,0.00175953
2,0.0004,0.00337839
3,0.0006,0.00500441
4,0.0008,0.00659227
5,0.001,0.00816107
