,Current,Voltage
0,0.0,0.000104904
1,0.0002,0.00166655
2,0.0004,0.00317097
3,0.0006,0.004673
4,0.0008,0.00615358
5,0.001,0.00767946
