,Current,Voltage
0,0.0,0.000236034
1,0.0002,0.00409842
2,0.0004,0.00799894
3,0.0006,0.0118089
4,0.0008,0.0157166
5,0.001,0.0195456
