,Current,Voltage
0,0.0,0.000109673
1,0.0002,0.000393391
2,0.0004,0.000634193
3,0.0006,0.000834465
4,0.0008,0.00106096
5,0.001,0.00133991
