,Current,Voltage
0,0.0,0.000810623
1,0.0002,0.0321579
2,0.0004,0.0637484
3,0.0006,0.0950766
4,0.0008,0.126677
5,0.001,0.15794
