,Current,Voltage
0,0.0,0.00014782
1,0.0002,0.00305653
2,0.0004,0.00589371
3,0.0006,0.00871897
4,0.0008,0.01158
5,0.001,0.0143719
