,Current,Voltage
0,0.0,0.000107288
1,0.0002,0.00112057
2,0.0004,0.00211
3,0.0006,0.00311852
4,0.0008,0.0040555
5,0.001,0.0050354
