,Current,Voltage
0,0.0,0.00010252
1,0.0002,0.00101566
2,0.0004,0.0019002
3,0.0006,0.00276804
4,0.0008,0.00363111
5,0.001,0.00449419
