,Current,Voltage
0,0.0,0.000121593
1,0.0002,0.00389099
2,0.0004,0.00766754
3,0.0006,0.0113463
4,0.0008,0.0150824
5,0.001,0.0187683
