,Current,Voltage
0,0.0,0.000128746
1,0.0002,0.00153065
2,0.0004,0.00289202
3,0.0006,0.00429153
4,0.0008,0.00560522
5,0.001,0.00697613
