,Current,Voltage
0,0.0,0.000100136
1,0.0002,0.00115156
2,0.0004,0.00210285
3,0.0006,0.00306368
4,0.0008,0.00404835
5,0.001,0.00502586
