,Current,Voltage
0,0.0,0.000987053
1,0.0002,0.000548363
2,0.0004,0.000927448
3,0.0006,0.00132322
4,0.0008,0.00168324
5,0.001,0.00205278
