,Current,Voltage
0,0.0,6.67572e-05
1,0.0002,0.000367165
2,0.0004,0.000584126
3,0.0006,0.000782013
4,0.0008,0.0010252
5,0.001,0.00122547
