,Current,Voltage
0,0.0,6.67572e-05
1,0.0002,0.000450611
2,0.0004,0.000772476
3,0.0006,0.00112057
4,0.0008,0.00146627
5,0.001,0.00182152
