,Current,Voltage
0,0.0,0.000112057
1,0.0002,0.000212193
2,0.0004,0.000324249
3,0.0006,0.000369549
4,0.0008,0.000479221
5,0.001,0.000522137
