,Current,Voltage
0,0.0,9.29832e-05
1,0.0002,0.00104189
2,0.0004,0.00195742
3,0.0006,0.00282288
4,0.0008,0.00371933
5,0.001,0.00459909
