,Current,Voltage
0,0.0,9.77516e-05
1,0.0002,0.00113726
2,0.0004,0.00209808
3,0.0006,0.00305176
4,0.0008,0.00405312
5,0.001,0.00499725
