,Current,Voltage
0,0.0,0.000123978
1,0.0002,6.91414e-05
2,0.0004,1.19209e-05
3,0.0006,-6.67572e-05
4,0.0008,-0.000150204
5,0.001,-0.000221729
