,Current,Voltage
0,0.0,0.000138283
1,0.0002,0.00226498
2,0.0004,0.00436783
3,0.0006,0.00638008
4,0.0008,0.00846386
5,0.001,0.0104904
