,Current,Voltage
0,0.0,0.00010252
1,0.0002,0.000214577
2,0.0004,0.000286102
3,0.0006,0.00038147
4,0.0008,0.000503063
5,0.001,0.000598431
