,Current,Voltage
0,0.0,0.000145435
1,0.0002,0.00199795
2,0.0004,0.003829
3,0.0006,0.00561237
4,0.0008,0.00742912
5,0.001,0.00923634
