,Current,Voltage
0,0.0,0.000183582
1,0.0002,0.00291586
2,0.0004,0.00556707
3,0.0006,0.00828028
4,0.0008,0.0109744
5,0.001,0.0135851
