,Current,Voltage
0,0.0,9.29832e-05
1,0.0002,0.00115156
2,0.0004,0.00219584
3,0.0006,0.00319958
4,0.0008,0.00418186
5,0.001,0.00520229
