,Current,Voltage
0,0.0,0.000133514
1,0.0002,0.00221968
2,0.0004,0.00426531
3,0.0006,0.00630379
4,0.0008,0.00840187
5,0.001,0.0103879
