,Current,Voltage
0,0.0,0.000112057
1,0.0002,0.00164986
2,0.0004,0.00320196
3,0.0006,0.00472546
4,0.0008,0.00624418
5,0.001,0.0077796
