,Current,Voltage
0,0.0,0.000379086
1,0.0002,0.000338554
2,0.0004,0.000708103
3,0.0006,1.42611
4,0.0008,2.62902
5,0.001,4.02923
