,Current,Voltage
0,0.0,7.62939e-05
1,0.0002,0.00115156
2,0.0004,0.0021863
3,0.0006,0.00324488
4,0.0008,0.00423431
5,0.001,0.00524521
