,Current,Voltage
0,0.0,0.000114441
1,0.0002,0.00132322
2,0.0004,0.00243425
3,0.0006,0.00353813
4,0.0008,0.0046587
5,0.001,0.00582695
