,Current,Voltage
0,0.0,4.29153e-05
1,0.0002,0.000212193
2,0.0004,0.000326633
3,0.0006,0.000376701
4,0.0008,0.000469685
5,0.001,0.000550747
