,Current,Voltage
0,0.0,0.000112057
1,0.0002,0.00121355
2,0.0004,0.0022912
3,0.0006,0.00335932
4,0.0008,0.00439405
5,0.001,0.00543833
