,Current,Voltage
0,0.0,0.000193119
1,0.0002,0.00290394
2,0.0004,0.00555038
3,0.0006,0.00819445
4,0.0008,0.010829
5,0.001,0.0134754
