,Current,Voltage
0,0.0,0.000665188
1,0.0002,0.00509501
2,0.0004,0.00949621
3,0.0006,0.0138974
4,0.0008,0.0182986
5,0.001,0.0226831
