,Current,Voltage
0,0.0,0.000143051
1,0.0002,0.00422239
2,0.0004,0.00830412
3,0.0006,0.0122833
4,0.0008,0.0163102
5,0.001,0.020349
