,Current,Voltage
0,0.0,0.000107288
1,0.0002,0.000936985
2,0.0004,0.0016737
3,0.0006,0.00246525
4,0.0008,0.00325203
5,0.001,0.00400066
