,Current,Voltage
0,0.0,8.10623e-05
1,0.0002,0.000276566
2,0.0004,0.000433922
3,0.0006,0.000579357
4,0.0008,0.000753403
5,0.001,0.000915527
