,Current,Voltage
0,0.0,0.000472069
1,0.0002,0.0137877
2,0.0004,0.0271201
3,0.0006,0.0403523
4,0.0008,0.0537205
5,0.001,0.066998
