,Current,Voltage
0,0.0,0.000698566
1,0.0002,0.0253987
2,0.0004,0.0502825
3,0.0006,0.074923
4,0.0008,0.0997853
5,0.001,0.12439
