,Current,Voltage
0,0.0,0.000224113
1,0.0002,0.00597715
2,0.0004,0.011735
3,0.0006,0.0174212
4,0.0008,0.0232148
5,0.001,0.0291729
