,Current,Voltage
0,0.0,7.15256e-05
1,0.0002,0.00120401
2,0.0004,0.00221968
3,0.0006,0.0033021
4,0.0008,0.00436068
5,0.001,0.00538588
