,Current,Voltage
0,0.0,0.000214577
1,0.0002,0.00639915
2,0.0004,0.012548
3,0.0006,0.0186276
4,0.0008,0.0247884
5,0.001,0.0308657
