,Current,Voltage
0,0.0,0.000138283
1,0.0002,0.00100136
2,0.0004,0.0017786
3,0.0006,0.00256538
4,0.0008,0.00336409
5,0.001,0.00411272
