,Current,Voltage
0,0.0,0.00814438
1,8e-10,0.0230188
2,1.6e-09,0.0378146
3,2.4e-09,0.0526545
4,3.2e-09,0.0674815
5,4e-09,0.0822837
