,Current,Voltage
0,0.0,0.012707
1,8e-10,0.0353141
2,1.6e-09,0.0576375
3,2.4e-09,0.0799901
4,3.2e-09,0.102288
5,4e-09,0.124697
