,Current,Voltage
0,0.0,0.00010252
1,0.0002,0.00165939
2,0.0004,0.00319958
3,0.0006,0.004704
4,0.0008,0.00623226
5,0.001,0.00772238
