,Current,Voltage
0,0.0,0.000238419
1,0.0002,0.00837803
2,0.0004,0.0164843
3,0.0006,0.0245452
4,0.0008,0.03263
5,0.001,0.04071
