,Current,Voltage
0,0.0,9.77516e-05
1,0.0002,0.00267506
2,0.0004,0.00518084
3,0.0006,0.00768185
4,0.0008,0.0102162
5,0.001,0.0127053
