,Current,Voltage
0,0.0,0.000166893
1,0.0002,0.00224829
2,0.0004,0.00432253
3,0.0006,0.00638008
4,0.0008,0.00842571
5,0.001,0.010469
