,Current,Voltage
0,0.0,0.000112057
1,0.0002,0.00161409
2,0.0004,0.00308752
3,0.0006,0.00456333
4,0.0008,0.00599861
5,0.001,0.0074482
