,Current,Voltage
0,0.0,0.000123978
1,0.0002,0.00253201
2,0.0004,0.00492096
3,0.0006,0.00729322
4,0.0008,0.0096488
5,0.001,0.012033
