,Current,Voltage
0,0.0,5.72205e-05
1,0.0002,0.000276566
2,0.0004,0.000429153
3,0.0006,0.000624657
4,0.0008,0.000755787
5,0.001,0.000941753
