,Current,Voltage
0,0.0,0.000255108
1,0.0002,0.00694036
2,0.0004,0.013659
3,0.0006,0.0202942
4,0.0008,0.0269842
5,0.001,0.0335407
