,Current,Voltage
0,0.0,0.000319481
1,0.0002,0.00982761
2,0.0004,0.0193357
3,0.0006,0.0287724
4,0.0008,0.0384569
5,0.001,0.0480056
