,Current,Voltage
0,0.0,0.000152588
1,0.0002,0.00509501
2,0.0004,0.0100136
3,0.0006,0.0148487
4,0.0008,0.019803
5,0.001,0.0246286
