,Current,Voltage
0,0.0,0.000212193
1,0.0002,0.00549555
2,0.0004,0.0107861
3,0.0006,0.0160146
4,0.0008,0.0213122
5,0.001,0.0264883
