,Current,Voltage
0,0.0,3.57628e-05
1,0.0002,-0.000228882
2,0.0004,-0.000543594
3,0.0006,-0.000908375
4,0.0008,-0.00123262
5,0.001,-0.00159025
