,Current,Voltage
0,0.0,0.000550747
1,0.0002,0.0192142
2,0.0004,0.0379729
3,0.0006,0.0565839
4,0.0008,0.0753307
5,0.001,0.0938988
