,Current,Voltage
0,0.0,0.000104904
1,0.0002,0.0017643
2,0.0004,0.00341177
3,0.0006,0.00497341
4,0.0008,0.0066328
5,0.001,0.00819921
