,Current,Voltage
0,0.0,0.000498295
1,0.0002,0.0162244
2,0.0004,0.0321126
3,0.0006,0.0478554
4,0.0008,0.0637197
5,0.001,0.0793982
