,Current,Voltage
0,0.0,7.39098e-05
1,0.0002,0.000185966
2,0.0004,0.00023365
3,0.0006,0.000305176
4,0.0008,0.000395775
5,0.001,0.000417233
