,Current,Voltage
0,0.0,0.000164509
1,0.0002,0.0038743
2,0.0004,0.00747204
3,0.0006,0.0110626
4,0.0008,0.0147319
5,0.001,0.0183582
