,Current,Voltage
0,0.0,8.10623e-05
1,0.0002,0.000984669
2,0.0004,0.00180006
3,0.0006,0.00252724
4,0.0008,0.00335932
5,0.001,0.00415325
