,Current,Voltage
0,0.0,6.67572e-05
1,0.0002,0.00112295
2,0.0004,0.00217915
3,0.0006,0.00314713
4,0.0008,0.00416517
5,0.001,0.00517607
