,Current,Voltage
0,0.0,0.000331402
1,0.0002,0.0116229
2,0.0004,0.0229335
3,0.0006,0.0341201
4,0.0008,0.0454307
5,0.001,0.0566244
