,Current,Voltage
0,0.0,9.77516e-05
1,0.0002,0.000348091
2,0.0004,0.000536442
3,0.0006,0.000710487
4,0.0008,0.000927448
5,0.001,0.00113249
