,Current,Voltage
0,0.0,0.00010252
1,0.0002,0.00155687
2,0.0004,0.00299454
3,0.0006,0.00442505
4,0.0008,0.0058341
5,0.001,0.00728607
