,Current,Voltage
0,0.0,7.62939e-05
1,0.0002,0.0011301
2,0.0004,0.00211477
3,0.0006,0.00315666
4,0.0008,0.00415325
5,0.001,0.00517607
