,Current,Voltage
0,0.0,-0.74343
1,0.0002,-0.224938
2,0.0004,-0.0981808
3,0.0006,-0.0342488
4,0.0008,0.00244617
5,0.001,0.0265408
