,Current,Voltage
0,0.0,0.00013113
1,0.0002,0.00222445
2,0.0004,0.00433207
3,0.0006,0.00643492
4,0.0008,0.00853777
5,0.001,0.0105715
