,Current,Voltage
0,0.0,9.05991e-05
1,0.0002,0.00294209
2,0.0004,0.00574827
3,0.0006,0.0085187
4,0.0008,0.0113297
5,0.001,0.0141001
