,Current,Voltage
0,0.0,6.19888e-05
1,0.0002,0.00108957
2,0.0004,0.00208139
3,0.0006,0.00305414
4,0.0008,0.00404358
5,0.001,0.0049901
