,Current,Voltage
0,0.0,0.000605583
1,0.0002,0.021975
2,0.0004,0.0434089
3,0.0006,0.0646996
4,0.0008,0.0861931
5,0.001,0.107465
