,Current,Voltage
0,0.0,0.000140667
1,0.0002,0.00177622
2,0.0004,0.00335455
3,0.0006,0.00497103
4,0.0008,0.00656843
5,0.001,0.00815868
