,Current,Voltage
0,0.0,0.000112057
1,0.0002,0.00184059
2,0.0004,0.00355244
3,0.0006,0.00524521
4,0.0008,0.00691652
5,0.001,0.00863791
