,Current,Voltage
0,0.0,0.000140667
1,0.0002,0.00294447
2,0.0004,0.00576496
3,0.0006,0.00853539
4,0.0008,0.0113273
5,0.001,0.0140882
