,Current,Voltage
0,0.0,0.000607967
1,0.0002,0.0201321
2,0.0004,0.0397372
3,0.0006,0.0592017
4,0.0008,0.0788021
5,0.001,0.0982738
