,Current,Voltage
0,0.0,-0.383506
1,0.0002,0.00636578
2,0.0004,0.0523949
3,0.0006,0.0750184
4,0.0008,0.0843453
5,0.001,0.0923729
