,Current,Voltage
0,0.0,0.000607967
1,0.0002,0.0223804
2,0.0004,0.0443006
3,0.0006,0.0660419
4,0.0008,0.0879455
5,0.001,0.109711
