,Current,Voltage
0,0.0,9.77516e-05
1,0.0002,0.0012207
2,0.0004,0.00223398
3,0.0006,0.0032711
4,0.0008,0.00427246
5,0.001,0.00527859
