,Current,Voltage
0,0.0,9.77516e-05
1,0.0002,0.00161409
2,0.0004,0.0030756
3,0.0006,0.00455379
4,0.0008,0.00599861
5,0.001,0.00744343
