,Current,Voltage
0,0.0,0.000247955
1,0.0002,0.00570536
2,0.0004,0.0111532
3,0.0006,0.016551
4,0.0008,0.022018
5,0.001,0.0273919
