,Current,Voltage
0,0.0,0.000193119
1,0.0002,0.00481367
2,0.0004,0.00941753
3,0.0006,0.0140023
4,0.0008,0.0185943
5,0.001,0.02316
