,Current,Voltage
0,0.0,-0.460343
1,0.0002,-0.063777
2,0.0004,-0.00843525
3,0.0006,0.0118113
4,0.0008,0.0220323
5,0.001,0.0291657
