,Current,Voltage
0,0.0,5.24521e-05
1,0.0002,0.00106573
2,0.0004,0.00202417
3,0.0006,0.00292063
4,0.0008,0.00388145
5,0.001,0.00478983
