,Current,Voltage
0,0.0,0.000190735
1,0.0002,0.0057435
2,0.0004,0.0112796
3,0.0006,0.0167918
4,0.0008,0.0222802
5,0.001,0.027771
