,Current,Voltage
0,0.0,7.86781e-05
1,0.0002,0.000503063
2,0.0004,0.000879765
3,0.0006,0.00124931
4,0.0008,0.00160933
5,0.001,0.00199556
