,Current,Voltage
0,0.0,5.24521e-05
1,0.0002,0.000975132
2,0.0004,0.0018549
3,0.0006,0.00268698
4,0.0008,0.00356436
5,0.001,0.0044179
