,Current,Voltage
0,0.0,8.58307e-05
1,0.0002,0.00183105
2,0.0004,0.00355005
3,0.0006,0.00524759
4,0.0008,0.00688791
5,0.001,0.00860691
