,Current,Voltage
0,0.0,9.29832e-05
1,0.0002,0.00071764
2,0.0004,0.00132799
3,0.0006,0.00186443
4,0.0008,0.00247002
5,0.001,0.0030303
