,Current,Voltage
0,0.0,7.62939e-05
1,0.0002,0.00158548
2,0.0004,0.00293255
3,0.0006,0.00432253
4,0.0008,0.00574827
5,0.001,0.00713348
