,Current,Voltage
0,0.0,0.00105619
1,0.0002,0.0379729
2,0.0004,0.075202
3,0.0006,0.112021
4,0.0008,0.149255
5,0.001,0.186102
