,Current,Voltage
0,0.0,8.82149e-05
1,0.0002,0.00206709
2,0.0004,0.00402451
3,0.0006,0.00593901
4,0.0008,0.00788212
5,0.001,0.00980854
