,Current,Voltage
0,0.0,5.24521e-05
1,0.0002,0.0012517
2,0.0004,0.00240326
3,0.0006,0.00349045
4,0.0008,0.00460386
5,0.001,0.00570297
