,Current,Voltage
0,0.0,0.000505447
1,0.0002,0.0160933
2,0.0004,0.0317502
3,0.0006,0.0473022
4,0.0008,0.0629592
5,0.001,0.0785255
