,Current,Voltage
0,0.0,-0.00655413
1,0.0002,0.178616
2,0.0004,0.358288
3,0.0006,0.530505
4,0.0008,0.698636
5,0.001,0.860314
