,Current,Voltage
0,0.0,0.00260353
1,0.0002,0.1126
2,0.0004,0.223515
3,0.0006,0.333672
4,0.0008,0.444822
5,0.001,0.555036
