,Current,Voltage
0,0.0,-1.07917
1,0.0002,-0.791328
2,0.0004,-0.599616
3,0.0006,-0.467119
4,0.0008,-0.368237
5,0.001,-0.291371
