,Current,Voltage
0,0.0,0.00200987
1,0.0002,0.0160313
2,0.0004,0.0317311
3,0.0006,0.0472212
4,0.0008,0.0629282
5,0.001,0.0784373
