,Current,Voltage
0,0.0,-1.41547
1,0.0002,-1.23292
2,0.0004,-1.04177
3,0.0006,-0.853374
4,0.0008,-0.665331
5,0.001,-0.479815
