,Current,Voltage
0,0.0,0.000121593
1,0.0002,0.000169277
2,0.0004,0.000181198
3,0.0006,0.000174046
4,0.0008,0.000193119
5,0.001,0.000188351
