,Current,Voltage
0,0.0,0.00801158
1,8e-10,0.0335927
2,1.6e-09,0.0591581
3,2.4e-09,0.0846915
4,3.2e-09,0.110306
5,4e-09,0.135881
