,Current,Voltage
0,0.0,0.00467563
1,8e-10,0.0124176
2,1.6e-09,0.0201619
3,2.4e-09,0.027889
4,3.2e-09,0.0356264
5,4e-09,0.0433683
