,Current,Voltage
0,0.0,0.00473022
1,8e-10,0.0125973
2,1.6e-09,0.0204647
3,2.4e-09,0.0283492
4,3.2e-09,0.0362101
5,4e-09,0.0440729
