,Current,Voltage
0,0.0,0.000911951
1,8e-10,0.0472732
2,1.6e-09,0.0949535
3,2.4e-09,0.126019
4,3.2e-09,0.223079
5,4e-09,0.323252
