,Current,Voltage
0,0.0,-0.97184
1,8e-10,-0.445779
2,1.6e-09,-0.114704
3,2.4e-09,0.223097
4,3.2e-09,0.563767
5,4e-09,0.904171
