,Current,Voltage
0,0.0,0.00505638
1,8e-10,0.014322
2,1.6e-09,0.0236001
3,2.4e-09,0.0328574
4,3.2e-09,0.0421233
5,4e-09,0.0514066
