,Current,Voltage
0,0.0,0.0048995
1,8e-10,0.0139387
2,1.6e-09,0.0229475
3,2.4e-09,0.0319746
4,3.2e-09,0.0410035
5,4e-09,0.0500338
