,Current,Voltage
0,0.0,0.000150204
1,0.0002,0.00294685
2,0.0004,0.00571489
3,0.0006,0.0084424
4,0.0008,0.0111985
5,0.001,0.0139499
