,Current,Voltage
0,0.0,0.000119209
1,0.0002,0.00235796
2,0.0004,0.00455856
3,0.0006,0.00672817
4,0.0008,0.00890017
5,0.001,0.011065
