,Current,Voltage
0,0.0,0.000104904
1,0.0002,0.00162601
2,0.0004,0.00315666
3,0.0006,0.00463009
4,0.0008,0.00609159
5,0.001,0.0075531
