,Current,Voltage
0,0.0,0.00014782
1,0.0002,0.00144243
2,0.0004,0.00272036
3,0.0006,0.00402451
4,0.0008,0.00530005
5,0.001,0.00655413
