,Current,Voltage
0,0.0,0.000135899
1,0.0002,0.00102997
2,0.0004,0.00192881
3,0.0006,0.00279903
4,0.0008,0.00362873
5,0.001,0.00445604
