,Current,Voltage
0,0.0,0.000157356
1,0.0002,0.00328064
2,0.0004,0.00627756
3,0.0006,0.00932217
4,0.0008,0.0123787
5,0.001,0.0153971
