,Current,Voltage
0,0.0,0.00015974
1,0.0002,0.00314236
2,0.0004,0.00607491
3,0.0006,0.00899315
4,0.0008,0.0119185
5,0.001,0.0148034
