,Current,Voltage
0,0.0,0.000178814
1,0.0002,0.00207424
2,0.0004,0.00392914
3,0.0006,0.00584602
4,0.0008,0.00767231
5,0.001,0.00955105
