,Current,Voltage
0,0.0,0.000164509
1,0.0002,0.00197172
2,0.0004,0.00374794
3,0.0006,0.00549793
4,0.0008,0.00727415
5,0.001,0.00902653
