,Current,Voltage
0,0.0,0.000214577
1,0.0002,0.00399113
2,0.0004,0.0077033
3,0.0006,0.0114369
4,0.0008,0.0152063
5,0.001,0.0189018
