,Current,Voltage
0,0.0,0.00010252
1,0.0002,0.000650883
2,0.0004,0.00120163
3,0.0006,0.00164986
4,0.0008,0.00211716
5,0.001,0.00261545
