,Current,Voltage
0,0.0,0.000143051
1,0.0002,0.0016427
2,0.0004,0.00311375
3,0.0006,0.00459433
4,0.0008,0.00602722
5,0.001,0.00749111
