,Current,Voltage
0,0.0,0.000116825
1,0.0002,0.00161648
2,0.0004,0.00309467
3,0.0006,0.00457287
4,0.0008,0.00603676
5,0.001,0.00748873
