,Current,Voltage
0,0.0,0.000231266
1,0.0002,0.00330448
2,0.0004,0.0063777
3,0.0006,0.00938177
4,0.0008,0.0124407
5,0.001,0.0154662
