,Current,Voltage
0,0.0,0.000126362
1,0.0002,0.0021553
2,0.0004,0.00419855
3,0.0006,0.00614643
4,0.0008,0.00818729
5,0.001,0.0101662
