,Current,Voltage
0,0.0,0.000183582
1,0.0002,0.00445127
2,0.0004,0.00874043
3,0.0006,0.0129557
4,0.0008,0.0172424
5,0.001,0.0215006
