,Current,Voltage
0,0.0,0.000157356
1,0.0002,0.00193834
2,0.0004,0.00364304
3,0.0006,0.0053668
4,0.0008,0.00706434
5,0.001,0.00874996
