,Current,Voltage
0,0.0,0.000133514
1,0.0002,0.00204563
2,0.0004,0.00393867
3,0.0006,0.00576973
4,0.0008,0.00762939
5,0.001,0.00948906
