,Current,Voltage
0,0.0,0.000197887
1,0.0002,0.00118256
2,0.0004,0.00209093
3,0.0006,0.00302792
4,0.0008,0.00395775
5,0.001,0.00486612
