,Current,Voltage
0,0.0,0.000140667
1,0.0002,0.00180006
2,0.0004,0.00345469
3,0.0006,0.00504017
4,0.0008,0.00666857
5,0.001,0.00830412
