,Current,Voltage
0,0.0,0.000109673
1,0.0002,0.001719
2,0.0004,0.00324488
3,0.0006,0.00476599
4,0.0008,0.00629187
5,0.001,0.00780106
