,Current,Voltage
0,0.0,0.000119209
1,0.0002,0.00175476
2,0.0004,0.00333548
3,0.0006,0.00493765
4,0.0008,0.00647783
5,0.001,0.00807047
