,Current,Voltage
0,0.0,0.000109673
1,0.0002,0.00171185
2,0.0004,0.00327587
3,0.0006,0.00481129
4,0.0008,0.00635862
5,0.001,0.0078845
