,Current,Voltage
0,0.0,0.000116825
1,0.0002,0.00154257
2,0.0004,0.0029254
3,0.0006,0.00428438
4,0.0008,0.00563145
5,0.001,0.00697851
