,Current,Voltage
0,0.0,0.000152588
1,0.0002,0.00210047
2,0.0004,0.00401258
3,0.0006,0.0059104
4,0.0008,0.00782728
5,0.001,0.00971079
