,Current,Voltage
0,0.0,0.00014782
1,0.0002,0.00188112
2,0.0004,0.0035882
3,0.0006,0.00527143
4,0.0008,0.00696898
5,0.001,0.00867128
