,Current,Voltage
0,0.0,0.000181198
1,0.0002,0.00328779
2,0.0004,0.00637054
3,0.0006,0.00943184
4,0.0008,0.0125384
5,0.001,0.0155878
