,Current,Voltage
0,0.0,0.000190735
1,0.0002,0.00265837
2,0.0004,0.00501871
3,0.0006,0.00739813
4,0.0008,0.00966787
5,0.001,0.0119281
