,Current,Voltage
0,0.0,0.000133514
1,0.0002,0.00151634
2,0.0004,0.00290871
3,0.0006,0.00425577
4,0.0008,0.00563145
5,0.001,0.00699997
