,Current,Voltage
0,0.0,0.00014782
1,0.0002,0.00195742
2,0.0004,0.00375986
3,0.0006,0.00547647
4,0.0008,0.00725746
5,0.001,0.00901699
