,Current,Voltage
0,0.0,0.000145435
1,0.0002,0.0016284
2,0.0004,0.00306368
3,0.0006,0.00454187
4,0.0008,0.00595093
5,0.001,0.00738621
