,Current,Voltage
0,0.0,0.000119209
1,0.0002,0.00179052
2,0.0004,0.00341654
3,0.0006,0.00499487
4,0.0008,0.00663996
5,0.001,0.00823259
