,Current,Voltage
0,0.0,0.000119209
1,0.0002,0.00170231
2,0.0004,0.00319719
3,0.0006,0.00471354
4,0.0008,0.00619888
5,0.001,0.00770569
