,Current,Voltage
0,0.0,0.00013113
1,0.0002,0.00169754
2,0.0004,0.00320673
3,0.0006,0.00472784
4,0.0008,0.00621796
5,0.001,0.00771761
