,Current,Voltage
0,0.0,0.00010252
1,0.0002,0.00162125
2,0.0004,0.00308275
3,0.0006,0.00450611
4,0.0008,0.006001
5,0.001,0.00743389
