,Current,Voltage
0,0.0,0.000188351
1,0.0002,0.00447989
2,0.0004,0.00870228
3,0.0006,0.0129199
4,0.0008,0.0171685
5,0.001,0.0214481
