,Current,Voltage
0,0.0,0.000126362
1,0.0002,0.00218868
2,0.0004,0.0041461
3,0.0006,0.00605583
4,0.0008,0.00806332
5,0.001,0.0100017
