,Current,Voltage
0,0.0,0.000119209
1,0.0002,0.00216484
2,0.0004,0.00413895
3,0.0006,0.00608921
4,0.0008,0.00808001
5,0.001,0.010035
