,Current,Voltage
0,0.0,0.000150204
1,0.0002,0.00162125
2,0.0004,0.00307322
3,0.0006,0.00451088
4,0.0008,0.00599384
5,0.001,0.00741005
