,Current,Voltage
0,0.0,0.000152588
1,0.0002,0.00184536
2,0.0004,0.00354052
3,0.0006,0.0051856
4,0.0008,0.00688791
5,0.001,0.00854492
