,Current,Voltage
0,0.0,0.000143051
1,0.0002,0.00136852
2,0.0004,0.00253916
3,0.0006,0.00374556
4,0.0008,0.0048995
5,0.001,0.00607491
