,Current,Voltage
0,0.0,0.000169277
1,0.0002,0.00347376
2,0.0004,0.00674248
3,0.0006,0.0100088
4,0.0008,0.0133109
5,0.001,0.0165153
