,Current,Voltage
0,0.0,0.000121593
1,0.0002,0.00183344
2,0.0004,0.0035429
3,0.0006,0.00525236
4,0.0008,0.00694275
5,0.001,0.00864506
