,Current,Voltage
0,0.0,0.000183582
1,0.0002,0.00327587
2,0.0004,0.00635386
3,0.0006,0.00941753
4,0.0008,0.0125027
5,0.001,0.0155759
