,Current,Voltage
0,0.0,0.000126362
1,0.0002,0.00185013
2,0.0004,0.0034976
3,0.0006,0.00520468
4,0.0008,0.00682116
5,0.001,0.00849009
