,Current,Voltage
0,0.0,0.000152588
1,0.0002,0.00199556
2,0.0004,0.00381947
3,0.0006,0.00562429
4,0.0008,0.00747681
5,0.001,0.00930548
