,Current,Voltage
0,0.0,0.000112057
1,0.0002,0.00251293
2,0.0004,0.00485897
3,0.0006,0.00714779
4,0.0008,0.00950813
5,0.001,0.011766
