,Current,Voltage
0,0.0,0.00371313
1,8e-10,0.0107441
2,1.6e-09,0.0177548
3,2.4e-09,0.0247972
4,3.2e-09,0.0318189
5,4e-09,0.0388465
