,Current,Voltage
0,0.0,0.00536633
1,8e-10,0.0148818
2,1.6e-09,0.0244181
3,2.4e-09,0.0339491
4,3.2e-09,0.0434463
5,4e-09,0.0529799
