{
  "mapping_offsets": [
    0.0,
    1.0,
    2.0,
    3.0,
    4.0,
    5.0,
    6.0
  ],
  "flir_offsets": [
    0,
    15,
    30
  ],
  "spin_speed": {
    "min": 100.0,
    "max": 3800.0,
    "value": {
      "0": 1000,
      "1": 1000,
      "2": 1000,
      "3": 1000,
      "4": 1000,
      "5": 1000,
      "6": 1000,
      "7": 1000,
      "8": 1000,
      "9": 1000,
      "10": 1000,
      "11": 1000,
      "12": 1000,
      "13": 1000,
      "14": 1000,
      "15": 1000,
      "16": 1000,
      "17": 1000,
      "18": 1000,
      "19": 1000,
      "20": 1000,
      "21": 1000
    },
    "units": "RPM",
    "optimize_with_chem_os": false
  },
  "spin_time": {
    "min": 10.0,
    "max": 120.0,
    "value": {
      "0": 60,
      "1": 60,
      "2": 60,
      "3": 60,
      "4": 60,
      "5": 60,
      "6": 60,
      "7": 60,
      "8": 60,
      "9": 60,
      "10": 60,
      "11": 60,
      "12": 60,
      "13": 60,
      "14": 60,
      "15": 60,
      "16": 60,
      "17": 60,
      "18": 60,
      "19": 60,
      "20": 60,
      "21": 60
    },
    "units": "s",
    "optimize_with_chem_os": false
  },
  "dispense_volume": {
    "min": 0.001,
    "max": 1.0,
    "value": 0.1,
    "units": "mL",
    "optimize_with_chem_os": false
  },
  "campaign_dispensed_amounts": {
    "spiro": {
      "chemical_name": "Spiro",
      "varied": false,
      "value": 0.09649999999999981,
      "units": "mg",
      "metadata": {
        "molar_weight_ mg": 1225.43,
        "concentration_mg_ml": 50,
        "requested_param": null,
        "requested_vol": 0.12677999128163023
      }
    },
    "cobalt": {
      "chemical_name": "FK102",
      "varied": true,
      "value": 0.062200000000000255,
      "units": "mg",
      "metadata": {
        "molar_weight_ mg": 1334.86,
        "concentration_mg_ml": 50,
        "requested_param": null,
        "requested_vol": 0.08155334205170309
      }
    },
    "tbp": {
      "chemical_name": "tBP",
      "varied": false,
      "value": 0.02950000000000008,
      "units": "mg",
      "metadata": {
        "molar_weight_ mg": 135.21,
        "concentration_mg_ml": 50,
        "requested_param": null,
        "requested_vol": 0.04166666666666666
      }
    },
    "annealing": {
      "varied": true,
      "value": 59.97604250907898,
      "units": "s",
      "metadata": {}
    }
  },
  "properties": {
    "measurement_0": 7.081690313907998e-07,
    "measurement_1": 7.03292138910917e-07,
    "measurement_2": 7.071593982050122e-07,
    "measurement_3": 7.157763859706216e-07,
    "measurement_4": 7.167614961112002e-07,
    "measurement_5": 7.126933388533124e-07,
    "measurement_6": 7.207549255656087e-07,
    "measurement_mean": 7.12086673572496e-07
  },
  "active_parameters_pickle_file": {
    "filename": "not yet defined"
  },
  "processes": {
    "x0": 0.46442060015353,
    "x1": 0.19651970267295837
  },
  "chemOS": {
    "requested_params": {
      "x0": 0.5905325412750244,
      "x1": 0.24990017712116241
    },
    "output_for_previous": {
      "campaign_name": "pseudomobility",
      "session_id": "dbad41d5-017b-4f35-b430-6be3f655fdb0",
      "experiment_id": "64231b72-997b-4ed7-bf5b-c324bc9304ef",
      "execution_id": "e8c8ca79",
      "robot_id": "e0c4ac82",
      "processes": {
        "x0": 0.46442060015353,
        "x1": 0.19651970267295837
      },
      "properties": {
        "measurement_0": 7.081690313907998e-07,
        "measurement_1": 7.03292138910917e-07,
        "measurement_2": 7.071593982050122e-07,
        "measurement_3": 7.157763859706216e-07,
        "measurement_4": 7.167614961112002e-07,
        "measurement_5": 7.126933388533124e-07,
        "measurement_6": 7.207549255656087e-07,
        "measurement_mean": 7.12086673572496e-07
      }
    }
  },
  "operator_name": "Thomas",
  "operator_comment": "chemOS optimization of pseudomobility over cobalt annealing space"
}