,Current,Voltage
0,0.0,7.86781e-05
1,0.0002,0.000755787
2,0.0004,0.00142574
3,0.0006,0.00203609
4,0.0008,0.00266552
5,0.001,0.00331402
