,Current,Voltage
0,0.0,6.91414e-05
1,0.0002,0.000991821
2,0.0004,0.00184774
3,0.0006,0.00264406
4,0.0008,0.00346899
5,0.001,0.00430346
