,Current,Voltage
0,0.0,6.67572e-05
1,0.0002,0.000534058
2,0.0004,0.000972748
3,0.0006,0.00133753
4,0.0008,0.00175238
5,0.001,0.00216246
