,Current,Voltage
0,0.0,6.4373e-05
1,0.0002,0.000708103
2,0.0004,0.00123501
3,0.0006,0.00175953
4,0.0008,0.00236034
5,0.001,0.0028801
