,Current,Voltage
0,0.0,7.62939e-05
1,0.0002,0.000658035
2,0.0004,0.00118256
3,0.0006,0.00174522
4,0.0008,0.00227213
5,0.001,0.00281096
