,Current,Voltage
0,0.0,0.000123978
1,0.0002,0.000662804
2,0.0004,0.00120401
3,0.0006,0.00174284
4,0.0008,0.00223398
5,0.001,0.00273705
