,Current,Voltage
0,0.0,6.67572e-05
1,0.0002,0.00102282
2,0.0004,0.00193596
3,0.0006,0.00285149
4,0.0008,0.00372648
5,0.001,0.00461817
