,Current,Voltage
0,0.0,6.91414e-05
1,0.0002,0.000734329
2,0.0004,0.00133276
3,0.0006,0.00192404
4,0.0008,0.00254869
5,0.001,0.00311852
