,Current,Voltage
0,0.0,6.67572e-05
1,0.0002,0.00119448
2,0.0004,0.00224113
3,0.0006,0.0032711
4,0.0008,0.00435114
5,0.001,0.00538826
