,Current,Voltage
0,0.0,7.39098e-05
1,0.0002,0.000994205
2,0.0004,0.00180006
3,0.0006,0.00262976
4,0.0008,0.00344992
5,0.001,0.0042057
