,Current,Voltage
0,0.0,7.62939e-05
1,0.0002,0.000770092
2,0.0004,0.00139236
3,0.0006,0.00204325
4,0.0008,0.00268936
5,0.001,0.00330925
