,Current,Voltage
0,0.0,0.000114441
1,0.0002,0.000727177
2,0.0004,0.00130653
3,0.0006,0.00187397
4,0.0008,0.00247002
5,0.001,0.00302076
