,Current,Voltage
0,0.0,0.000135899
1,0.0002,0.000817776
2,0.0004,0.00138998
3,0.0006,0.00201464
4,0.0008,0.00265837
5,0.001,0.00331163
