,Current,Voltage
0,0.0,0.000112057
1,0.0002,0.000743866
2,0.0004,0.00134706
3,0.0006,0.00193119
4,0.0008,0.00248194
5,0.001,0.00304461
