,Current,Voltage
0,0.0,9.53674e-05
1,0.0002,0.000851154
2,0.0004,0.0015378
3,0.0006,0.00221968
4,0.0008,0.00294924
5,0.001,0.00362635
