,Current,Voltage
0,0.0,0.000112057
1,0.0002,0.000939369
2,0.0004,0.00170469
3,0.0006,0.00247955
4,0.0008,0.00326157
5,0.001,0.00403881
