,Current,Voltage
0,0.0,9.77516e-05
1,0.0002,0.000748634
2,0.0004,0.00129223
3,0.0006,0.00184774
4,0.0008,0.0024271
5,0.001,0.00299454
