,Current,Voltage
0,0.0,0.000128746
1,0.0002,0.000679493
2,0.0004,0.00121593
3,0.0006,0.00180721
4,0.0008,0.00233412
5,0.001,0.00290871
