,Current,Voltage
0,0.0,7.15256e-05
1,0.0002,0.00105858
2,0.0004,0.00203371
3,0.0006,0.00294685
4,0.0008,0.00389338
5,0.001,0.00481844
