,Current,Voltage
0,0.0,6.19888e-05
1,0.0002,0.000655651
2,0.0004,0.00127077
3,0.0006,0.00179291
4,0.0008,0.00235319
5,0.001,0.00293493
