,Current,Voltage
0,0.0,8.10623e-05
1,0.0002,0.000741482
2,0.0004,0.00136852
3,0.0006,0.00195265
4,0.0008,0.00254154
5,0.001,0.00313282
