,Current,Voltage
0,0.0,6.91414e-05
1,0.0002,0.000641346
2,0.0004,0.00119686
3,0.0006,0.00175714
4,0.0008,0.00228167
5,0.001,0.00282526
