,Current,Voltage
0,0.0,0.00010252
1,0.0002,0.00121593
2,0.0004,0.00228643
3,0.0006,0.00333548
4,0.0008,0.00443697
5,0.001,0.00546932
