,Current,Voltage
0,0.0,6.4373e-05
1,0.0002,0.00105381
2,0.0004,0.00195265
3,0.0006,0.00293493
4,0.0008,0.00384092
5,0.001,0.00475168
