,Current,Voltage
0,0.0,8.58307e-05
1,0.0002,0.000741482
2,0.0004,0.00131845
3,0.0006,0.00188112
4,0.0008,0.00247478
5,0.001,0.0030303
