,Current,Voltage
0,0.0,4.52995e-05
1,0.0002,0.000736713
2,0.0004,0.00143528
3,0.0006,0.0020957
4,0.0008,0.00273705
5,0.001,0.00339985
