,Current,Voltage
0,0.0,9.77516e-05
1,0.0002,0.000908375
2,0.0004,0.00170231
3,0.0006,0.0024724
4,0.0008,0.00326633
5,0.001,0.00405073
