,Current,Voltage
0,0.0,0.000112057
1,0.0002,0.000810623
2,0.0004,0.00150442
3,0.0006,0.00221491
4,0.0008,0.00287533
5,0.001,0.00357389
