,Current,Voltage
0,0.0,5.00679e-05
1,0.0002,0.000846386
2,0.0004,0.00162125
3,0.0006,0.00232697
4,0.0008,0.00305176
5,0.001,0.00377893
