,Current,Voltage
0,0.0,7.39098e-05
1,0.0002,0.000805855
2,0.0004,0.00143528
3,0.0006,0.00206232
4,0.0008,0.00272036
5,0.001,0.00336885
