,Current,Voltage
0,0.0,6.4373e-05
1,0.0002,0.000777245
2,0.0004,0.00142574
3,0.0006,0.00205278
4,0.0008,0.00269175
5,0.001,0.00335217
