,Current,Voltage
0,0.0,0.000104904
1,0.0002,0.000727177
2,0.0004,0.00126839
3,0.0006,0.00175953
4,0.0008,0.00233889
5,0.001,0.00287056
