,Current,Voltage
0,0.0,6.67572e-05
1,0.0002,0.000660419
2,0.0004,0.00120163
3,0.0006,0.00173092
4,0.0008,0.00226021
5,0.001,0.00281334
