,Current,Voltage
0,0.0,7.39098e-05
1,0.0002,0.000889301
2,0.0004,0.00161409
3,0.0006,0.00237942
4,0.0008,0.00307322
5,0.001,0.00379562
