,Current,Voltage
0,0.0,8.58307e-05
1,0.0002,0.00071764
2,0.0004,0.00130177
3,0.0006,0.00185251
4,0.0008,0.00241518
5,0.001,0.00300407
