,Current,Voltage
0,0.0,3.8147e-05
1,0.0002,0.000641346
2,0.0004,0.00120163
3,0.0006,0.00174284
4,0.0008,0.00229597
5,0.001,0.00281572
