,Current,Voltage
0,0.0,9.29832e-05
1,0.0002,0.000734329
2,0.0004,0.00127077
3,0.0006,0.00186682
4,0.0008,0.00239611
5,0.001,0.00297785
