,Current,Voltage
0,0.0,0.000107288
1,0.0002,0.0011158
2,0.0004,0.00207663
3,0.0006,0.00302315
4,0.0008,0.0039649
5,0.001,0.00491381
