,Current,Voltage
0,0.0,0.000107288
1,0.0002,0.00135183
2,0.0004,0.00258923
3,0.0006,0.00376701
4,0.0008,0.0049901
5,0.001,0.00618458
