,Current,Voltage
0,0.0,9.29832e-05
1,0.0002,0.000858307
2,0.0004,0.00153303
3,0.0006,0.00225544
4,0.0008,0.00297308
5,0.001,0.00366926
