,Current,Voltage
0,0.0,7.15256e-05
1,0.0002,0.000770092
2,0.0004,0.0013566
3,0.0006,0.00198603
4,0.0008,0.00259876
5,0.001,0.00321865
