,Current,Voltage
0,0.0,9.77516e-05
1,0.0002,0.000710487
2,0.0004,0.00118494
3,0.0006,0.00174522
4,0.0008,0.00226021
5,0.001,0.00279665
