,Current,Voltage
0,0.0,0.000114441
1,0.0002,0.000638962
2,0.0004,0.00117064
3,0.0006,0.00169277
4,0.0008,0.00218153
5,0.001,0.00269651
