,Current,Voltage
0,0.0,6.67572e-05
1,0.0002,0.000700951
2,0.0004,0.0013113
3,0.0006,0.00186443
4,0.0008,0.00248671
5,0.001,0.00304699
