,Current,Voltage
0,0.0,9.05991e-05
1,0.0002,0.00111818
2,0.0004,0.00209332
3,0.0006,0.00306606
4,0.0008,0.00404119
5,0.001,0.00501633
