,Current,Voltage
0,0.0,4.05312e-05
1,0.0002,0.000860691
2,0.0004,0.00153065
3,0.0006,0.00221729
4,0.0008,0.00294685
5,0.001,0.00365496
