,Current,Voltage
0,0.0,9.77516e-05
1,0.0002,0.00104427
2,0.0004,0.00191927
3,0.0006,0.00283241
4,0.0008,0.00368595
5,0.001,0.00457048
