,Current,Voltage
0,0.0,9.29832e-05
1,0.0002,0.000903606
2,0.0004,0.00165224
3,0.0006,0.00239372
4,0.0008,0.00315189
5,0.001,0.00389338
