,Current,Voltage
0,0.0,0.000121593
1,0.0002,0.00210762
2,0.0004,0.00401735
3,0.0006,0.00593424
4,0.0008,0.00783205
5,0.001,0.00973225
