,Current,Voltage
0,0.0,7.86781e-05
1,0.0002,0.00114918
2,0.0004,0.00219584
3,0.0006,0.00326395
4,0.0008,0.004282
5,0.001,0.00529528
