,Current,Voltage
0,0.0,7.39098e-05
1,0.0002,0.000898838
2,0.0004,0.00167847
3,0.0006,0.0024581
4,0.0008,0.00320911
5,0.001,0.00402212
