,Current,Voltage
0,0.0,0.000121593
1,0.0002,0.00082016
2,0.0004,0.00149488
3,0.0006,0.00210524
4,0.0008,0.00277996
5,0.001,0.003438
