,Current,Voltage
0,0.0,8.82149e-05
1,0.0002,0.000660419
2,0.0004,0.00115633
3,0.0006,0.00167608
4,0.0008,0.00218391
5,0.001,0.00270605
