,Current,Voltage
0,0.0,7.86781e-05
1,0.0002,0.00095129
2,0.0004,0.00179768
3,0.0006,0.00262022
4,0.0008,0.00340223
5,0.001,0.00423908
