,Current,Voltage
0,0.0,7.15256e-05
1,0.0002,0.00089407
2,0.0004,0.00163317
3,0.0006,0.00237703
4,0.0008,0.00314474
5,0.001,0.00385523
