,Current,Voltage
0,0.0,9.77516e-05
1,0.0002,0.000681877
2,0.0004,0.00123024
3,0.0006,0.00175476
4,0.0008,0.0022912
5,0.001,0.00286579
