,Current,Voltage
0,0.0,7.62939e-05
1,0.0002,0.00067234
2,0.0004,0.00121117
3,0.0006,0.0017786
4,0.0008,0.00232458
5,0.001,0.00285149
