,Current,Voltage
0,0.0,0.00480628
1,8e-10,0.0133262
2,1.6e-09,0.0218723
3,2.4e-09,0.0303974
4,3.2e-09,0.038914
5,4e-09,0.0474558
