,Current,Voltage
0,0.0,0.00383854
1,8e-10,0.00997972
2,1.6e-09,0.0161328
3,2.4e-09,0.0222924
4,3.2e-09,0.0284371
5,4e-09,0.0345888
