,Current,Voltage
0,0.0,0.000119209
1,0.0002,0.00250578
2,0.0004,0.00484228
3,0.0006,0.00711918
4,0.0008,0.00941992
5,0.001,0.0116944
