,Current,Voltage
0,0.0,0.000100136
1,0.0002,0.00252485
2,0.0004,0.00484943
3,0.0006,0.00715971
4,0.0008,0.00947237
5,0.001,0.0118089
