,Current,Voltage
0,0.0,0.000503063
1,0.0002,0.0166845
2,0.0004,0.0330043
3,0.0006,0.049181
4,0.0008,0.0655413
5,0.001,0.0816917
