,Current,Voltage
0,0.0,0.000140667
1,0.0002,0.00426054
2,0.0004,0.00834465
3,0.0006,0.0124121
4,0.0008,0.0164914
5,0.001,0.0205445
