,Current,Voltage
0,0.0,0.000178814
1,0.0002,0.0046277
2,0.0004,0.00902176
3,0.0006,0.0134206
4,0.0008,0.0178409
5,0.001,0.0222087
