,Current,Voltage
0,0.0,-1.366
1,0.0002,-1.1806
2,0.0004,-1.06273
3,0.0006,-0.95269
4,0.0008,-0.84924
5,0.001,-0.752196
