,Current,Voltage
0,0.0,0.0416327
1,0.0002,0.0551724
2,0.0004,0.0695658
3,0.0006,0.0841546
4,0.0008,0.0989246
5,0.001,0.113502
