,Current,Voltage
0,0.0,0.000221729
1,0.0002,0.00555515
2,0.0004,0.0109029
3,0.0006,0.0161576
4,0.0008,0.0215197
5,0.001,0.0267959
