,Current,Voltage
0,0.0,0.0947165
1,0.0002,1.23383
2,0.0004,2.01128
3,0.0006,2.59971
4,0.0008,3.11137
5,0.001,3.55788
