,Current,Voltage
0,0.0,0.000202656
1,0.0002,0.00468016
2,0.0004,0.00916004
3,0.0006,0.0136113
4,0.0008,0.0180507
5,0.001,0.0224662
