,Current,Voltage
0,0.0,0.000226498
1,0.0002,0.00336647
2,0.0004,0.00653267
3,0.0006,0.00958204
4,0.0008,0.0127625
5,0.001,0.0158429
