,Current,Voltage
0,0.0,0.0521588
1,0.0002,-0.00473738
2,0.0004,-0.0681281
3,0.0006,0.718129
4,0.0008,2.06225
5,0.001,3.56178
