,Current,Voltage
0,0.0,0.000164509
1,0.0002,0.00375986
2,0.0004,0.00729799
3,0.0006,0.0107598
4,0.0008,0.014286
5,0.001,0.0177693
