,Current,Voltage
0,0.0,7.86781e-05
1,0.0002,0.000119209
2,0.0004,8.82149e-05
3,0.0006,10.0021
4,0.0008,10.0022
5,0.001,10.002
