,Current,Voltage
0,0.0,0.00243425
1,0.0002,0.100782
2,0.0004,0.200152
3,0.0006,0.299027
4,0.0008,0.399184
5,0.001,0.49886
