,Current,Voltage
0,0.0,3.09944e-05
1,0.0002,-0.00151157
2,0.0004,-0.00310183
3,0.0006,0.00679493
4,0.0008,1.18764
5,0.001,2.54967
