,Current,Voltage
0,0.0,6.4373e-05
1,0.0002,0.0004673
2,0.0004,0.000789165
3,0.0006,0.00112772
4,0.0008,0.0014925
5,0.001,0.00179768
