,Current,Voltage
0,0.0,0.000119209
1,0.0002,0.00217438
2,0.0004,0.00413179
3,0.0006,0.00608206
4,0.0008,0.00807285
5,0.001,0.0100374
