,Current,Voltage
0,0.0,0.000119209
1,0.0002,0.00143051
2,0.0004,0.0026536
3,0.0006,0.0039196
4,0.0008,0.00517845
5,0.001,0.00640154
