,Current,Voltage
0,0.0,0.0441551
1,0.0002,0.0598335
2,0.0004,0.0733829
3,0.0006,0.085113
4,0.0008,0.0959325
5,0.001,0.105877
