,Current,Voltage
0,0.0,8.58307e-05
1,0.0002,0.00206947
2,0.0004,0.00396729
3,0.0006,0.00585556
4,0.0008,0.00774145
5,0.001,0.00963688
