,Current,Voltage
0,0.0,0.000138283
1,0.0002,0.00307798
2,0.0004,0.00602007
3,0.0006,0.00888586
4,0.0008,0.0118065
5,0.001,0.0147176
