,Current,Voltage
0,0.0,0.000150204
1,0.0002,0.00253201
2,0.0004,0.00484705
3,0.0006,0.00716209
4,0.0008,0.00948668
5,0.001,0.0117636
