,Current,Voltage
0,0.0,0.000143051
1,0.0002,0.00228643
2,0.0004,0.00435352
3,0.0006,0.00642061
4,0.0008,0.00849009
5,0.001,0.0105619
