,Current,Voltage
0,0.0,0.000178814
1,0.0002,0.00402689
2,0.0004,0.00787973
3,0.0006,0.0116611
4,0.0008,0.0155067
5,0.001,0.0192952
