,Current,Voltage
0,0.0,-1.4699
1,0.0002,-1.18942
2,0.0004,-1.00157
3,0.0006,-0.835657
4,0.0008,-0.684412
5,0.001,-0.544546
