,Current,Voltage
0,0.0,0.000181198
1,0.0002,0.000391006
2,0.0004,0.000555515
3,0.0006,0.000703335
4,0.0008,0.000822544
5,0.001,0.00099659
