,Current,Voltage
0,0.0,0.000193119
1,0.0002,0.00611544
2,0.0004,0.0120163
3,0.0006,0.0177789
4,0.0008,0.023694
5,0.001,0.0294924
