,Current,Voltage
0,0.0,0.000145435
1,0.0002,0.0041461
2,0.0004,0.00812054
3,0.0006,0.0120831
4,0.0008,0.0160193
5,0.001,0.0199938
