,Current,Voltage
0,0.0,-0.411007
1,0.0002,1.3882
2,0.0004,3.19128
3,0.0006,4.97335
4,0.0008,6.76665
5,0.001,10.0021
