,Current,Voltage
0,0.0,-0.000975132
1,0.0002,0.00629187
2,0.0004,0.0122261
3,0.0006,0.0181723
4,0.0008,0.0241613
5,0.001,0.0300765
