,Current,Voltage
0,0.0,0.000112057
1,0.0002,0.00308752
2,0.0004,0.00599146
3,0.0006,0.00888586
4,0.0008,0.0117683
5,0.001,0.0146723
