,Current,Voltage
0,0.0,0.000107288
1,0.0002,0.00142336
2,0.0004,0.00269175
3,0.0006,0.00395298
4,0.0008,0.00518322
5,0.001,0.00644445
