,Current,Voltage
0,0.0,0.00013113
1,0.0002,0.00252724
2,0.0004,0.0048399
3,0.0006,0.00721216
4,0.0008,0.00949144
5,0.001,0.011797
