,Current,Voltage
0,0.0,0.000154972
1,0.0002,0.00099659
2,0.0004,0.00180483
3,0.0006,0.0026083
4,0.0008,0.00342607
5,0.001,0.00424147
