,Current,Voltage
0,0.0,0.000138283
1,0.0002,0.000936985
2,0.0004,0.00166178
3,0.0006,0.00239611
4,0.0008,0.00316143
5,0.001,0.00391483
