,Current,Voltage
0,0.0,0.000133514
1,0.0002,0.00174999
2,0.0004,0.00337601
3,0.0006,0.00494957
4,0.0008,0.00654936
5,0.001,0.00811338
