,Current,Voltage
0,0.0,8.82149e-05
1,0.0002,0.00211
2,0.0004,0.00404119
3,0.0006,0.00592709
4,0.0008,0.0078702
5,0.001,0.00982046
