,Current,Voltage
0,0.0,0.000109673
1,0.0002,0.000870228
2,0.0004,0.00166655
3,0.0006,0.00238895
4,0.0008,0.00314474
5,0.001,0.00391722
