,Current,Voltage
0,0.0,0.000119209
1,0.0002,0.00130653
2,0.0004,0.00245094
3,0.0006,0.0035882
4,0.0008,0.00470638
5,0.001,0.0058651
