,Current,Voltage
0,0.0,0.000123978
1,0.0002,0.00204086
2,0.0004,0.00389338
3,0.0006,0.00574827
4,0.0008,0.00756979
5,0.001,0.00942945
