,Current,Voltage
0,0.0,0.000212193
1,0.0002,0.00472069
2,0.0004,0.00916719
3,0.0006,0.0135946
4,0.0008,0.0180507
5,0.001,0.0224805
