,Current,Voltage
0,0.0,0.000119209
1,0.0002,0.00145912
2,0.0004,0.00272751
3,0.0006,0.00403643
4,0.0008,0.00527382
5,0.001,0.00653267
