,Current,Voltage
0,0.0,0.00010252
1,0.0002,0.00199318
2,0.0004,0.00385761
3,0.0006,0.00567198
4,0.0008,0.0074935
5,0.001,0.0093317
