,Current,Voltage
0,0.0,0.00010252
1,0.0002,0.00167847
2,0.0004,0.00323057
3,0.0006,0.00477552
4,0.0008,0.00632048
5,0.001,0.00790119
