,Current,Voltage
0,0.0,0.000178814
1,0.0002,0.00269175
2,0.0004,0.00516176
3,0.0006,0.00763655
4,0.0008,0.010128
5,0.001,0.0126004
