,Current,Voltage
0,0.0,7.86781e-05
1,0.0002,0.000991821
2,0.0004,0.00185013
3,0.0006,0.00263214
4,0.0008,0.00351667
5,0.001,0.00433922
