,Current,Voltage
0,0.0,0.000157356
1,0.0002,0.00320435
2,0.0004,0.0062108
3,0.0006,0.00914097
4,0.0008,0.0121021
5,0.001,0.0150776
