,Current,Voltage
0,0.0,0.000104904
1,0.0002,0.0010252
2,0.0004,0.00188589
3,0.0006,0.00277281
4,0.0008,0.00359058
5,0.001,0.00448942
