,Current,Voltage
0,0.0,0.000116825
1,0.0002,0.00137568
2,0.0004,0.00261545
3,0.0006,0.00383377
4,0.0008,0.00506163
5,0.001,0.00627995
