,Current,Voltage
0,0.0,6.91414e-05
1,0.0002,0.00101328
2,0.0004,0.00190258
3,0.0006,0.00278473
4,0.0008,0.00365496
5,0.001,0.00453234
