,Current,Voltage
0,0.0,0.000121593
1,0.0002,0.00166893
2,0.0004,0.00319719
3,0.0006,0.00473499
4,0.0008,0.00623226
5,0.001,0.00774145
