,Current,Voltage
0,0.0,0.000157356
1,0.0002,0.00195503
2,0.0004,0.00365496
3,0.0006,0.00540257
4,0.0008,0.0071311
5,0.001,0.00884056
