,Current,Voltage
0,0.0,0.000123978
1,0.0002,0.00106096
2,0.0004,0.00200748
3,0.0006,0.00292063
4,0.0008,0.00380278
5,0.001,0.00470161
