,Current,Voltage
0,0.0,0.000164509
1,0.0002,0.00216961
2,0.0004,0.00421047
3,0.0006,0.00623226
4,0.0008,0.00822544
5,0.001,0.0102282
