,Current,Voltage
0,0.0,0.000112057
1,0.0002,0.000982285
2,0.0004,0.00178576
3,0.0006,0.00257969
4,0.0008,0.00338316
5,0.001,0.00421762
