,Current,Voltage
0,0.0,0.000145435
1,0.0002,0.00134468
2,0.0004,0.00255108
3,0.0006,0.0037837
4,0.0008,0.00500202
5,0.001,0.00619888
