,Current,Voltage
0,0.0,0.000140667
1,0.0002,0.00152111
2,0.0004,0.00283718
3,0.0006,0.00417948
4,0.0008,0.00558138
5,0.001,0.00689268
