,Current,Voltage
0,0.0,0.000135899
1,0.0002,0.00187874
2,0.0004,0.00352859
3,0.0006,0.00522375
4,0.0008,0.00684977
5,0.001,0.00850201
