,Current,Voltage
0,0.0,0.000154972
1,0.0002,0.00139475
2,0.0004,0.00261068
3,0.0006,0.00380754
4,0.0008,0.00498772
5,0.001,0.0062108
