,Current,Voltage
0,0.0,0.000104904
1,0.0002,0.00210047
2,0.0004,0.00406027
3,0.0006,0.00599861
4,0.0008,0.00789165
5,0.001,0.00986099
