,Current,Voltage
0,0.0,0.000109673
1,0.0002,0.00151157
2,0.0004,0.00285625
3,0.0006,0.00418425
4,0.0008,0.0055337
5,0.001,0.00690937
