,Current,Voltage
0,0.0,0.000150204
1,0.0002,0.00200748
2,0.0004,0.00377893
3,0.0006,0.00558615
4,0.0008,0.00738859
5,0.001,0.00919104
