,Current,Voltage
0,0.0,0.000197887
1,0.0002,0.00402451
2,0.0004,0.00785112
3,0.0006,0.011611
4,0.0008,0.0154638
5,0.001,0.019238
