,Current,Voltage
0,0.0,9.77516e-05
1,0.0002,0.00128269
2,0.0004,0.00244141
3,0.0006,0.00356197
4,0.0008,0.00475168
5,0.001,0.00585318
