,Current,Voltage
0,0.0,9.77516e-05
1,0.0002,0.00171423
2,0.0004,0.00327349
3,0.0006,0.00481129
4,0.0008,0.00635386
5,0.001,0.00787735
