,Current,Voltage
0,0.0,9.53674e-05
1,0.0002,0.00104666
2,0.0004,0.00190973
3,0.0006,0.00279427
4,0.0008,0.0036335
5,0.001,0.00456095
