,Current,Voltage
0,0.0,0.000104904
1,0.0002,0.000927448
2,0.0004,0.00175476
3,0.0006,0.00249386
4,0.0008,0.00332117
5,0.001,0.00408411
