,Current,Voltage
0,0.0,0.000100136
1,0.0002,0.00207663
2,0.0004,0.00402451
3,0.0006,0.00596762
4,0.0008,0.0079155
5,0.001,0.00978708
