,Current,Voltage
0,0.0,7.39098e-05
1,0.0002,0.00115395
2,0.0004,0.00210524
3,0.0006,0.00311852
4,0.0008,0.00407696
5,0.001,0.00504732
