,Current,Voltage
0,0.0,0.000109673
1,0.0002,0.00169754
2,0.0004,0.00326395
3,0.0006,0.00477552
4,0.0008,0.00631094
5,0.001,0.00783443
