,Current,Voltage
0,0.0,0.000114441
1,0.0002,0.0012207
2,0.0004,0.00231266
3,0.0006,0.00334263
4,0.0008,0.00439882
5,0.001,0.00544786
