,Current,Voltage
0,0.0,0.000126362
1,0.0002,0.001719
2,0.0004,0.00328541
3,0.0006,0.00480175
4,0.0008,0.00633001
5,0.001,0.0078702
