,Current,Voltage
0,0.0,0.00013113
1,0.0002,0.00164509
2,0.0004,0.00318527
3,0.0006,0.0046587
4,0.0008,0.00616074
5,0.001,0.00762939
