,Current,Voltage
0,0.0,0.000112057
1,0.0002,0.00124693
2,0.0004,0.00234604
3,0.0006,0.00347853
4,0.0008,0.00459671
5,0.001,0.00571251
