,Current,Voltage
0,0.0,0.000128746
1,0.0002,0.00124931
2,0.0004,0.00235081
3,0.0006,0.00345469
4,0.0008,0.00450373
5,0.001,0.00558376
