,Current,Voltage
0,0.0,9.77516e-05
1,0.0002,0.00154495
2,0.0004,0.00290871
3,0.0006,0.00431299
4,0.0008,0.00568151
5,0.001,0.00707388
