,Current,Voltage
0,0.0,8.10623e-05
1,0.0002,0.000967979
2,0.0004,0.00184298
3,0.0006,0.00271797
4,0.0008,0.00354767
5,0.001,0.0043726
