,Current,Voltage
0,0.0,8.58307e-05
1,0.0002,0.00095129
2,0.0004,0.00180483
3,0.0006,0.00262976
4,0.0008,0.0034523
5,0.001,0.00429153
