,Current,Voltage
0,0.0,0.000135899
1,0.0002,0.0018239
2,0.0004,0.00344038
3,0.0006,0.00502586
4,0.0008,0.00669479
5,0.001,0.00826836
