,Current,Voltage
0,0.0,0.000181198
1,0.0002,0.00193357
2,0.0004,0.00369549
3,0.0006,0.00542402
4,0.0008,0.0071454
5,0.001,0.00885248
