,Current,Voltage
0,0.0,0.000126362
1,0.0002,0.00124216
2,0.0004,0.00235558
3,0.0006,0.00348806
4,0.0008,0.00457764
5,0.001,0.00566006
