,Current,Voltage
0,0.0,0.000138283
1,0.0002,0.00138998
2,0.0004,0.00256538
3,0.0006,0.00375509
4,0.0008,0.0049758
5,0.001,0.00614166
