,Current,Voltage
0,0.0,0.000116825
1,0.0002,0.00144482
2,0.0004,0.00269413
3,0.0006,0.00391483
4,0.0008,0.00513077
5,0.001,0.00639439
