,Current,Voltage
0,0.0,0.000119209
1,0.0002,0.00138521
2,0.0004,0.0026679
3,0.0006,0.00385523
4,0.0008,0.00509501
5,0.001,0.00631571
