,Current,Voltage
0,0.0,0.000145435
1,0.0002,0.00154972
2,0.0004,0.00292063
3,0.0006,0.00426769
4,0.0008,0.00567675
5,0.001,0.0069952
