{
  "mapping_offsets": [
    0.0,
    1.0,
    2.0,
    3.0,
    4.0,
    5.0,
    6.0
  ],
  "flir_offsets": [
    0,
    15,
    30
  ],
  "spin_speed": {
    "min": 100.0,
    "max": 3800.0,
    "value": {
      "0": 1000,
      "1": 1000,
      "2": 1000,
      "3": 1000,
      "4": 1000,
      "5": 1000,
      "6": 1000,
      "7": 1000,
      "8": 1000,
      "9": 1000,
      "10": 1000,
      "11": 1000,
      "12": 1000,
      "13": 1000,
      "14": 1000,
      "15": 1000,
      "16": 1000,
      "17": 1000,
      "18": 1000
    },
    "units": "RPM",
    "optimize_with_chem_os": false
  },
  "spin_time": {
    "min": 10.0,
    "max": 120.0,
    "value": {
      "0": 60,
      "1": 60,
      "2": 60,
      "3": 60,
      "4": 60,
      "5": 60,
      "6": 60,
      "7": 60,
      "8": 60,
      "9": 60,
      "10": 60,
      "11": 60,
      "12": 60,
      "13": 60,
      "14": 60,
      "15": 60,
      "16": 60,
      "17": 60,
      "18": 60
    },
    "units": "s",
    "optimize_with_chem_os": false
  },
  "dispense_volume": {
    "min": 0.001,
    "max": 1.0,
    "value": 0.1,
    "units": "mL",
    "optimize_with_chem_os": false
  },
  "campaign_dispensed_amounts": {
    "spiro": {
      "chemical_name": "Spiro",
      "varied": false,
      "value": 0.10270000000000001,
      "units": "mg",
      "metadata": {
        "molar_weight_ mg": 1225.43,
        "concentration_mg_ml": 50,
        "requested_param": null,
        "requested_vol": 0.12788925635708476
      }
    },
    "cobalt": {
      "chemical_name": "FK102",
      "varied": true,
      "value": 0.06340000000000012,
      "units": "mg",
      "metadata": {
        "molar_weight_ mg": 1334.86,
        "concentration_mg_ml": 50,
        "requested_param": null,
        "requested_vol": 0.08044407697624857
      }
    },
    "tbp": {
      "chemical_name": "tBP",
      "varied": false,
      "value": 0.030100000000000016,
      "units": "mg",
      "metadata": {
        "molar_weight_ mg": 135.21,
        "concentration_mg_ml": 50,
        "requested_param": null,
        "requested_vol": 0.04166666666666666
      }
    },
    "annealing": {
      "varied": true,
      "value": 67.10855484008789,
      "units": "s",
      "metadata": {}
    }
  },
  "properties": {
    "measurement_0": 1.576687637587836e-07,
    "measurement_1": 1.5346266075569864e-07,
    "measurement_2": 1.585090324805986e-07,
    "measurement_3": 1.5993269324666505e-07,
    "measurement_4": 1.5583220404872746e-07,
    "measurement_5": 1.5919188275090223e-07,
    "measurement_6": 1.6014540942188174e-07,
    "measurement_mean": 1.578203780661796e-07
  },
  "active_parameters_pickle_file": {
    "filename": "not yet defined"
  },
  "processes": {
    "x0": 0.022992593761146537,
    "x1": 0.5324913859367371
  },
  "chemOS": {
    "requested_params": {
      "x0": 0.5774478912353516,
      "x1": 0.2796189785003662
    },
    "output_for_previous": {
      "campaign_name": "pseudomobility",
      "session_id": "dbad41d5-017b-4f35-b430-6be3f655fdb0",
      "experiment_id": "fe436ff9-fc76-4ad0-906f-052c5d0c69c5",
      "execution_id": "7b336b7c",
      "robot_id": "e0c4ac82",
      "processes": {
        "x0": 0.022992593761146537,
        "x1": 0.5324913859367371
      },
      "properties": {
        "measurement_0": 1.576687637587836e-07,
        "measurement_1": 1.5346266075569864e-07,
        "measurement_2": 1.585090324805986e-07,
        "measurement_3": 1.5993269324666505e-07,
        "measurement_4": 1.5583220404872746e-07,
        "measurement_5": 1.5919188275090223e-07,
        "measurement_6": 1.6014540942188174e-07,
        "measurement_mean": 1.578203780661796e-07
      }
    }
  },
  "operator_name": "Thomas",
  "operator_comment": "chemOS optimization of pseudomobility over cobalt annealing space"
}