,Current,Voltage
0,0.0,0.000164509
1,0.0002,0.00324965
2,0.0004,0.0062871
3,0.0006,0.00933647
4,0.0008,0.0123787
5,0.001,0.0153875
