,Current,Voltage
0,0.0,0.000166893
1,0.0002,0.00211954
2,0.0004,0.00406265
3,0.0006,0.00598192
4,0.0008,0.00787735
5,0.001,0.00992537
