,Current,Voltage
0,0.0,0.000224113
1,0.0002,0.00462294
2,0.0004,0.00898838
3,0.0006,0.0133729
4,0.0008,0.0177336
5,0.001,0.0221086
