,Current,Voltage
0,0.0,0.000188351
1,0.0002,0.00230312
2,0.0004,0.00437975
3,0.0006,0.00648022
4,0.0008,0.00857592
5,0.001,0.0106716
