,Current,Voltage
0,0.0,-1.88667
1,0.0002,-1.80035
2,0.0004,-1.73636
3,0.0006,-1.67311
4,0.0008,-1.61026
5,0.001,-1.54806
