,Current,Voltage
0,0.0,0.000150204
1,0.0002,0.00394344
2,0.0004,0.00766754
3,0.0006,0.0113297
4,0.0008,0.0150776
5,0.001,0.0187421
