,Current,Voltage
0,0.0,-1.34822
1,0.0002,-1.26905
2,0.0004,-1.18068
3,0.0006,-1.09317
4,0.0008,-1.00562
5,0.001,-0.918884
