,Current,Voltage
0,0.0,0.000183582
1,0.0002,0.00261545
2,0.0004,0.00507116
3,0.0006,0.0074625
4,0.0008,0.0098753
5,0.001,0.0122643
