,Current,Voltage
0,0.0,0.000152588
1,0.0002,0.00238419
2,0.0004,0.0045681
3,0.0006,0.00671387
4,0.0008,0.00891924
5,0.001,0.0110745
