,Current,Voltage
0,0.0,0.000209808
1,0.0002,0.00434399
2,0.0004,0.0084424
3,0.0006,0.0125551
4,0.0008,0.0166249
5,0.001,0.020709
