,Current,Voltage
0,0.0,-1.91398
1,0.0002,-1.84586
2,0.0004,-1.76806
3,0.0006,-1.69072
4,0.0008,-1.6132
5,0.001,-1.53619
