,Current,Voltage
0,0.0,0.000150204
1,0.0002,0.00287771
2,0.0004,0.00557661
3,0.0006,0.00827312
4,0.0008,0.0109172
5,0.001,0.0136304
