,Current,Voltage
0,0.0,-1.30994
1,0.0002,-1.12288
2,0.0004,-0.927482
3,0.0006,-0.735373
4,0.0008,-0.544229
5,0.001,-0.356455
