,Current,Voltage
0,0.0,0.000123978
1,0.0002,0.00130415
2,0.0004,0.00241756
3,0.0006,0.00349998
4,0.0008,0.0045681
5,0.001,0.00568151
