,Current,Voltage
0,0.0,0.000133514
1,0.0002,0.00287294
2,0.0004,0.00555038
3,0.0006,0.637839
4,0.0008,3.17671
5,0.001,5.35875
