,Current,Voltage
0,0.0,0.000100136
1,0.0002,0.00164509
2,0.0004,0.00312567
3,0.0006,0.00457525
4,0.0008,0.00606298
5,0.001,0.00756264
