,Current,Voltage
0,0.0,0.000157356
1,0.0002,0.00184298
2,0.0004,0.00352621
3,0.0006,0.00515223
4,0.0008,0.00679731
5,0.001,0.00841379
