,Current,Voltage
0,0.0,0.00015974
1,0.0002,0.00216246
2,0.0004,0.00411749
3,0.0006,0.00612974
4,0.0008,0.00809431
5,0.001,0.0100183
