,Current,Voltage
0,0.0,0.000174046
1,0.0002,0.00294447
2,0.0004,0.00563145
3,0.0006,0.00826359
4,0.0008,0.0109553
5,0.001,0.0136256
