,Current,Voltage
0,0.0,0.000154972
1,0.0002,0.0024271
2,0.0004,0.00464678
3,0.0006,0.00686646
4,0.0008,0.00907898
5,0.001,0.0112987
