,Current,Voltage
0,0.0,-1.97546
1,0.0002,-1.92133
2,0.0004,-1.85552
3,0.0006,-1.78994
4,0.0008,-1.72432
5,0.001,-1.6591
