,Current,Voltage
0,0.0,-1.3112
1,0.0002,-1.23258
2,0.0004,-1.14506
3,0.0006,-1.0584
4,0.0008,-0.971429
5,0.001,-0.885482
