,Current,Voltage
0,0.0,-0.277717
1,0.0002,0.151727
2,0.0004,0.59253
3,0.0006,1.04695
4,0.0008,1.53443
5,0.001,10.0017
