,Current,Voltage
0,0.0,0.000360012
1,0.0002,0.011785
2,0.0004,0.0232196
3,0.0006,0.0345516
4,0.0008,0.0460005
5,0.001,0.0573397
