,Current,Voltage
0,0.0,-1.35165
1,0.0002,-1.25838
2,0.0004,-1.174
3,0.0006,-1.0905
4,0.0008,-1.00704
5,0.001,-0.923927
