,Current,Voltage
0,0.0,0.000178814
1,0.0002,0.00234365
2,0.0004,0.00454187
3,0.0006,0.00664949
4,0.0008,0.00882864
5,0.001,0.0109267
