,Current,Voltage
0,0.0,0.00010252
1,0.0002,0.00115395
2,0.0004,0.00212431
3,0.0006,0.00309706
4,0.0008,0.00408411
5,0.001,0.00504732
