,Current,Voltage
0,0.0,0.000283718
1,0.0002,0.00910521
2,0.0004,0.0179434
3,0.0006,0.0266695
4,0.0008,0.0355053
5,0.001,0.0442719
