,Current,Voltage
0,0.0,0.00025034
1,0.0002,0.0053525
2,0.0004,0.0104141
3,0.0006,0.0154543
4,0.0008,0.0205421
5,0.001,0.0256348
