,Current,Voltage
0,0.0,0.000123978
1,0.0002,0.00276804
2,0.0004,0.00538826
3,0.0006,0.00797033
4,0.0008,0.0105929
5,0.001,0.0131965
