,Current,Voltage
0,0.0,-1.82644
1,0.0002,-1.72013
2,0.0004,-1.62311
3,0.0006,-1.52738
4,0.0008,-1.43164
5,0.001,-1.33309
