,Current,Voltage
0,0.0,0.000178814
1,0.0002,0.00458717
2,0.0004,0.00896215
3,0.0006,0.0133514
4,0.0008,0.0177169
5,0.001,0.0220537
