,Current,Voltage
0,0.0,0.00953436
1,8e-10,0.028729
2,1.6e-09,0.0477743
3,2.4e-09,0.0668678
4,3.2e-09,0.085984
5,4e-09,0.105124
