,Current,Voltage
0,0.0,0.00427198
1,8e-10,0.0124052
2,1.6e-09,0.0205357
3,2.4e-09,0.0286479
4,3.2e-09,0.036767
5,4e-09,0.0447969
