,Current,Voltage
0,0.0,0.00874472
1,8e-10,0.0232906
2,1.6e-09,0.0377798
3,2.4e-09,0.0522521
4,3.2e-09,0.0666995
5,4e-09,0.0812073
