,Current,Voltage
0,0.0,0.000202656
1,0.0002,0.00339746
2,0.0004,0.00659466
3,0.0006,0.00978708
4,0.0008,0.0129843
5,0.001,0.0160956
