,Current,Voltage
0,0.0,9.77516e-05
1,0.0002,0.000228882
2,0.0004,0.000343323
3,0.0006,0.00043869
4,0.0008,0.000495911
5,0.001,0.000627041
