,Current,Voltage
0,0.0,0.00010252
1,0.0002,0.00161409
2,0.0004,0.00296116
3,0.0006,6.66198
4,0.0008,10.002
5,0.001,10.0018
