,Current,Voltage
0,0.0,0.000140667
1,0.0002,0.00184059
2,0.0004,0.0034833
3,0.0006,0.00510931
4,0.0008,0.00674963
5,0.001,0.00840664
