,Current,Voltage
0,0.0,0.0586581
1,0.0002,2.35222
2,0.0004,6.51374
3,0.0006,9.28978
4,0.0008,10.0019
5,0.001,10.0019
