,Current,Voltage
0,0.0,0.00015974
1,0.0002,0.00101328
2,0.0004,0.00185013
3,0.0006,0.00262499
4,0.0008,0.0034833
5,0.001,0.00425577
