,Current,Voltage
0,0.0,0.000138283
1,0.0002,0.00114918
2,0.0004,0.002141
3,0.0006,0.00313044
4,0.0008,0.0041008
5,0.001,0.00507355
