,Current,Voltage
0,0.0,0.00014782
1,0.0002,0.0013113
2,0.0004,0.00244856
3,0.0006,0.00351191
4,0.0008,0.00464678
5,0.001,0.00573397
