,Current,Voltage
0,0.0,0.000414848
1,0.0002,0.0139451
2,0.0004,0.0275612
3,0.0006,0.0410438
4,0.0008,0.0545931
5,0.001,0.0680709
