,Current,Voltage
0,0.0,0.000154972
1,0.0002,0.00360966
2,0.0004,0.00697613
3,0.0006,0.0103569
4,0.0008,0.0137162
5,0.001,0.0170684
