,Current,Voltage
0,0.0,7.86781e-05
1,0.0002,0.00227451
2,0.0004,0.00444651
3,0.0006,0.00653744
4,0.0008,0.00879765
5,0.001,0.0108981
