,Current,Voltage
0,0.0,0.000169277
1,0.0002,0.00204325
2,0.0004,0.00384331
3,0.0006,0.00565052
4,0.0008,0.00749826
5,0.001,0.0093174
