,Current,Voltage
0,0.0,0.00014782
1,0.0002,0.00135183
2,0.0004,0.0025177
3,0.0006,10.0021
4,0.0008,10.0019
5,0.001,10.0019
