,Current,Voltage
0,0.0,0.000133514
1,0.0002,0.00153542
2,0.0004,0.00287056
3,0.0006,0.00423431
4,0.0008,0.00558138
5,0.001,0.00691175
