,Current,Voltage
0,0.0,0.000150204
1,0.0002,0.000224113
2,0.0004,0.00370026
3,0.0006,0.00543594
4,0.0008,0.00724077
5,0.001,0.008986
