,Current,Voltage
0,0.0,-1.37007
1,0.0002,-1.29431
2,0.0004,-1.22087
3,0.0006,-1.14953
4,0.0008,-1.07963
5,0.001,-1.01139
