,Current,Voltage
0,0.0,0.0138927
1,0.0002,0.0247955
2,0.0004,0.0351572
3,0.0006,0.0449705
4,0.0008,0.0544691
5,0.001,0.0634837
