,Current,Voltage
0,0.0,0.000207424
1,0.0002,0.0040102
2,0.0004,0.00777483
3,0.0006,0.0115108
4,0.0008,0.0152659
5,0.001,0.0190306
