,Current,Voltage
0,0.0,0.000154972
1,0.0002,0.000739098
2,0.0004,0.00126362
3,0.0006,0.00178576
4,0.0008,0.00229836
5,0.001,0.00283718
