,Current,Voltage
0,0.0,0.00599623
1,0.0002,0.0277519
2,0.0004,0.0492263
3,0.0006,0.0700927
4,0.0008,0.0908256
5,0.001,0.111012
