,Current,Voltage
0,0.0,0.000429153
1,0.0002,0.0123072
2,0.0004,0.0242472
3,0.0006,0.0360656
4,0.0008,0.0479984
5,0.001,0.0598359
