,Current,Voltage
0,0.0,0.000133514
1,0.0002,0.00144958
2,0.0004,0.00270605
3,0.0006,0.00394344
4,0.0008,0.00520706
5,0.001,0.00644684
