,Current,Voltage
0,0.0,0.000150204
1,0.0002,0.00210524
2,0.0004,0.00405312
3,0.0006,0.00599861
4,0.0008,0.0079298
5,0.001,0.00984669
