,Current,Voltage
0,0.0,0.000135899
1,0.0002,0.00245094
2,0.0004,0.00464678
3,0.0006,0.00688314
4,0.0008,0.0091362
5,0.001,0.0113082
