,Current,Voltage
0,0.0,0.000200272
1,0.0002,0.00373602
2,0.0004,0.00727654
3,0.0006,0.0107598
4,0.0008,0.0143075
5,0.001,0.0177979
