,Current,Voltage
0,0.0,8.58307e-05
1,0.0002,0.000450611
2,0.0004,0.000760555
3,0.0006,0.00107288
4,0.0008,0.00139475
5,0.001,0.00170231
