,Current,Voltage
0,0.0,8.82149e-05
1,0.0002,0.00156641
2,0.0004,0.00293255
3,0.0006,0.00432491
4,0.0008,0.00573874
5,0.001,0.00709534
