,Current,Voltage
0,0.0,0.000395775
1,0.0002,0.0121212
2,0.0004,0.0238514
3,0.0006,0.0355196
4,0.0008,0.0472784
5,0.001,0.0589514
