,Current,Voltage
0,0.0,0.000126362
1,0.0002,0.0027895
2,0.0004,0.00533819
3,0.0006,0.00790834
4,0.0008,0.0104856
5,0.001,0.0130749
