,Current,Voltage
0,0.0,0.000216961
1,0.0002,0.00471354
2,0.0004,0.00921011
3,0.0006,0.0136375
4,0.0008,0.0181222
5,0.001,0.0225854
