,Current,Voltage
0,0.0,0.000181198
1,0.0002,0.00244141
2,0.0004,0.00469685
3,0.0006,0.00693321
4,0.0008,0.00917435
5,0.001,0.011425
