,Current,Voltage
0,0.0,0.00015974
1,0.0002,0.00196218
2,0.0004,0.00368357
3,0.0006,0.00548601
4,0.0008,0.00719786
5,0.001,0.00893831
