,Current,Voltage
0,0.0,0.000135899
1,0.0002,0.000519753
2,0.0004,0.000839233
3,0.0006,0.00112534
4,0.0008,0.00145912
5,0.001,0.00174522
