,Current,Voltage
0,0.0,0.00534606
1,8e-10,0.0395558
2,1.6e-09,0.0733016
3,2.4e-09,0.106938
4,3.2e-09,0.140507
5,4e-09,0.174071
