,Current,Voltage
0,0.0,0.00386477
1,8e-10,0.00994205
2,1.6e-09,0.0160313
3,2.4e-09,0.0221133
4,3.2e-09,0.0281911
5,4e-09,0.0342641
