,Current,Voltage
0,0.0,0.00342464
1,8e-10,0.0094254
2,1.6e-09,0.0154228
3,2.4e-09,0.0213993
4,3.2e-09,0.0273964
5,4e-09,0.0333743
