,Current,Voltage
0,0.0,0.00507951
1,8e-10,0.0143521
2,1.6e-09,0.0235984
3,2.4e-09,0.032865
4,3.2e-09,0.0421133
5,4e-09,0.0513446
