,Current,Voltage
0,0.0,0.00335884
1,8e-10,0.00965905
2,1.6e-09,0.0159314
3,2.4e-09,0.0222268
4,3.2e-09,0.0285139
5,4e-09,0.0347881
