,Current,Voltage
0,0.0,0.0124986
1,8e-10,0.0348585
2,1.6e-09,0.0571029
3,2.4e-09,0.0793533
4,3.2e-09,0.101584
5,4e-09,0.123784
