,Current,Voltage
0,0.0,0.000210047
1,8e-10,0.0245008
2,1.6e-09,0.0486848
3,2.4e-09,0.0504887
4,3.2e-09,0.1245
5,4e-09,0.200031
