,Current,Voltage
0,0.0,0.00381756
1,8e-10,0.0101414
2,1.6e-09,0.0164714
3,2.4e-09,0.0227814
4,3.2e-09,0.0291018
5,4e-09,0.0354249
