,Current,Voltage
0,0.0,0.000472069
1,0.0002,0.0147867
2,0.0004,0.0291681
3,0.0006,0.0434184
4,0.0008,0.0577879
5,0.001,0.0720167
