,Current,Voltage
0,0.0,0.00025034
1,0.0002,0.00662804
2,0.0004,0.0130129
3,0.0006,0.0193477
4,0.0008,0.0257301
5,0.001,0.0320101
