,Current,Voltage
0,0.0,0.00017643
1,0.0002,0.00412226
2,0.0004,0.00801086
3,0.0006,0.0118494
4,0.0008,0.0157428
5,0.001,0.0195837
