,Current,Voltage
0,0.0,0.000259876
1,0.0002,0.0054574
2,0.0004,0.010643
3,0.0006,0.0158358
4,0.0008,0.0209975
5,0.001,0.0261307
