,Current,Voltage
0,0.0,0.000200272
1,0.0002,0.00468731
2,0.0004,0.0091958
3,0.0006,0.0136209
4,0.0008,0.0180769
5,0.001,0.0225306
