,Current,Voltage
0,0.0,0.000264645
1,0.0002,0.00760078
2,0.0004,0.0148869
3,0.0006,0.0221157
4,0.0008,0.0294471
5,0.001,0.0368381
