,Current,Voltage
0,0.0,0.000247955
1,0.0002,0.00532627
2,0.0004,0.0104094
3,0.0006,0.0154066
4,0.0008,0.020504
5,0.001,0.0254989
