,Current,Voltage
0,0.0,0.000245571
1,0.0002,0.00538588
2,0.0004,0.0105453
3,0.0006,0.0156069
4,0.0008,0.020752
5,0.001,0.0257993
