,Current,Voltage
0,0.0,0.000231266
1,0.0002,0.00538111
2,0.0004,0.0105071
3,0.0006,0.0156021
4,0.0008,0.0207329
5,0.001,0.0258064
