,Current,Voltage
0,0.0,0.000309944
1,0.0002,0.00809193
2,0.0004,0.0158763
3,0.0006,0.0235963
4,0.0008,0.031395
5,0.001,0.0391078
