,Current,Voltage
0,0.0,0.000441074
1,0.0002,0.0140357
2,0.0004,0.0276828
3,0.0006,0.0411916
4,0.0008,0.0548649
5,0.001,0.0683594
