,Current,Voltage
0,0.0,0.000298023
1,0.0002,0.00667572
2,0.0004,0.013051
3,0.0006,0.019381
4,0.0008,0.0257683
5,0.001,0.0320935
