,Current,Voltage
0,0.0,0.000238419
1,0.0002,0.00574589
2,0.0004,0.0112319
3,0.0006,0.0166559
4,0.0008,0.0221109
5,0.001,0.0275612
