,Current,Voltage
0,0.0,0.000255108
1,0.0002,0.00682354
2,0.0004,0.0133753
3,0.0006,0.019865
4,0.0008,0.0264263
5,0.001,0.0329232
