,Current,Voltage
0,0.0,0.000240803
1,0.0002,0.00719786
2,0.0004,0.0140667
3,0.0006,0.0208974
4,0.0008,0.0278306
5,0.001,0.0346112
