,Current,Voltage
0,0.0,0.00025034
1,0.0002,0.00483036
2,0.0004,0.00941515
3,0.0006,0.0139737
4,0.0008,0.0185657
5,0.001,0.0231075
