,Current,Voltage
0,0.0,0.000302792
1,0.0002,0.00663042
2,0.0004,0.0129795
3,0.0006,0.0192499
4,0.0008,0.0255942
5,0.001,0.0318718
