,Current,Voltage
0,0.0,0.000329018
1,0.0002,0.0084734
2,0.0004,0.0165749
3,0.0006,0.0246668
4,0.0008,0.032804
5,0.001,0.0408936
