,Current,Voltage
0,0.0,0.000252724
1,0.0002,0.00582695
2,0.0004,0.0114202
3,0.0006,0.0169683
4,0.0008,0.0225043
5,0.001,0.0280571
