,Current,Voltage
0,0.0,0.000495911
1,0.0002,0.0176287
2,0.0004,0.0348592
3,0.0006,0.0519466
4,0.0008,0.0691867
5,0.001,0.0862312
