,Current,Voltage
0,0.0,0.00033617
1,0.0002,0.0088644
2,0.0004,0.0174284
3,0.0006,0.0259089
4,0.0008,0.0344324
5,0.001,0.0428724
