,Current,Voltage
0,0.0,0.00111818
1,0.0002,0.0396848
2,0.0004,0.0784802
3,0.0006,0.116942
4,0.0008,0.155771
5,0.001,0.194263
