,Current,Voltage
0,0.0,0.000302792
1,0.0002,0.00655174
2,0.0004,0.0127554
3,0.0006,0.0189424
4,0.0008,0.0252151
5,0.001,0.0313473
