,Current,Voltage
0,0.0,0.000238419
1,0.0002,0.00579357
2,0.0004,0.0112963
3,0.0006,0.0167751
4,0.0008,0.022285
5,0.001,0.0277376
