,Current,Voltage
0,0.0,0.000295639
1,0.0002,0.00739574
2,0.0004,0.0144458
3,0.0006,0.0214458
4,0.0008,0.0284696
5,0.001,0.0354648
