,Current,Voltage
0,0.0,0.000219345
1,0.0002,0.00636101
2,0.0004,0.0124383
3,0.0006,0.0184584
4,0.0008,0.02455
5,0.001,0.0305414
