,Current,Voltage
0,0.0,0.000259876
1,0.0002,0.00538111
2,0.0004,0.010438
3,0.0006,0.0154805
4,0.0008,0.0205445
5,0.001,0.0255394
