,Current,Voltage
0,0.0,0.000302792
1,0.0002,0.00862837
2,0.0004,0.0169539
3,0.0006,0.0251842
4,0.0008,0.0335217
5,0.001,0.04179
