,Current,Voltage
0,0.0,-1.3113
1,0.0002,-0.851965
2,0.0004,-0.39489
3,0.0006,0.0545382
4,0.0008,0.505767
5,0.001,0.95221
