,Current,Voltage
0,0.0,0.000443459
1,0.0002,0.0147748
2,0.0004,0.02913
3,0.0006,0.0433874
4,0.0008,0.0577426
5,0.001,0.0719905
