,Current,Voltage
0,0.0,0.000305176
1,0.0002,0.00799179
2,0.0004,0.015645
3,0.0006,0.0232244
4,0.0008,0.0308871
5,0.001,0.0384593
