,Current,Voltage
0,0.0,0.000603199
1,0.0002,0.0195026
2,0.0004,0.0493193
3,0.0006,1.82426
4,0.0008,3.69291
5,0.001,5.60441
