,Current,Voltage
0,0.0,0.000481606
1,0.0002,0.0141335
2,0.0004,0.0278807
3,0.0006,0.0414705
4,0.0008,0.0552392
5,0.001,0.0687861
