,Current,Voltage
0,0.0,0.000319481
1,0.0002,0.0090456
2,0.0004,0.0177646
3,0.0006,0.0263596
4,0.0008,0.0350976
5,0.001,0.0437212
