,Current,Voltage
0,0.0,0.000433922
1,0.0002,0.0130224
2,0.0004,0.0256371
3,0.0006,0.0382209
4,0.0008,0.0508404
5,0.001,0.0633812
