,Current,Voltage
0,0.0,0.000295639
1,0.0002,0.0074935
2,0.0004,0.0146413
3,0.0006,0.0217724
4,0.0008,0.0289154
5,0.001,0.0360274
