,Current,Voltage
0,0.0,0.000259876
1,0.0002,0.0064683
2,0.0004,0.0126815
3,0.0006,0.0188446
4,0.0008,0.0250888
5,0.001,0.0312328
