,Current,Voltage
0,0.0,0.000786781
1,0.0002,0.0270605
2,0.0004,0.053525
3,0.0006,0.0797629
4,0.0008,0.106246
5,0.001,0.132451
