,Current,Voltage
0,0.0,0.000245571
1,0.0002,0.00659466
2,0.0004,0.0129199
3,0.0006,0.0191641
4,0.0008,0.0254989
5,0.001,0.0317121
