,Current,Voltage
0,0.0,0.000994205
1,0.0002,0.0342536
2,0.0004,0.0677896
3,0.0006,0.100982
4,0.0008,0.134447
5,0.001,0.167644
