,Current,Voltage
0,0.0,0.000228882
1,0.0002,0.00653505
2,0.0004,0.0127864
3,0.0006,0.0189924
4,0.0008,0.0252557
5,0.001,0.0315094
