,Current,Voltage
0,0.0,-1.70193
1,0.0002,-1.50458
2,0.0004,-1.3023
3,0.0006,-1.10593
4,0.0008,-0.911136
5,0.001,-0.720501
