,Current,Voltage
0,0.0,0.000388622
1,0.0002,0.0110769
2,0.0004,0.0218582
3,0.0006,0.0325513
4,0.0008,0.0433183
5,0.001,0.0539732
