,Current,Voltage
0,0.0,0.000255108
1,0.0002,0.00666618
2,0.0004,0.0130701
3,0.0006,0.0193763
4,0.0008,0.0257945
5,0.001,0.0321364
