,Current,Voltage
0,0.0,0.000281334
1,0.0002,0.00604868
2,0.0004,0.0118709
3,0.0006,0.0175524
4,0.0008,0.0233698
5,0.001,0.0290704
