,Current,Voltage
0,0.0,0.000224113
1,0.0002,0.00522137
2,0.0004,0.0102091
3,0.0006,0.0151086
4,0.0008,0.0200725
5,0.001,0.0250196
