,Current,Voltage
0,0.0,0.000231266
1,0.0002,0.00535727
2,0.0004,0.0104642
3,0.0006,0.0154805
4,0.0008,0.0205827
5,0.001,0.02563
