,Current,Voltage
0,0.0,0.000264645
1,0.0002,0.0055933
2,0.0004,0.0109363
3,0.0006,0.0161934
4,0.0008,0.0215578
5,0.001,0.0268221
