,Current,Voltage
0,0.0,0.000443459
1,0.0002,0.0144458
2,0.0004,0.028553
3,0.0006,0.0425553
4,0.0008,0.0566697
5,0.001,0.0704408
