,Current,Voltage
0,0.0,0.000245571
1,0.0002,4.44814
2,0.0004,10.0022
3,0.0006,10.002
4,0.0008,10.002
5,0.001,10.002
