,Current,Voltage
0,0.0,0.000257492
1,0.0002,0.00721216
2,0.0004,0.0140905
3,0.0006,0.0209951
4,0.0008,0.0279021
5,0.001,0.0347114
