,Current,Voltage
0,0.0,0.000226498
1,0.0002,0.00555038
2,0.0004,0.0108719
3,0.0006,0.0161147
4,0.0008,0.0214005
5,0.001,0.0266862
