,Current,Voltage
0,0.0,0.000388622
1,0.0002,0.0104737
2,0.0004,0.0205421
3,0.0006,0.0283694
4,0.0008,0.0373554
5,0.001,0.046289
