,Current,Voltage
0,0.0,0.000867844
1,0.0002,0.028739
2,0.0004,0.0568485
3,0.0006,0.0846386
4,0.0008,0.112724
5,0.001,0.140526
