,Current,Voltage
0,0.0,0.000576973
1,0.0002,0.0173283
2,0.0004,0.0340104
3,0.0006,0.0505877
4,0.0008,0.0671387
5,0.001,0.0835609
