,Current,Voltage
0,0.0,0.000100136
1,0.0002,0.00105619
2,0.0004,0.00184774
3,0.0006,0.893471
4,0.0008,4.07112
5,0.001,5.59664
