,Current,Voltage
0,0.0,0.000178814
1,0.0002,0.00336885
2,0.0004,0.00638008
3,0.0006,0.00944376
4,0.0008,0.0124931
5,0.001,0.0154281
