,Current,Voltage
0,0.0,0.00110388
1,0.0002,0.0579643
2,0.0004,10.0021
3,0.0006,10.0024
4,0.0008,10.0022
5,0.001,10.0022
