,Current,Voltage
0,0.0,0.000257492
1,0.0002,0.00184298
2,0.0004,0.00333786
3,0.0006,0.00482321
4,0.0008,0.00633717
5,0.001,0.00791073
