,Current,Voltage
0,0.0,0.00014782
1,0.0002,0.00211
2,0.0004,0.00405073
3,0.0006,0.0059104
4,0.0008,0.00783443
5,0.001,0.00973701
