,Current,Voltage
0,0.0,0.000269413
1,0.0002,0.00484467
2,0.0004,0.00894785
3,0.0006,0.0130916
4,0.0008,0.0166106
5,0.001,0.020678
