,Current,Voltage
0,0.0,0.000290871
1,0.0002,0.00573635
2,0.0004,0.0107765
3,0.0006,0.0160146
4,0.0008,0.0212932
5,0.001,0.0264955
