,Current,Voltage
0,0.0,0.00159025
1,0.0002,0.0605464
2,0.0004,0.119772
3,0.0006,4.97115
4,0.0008,10.0022
5,0.001,10.0021
