,Current,Voltage
0,0.0,0.00703096
1,0.0002,0.272179
2,0.0004,0.552232
3,0.0006,0.857587
4,0.0008,1.51997
5,0.001,1.93014
