,Current,Voltage
0,0.0,0.00027895
1,0.0002,0.00852823
2,0.0004,0.016818
3,0.0006,0.0249624
4,0.0008,0.0332403
5,0.001,0.0414157
