,Current,Voltage
0,0.0,0.000898838
1,0.0002,0.0309277
2,0.0004,3.18947
3,0.0006,8.0087
4,0.0008,10.0025
5,0.001,10.0022
