,Current,Voltage
0,0.0,0.00020504
1,0.0002,0.00498772
2,0.0004,0.0109887
3,0.0006,0.0170207
4,0.0008,0.0226116
5,0.001,0.0282931
