,Current,Voltage
0,0.0,0.00027895
1,0.0002,0.008111
2,0.0004,0.0159907
3,0.0006,0.0237799
4,0.0008,0.0316262
5,0.001,0.0394225
