,Current,Voltage
0,0.0,0.00036478
1,0.0002,0.0101733
2,0.0004,0.0199842
3,0.0006,0.0297236
4,0.0008,0.0395274
5,0.001,0.0492716
