,Current,Voltage
0,0.0,0.00285864
1,0.0002,0.0998235
2,0.0004,0.198064
3,0.0006,0.294116
4,0.0008,0.410702
5,0.001,0.483439
