,Current,Voltage
0,0.0,0.000369549
1,0.0002,0.00920773
2,0.0004,0.0180697
3,0.0006,0.0268817
4,0.0008,0.0357556
5,0.001,0.0445938
