,Current,Voltage
0,0.0,0.000340939
1,0.0002,0.00985861
2,0.0004,0.0193954
3,0.0006,0.028851
4,0.0008,0.0383496
5,0.001,0.0477791
