,Current,Voltage
0,0.0,0.000236034
1,0.0002,0.00509024
2,0.0004,0.0099349
3,0.0006,0.0146604
4,0.0008,0.0192618
5,0.001,0.0241876
