,Current,Voltage
0,0.0,0.00211
1,0.0002,0.0854921
2,0.0004,0.171211
3,0.0006,0.255408
4,0.0008,0.340149
5,0.001,10.0022
