,Current,Voltage
0,0.0,0.000267029
1,0.0002,0.00679255
2,0.0004,0.0132084
3,0.0006,0.0193954
4,0.0008,10.0021
5,0.001,10.002
