,Current,Voltage
0,0.0,0.000259876
1,0.0002,0.00669956
2,0.0004,0.0130367
3,0.0006,0.0194001
4,0.0008,0.0257897
5,0.001,0.0316501
