,Current,Voltage
0,0.0,0.000157356
1,0.0002,0.00316381
2,0.0004,0.00619411
3,0.0006,0.00910759
4,0.0008,0.0120974
5,0.001,0.0150156
