,Current,Voltage
0,0.0,0.000641346
1,0.0002,0.0349092
2,0.0004,2.3489
3,0.0006,5.22842
4,0.0008,7.50032
5,0.001,9.83682
