,Current,Voltage
0,0.0,-1.32914
1,0.0002,-0.745263
2,0.0004,-0.16712
3,0.0006,0.400696
4,0.0008,0.967081
5,0.001,1.52201
