,Current,Voltage
0,0.0,0.000214577
1,0.0002,0.00551939
2,0.0004,0.0108004
3,0.0006,0.0160384
4,0.0008,0.0212932
5,0.001,0.0265074
