,Current,Voltage
0,0.0,0.000517368
1,0.0002,0.0179338
2,0.0004,0.0351501
3,0.0006,0.0524592
4,0.0008,0.069685
5,0.001,0.0868583
