,Current,Voltage
0,0.0,0.00099659
1,0.0002,0.0355077
2,0.0004,0.0701189
3,0.0006,0.104465
4,0.0008,0.138946
5,0.001,0.173271
