,Current,Voltage
0,0.0,0.00017643
1,0.0002,0.00458241
2,0.0004,0.00901937
3,0.0006,0.0133276
4,0.0008,0.0177217
5,0.001,0.0220966
