,Current,Voltage
0,0.0,0.00135899
1,0.0002,0.0523639
2,0.0004,0.103853
3,0.0006,0.155134
4,0.0008,0.207238
5,0.001,0.258234
