,Current,Voltage
0,0.0,0.000228882
1,0.0002,0.00619173
2,0.0004,0.0121021
3,0.0006,0.0179505
4,0.0008,0.0238037
5,0.001,0.0296521
