,Current,Voltage
0,0.0,0.000319481
1,0.0002,0.00968933
2,0.0004,0.0190306
3,0.0006,0.028348
4,0.0008,0.037694
5,0.001,0.0470328
