,Current,Voltage
0,0.0,0.00226498
1,0.0002,0.0936079
2,0.0004,0.185678
3,0.0006,0.277131
4,0.0008,0.369208
5,0.001,0.460467
