,Current,Voltage
0,0.0,-1.43555
1,0.0002,-0.949235
2,0.0004,-0.48383
3,0.0006,-0.029254
4,0.0008,0.408049
5,0.001,0.811505
