,Current,Voltage
0,0.0,0.00295877
1,0.0002,1.80552
2,0.0004,5.48533
3,0.0006,9.5867
4,0.0008,10.0021
5,0.001,10.002
