,Current,Voltage
0,0.0,0.000343323
1,0.0002,0.0108147
2,0.0004,0.0212836
3,0.0006,0.0319815
4,0.0008,0.0421667
5,0.001,0.0527024
