,Current,Voltage
0,0.0,0.000560284
1,0.0002,0.0211382
2,0.0004,0.0417829
3,0.0006,0.0622916
4,0.0008,0.0829744
5,0.001,0.103502
