,Current,Voltage
0,0.0,0.000190735
1,0.0002,0.00539541
2,0.0004,0.0105643
3,0.0006,0.015676
4,0.0008,0.0208306
5,0.001,0.0259614
