{
  "mapping_offsets": [
    0.0,
    1.0,
    2.0,
    3.0,
    4.0,
    5.0,
    6.0
  ],
  "flir_offsets": [
    0,
    15,
    30
  ],
  "spin_speed": {
    "min": 100.0,
    "max": 3800.0,
    "value": {
      "0": 1000,
      "1": 1000,
      "2": 1000,
      "3": 1000,
      "4": 1000,
      "5": 1000,
      "6": 1000,
      "7": 1000,
      "8": 1000,
      "9": 1000,
      "10": 1000,
      "11": 1000,
      "12": 1000,
      "13": 1000,
      "14": 1000,
      "15": 1000,
      "16": 1000,
      "17": 1000,
      "18": 1000,
      "19": 1000,
      "20": 1000,
      "21": 1000
    },
    "units": "RPM",
    "optimize_with_chem_os": false
  },
  "spin_time": {
    "min": 10.0,
    "max": 120.0,
    "value": {
      "0": 60,
      "1": 60,
      "2": 60,
      "3": 60,
      "4": 60,
      "5": 60,
      "6": 60,
      "7": 60,
      "8": 60,
      "9": 60,
      "10": 60,
      "11": 60,
      "12": 60,
      "13": 60,
      "14": 60,
      "15": 60,
      "16": 60,
      "17": 60,
      "18": 60,
      "19": 60,
      "20": 60,
      "21": 60
    },
    "units": "s",
    "optimize_with_chem_os": false
  },
  "dispense_volume": {
    "min": 0.001,
    "max": 1.0,
    "value": 0.1,
    "units": "mL",
    "optimize_with_chem_os": false
  },
  "campaign_dispensed_amounts": {
    "spiro": {
      "chemical_name": "Spiro",
      "varied": false,
      "value": 0.11190000000000033,
      "units": "mg",
      "metadata": {
        "molar_weight_ mg": 1225.43,
        "concentration_mg_ml": 50,
        "requested_param": null,
        "requested_vol": 0.14369162265392735
      }
    },
    "cobalt": {
      "chemical_name": "FK102",
      "varied": true,
      "value": 0.04719999999999969,
      "units": "mg",
      "metadata": {
        "molar_weight_ mg": 1334.86,
        "concentration_mg_ml": 50,
        "requested_param": null,
        "requested_vol": 0.064641710679406
      }
    },
    "tbp": {
      "chemical_name": "tBP",
      "varied": false,
      "value": 0.02950000000000008,
      "units": "mg",
      "metadata": {
        "molar_weight_ mg": 135.21,
        "concentration_mg_ml": 50,
        "requested_param": null,
        "requested_vol": 0.04166666666666667
      }
    },
    "annealing": {
      "varied": true,
      "value": 81.93543434143066,
      "units": "s",
      "metadata": {}
    }
  },
  "properties": {
    "measurement_0": 7.417905622420696e-07,
    "measurement_1": 7.281320064329734e-07,
    "measurement_2": 7.017800263740976e-07,
    "measurement_3": 7.099447345729837e-07,
    "measurement_4": 6.777980381973553e-07,
    "measurement_5": 5.976510486716246e-07,
    "measurement_6": 6.362866420746233e-07,
    "measurement_mean": 6.847690083665324e-07
  },
  "active_parameters_pickle_file": {
    "filename": "not yet defined"
  },
  "processes": {
    "x0": 0.389005587302714,
    "x1": 0.3054259121417999
  },
  "chemOS": {
    "requested_params": {
      "x0": 0.4129849076271057,
      "x1": 0.34139764308929443
    },
    "output_for_previous": {
      "campaign_name": "pseudomobility",
      "session_id": "9d97a479-d129-410e-a3ee-9c638411253c",
      "experiment_id": "d4db0ab2-b507-43f6-b4d9-812e17b83a65",
      "execution_id": "1e755d98",
      "robot_id": "7fed69c8",
      "processes": {
        "x0": 0.389005587302714,
        "x1": 0.3054259121417999
      },
      "properties": {
        "measurement_0": 7.417905622420696e-07,
        "measurement_1": 7.281320064329734e-07,
        "measurement_2": 7.017800263740976e-07,
        "measurement_3": 7.099447345729837e-07,
        "measurement_4": 6.777980381973553e-07,
        "measurement_5": 5.976510486716246e-07,
        "measurement_6": 6.362866420746233e-07,
        "measurement_mean": 6.847690083665324e-07
      }
    }
  },
  "operator_name": "Ray",
  "operator_comment": "chemos optimization Co anneal mean Ps"
}