,Current,Voltage
0,0.0,0.000236034
1,0.0002,0.00695467
2,0.0004,0.0136685
3,0.0006,0.0203347
4,0.0008,0.02702
5,0.001,0.033679
