,Current,Voltage
0,0.0,-1.46846
1,0.0002,-1.34092
2,0.0004,-1.20263
3,0.0006,-1.06599
4,0.0008,-0.929832
5,0.001,-0.795252
