,Current,Voltage
0,0.0,0.000224113
1,0.0002,0.00643253
2,0.0004,0.0125623
3,0.0006,0.0186491
4,0.0008,0.0248289
5,0.001,0.030911
