,Current,Voltage
0,0.0,3.09944e-05
1,0.0002,0.000178814
2,0.0004,0.000257492
3,0.0006,0.000371933
4,0.0008,0.000476837
5,0.001,0.000498295
