,Current,Voltage
0,0.0,0.000209808
1,0.0002,0.00603437
2,0.0004,0.011878
3,0.0006,0.017724
4,0.0008,0.0235128
5,0.001,0.0293016
