,Current,Voltage
0,0.0,8.34465e-05
1,0.0002,0.00130892
2,0.0004,0.00246525
3,0.0006,0.00359297
4,0.0008,0.00475645
5,0.001,0.00588894
