,Current,Voltage
0,0.0,0.00213146
1,0.0002,0.087657
2,0.0004,0.173881
3,0.0006,0.259333
4,0.0008,0.345576
5,0.001,0.430942
