,Current,Voltage
0,0.0,0.000150204
1,0.0002,0.00497103
2,0.0004,0.00975609
3,0.0006,0.0145149
4,0.0008,0.0193143
5,0.001,0.0240922
