,Current,Voltage
0,0.0,8.34465e-05
1,0.0002,0.000181198
2,0.0004,0.000209808
3,0.0006,0.000288486
4,0.0008,0.000295639
5,0.001,0.000333786
