,Current,Voltage
0,0.0,0.00014782
1,0.0002,0.00308752
2,0.0004,0.0060153
3,0.0006,0.0088954
4,0.0008,0.0118041
5,0.001,0.0146675
