,Current,Voltage
0,0.0,-1.31335
1,0.0002,-1.18463
2,0.0004,-1.06121
3,0.0006,-0.938466
4,0.0008,-0.81531
5,0.001,-0.692961
