,Current,Voltage
0,0.0,0.0122595
1,0.0002,0.0835538
2,0.0004,0.155206
3,0.0006,0.226238
4,0.0008,0.297818
5,0.001,0.368805
