,Current,Voltage
0,0.0,0.000383854
1,0.0002,0.0130892
2,0.0004,0.0258279
3,0.0006,0.0384426
4,0.0008,0.0512004
5,0.001,0.0638032
