,Current,Voltage
0,0.0,0.000562668
1,0.0002,0.0198126
2,0.0004,0.0391364
3,0.0006,0.0583553
4,0.0008,0.0776792
5,0.001,0.0968933
