,Current,Voltage
0,0.0,0.00128269
1,0.0002,0.0476909
2,0.0004,0.0944972
3,0.0006,0.140965
4,0.0008,0.187914
5,0.001,0.234408
