,Current,Voltage
0,0.0,-1.32988
1,0.0002,-1.27189
2,0.0004,-1.20286
3,0.0006,-1.13481
4,0.0008,-1.06695
5,0.001,-0.999608
