,Current,Voltage
0,0.0,0.00980377
1,0.0002,0.386961
2,0.0004,0.797696
3,0.0006,10.0018
4,0.0008,10.0016
5,0.001,10.0015
