,Current,Voltage
0,0.0,0.000264645
1,0.0002,0.00755072
2,0.0004,0.0148439
3,0.0006,0.022049
4,0.0008,0.0293231
5,0.001,0.0365853
