,Current,Voltage
0,0.0,0.000271797
1,0.0002,0.00777006
2,0.0004,0.0152898
3,0.0006,0.0227213
4,0.0008,0.0302672
5,0.001,0.0377035
