,Current,Voltage
0,0.0,0.00143051
1,0.0002,0.0541878
2,0.0004,0.107319
3,0.0006,0.159981
4,0.0008,0.213127
5,0.001,0.265741
