,Current,Voltage
0,0.0,0.000224113
1,0.0002,0.00476599
2,0.0004,0.00927925
3,0.0006,0.0137496
4,0.0008,0.0182724
5,0.001,0.0227094
