,Current,Voltage
0,0.0,0.00112534
1,0.0002,0.0439644
2,0.0004,0.0872087
3,0.0006,0.130002
4,0.0008,0.173187
5,0.001,0.215988
