,Current,Voltage
0,0.0,-1.36105
1,0.0002,-1.06558
2,0.0004,-0.767581
3,0.0006,-0.471842
4,0.0008,-0.176237
5,0.001,0.118949
