,Current,Voltage
0,0.0,0.000171661
1,0.0002,0.00381708
2,0.0004,0.00745535
3,0.0006,0.0110674
4,0.0008,0.0146937
5,0.001,0.0182986
