,Current,Voltage
0,0.0,0.000288486
1,0.0002,0.00994205
2,0.0004,0.019598
3,0.0006,0.0291896
4,0.0008,0.0388479
5,0.001,0.0484157
