,Current,Voltage
0,0.0,0.0150037
1,0.0002,0.0363874
2,0.0004,0.0576758
3,0.0006,0.0786495
4,0.0008,0.0997567
5,0.001,0.120535
