,Current,Voltage
0,0.0,0.000219345
1,0.0002,0.00628948
2,0.0004,0.0123239
3,0.0006,0.0182724
4,0.0008,0.024271
5,0.001,0.0302219
