,Current,Voltage
0,0.0,0.000295639
1,0.0002,0.00771761
2,0.0004,0.0151134
3,0.0006,0.0225186
4,0.0008,0.0299215
5,0.001,0.0373054
