,Current,Voltage
0,0.0,-1.92849
1,0.0002,-1.79243
2,0.0004,-1.64612
3,0.0006,-1.50116
4,0.0008,-1.35569
5,0.001,-1.21139
