,Current,Voltage
0,0.0,8.10623e-05
1,0.0002,0.000669956
2,0.0004,0.00125647
3,0.0006,0.00184536
4,0.0008,0.00239849
5,0.001,0.00294924
