,Current,Voltage
0,0.0,0.000150204
1,0.0002,0.00351667
2,0.0004,0.00678301
3,0.0006,0.0100803
4,0.0008,0.0133801
5,0.001,0.0166559
