,Current,Voltage
0,0.0,0.000121593
1,0.0002,0.00259161
2,0.0004,0.00488043
3,0.0006,0.0071454
4,0.0008,0.00948906
5,0.001,0.011797
