,Current,Voltage
0,0.0,-1.89718
1,0.0002,-1.77469
2,0.0004,-1.64157
3,0.0006,-1.50838
4,0.0008,-1.37489
5,0.001,-1.24226
