,Current,Voltage
0,0.0,4.76837e-05
1,0.0002,-0.000286102
2,0.0004,-0.000684261
3,0.0006,-0.0010848
4,0.0008,-0.00149488
5,0.001,-0.00183344
