,Current,Voltage
0,0.0,0.000355244
1,0.0002,0.0115895
2,0.0004,0.0228047
3,0.0006,0.0339937
4,0.0008,0.0452089
5,0.001,0.0563407
