,Current,Voltage
0,0.0,0.0034306
1,8e-10,0.00941491
2,1.6e-09,0.0154073
3,2.4e-09,0.0214069
4,3.2e-09,0.0273874
5,4e-09,0.0333693
