,Current,Voltage
0,0.0,5.00679e-05
1,0.0002,0.00176668
2,0.0004,0.00337601
3,0.0006,0.00498056
4,0.0008,0.00659943
5,0.001,0.0082159
