,Current,Voltage
0,0.0,0.000391006
1,0.0002,0.014689
2,0.0004,0.0290751
3,0.0006,0.0433111
4,0.0008,0.0577092
5,0.001,0.0719571
