,Current,Voltage
0,0.0,0.000157356
1,0.0002,0.00565529
2,0.0004,0.0110984
3,0.0006,0.0165105
4,0.0008,0.0219989
5,0.001,0.0273705
