,Current,Voltage
0,0.0,0.00283718
1,0.0002,0.134726
2,0.0004,0.26757
3,0.0006,0.399532
4,0.0008,0.532596
5,0.001,0.664389
