,Current,Voltage
0,0.0,0.00038147
1,0.0002,0.0143361
2,0.0004,0.0283265
3,0.0006,0.0422573
4,0.0008,0.0562835
5,0.001,0.0701952
