,Current,Voltage
0,0.0,7.39098e-05
1,0.0002,0.00249147
2,0.0004,0.0047946
3,0.0006,0.00709057
4,0.0008,0.00941038
5,0.001,0.0117087
