,Current,Voltage
0,0.0,0.000226498
1,0.0002,0.00591993
2,0.0004,0.0116038
3,0.0006,0.0172496
4,0.0008,0.0228882
5,0.001,0.0285316
