,Current,Voltage
0,0.0,0.000326633
1,0.0002,0.0127006
2,0.0004,0.0250459
3,0.0006,0.0373411
4,0.0008,0.0497317
5,0.001,0.0620127
