,Current,Voltage
0,0.0,0.00014782
1,0.0002,0.00529051
2,0.0004,0.0104356
3,0.0006,0.0154781
4,0.0008,0.0205898
5,0.001,0.0256538
