,Current,Voltage
0,0.0,0.000152588
1,0.0002,0.00552416
2,0.0004,0.010848
3,0.0006,0.0161195
4,0.0008,0.0214338
5,0.001,0.0267434
