,Current,Voltage
0,0.0,0.000162125
1,0.0002,0.00710487
2,0.0004,0.0140166
3,0.0006,0.0208426
4,0.0008,0.0277591
5,0.001,0.0346017
