,Current,Voltage
0,0.0,4.76837e-05
1,0.0002,0.000653267
2,0.0004,0.00123262
3,0.0006,0.00173807
4,0.0008,0.00228882
5,0.001,0.00285864
