,Current,Voltage
0,0.0,0.000314713
1,0.0002,0.0123954
2,0.0004,0.0244999
3,0.0006,0.0365853
4,0.0008,0.0486875
5,0.001,0.0606918
