,Current,Voltage
0,0.0,0.000123978
1,0.0002,0.00341892
2,0.0004,0.0067234
3,0.0006,0.00992298
4,0.0008,0.0132227
5,0.001,0.0164318
