,Current,Voltage
0,0.0,-0.55995
1,0.0002,-0.0740957
2,0.0004,0.025239
3,0.0006,0.0689745
4,0.0008,0.0927544
5,0.001,0.109377
