,Current,Voltage
0,0.0,0.00043869
1,0.0002,0.0171614
2,0.0004,0.0338602
3,0.0006,0.0504756
4,0.0008,0.0672626
5,0.001,0.0838041
