,Current,Voltage
0,0.0,0.000298023
1,0.0002,0.010612
2,0.0004,0.0209808
3,0.0006,0.0312209
4,0.0008,0.041616
5,0.001,0.0518322
