,Current,Voltage
0,0.0,0.00015974
1,0.0002,0.00302315
2,0.0004,0.00594854
3,0.0006,0.00876904
4,0.0008,0.0116348
5,0.001,0.0144887
