,Current,Voltage
0,0.0,0.000183582
1,0.0002,0.00543356
2,0.0004,0.0106883
3,0.0006,0.015955
4,0.0008,0.0212073
5,0.001,0.0263977
