,Current,Voltage
0,0.0,0.000112057
1,0.0002,0.00125647
2,0.0004,0.0023818
3,0.0006,0.00346899
4,0.0008,0.00454664
5,0.001,0.00565052
