,Current,Voltage
0,0.0,8.82149e-05
1,0.0002,0.00253439
2,0.0004,0.00494719
3,0.0006,0.00733137
4,0.0008,0.00966787
5,0.001,0.0119901
