,Current,Voltage
0,0.0,8.10623e-05
1,0.0002,0.0014472
2,0.0004,0.00276327
3,0.0006,0.00407457
4,0.0008,0.00539064
5,0.001,0.00668526
