,Current,Voltage
0,0.0,5.48363e-05
1,0.0002,0.00131369
2,0.0004,0.00254393
3,0.0006,0.00377417
4,0.0008,0.00499487
5,0.001,0.00621319
