,Current,Voltage
0,0.0,0.000319481
1,0.0002,0.0129843
2,0.0004,0.0256252
3,0.0006,0.038209
4,0.0008,0.0509071
5,0.001,0.063448
