,Current,Voltage
0,0.0,0.000214577
1,0.0002,0.00557184
2,0.0004,0.00874758
3,0.0006,0.0104594
4,0.0008,0.0105429
5,0.001,0.0203848
