,Current,Voltage
0,0.0,0.000770092
1,0.0002,0.0305939
2,0.0004,0.0605369
3,0.0006,0.0903511
4,0.0008,0.120242
5,0.001,0.158386
