,Current,Voltage
0,0.0,-1.36839
1,0.0002,-0.940373
2,0.0004,-0.575771
3,0.0006,-0.22665
4,0.0008,0.114665
5,0.001,0.444157
