,Current,Voltage
0,0.0,0.000274181
1,0.0002,0.00987768
2,0.0004,0.019486
3,0.0006,0.0290442
4,0.0008,0.0386405
5,0.001,0.0482106
