,Current,Voltage
0,0.0,0.000185966
1,0.0002,0.00744104
2,0.0004,0.0146747
3,0.0006,0.0218487
4,0.0008,0.0290418
5,0.001,0.0362182
