,Current,Voltage
0,0.0,0.000138283
1,0.0002,0.00504494
2,0.0004,0.00994682
3,0.0006,0.0147891
4,0.0008,0.01966
5,0.001,0.0244641
