,Current,Voltage
0,0.0,0.000135899
1,0.0002,0.00182152
2,0.0004,0.00350714
3,0.0006,0.00518084
4,0.0008,0.00687122
5,0.001,0.00855684
