,Current,Voltage
0,0.0,8.82149e-05
1,0.0002,0.00219107
2,0.0004,0.00428677
3,0.0006,0.00640154
4,0.0008,0.00850677
5,0.001,0.0105524
