,Current,Voltage
0,0.0,0.000157356
1,0.0002,0.00646591
2,0.0004,0.0126863
3,0.0006,10.0022
4,0.0008,10.0022
5,0.001,10.002
