,Current,Voltage
0,0.0,9.29832e-05
1,0.0002,0.000767708
2,0.0004,0.00136137
3,0.0006,0.00198364
4,0.0008,0.00263929
5,0.001,0.00323057
