,Current,Voltage
0,0.0,0.000116825
1,0.0002,0.00257492
2,0.0004,0.0048852
3,0.0006,0.00720739
4,0.0008,0.00950813
5,0.001,2.20344
