,Current,Voltage
0,0.0,0.000226498
1,0.0002,0.00766039
2,0.0004,0.0149894
3,0.0006,0.0223303
4,0.0008,0.0296998
5,0.001,0.0370026
