,Current,Voltage
0,0.0,0.000514984
1,0.0002,0.0224519
2,0.0004,0.0444341
3,0.0006,0.06634
4,0.0008,0.0882888
5,0.001,0.110116
