,Current,Voltage
0,0.0,0.00209332
1,0.0002,0.0895762
2,0.0004,0.177855
3,0.0006,0.265396
4,0.0008,0.353665
5,0.001,0.441067
