,Current,Voltage
0,0.0,0.000135899
1,0.0002,0.018487
2,0.0004,0.036695
3,0.0006,0.0547576
4,0.0008,0.0729227
5,0.001,0.0909162
