,Current,Voltage
0,0.0,0.00026226
1,0.0002,0.0090766
2,0.0004,0.0178647
3,0.0006,0.0266266
4,0.0008,0.0354075
5,0.001,0.0441575
