,Current,Voltage
0,0.0,0.00649214
1,0.0002,0.126326
2,0.0004,0.246894
3,0.0006,0.366356
4,0.0008,0.486655
5,0.001,0.605686
