,Current,Voltage
0,0.0,0.000181198
1,0.0002,0.00474691
2,0.0004,0.00932217
3,0.0006,0.013845
4,0.0008,0.0184298
5,0.001,0.0229502
