,Current,Voltage
0,0.0,0.000493526
1,0.0002,0.020318
2,0.0004,0.0402689
3,0.0006,0.0600719
4,0.0008,0.0800347
5,0.001,0.0997877
