,Current,Voltage
0,0.0,0.00920939
1,8e-10,0.572651
2,1.6e-09,0.863958
3,2.4e-09,1.12045
4,3.2e-09,1.36932
5,4e-09,1.61666
