,Current,Voltage
0,0.0,0.00497723
1,8e-10,0.0139899
2,1.6e-09,0.0229914
3,2.4e-09,0.0319796
4,3.2e-09,0.0409784
5,4e-09,0.049978
