,Current,Voltage
0,0.0,0.0216684
1,8e-10,0.305784
2,1.6e-09,0.497181
3,2.4e-09,0.672838
4,3.2e-09,0.838386
5,4e-09,1.01689
