,Current,Voltage
0,0.0,0.0040555
1,8e-10,0.011133
2,1.6e-09,0.018193
3,2.4e-09,0.02526
4,3.2e-09,0.0323145
5,4e-09,0.0393534
