,Current,Voltage
0,0.0,0.0044179
1,8e-10,0.0127842
2,1.6e-09,0.0211544
3,2.4e-09,0.0295238
4,3.2e-09,0.0378866
5,4e-09,0.0462382
