,Current,Voltage
0,0.0,0.00456548
1,8e-10,0.0121865
2,1.6e-09,0.0197937
3,2.4e-09,0.0273914
4,3.2e-09,0.035002
5,4e-09,0.0426121
