,Current,Voltage
0,0.0,0.00224113
1,0.0002,0.0947261
2,0.0004,0.187414
3,0.0006,0.279319
4,0.0008,0.372252
5,0.001,0.464461
