,Current,Voltage
0,0.0,-1.32819
1,0.0002,-1.0121
2,0.0004,-0.735679
3,0.0006,-0.498631
4,0.0008,-0.292585
5,0.001,-0.11404
