,Current,Voltage
0,0.0,0.000259876
1,0.0002,0.00777245
2,0.0004,0.0152397
3,0.0006,0.0226808
4,0.0008,0.0301337
5,0.001,0.0375485
