,Current,Voltage
0,0.0,0.000219345
1,0.0002,0.00451565
2,0.0004,0.00879765
3,0.0006,0.013051
4,0.0008,0.0173402
5,0.001,0.0215983
