,Current,Voltage
0,0.0,0.000338554
1,0.0002,0.0118279
2,0.0004,0.0233221
3,0.0006,0.0347495
4,0.0008,0.0462866
5,0.001,0.0577188
