,Current,Voltage
0,0.0,0.000245571
1,0.0002,0.00640392
2,0.0004,0.0125003
3,0.0006,0.0186014
4,0.0008,0.0247121
5,0.001,0.0307655
