,Current,Voltage
0,0.0,0.000529289
1,0.0002,0.0185227
2,0.0004,0.0366664
3,0.0006,0.0546598
4,0.0008,0.0728083
5,0.001,0.0907636
