,Current,Voltage
0,0.0,0.000112057
1,0.0002,0.000457764
2,0.0004,0.000734329
3,0.0006,0.00101805
4,0.0008,0.00128746
5,0.001,0.00159264
