,Current,Voltage
0,0.0,0.000214577
1,0.0002,0.00758648
2,0.0004,0.0149083
3,0.0006,0.0222039
4,0.0008,0.0295305
5,0.001,0.0367641
