,Current,Voltage
0,0.0,0.000185966
1,0.0002,0.00276804
2,0.0004,0.00530243
3,0.0006,0.00784636
4,0.0008,0.0103402
5,0.001,0.012877
