,Current,Voltage
0,0.0,-1.40415
1,0.0002,-1.00381
2,0.0004,-0.729666
3,0.0006,-0.484889
4,0.0008,-0.261991
5,0.001,-0.0589299
