,Current,Voltage
0,0.0,0.000443459
1,0.0002,0.0166845
2,0.0004,0.0329995
3,0.0006,0.049212
4,0.0008,0.0655031
5,0.001,0.0816989
