,Current,Voltage
0,0.0,0.0224495
1,0.0002,0.0716186
2,0.0004,0.119638
3,0.0006,0.166073
4,0.0008,0.212281
5,0.001,0.257418
