,Current,Voltage
0,0.0,0.000319481
1,0.0002,0.00859499
2,0.0004,0.0168896
3,0.0006,0.0251317
4,0.0008,0.0334215
5,0.001,0.0416136
