,Current,Voltage
0,0.0,0.000214577
1,0.0002,0.00412464
2,0.0004,0.00802279
3,0.0006,0.0118637
4,0.0008,0.0157213
5,0.001,0.0195694
