,Current,Voltage
0,0.0,0.000145435
1,0.0002,0.000696182
2,0.0004,0.0022006
3,0.0006,0.00321388
4,0.0008,0.00423193
5,0.001,0.00520706
