,Current,Voltage
0,0.0,0.00386381
1,8e-10,0.0111227
2,1.6e-09,0.0183649
3,2.4e-09,0.0256221
4,3.2e-09,0.032881
5,4e-09,0.0401306
