,Current,Voltage
0,0.0,0.0094564
1,8e-10,0.0265245
2,1.6e-09,0.0435874
3,2.4e-09,0.0606022
4,3.2e-09,0.0776138
5,4e-09,0.0946574
