,Current,Voltage
0,0.0,0.0419521
1,0.0002,2.88585
2,0.0004,9.82873
3,0.0006,10.0026
4,0.0008,10.0023
5,0.001,10.0023
