,Current,Voltage
0,0.0,0.0246692
1,0.0002,1.26616
2,0.0004,10.0025
3,0.0006,10.0024
4,0.0008,10.0022
5,0.001,10.0022
