,Current,Voltage
0,0.0,0.000631809
1,0.0002,0.0220895
2,0.0004,0.032599
3,0.0006,0.0487256
4,0.0008,0.0647497
5,0.001,0.0798988
