,Current,Voltage
0,0.0,0.0381064
1,0.0002,4.94299
2,0.0004,10.0023
3,0.0006,10.0022
4,0.0008,10.0021
5,0.001,10.0021
