,Current,Voltage
0,0.0,0.0192404
1,0.0002,0.809569
2,0.0004,8.2376
3,0.0006,10.0025
4,0.0008,10.0023
5,0.001,10.0023
