,Current,Voltage
0,0.0,0.0121856
1,0.0002,0.47981
2,0.0004,3.38884
3,0.0006,10.0025
4,0.0008,10.0023
5,0.001,10.0022
