,Current,Voltage
0,0.0,0.0707388
1,0.0002,9.23045
2,0.0004,10.0024
3,0.0006,10.0021
4,0.0008,10.0021
5,0.001,10.0021
