,Current,Voltage
0,0.0,0.000770092
1,0.0002,0.0296569
2,0.0004,0.939558
3,0.0006,2.9874
4,0.0008,5.24595
5,0.001,7.43333
