,Current,Voltage
0,0.0,0.0217342
1,0.0002,0.943294
2,0.0004,8.16196
3,0.0006,10.0024
4,0.0008,10.0022
5,0.001,10.0022
