,Current,Voltage
0,0.0,0.0278902
1,0.0002,3.2431
2,0.0004,9.02306
3,0.0006,10.0022
4,0.0008,10.002
5,0.001,10.002
