,Current,Voltage
0,0.0,0.0194192
1,0.0002,2.24313
2,0.0004,7.16918
3,0.0006,10.0023
4,0.0008,10.002
5,0.001,10.002
