,Current,Voltage
0,0.0,0.0012207
1,0.0002,0.0483537
2,0.0004,0.0958657
3,0.0006,0.142975
4,0.0008,0.190454
5,0.001,0.237515
