,Current,Voltage
0,0.0,0.0279284
1,0.0002,2.68632
2,0.0004,8.0869
3,0.0006,10.0025
4,0.0008,10.0023
5,0.001,10.0023
