,Current,Voltage
0,0.0,0.0329971
1,0.0002,2.14963
2,0.0004,7.2531
3,0.0006,10.0024
4,0.0008,10.0022
5,0.001,10.0022
