,Current,Voltage
0,0.0,0.00914335
1,0.0002,0.383837
2,0.0004,1.28943
3,0.0006,9.05643
4,0.0008,10.0023
5,0.001,10.0022
