,Current,Voltage
0,0.0,0.000133514
1,0.0002,0.0035882
2,0.0004,0.00703573
3,0.0006,0.0104237
4,0.0008,0.0138378
5,0.001,0.017221
