,Current,Voltage
0,0.0,0.000114441
1,0.0002,0.00183582
2,0.0004,0.00344276
3,0.0006,0.00507832
4,0.0008,0.00667572
5,0.001,0.00832558
