,Current,Voltage
0,0.0,0.000166893
1,0.0002,0.00272751
2,0.0004,0.00527143
3,0.0006,0.00780582
4,0.0008,0.0102949
5,0.001,0.0128055
