,Current,Voltage
0,0.0,-1.35388
1,0.0002,-1.27571
2,0.0004,-1.18625
3,0.0006,-1.09739
4,0.0008,-1.00861
5,0.001,-0.921245
