,Current,Voltage
0,0.0,0.000140667
1,0.0002,0.0033021
2,0.0004,0.00636578
3,0.0006,0.00941038
4,0.0008,0.0124717
5,0.001,0.015533
