,Current,Voltage
0,0.0,0.000174046
1,0.0002,0.00295877
2,0.0004,0.00576973
3,0.0006,0.00848293
4,0.0008,0.0112629
5,0.001,0.0140285
