,Current,Voltage
0,0.0,0.000224113
1,0.0002,0.00671625
2,0.0004,0.0131941
3,0.0006,0.0195837
4,0.0008,0.0260663
5,0.001,0.0324249
