,Current,Voltage
0,0.0,0.000252724
1,0.0002,0.00746489
2,0.0004,0.0146818
3,0.0006,0.0218439
4,0.0008,0.0290751
5,0.001,0.0362062
