,Current,Voltage
0,0.0,0.000326633
1,0.0002,0.0115609
2,0.0004,0.0228095
3,0.0006,0.0339985
4,0.0008,0.04529
5,0.001,0.0564289
