,Current,Voltage
0,0.0,0.00216484
1,0.0002,0.018115
2,0.0004,0.0341082
3,0.0006,0.0499296
4,0.0008,0.0658917
5,0.001,0.0815845
