,Current,Voltage
0,0.0,0.000109673
1,0.0002,0.00236034
2,0.0004,0.00453472
3,0.0006,0.0067091
4,0.0008,0.00889301
5,0.001,0.0110745
