,Current,Voltage
0,0.0,-1.96004
1,0.0002,-1.71605
2,0.0004,-1.47868
3,0.0006,-1.24479
4,0.0008,-1.01176
5,0.001,-0.783124
