,Current,Voltage
0,0.0,0.000271797
1,0.0002,0.00622988
2,0.0004,0.0122428
3,0.0006,0.0181532
4,0.0008,0.0241351
5,0.001,0.0300455
