,Current,Voltage
0,0.0,0.000326633
1,0.0002,0.0096035
2,0.0004,0.0189137
3,0.0006,0.028162
4,0.0008,0.0374579
5,0.001,0.0466752
