,Current,Voltage
0,0.0,0.000171661
1,0.0002,0.00145674
2,0.0004,0.00267744
3,0.0006,0.00389338
4,0.0008,0.00510216
5,0.001,0.00637531
