,Current,Voltage
0,0.0,4.5841
1,0.0002,7.76015
2,0.0004,-0.711298
3,0.0006,-0.144644
4,0.0008,0.443764
5,0.001,1.02866
