,Current,Voltage
0,0.0,8.82149e-05
1,0.0002,-7.39098e-05
2,0.0004,-0.000259876
3,0.0006,-0.000422001
4,0.0008,-0.000641346
5,0.001,-0.000860691
