,Current,Voltage
0,0.0,0.000207424
1,0.0002,0.00477076
2,0.0004,0.00936508
3,0.0006,0.0138187
4,0.0008,0.0183821
5,0.001,0.0228906
