,Current,Voltage
0,0.0,0.000276566
1,0.0002,0.00895739
2,0.0004,0.0176716
3,0.0006,0.026288
4,0.0008,0.034976
5,0.001,0.0435901
