,Current,Voltage
0,0.0,-1.90314
1,0.0002,-1.46672
2,0.0004,-1.04128
3,0.0006,-0.61959
4,0.0008,-0.19506
5,0.001,0.22588
