,Current,Voltage
0,0.0,0.000295639
1,0.0002,0.00735521
2,0.0004,0.0143433
3,0.0006,0.0213385
4,0.0008,0.028379
5,0.001,0.0353384
