,Current,Voltage
0,0.0,0.00014782
1,0.0002,0.00377655
2,0.0004,0.00738859
3,0.0006,0.0109386
4,0.0008,0.0145316
5,0.001,0.0180936
