,Current,Voltage
0,0.0,0.000154972
1,0.0002,0.00109673
2,0.0004,0.00205517
3,0.0006,0.00300407
4,0.0008,0.00394344
5,0.001,0.00488043
