,Current,Voltage
0,0.0,0.000257492
1,0.0002,0.00924349
2,0.0004,0.0181532
3,0.0006,0.0270414
4,0.0008,0.0359941
5,0.001,0.0448728
