,Current,Voltage
0,0.0,6.67572e-05
1,0.0002,-0.000412464
2,0.0004,-0.000879765
3,0.0006,-0.00144958
4,0.0008,-0.00211954
5,0.001,-0.00288963
