,Current,Voltage
0,0.0,0.000143051
1,0.0002,0.00184536
2,0.0004,0.00350475
3,0.0006,0.00515223
4,0.0008,0.00679255
5,0.001,0.00846386
