,Current,Voltage
0,0.0,0.000121593
1,0.0002,0.00272512
2,0.0004,0.00528097
3,0.0006,0.00781298
4,0.0008,0.0103807
5,0.001,0.0129008
