,Current,Voltage
0,0.0,0.000109673
1,0.0002,-2.86102e-05
2,0.0004,-0.00026226
3,0.0006,-0.000472069
4,0.0008,-0.000679493
5,0.001,-0.000882149
