,Current,Voltage
0,0.0,0.00971794
1,0.0002,0.0953579
2,0.0004,0.181847
3,0.0006,0.267353
4,0.0008,0.354445
5,0.001,0.439899
