,Current,Voltage
0,0.0,-1.31674
1,0.0002,-1.00353
2,0.0004,-0.686929
3,0.0006,-0.372984
4,0.0008,-0.0570774
5,0.001,0.256205
