,Current,Voltage
0,0.0,8.10623e-05
1,0.0002,0.00185728
2,0.0004,0.00359535
3,0.0006,0.00527859
4,0.0008,0.00696182
5,0.001,0.00867844
