,Current,Voltage
0,0.0,0.000185966
1,0.0002,0.00366211
2,0.0004,0.00710249
3,0.0006,0.0105548
4,0.0008,0.0140262
5,0.001,0.0174332
