,Current,Voltage
0,0.0,0.000216961
1,0.0002,0.00540495
2,0.0004,0.0104618
3,0.0006,0.0155234
4,0.0008,0.0205779
5,0.001,10.0021
