,Current,Voltage
0,0.0,0.000395775
1,0.0002,0.0129509
2,0.0004,0.0255513
3,0.0006,0.0379848
4,0.0008,0.0505853
5,0.001,0.0630522
