,Current,Voltage
0,0.0,-1.7928
1,0.0002,-1.71768
2,0.0004,-1.63111
3,0.0006,-1.5453
4,0.0008,-1.4585
5,0.001,-1.37286
