,Current,Voltage
0,0.0,0.000219345
1,0.0002,0.00556946
2,0.0004,0.01091
3,0.0006,0.0162482
4,0.0008,0.0215936
5,0.001,0.0268841
