,Current,Voltage
0,0.0,0.00172853
1,0.0002,0.0733137
2,0.0004,0.145442
3,0.0006,0.217028
4,0.0008,0.289204
5,0.001,0.360811
