,Current,Voltage
0,0.0,0.000185966
1,0.0002,0.00442505
2,0.0004,0.00864983
3,0.0006,0.0128174
4,0.0008,0.0170326
5,0.001,0.0212574
