,Current,Voltage
0,0.0,0.000543594
1,0.0002,0.0187206
2,0.0004,0.0370336
3,0.0006,0.0552297
4,0.0008,0.0735283
5,0.001,0.0916767
