,Current,Voltage
0,0.0,0.00347495
1,8e-10,0.0104053
2,1.6e-09,0.0173244
3,2.4e-09,0.0242419
4,3.2e-09,0.0311744
5,4e-09,0.0380893
