,Current,Voltage
0,0.0,0.00354552
1,8e-10,0.0118566
2,1.6e-09,0.0199866
3,2.4e-09,0.0281014
4,3.2e-09,0.0362434
5,4e-09,0.0444157
