,Current,Voltage
0,0.0,0.00632882
1,8e-10,0.0168195
2,1.6e-09,0.0272801
3,2.4e-09,0.0377548
4,3.2e-09,0.0482061
5,4e-09,0.0586388
