,Current,Voltage
0,0.0,9.05991e-05
1,0.0002,0.000448227
2,0.0004,0.000770092
3,0.0006,0.00106335
4,0.0008,0.00136137
5,0.001,0.00165224
