,Current,Voltage
0,0.0,9.05991e-05
1,0.0002,0.00161171
2,0.0004,0.00298023
3,0.0006,0.00438213
4,0.0008,0.00570774
5,0.001,3.67043
