,Current,Voltage
0,0.0,0.00014782
1,0.0002,0.00285387
2,0.0004,0.00558376
3,0.0006,0.00827312
4,0.0008,0.0109315
5,0.001,0.0135875
