,Current,Voltage
0,0.0,0.000236034
1,0.0002,0.00694036
2,0.0004,0.0136399
3,0.0006,0.020299
4,0.0008,0.0269866
5,0.001,0.0336266
