,Current,Voltage
0,0.0,3.33786e-05
1,0.0002,0.00033617
2,0.0004,0.000531673
3,0.0006,0.000736713
4,0.0008,0.000958443
5,0.001,0.00116825
