,Current,Voltage
0,0.0,0.0396776
1,0.0002,0.0572515
2,0.0004,0.0732994
3,0.0006,0.0879431
4,0.0008,0.101614
5,0.001,0.114098
