,Current,Voltage
0,0.0,0.000314713
1,0.0002,0.00990152
2,0.0004,0.0194645
3,0.0006,0.0289559
4,0.0008,0.0385451
5,0.001,0.0480437
