,Current,Voltage
0,0.0,0.000154972
1,0.0002,0.00361443
2,0.0004,0.0070405
3,0.0006,0.0103903
4,0.0008,0.0138164
5,0.001,0.0171733
