,Current,Voltage
0,0.0,9.05991e-05
1,0.0002,0.001719
2,0.0004,0.00324726
3,0.0006,0.00478745
4,0.0008,0.00634909
5,0.001,0.00788212
