,Current,Voltage
0,0.0,0.000116825
1,0.0002,0.00330687
2,0.0004,0.00641584
3,0.0006,0.0092864
4,0.0008,0.0124478
5,0.001,0.0153089
