,Current,Voltage
0,0.0,0.000324249
1,0.0002,0.011003
2,0.0004,0.021677
3,0.0006,0.0322223
4,0.0008,0.0429249
5,0.001,0.0534987
