,Current,Voltage
0,0.0,7.62939e-05
1,0.0002,0.00106573
2,0.0004,0.00200272
3,0.0006,0.00294924
4,0.0008,0.00417233
5,0.001,0.00521183
