,Current,Voltage
0,0.0,0.000123978
1,0.0002,0.00308514
2,0.0004,0.00595331
3,0.0006,0.0088501
4,0.0008,0.011704
5,0.001,0.0145793
