,Current,Voltage
0,0.0,0.000140667
1,0.0002,0.0023365
2,0.0004,0.00448942
3,0.0006,0.0066328
4,0.0008,0.00877142
5,0.001,0.0109005
