,Current,Voltage
0,0.0,0.000166893
1,0.0002,0.00308275
2,0.0004,0.00591993
3,0.0006,0.00879288
4,0.0008,0.0116658
5,0.001,0.0145125
