,Current,Voltage
0,0.0,8.58307e-05
1,0.0002,0.00147104
2,0.0004,0.0027585
3,0.0006,0.00402927
4,0.0008,0.00533819
5,0.001,0.00666857
