,Current,Voltage
0,0.0,0.000200272
1,0.0002,0.00444889
2,0.0004,0.00870705
3,0.0006,0.0129318
4,0.0008,0.017159
5,0.001,0.0213957
