,Current,Voltage
0,0.0,0.000112057
1,0.0002,0.00113487
2,0.0004,0.00210762
3,0.0006,0.00309706
4,0.0008,0.0041008
5,0.001,0.00525713
