,Current,Voltage
0,0.0,0.000123978
1,0.0002,0.00154257
2,0.0004,0.00286818
3,0.0006,0.00418663
4,0.0008,0.00553608
5,0.001,0.00700951
