,Current,Voltage
0,0.0,0.000524521
1,0.0002,0.019033
2,0.0004,0.0376296
3,0.0006,0.0560093
4,0.0008,0.0746202
5,0.001,0.0930142
