,Current,Voltage
0,0.0,0.00015974
1,0.0002,0.00266552
2,0.0004,0.00517845
3,0.0006,0.007689
4,0.0008,0.0101805
5,0.001,0.0126529
