,Current,Voltage
0,0.0,8.82149e-05
1,0.0002,0.00158548
2,0.0004,0.00302553
3,0.0006,0.00444889
4,0.0008,0.00587463
5,0.001,0.00731707
