,Current,Voltage
0,0.0,0.000412464
1,0.0002,0.0163269
2,0.0004,0.0323105
3,0.0006,0.0481367
4,0.0008,0.0641823
5,0.001,0.0800061
