,Current,Voltage
0,0.0,-1.3312
1,0.0002,-1.19388
2,0.0004,-1.04568
3,0.0006,-0.899529
4,0.0008,-0.753033
5,0.001,-0.607874
