,Current,Voltage
0,0.0,9.53674e-05
1,0.0002,0.00178576
2,0.0004,0.00343323
3,0.0006,0.00507832
4,0.0008,0.00671625
5,0.001,0.0083518
