,Current,Voltage
0,0.0,0.000154972
1,0.0002,0.002563
2,0.0004,0.00486851
3,0.0006,0.00717878
4,0.0008,0.00949383
5,0.001,0.0118303
