,Current,Voltage
0,0.0,5.48363e-05
1,0.0002,0.000896454
2,0.0004,0.00168324
3,0.0006,0.00241756
4,0.0008,0.00318766
5,0.001,0.0039649
