,Current,Voltage
0,0.0,0.000140667
1,0.0002,0.00273705
2,0.0004,0.00536203
3,0.0006,0.00791073
4,0.0008,0.0104833
5,0.001,0.0130415
