,Current,Voltage
0,0.0,8.58307e-05
1,0.0002,0.000827312
2,0.0004,0.00154257
3,0.0006,0.00222921
4,0.0008,0.00291824
5,0.001,0.00365734
