,Current,Voltage
0,0.0,0.000369549
1,0.0002,0.011692
2,0.0004,0.0230575
3,0.0006,0.0343347
4,0.0008,0.0457096
5,0.001,0.0569749
