,Current,Voltage
0,0.0,0.000109673
1,0.0002,0.00170946
2,0.0004,0.00332355
3,0.0006,0.00486135
4,0.0008,0.00643015
5,0.001,0.00800848
