,Current,Voltage
0,0.0,-1.31323
1,0.0002,-0.925162
2,0.0004,-0.580223
3,0.0006,-0.273457
4,0.0008,0.00381708
5,0.001,0.251369
