,Current,Voltage
0,0.0,0.000581741
1,0.0002,0.020771
2,0.0004,0.0410819
3,0.0006,0.0612974
4,0.0008,0.0815988
5,0.001,0.101769
