,Current,Voltage
0,0.0,0.000162125
1,0.0002,0.00361204
2,0.0004,0.00701666
3,0.0006,0.0104499
4,0.0008,0.0138617
5,0.001,0.0172257
