,Current,Voltage
0,0.0,0.000450611
1,0.0002,0.014863
2,0.0004,0.0292945
3,0.0006,0.0436234
4,0.0008,0.0580573
5,0.001,0.0724173
