,Current,Voltage
0,0.0,0.000126362
1,0.0002,0.00148058
2,0.0004,0.00275612
3,0.0006,0.00406027
4,0.0008,0.00534296
5,0.001,0.00660658
