,Current,Voltage
0,0.0,5.72205e-05
1,0.0002,0.000617504
2,0.0004,0.00111341
3,0.0006,0.00162125
4,0.0008,0.00211477
5,0.001,0.00261307
