,Current,Voltage
0,0.0,0.000200272
1,0.0002,0.00500679
2,0.0004,0.00974178
3,0.0006,0.0144458
4,0.0008,0.019207
5,0.001,0.0239444
