,Current,Voltage
0,0.0,0.000181198
1,0.0002,0.00373602
2,0.0004,0.00731468
3,0.0006,0.010798
4,0.0008,0.01436
5,0.001,0.0178719
