,Current,Voltage
0,0.0,0.00145197
1,0.0002,0.0534534
2,0.0004,0.105872
3,0.0006,0.157409
4,0.0008,0.209477
5,0.001,0.261161
