,Current,Voltage
0,0.0,7.62939e-05
1,0.0002,0.00136852
2,0.0004,0.0026536
3,0.0006,0.00390053
4,0.0008,0.0052166
5,0.001,0.00647545
