,Current,Voltage
0,0.0,0.000426769
1,0.0002,0.0157166
2,0.0004,0.0311065
3,0.0006,0.0464177
4,0.0008,0.0617862
5,0.001,0.0769782
