,Current,Voltage
0,0.0,0.000607967
1,0.0002,0.0233698
2,0.0004,0.0463057
3,0.0006,0.0690985
4,0.0008,0.0921535
5,0.001,0.115235
