,Current,Voltage
0,0.0,-0.0449913
1,8e-10,0.550692
2,1.6e-09,0.876805
3,2.4e-09,1.15155
4,3.2e-09,1.4126
5,4e-09,1.66778
