,Current,Voltage
0,0.0,0.000193119
1,0.0002,0.0033617
2,0.0004,0.00655174
3,0.0006,0.00969172
4,0.0008,0.0128412
5,0.001,0.0159764
