,Current,Voltage
0,0.0,0.000104904
1,0.0002,0.00217676
2,0.0004,0.00420809
3,0.0006,0.00626326
4,0.0008,0.00827789
5,0.001,0.0102973
