,Current,Voltage
0,0.0,0.000154972
1,0.0002,0.00266314
2,0.0004,0.00510454
3,0.0006,0.00755787
4,0.0008,0.010047
5,0.001,0.0124216
