,Current,Voltage
0,0.0,0.000169277
1,0.0002,0.00312567
2,0.0004,0.00611067
3,0.0006,0.00898361
4,0.0008,0.0119352
5,0.001,0.0148106
