,Current,Voltage
0,0.0,0.00015974
1,0.0002,0.00344276
2,0.0004,0.00674963
3,0.0006,0.00997782
4,0.0008,0.0132799
5,0.001,0.0164962
