,Current,Voltage
0,0.0,0.000162125
1,0.0002,0.00293016
2,0.0004,0.00571012
3,0.0006,0.00845671
4,0.0008,0.0111961
5,0.001,0.013926
