,Current,Voltage
0,0.0,0.000207424
1,0.0002,0.00281096
2,0.0004,0.0053978
3,0.0006,0.00798464
4,0.0008,0.010519
5,0.001,0.013113
