,Current,Voltage
0,0.0,0.000238419
1,0.0002,0.00690222
2,0.0004,0.0134659
3,0.0006,0.0199914
4,0.0008,0.0265646
5,0.001,0.0331092
