,Current,Voltage
0,0.0,0.000121593
1,0.0002,0.00302553
2,0.0004,0.00591755
3,0.0006,0.00877142
4,0.0008,0.0116396
5,0.001,0.0144863
