,Current,Voltage
0,0.0,0.000181198
1,0.0002,0.00291824
2,0.0004,0.00552177
3,0.0006,0.00814915
4,0.0008,0.0107384
5,0.001,0.0133562
