,Current,Voltage
0,0.0,0.000183582
1,0.0002,0.0031805
2,0.0004,0.00614643
3,0.0006,0.00909328
4,0.0008,0.0119996
5,0.001,0.0149465
