,Current,Voltage
0,0.0,0.000166893
1,0.0002,0.00288486
2,0.0004,0.00564098
3,0.0006,0.00834465
4,0.0008,0.0110364
5,0.001,0.0137377
