,Current,Voltage
0,0.0,0.000197887
1,0.0002,0.00263453
2,0.0004,0.0050211
3,0.0006,0.00745058
4,0.0008,0.00983477
5,0.001,0.0122023
