,Current,Voltage
0,0.0,0.000193119
1,0.0002,0.00360966
2,0.0004,0.00701427
3,0.0006,0.0103927
4,0.0008,0.0138402
5,0.001,0.0171828
