,Current,Voltage
0,0.0,0.000171661
1,0.0002,0.00411272
2,0.0004,0.00806093
3,0.0006,0.0119066
4,0.0008,0.0158262
5,0.001,0.0196791
