,Current,Voltage
0,0.0,0.000188351
1,0.0002,0.00246763
2,0.0004,0.00473022
3,0.0006,0.00699759
4,0.0008,0.0092721
5,0.001,0.0115633
