,Current,Voltage
0,0.0,0.000154972
1,0.0002,0.00263691
2,0.0004,0.00505686
3,0.0006,0.00747919
4,0.0008,0.0099206
5,0.001,0.0123668
