,Current,Voltage
0,0.0,0.000169277
1,0.0002,0.0022006
2,0.0004,0.00419855
3,0.0006,0.00620604
4,0.0008,0.00822067
5,0.001,0.0101662
