,Current,Voltage
0,0.0,0.000183582
1,0.0002,0.00384569
2,0.0004,0.00744581
3,0.0006,0.0109911
4,0.0008,0.0146008
5,0.001,0.0181341
