,Current,Voltage
0,0.0,0.00013113
1,0.0002,0.00301838
2,0.0004,0.00583887
3,0.0006,0.00868559
4,0.0008,0.0115204
5,0.001,0.0143051
