,Current,Voltage
0,0.0,0.000193119
1,0.0002,0.00353575
2,0.0004,0.00678539
3,0.0006,0.0100541
4,0.0008,0.0133443
5,0.001,0.0166106
