,Current,Voltage
0,0.0,0.000143051
1,0.0002,0.00279188
2,0.0004,0.00542164
3,0.0006,0.00800848
4,0.0008,0.0106668
5,0.001,0.0132489
