,Current,Voltage
0,0.0,0.000245571
1,0.0002,0.00396252
2,0.0004,0.00763655
3,0.0006,0.0112605
4,0.0008,0.0149822
5,0.001,0.0186086
