,Current,Voltage
0,0.0,0.000214577
1,0.0002,0.00463486
2,0.0004,0.00905991
3,0.0006,0.0133848
4,0.0008,0.017767
5,0.001,0.0221443
