,Current,Voltage
0,0.0,0.000174046
1,0.0002,0.00310183
2,0.0004,0.00600576
3,0.0006,0.0088501
4,0.0008,0.0117135
5,0.001,0.0145817
