,Current,Voltage
0,0.0,0.000240803
1,0.0002,0.00562191
2,0.0004,0.0109839
3,0.0006,0.0162983
4,0.0008,0.0216842
5,0.001,0.0270033
