,Current,Voltage
0,0.0,0.000231266
1,0.0002,0.00495672
2,0.0004,0.00960112
3,0.0006,0.0143147
4,0.0008,0.0189638
5,0.001,0.0236344
