,Current,Voltage
0,0.0,0.00015974
1,0.0002,0.00322104
2,0.0004,0.00627518
3,0.0006,0.00930548
4,0.0008,0.0123286
5,0.001,0.0153637
