,Current,Voltage
0,0.0,0.000200272
1,0.0002,0.00433445
2,0.0004,0.00845671
3,0.0006,0.0124931
4,0.0008,0.0165892
5,0.001,0.0206995
