,Current,Voltage
0,0.0,0.000152588
1,0.0002,0.00366211
2,0.0004,0.00712156
3,0.0006,0.0105405
4,0.0008,0.0139618
5,0.001,0.017395
