,Current,Voltage
0,0.0,0.000197887
1,0.0002,0.00522614
2,0.0004,0.0102258
3,0.0006,0.0151968
4,0.0008,0.0202417
5,0.001,0.0251913
