,Current,Voltage
0,0.0,0.000195503
1,0.0002,0.00316143
2,0.0004,0.00613689
3,0.0006,0.00907898
4,0.0008,0.0120044
5,0.001,0.0149655
