,Current,Voltage
0,0.0,0.000219345
1,0.0002,0.00300169
2,0.0004,0.00575304
3,0.0006,0.00843763
4,0.0008,0.0111604
5,0.001,0.0138903
