,Current,Voltage
0,0.0,0.000329018
1,0.0002,0.00746727
2,0.0004,0.0146103
3,0.0006,0.0217056
4,0.0008,0.0288439
5,0.001,0.0359607
