,Current,Voltage
0,0.0,0.000109673
1,0.0002,0.00218391
2,0.0004,0.00421047
3,0.0006,0.00620127
4,0.0008,0.00826359
5,0.001,0.0102377
