,Current,Voltage
0,0.0,0.000288486
1,0.0002,0.00917673
2,0.0004,0.0180435
3,0.0006,0.0268459
4,0.0008,0.0357246
5,0.001,0.0445461
