,Current,Voltage
0,0.0,0.000231266
1,0.0002,0.00507355
2,0.0004,0.00988007
3,0.0006,0.0146866
4,0.0008,0.0194907
5,0.001,0.0242853
