,Current,Voltage
0,0.0,0.000183582
1,0.0002,0.00529051
2,0.0004,0.0103974
3,0.0006,0.0154686
4,0.0008,0.0205874
5,0.001,0.0256491
