,Current,Voltage
0,0.0,0.00757599
1,8e-10,0.020967
2,1.6e-09,0.0343418
3,2.4e-09,0.0477192
4,3.2e-09,0.0610292
5,4e-09,0.0742893
