,Current,Voltage
0,0.0,0.00390911
1,8e-10,0.0109482
2,1.6e-09,0.0180132
3,2.4e-09,0.0250673
4,3.2e-09,0.0321128
5,4e-09,0.0391815
