,Current,Voltage
0,0.0,0.00363731
1,8e-10,0.0102854
2,1.6e-09,0.016937
3,2.4e-09,0.023597
4,3.2e-09,0.0302401
5,4e-09,0.0368898
