,Current,Voltage
0,0.0,0.00648022
1,8e-10,0.018445
2,1.6e-09,0.0304322
3,2.4e-09,0.0423675
4,3.2e-09,0.0543468
5,4e-09,0.0663438
