,Current,Voltage
0,0.0,0.00858688
1,8e-10,0.0242682
2,1.6e-09,0.0399451
3,2.4e-09,0.0555987
4,3.2e-09,0.0712473
5,4e-09,0.0868814
