,Current,Voltage
0,0.0,0.000317097
1,0.0002,0.00747204
2,0.0004,0.0146198
3,0.0006,0.0217175
4,0.0008,0.0288677
5,0.001,0.0359249
