,Current,Voltage
0,0.0,0.000193119
1,0.0002,0.00348806
2,0.0004,0.00672579
3,0.0006,0.00990391
4,0.0008,0.0131416
5,0.001,0.0164413
