,Current,Voltage
0,0.0,0.000276566
1,0.0002,0.00759125
2,0.0004,0.0148702
3,0.0006,0.0221348
4,0.0008,0.0294089
5,0.001,0.0366592
