,Current,Voltage
0,0.0,0.000321865
1,0.0002,0.0101709
2,0.0004,0.0199842
3,0.0006,0.0297332
4,0.0008,0.0396681
5,0.001,0.0494719
