,Current,Voltage
0,0.0,0.000283718
1,0.0002,0.00870943
2,0.0004,0.0170898
3,0.0006,0.0254703
4,0.0008,0.0338221
5,0.001,0.0421834
