,Current,Voltage
0,0.0,0.000231266
1,0.0002,0.00568151
2,0.0004,0.0110793
3,0.0006,0.0164318
4,0.0008,0.0218582
5,0.001,0.027194
