,Current,Voltage
0,0.0,0.000295639
1,0.0002,0.00732899
2,0.0004,0.0142741
3,0.0006,0.0212502
4,0.0008,0.0283051
5,0.001,0.0352573
