,Current,Voltage
0,0.0,0.000498295
1,0.0002,0.0154829
2,0.0004,0.0303602
3,0.0006,0.0452042
4,0.0008,0.06042
5,0.001,0.0754333
