,Current,Voltage
0,0.0,0.000269413
1,0.0002,0.00706196
2,0.0004,0.0138426
3,0.0006,0.0205421
4,0.0008,0.0273228
5,0.001,0.0340629
