,Current,Voltage
0,0.0,0.000200272
1,0.0002,0.00399113
2,0.0004,0.00778437
3,0.0006,0.0115299
4,0.0008,0.0153112
5,0.001,0.0190163
