,Current,Voltage
0,0.0,0.000553131
1,0.0002,0.0180531
2,0.0004,0.0356698
3,0.0006,0.0531507
4,0.0008,0.0707316
5,0.001,0.0882292
