,Current,Voltage
0,0.0,0.000224113
1,0.0002,0.0041151
2,0.0004,0.0079751
3,0.0006,0.0118637
4,0.0008,0.0157046
5,0.001,0.0195765
