,Current,Voltage
0,0.0,0.000309944
1,0.0002,0.00786304
2,0.0004,0.0154352
3,0.0006,0.0229454
4,0.0008,0.0305176
5,0.001,0.0380063
