,Current,Voltage
0,0.0,0.000431538
1,0.0002,0.0126386
2,0.0004,0.0249267
3,0.0006,0.0371099
4,0.0008,0.0494218
5,0.001,0.0615644
