,Current,Voltage
0,0.0,0.000226498
1,0.0002,0.00577927
2,0.0004,0.0112581
3,0.0006,0.0166965
4,0.0008,0.0222278
5,0.001,0.0276184
