,Current,Voltage
0,0.0,0.000243187
1,0.0002,0.00562429
2,0.0004,0.0109577
3,0.0006,0.0162745
4,0.0008,0.0216103
5,0.001,0.0268865
