,Current,Voltage
0,0.0,0.00026226
1,0.0002,0.00700474
2,0.0004,0.01369
3,0.0006,0.0201797
4,0.0008,0.0424743
5,0.001,9.02374
