,Current,Voltage
0,0.0,0.000288486
1,0.0002,0.00853062
2,0.0004,0.0167823
3,0.0006,0.0249076
4,0.0008,0.0331926
5,0.001,0.0413346
