,Current,Voltage
0,0.0,0.000529289
1,0.0002,0.0173044
2,0.0004,0.0341606
3,0.0006,0.0508642
4,0.0008,0.0677371
5,0.001,0.0844216
