,Current,Voltage
0,0.0,0.000243187
1,0.0002,0.00672817
2,0.0004,0.0125146
3,0.0006,0.0199676
4,0.0008,0.027411
5,0.001,0.034883
