,Current,Voltage
0,0.0,0.000264645
1,0.0002,0.00773668
2,0.0004,0.0152135
3,0.0006,0.0225878
4,0.0008,0.0300646
5,0.001,0.0374389
