,Current,Voltage
0,0.0,0.000631809
1,0.0002,0.0237942
2,0.0004,0.0470757
3,0.0006,0.070188
4,0.0008,0.0934243
5,0.001,0.116537
