,Current,Voltage
0,0.0,0.110428
1,0.0002,3.51879
2,0.0004,4.69169
3,0.0006,5.25931
4,0.0008,10.0021
5,0.001,10.0019
