,Current,Voltage
0,0.0,-0.270073
1,0.0002,0.0422382
2,0.0004,0.101421
3,0.0006,0.103188
4,0.0008,0.129426
5,0.001,0.130889
