,Current,Voltage
0,0.0,0.000400543
1,0.0002,0.0123596
2,0.0004,0.0243735
3,0.0006,0.0363088
4,0.0008,0.0483179
5,0.001,0.0602436
