,Current,Voltage
0,0.0,0.00043869
1,0.0002,0.0133324
2,0.0004,0.0258756
3,0.0006,0.0384688
4,0.0008,0.05193
5,0.001,0.0646901
