,Current,Voltage
0,0.0,0.000724792
1,0.0002,0.0269461
2,0.0004,0.0533628
3,0.0006,0.079565
4,0.0008,0.106015
5,0.001,0.132239
