,Current,Voltage
0,0.0,0.000326633
1,0.0002,0.00946283
2,0.0004,0.0186396
3,0.0006,0.0277305
4,0.0008,0.0369287
5,0.001,0.0460196
