,Current,Voltage
0,0.0,0.000538826
1,0.0002,0.0197005
2,0.0004,0.0389433
3,0.0006,0.0580692
4,0.0008,0.0773525
5,0.001,0.0964451
