,Current,Voltage
0,0.0,0.000281334
1,0.0002,0.00617504
2,0.0004,0.0120354
3,0.0006,0.0178933
4,0.0008,0.0237799
5,0.001,0.0296116
