,Current,Voltage
0,0.0,0.000305176
1,0.0002,0.00801325
2,0.0004,0.0156808
3,0.0006,0.0233531
4,0.0008,0.031004
5,0.001,0.0386453
