,Current,Voltage
0,0.0,0.000681877
1,0.0002,0.0260687
2,0.0004,0.570793
3,0.0006,0.591149
4,0.0008,1.2402
5,0.001,10.0021
