,Current,Voltage
0,0.0,0.000345707
1,0.0002,0.00844955
2,0.0004,0.0165892
3,0.0006,0.024662
4,0.0008,0.0327849
5,0.001,0.0408363
