,Current,Voltage
0,0.0,0.000212193
1,0.0002,0.00477314
2,0.0004,0.00927925
3,0.0006,0.0138068
4,0.0008,0.018301
5,0.001,0.0228071
