,Current,Voltage
0,0.0,0.000216961
1,0.0002,0.0043273
2,0.0004,0.00840187
3,0.0006,0.0124431
4,0.0008,0.0164914
5,0.001,0.0204992
