,Current,Voltage
0,0.0,0.000312328
1,0.0002,0.00748873
2,0.0004,0.0146365
3,0.0006,0.0216889
4,0.0008,0.0287867
5,0.001,0.0358725
