,Current,Voltage
0,0.0,0.000185966
1,0.0002,0.00286102
2,0.0004,0.00552416
3,0.0006,0.00811577
4,0.0008,0.0107288
5,0.001,0.0133395
