,Current,Voltage
0,0.0,0.000271797
1,0.0002,0.00735044
2,0.0004,0.0143695
3,0.0006,0.0213766
4,0.0008,0.0288177
5,0.001,0.0358486
