,Current,Voltage
0,0.0,0.000257492
1,0.0002,0.00775337
2,0.0004,0.01513
3,0.0006,0.0225759
4,0.0008,0.0299883
5,0.001,0.0373435
