,Current,Voltage
0,0.0,0.000178814
1,0.0002,0.00509739
2,0.0004,0.0099802
3,0.0006,0.0148749
4,0.0008,0.0197649
5,0.001,0.0245857
