,Current,Voltage
0,0.0,0.000183582
1,0.0002,0.00415802
2,0.0004,0.00808239
3,0.0006,0.011971
4,0.0008,0.0159144
5,0.001,0.0198269
