,Current,Voltage
0,0.0,0.000224113
1,0.0002,0.00441551
2,0.0004,0.00858307
3,0.0006,0.0127435
4,0.0008,0.0169253
5,0.001,0.0210595
