,Current,Voltage
0,0.0,0.000240803
1,0.0002,0.00651598
2,0.0004,0.0127769
3,0.0006,0.0189781
4,0.0008,0.025239
5,0.001,0.0314808
