,Current,Voltage
0,0.0,0.000212193
1,0.0002,0.00461102
2,0.0004,0.00900269
3,0.0006,0.0133348
4,0.0008,0.0177193
5,0.001,0.0221133
