,Current,Voltage
0,0.0,0.000219345
1,0.0002,0.00425577
2,0.0004,0.00830173
3,0.0006,0.0122738
4,0.0008,0.016284
5,0.001,0.0212502
