,Current,Voltage
0,0.0,0.000371933
1,0.0002,0.0102592
2,0.0004,0.0201488
3,0.0006,0.0299764
4,0.0008,0.0399184
5,0.001,0.0496984
