,Current,Voltage
0,0.0,0.000572205
1,0.0002,0.0225282
2,0.0004,0.0446248
3,0.0006,0.0665164
4,0.0008,0.0885987
5,0.001,0.110424
