,Current,Voltage
0,0.0,0.00632596
1,8e-10,0.0150077
2,1.6e-09,0.0236778
3,2.4e-09,0.0323327
4,3.2e-09,0.0409544
5,4e-09,0.0496175
