,Current,Voltage
0,0.0,0.00391388
1,8e-10,0.0111325
2,1.6e-09,0.0183372
3,2.4e-09,0.0255527
4,3.2e-09,0.0327642
5,4e-09,0.039973
