,Current,Voltage
0,0.0,0.00550342
1,8e-10,0.0234499
2,1.6e-09,0.041394
3,2.4e-09,0.0593352
4,3.2e-09,0.0772922
5,4e-09,0.0952492
