,Current,Voltage
0,0.0,0.000145435
1,0.0002,0.00154257
2,0.0004,0.00285864
3,0.0006,0.00420094
4,0.0008,0.00555038
5,0.001,0.00685215
