,Current,Voltage
0,0.0,0.00043869
1,0.0002,0.0129771
2,0.0004,0.0255656
3,0.0006,0.0380826
4,0.0008,0.0507259
5,0.001,0.0632119
