,Current,Voltage
0,0.0,0.000214577
1,0.0002,0.00524282
2,0.0004,0.0102901
3,0.0006,0.0152445
4,0.0008,0.0202751
5,0.001,0.0252509
