,Current,Voltage
0,0.0,0.000114441
1,0.0002,0.00137568
2,0.0004,0.00259638
3,0.0006,0.0037837
4,0.0008,0.00502586
5,0.001,0.00620127
