,Current,Voltage
0,0.0,0.000123978
1,0.0002,0.00115156
2,0.0004,0.00216722
3,0.0006,0.00306845
4,0.0008,0.00406027
5,0.001,0.00500441
