,Current,Voltage
0,0.0,0.000109673
1,0.0002,0.00164509
2,0.0004,0.00318289
3,0.0006,0.00463963
4,0.0008,0.00611782
5,0.001,0.00763178
