,Current,Voltage
0,0.0,9.29832e-05
1,0.0002,0.00136375
2,0.0004,0.00253439
3,0.0006,0.00366211
4,0.0008,0.00481606
5,0.001,0.00598669
