,Current,Voltage
0,0.0,0.000100136
1,0.0002,0.000424385
2,0.0004,0.000736713
3,0.0006,0.00100374
4,0.0008,0.00132322
5,0.001,0.00161648
