,Current,Voltage
0,0.0,0.000376701
1,0.0002,0.0104547
2,0.0004,0.0205612
3,0.0006,0.030551
4,0.0008,0.0406957
5,0.001,0.0506639
