,Current,Voltage
0,0.0,5.00679e-05
1,0.0002,0.000753403
2,0.0004,0.00134945
3,0.0006,0.00190973
4,0.0008,0.00250101
5,0.001,0.00310183
