,Current,Voltage
0,0.0,0.00014782
1,0.0002,0.00132322
2,0.0004,0.00248671
3,0.0006,0.00363827
4,0.0008,0.00477552
5,0.001,0.00594854
