,Current,Voltage
0,0.0,9.77516e-05
1,0.0002,0.00163317
2,0.0004,0.0031352
3,0.0006,0.00459909
4,0.0008,0.00608444
5,0.001,0.00755072
