,Current,Voltage
0,0.0,0.00014782
1,0.0002,0.00137091
2,0.0004,0.002563
3,0.0006,0.00370741
4,0.0008,0.00491142
5,0.001,0.00610352
