,Current,Voltage
0,0.0,0.000145435
1,0.0002,0.00197172
2,0.0004,0.00371456
3,0.0006,0.00546455
4,0.0008,0.00720978
5,0.001,0.00894547
