,Current,Voltage
0,0.0,0.000181198
1,0.0002,0.00176907
2,0.0004,0.00333071
3,0.0006,0.00487566
4,0.0008,0.00645161
5,0.001,0.00802755
