,Current,Voltage
0,0.0,0.000126362
1,0.0002,0.00126123
2,0.0004,0.00231743
3,0.0006,0.00338793
4,0.0008,0.00449181
5,0.001,0.00554562
