,Current,Voltage
0,0.0,9.29832e-05
1,0.0002,0.000393391
2,0.0004,0.000658035
3,0.0006,0.000872612
4,0.0008,0.00108957
5,0.001,0.0013423
