,Current,Voltage
0,0.0,0.00015974
1,0.0002,0.00173807
2,0.0004,0.00325918
3,0.0006,0.00475645
4,0.0008,0.00630617
5,0.001,0.00779629
