,Current,Voltage
0,0.0,0.000104904
1,0.0002,0.000782013
2,0.0004,0.00137806
3,0.0006,0.00198841
4,0.0008,0.00259399
5,0.001,0.00322104
