,Current,Voltage
0,0.0,0.00014782
1,0.0002,0.00169754
2,0.0004,0.00319242
3,0.0006,0.00464678
4,0.0008,0.00614166
5,0.001,0.00763893
