,Current,Voltage
0,0.0,0.000123978
1,0.0002,0.00211
2,0.0004,0.00398397
3,0.0006,0.00585556
4,0.0008,0.0077796
5,0.001,0.00967741
