,Current,Voltage
0,0.0,0.000154972
1,0.0002,0.00131369
2,0.0004,0.00241518
3,0.0006,0.00355005
4,0.0008,0.00467777
5,0.001,0.00577211
