,Current,Voltage
0,0.0,0.000100136
1,0.0002,0.00107527
2,0.0004,0.00195265
3,0.0006,0.00287056
4,0.0008,0.00375032
5,0.001,0.00465393
