,Current,Voltage
0,0.0,6.67572e-05
1,0.0002,0.000851154
2,0.0004,0.00161171
3,0.0006,0.00232697
4,0.0008,0.00307322
5,0.001,0.00379801
