,Current,Voltage
0,0.0,0.000216961
1,0.0002,0.00469923
2,0.0004,0.00920534
3,0.0006,0.0136375
4,0.0008,0.0181508
5,0.001,0.0226235
