,Current,Voltage
0,0.0,0.000112057
1,0.0002,0.00161171
2,0.0004,0.00302553
3,0.0006,0.00447989
4,0.0008,0.00592232
5,0.001,0.00729084
