,Current,Voltage
0,0.0,0.000154972
1,0.0002,0.00207186
2,0.0004,0.0039053
3,0.0006,0.0057745
4,0.0008,0.00763416
5,0.001,0.00945091
