,Current,Voltage
0,0.0,0.000121593
1,0.0002,0.000488758
2,0.0004,0.000824928
3,0.0006,0.00115395
4,0.0008,0.0014782
5,0.001,0.00182152
