,Current,Voltage
0,0.0,0.000169277
1,0.0002,0.00297308
2,0.0004,0.0057745
3,0.0006,0.00852585
4,0.0008,0.0112796
5,0.001,0.0140786
