,Current,Voltage
0,0.0,0.000133514
1,0.0002,0.0022006
2,0.0004,0.00419378
3,0.0006,0.00619411
4,0.0008,0.0082016
5,0.001,0.0101733
