,Current,Voltage
0,0.0,0.000121593
1,0.0002,0.00159264
2,0.0004,0.00308275
3,0.0006,0.00449181
4,0.0008,0.00590086
5,0.001,0.00734806
