,Current,Voltage
0,0.0,0.000162125
1,0.0002,0.00293732
2,0.0004,0.00562191
3,0.0006,0.0083375
4,0.0008,0.0109911
5,0.001,0.0137162
