,Current,Voltage
0,0.0,0.000140667
1,0.0002,0.000970364
2,0.0004,0.0017643
3,0.0006,0.00254393
4,0.0008,0.0032711
5,0.001,0.00404835
