,Current,Voltage
0,0.0,0.000169277
1,0.0002,0.00149727
2,0.0004,0.00277519
3,0.0006,0.00408411
4,0.0008,0.00538588
5,0.001,0.00667572
