,Current,Voltage
0,0.0,0.000126362
1,0.0002,0.0013566
2,0.0004,0.00247002
3,0.0006,0.0036335
4,0.0008,0.00473499
5,0.001,0.00587225
