,Current,Voltage
0,0.0,0.000121593
1,0.0002,0.000910759
2,0.0004,0.00163555
3,0.0006,0.00236511
4,0.0008,0.00310659
5,0.001,0.00382423
