,Current,Voltage
0,0.0,0.000119209
1,0.0002,0.00112295
2,0.0004,0.00207901
3,0.0006,0.0967646
4,0.0008,1.37078
5,0.001,2.74971
