,Current,Voltage
0,0.0,0.000107288
1,0.0002,0.000319481
2,0.0004,0.000452995
3,0.0006,0.000588894
4,0.0008,0.000724792
5,0.001,0.000901222
