,Current,Voltage
0,0.0,0.000152588
1,0.0002,0.00231743
2,0.0004,0.00445604
3,0.0006,0.00654459
4,0.0008,0.0086832
5,0.001,0.0107408
