,Current,Voltage
0,0.0,0.000162125
1,0.0002,0.00354052
2,0.0004,0.00685692
3,0.0006,0.0101829
4,0.0008,0.0135326
5,0.001,0.0168109
