,Current,Voltage
0,0.0,0.000209808
1,0.0002,0.00471592
2,0.0004,0.0091958
3,0.0006,0.0136161
4,0.0008,0.018115
5,0.001,0.0225449
