,Current,Voltage
0,0.0,0.000157356
1,0.0002,0.00160694
2,0.0004,0.00303507
3,0.0006,0.00450611
4,0.0008,0.00589132
5,0.001,0.00732183
