,Current,Voltage
0,0.0,0.000489235
1,8e-10,0.0474374
2,1.6e-09,0.094228
3,2.4e-09,0.12116
4,3.2e-09,0.220785
5,4e-09,0.319142
