,Current,Voltage
0,0.0,0.00346637
1,8e-10,0.00945783
2,1.6e-09,0.0154684
3,2.4e-09,0.0214784
4,3.2e-09,0.0274692
5,4e-09,0.0334628
