,Current,Voltage
0,0.0,0.000123978
1,0.0002,0.00168562
2,0.0004,0.00319958
3,0.0006,0.00471354
4,0.0008,0.00624657
5,0.001,0.0077939
