,Current,Voltage
0,0.0,0.000154972
1,0.0002,0.00132799
2,0.0004,0.00245333
3,0.0006,0.00359297
4,0.0008,0.00474691
5,0.001,0.00581503
