,Current,Voltage
0,0.0,0.000174046
1,0.0002,0.00288486
2,0.0004,0.00554562
3,0.0006,0.00821114
4,0.0008,0.0109148
5,0.001,0.0135231
