,Current,Voltage
0,0.0,0.00014782
1,0.0002,0.00224113
2,0.0004,0.00433922
3,0.0006,0.00640154
4,0.0008,0.00849247
5,0.001,0.0105357
