,Current,Voltage
0,0.0,0.0593591
1,0.0002,0.00238419
2,0.0004,0.00455379
3,0.0006,0.00675917
4,0.0008,0.00895977
5,0.001,0.0110722
