,Current,Voltage
0,0.0,0.000121593
1,0.0002,0.00116348
2,0.0004,0.00207186
3,0.0006,0.00299931
4,0.0008,0.00400066
5,0.001,0.00491381
