,Current,Voltage
0,0.0,0.000138283
1,0.0002,0.00201702
2,0.0004,0.00383615
3,0.0006,0.00566959
4,0.0008,0.00751495
5,0.001,0.00931025
