,Current,Voltage
0,0.0,0.000166893
1,0.0002,0.00145674
2,0.0004,0.00273943
3,0.0006,0.00392199
4,0.0008,0.0052166
5,0.001,0.00645638
