,Current,Voltage
0,0.0,0.000164509
1,0.0002,0.00216246
2,0.0004,0.00413656
3,0.0006,0.00607491
4,0.0008,0.00804663
5,0.001,0.00998735
