,Current,Voltage
0,0.0,0.000452995
1,0.0002,0.0161386
2,0.0004,0.031836
3,0.0006,0.0474811
4,0.0008,0.0632024
5,0.001,0.0788069
