,Current,Voltage
0,0.0,0.000138283
1,0.0002,0.00214338
2,0.0004,0.00413418
3,0.0006,0.00607252
4,0.0008,0.00799417
5,0.001,0.0099206
