,Current,Voltage
0,0.0,7.62939e-05
1,0.0002,0.00133991
2,0.0004,0.00250816
3,0.0006,0.00370264
4,0.0008,0.00488758
5,0.001,0.00604153
