,Current,Voltage
0,0.0,0.000154972
1,0.0002,0.00108004
2,0.0004,0.00197649
3,0.0006,0.00287294
4,0.0008,0.0037384
5,0.001,0.00461102
