,Current,Voltage
0,0.0,0.000164509
1,0.0002,0.00217438
2,0.0004,0.00414848
3,0.0006,0.0061059
4,0.0008,0.00806808
5,0.001,0.0100207
