,Current,Voltage
0,0.0,0.000138283
1,0.0002,0.000965595
2,0.0004,0.00178337
3,0.0006,0.00254869
4,0.0008,0.00336647
5,0.001,0.00414848
