,Current,Voltage
0,0.0,0.000135899
1,0.0002,0.00103235
2,0.0004,0.00192165
3,0.0006,0.00278711
4,0.0008,0.00366688
5,0.001,0.00450134
