,Current,Voltage
0,0.0,0.000138283
1,0.0002,0.000870228
2,0.0004,0.0015831
3,0.0006,0.00230551
4,0.0008,0.00299931
5,0.001,0.00369787
