,Current,Voltage
0,0.0,0.000119209
1,0.0002,0.000658035
2,0.0004,0.00121832
3,0.0006,0.00174761
4,0.0008,0.00226021
5,0.001,0.00277758
