,Current,Voltage
0,0.0,0.000181198
1,0.0002,0.00451565
2,0.0004,0.00875235
3,0.0006,0.01302
4,0.0008,0.017302
5,0.001,0.0215721
