,Current,Voltage
0,0.0,0.000183582
1,0.0002,0.00276089
2,0.0004,0.00533581
3,0.0006,0.00784874
4,0.0008,0.0104094
5,0.001,0.0129724
