,Current,Voltage
0,0.0,0.000169277
1,0.0002,0.00255346
2,0.0004,0.0048852
3,0.0006,0.00715494
4,0.0008,0.00948668
5,0.001,0.0118256
