,Current,Voltage
0,0.0,0.000128746
1,0.0002,0.00370502
2,0.0004,0.00717878
3,0.0006,0.0106788
4,0.0008,0.0141263
5,0.001,0.0175953
