,Current,Voltage
0,0.0,0.000114441
1,0.0002,0.0023365
2,0.0004,0.00449419
3,0.0006,0.00667095
4,0.0008,0.00889301
5,0.001,0.0110006
