,Current,Voltage
0,0.0,0.000150204
1,0.0002,0.00176668
2,0.0004,0.00332117
3,0.0006,0.00485897
4,0.0008,0.00642061
5,0.001,0.00793695
