,Current,Voltage
0,0.0,0.000109673
1,0.0002,0.00101566
2,0.0004,0.00187397
3,0.0006,0.00266314
4,0.0008,0.00350475
5,0.001,0.00435591
