,Current,Voltage
0,0.0,0.000150204
1,0.0002,0.00161171
2,0.0004,0.00304461
3,0.0006,0.0044775
4,0.0008,0.00589371
5,0.001,0.00730991
