,Current,Voltage
0,0.0,8.82149e-05
1,0.0002,0.000989437
2,0.0004,0.0018239
3,0.0006,0.00266314
4,0.0008,0.0034833
5,0.001,0.00430584
