,Current,Voltage
0,0.0,9.29832e-05
1,0.0002,0.00084877
2,0.0004,0.00156879
3,0.0006,0.00228167
4,0.0008,0.00300646
5,0.001,0.00374079
