,Current,Voltage
0,0.0,0.000126362
1,0.0002,0.00180483
2,0.0004,0.00341654
3,0.0006,0.00501394
4,0.0008,0.00666857
5,0.001,0.00824451
