,Current,Voltage
0,0.0,8.58307e-05
1,0.0002,0.00121117
2,0.0004,0.00226259
3,0.0006,0.00329494
4,0.0008,0.00437498
5,0.001,0.00543118
