,Current,Voltage
0,0.0,0.000162125
1,0.0002,0.00162363
2,0.0004,0.00310659
3,0.0006,0.00455856
4,0.0008,0.00600815
5,0.001,0.00746965
