,Current,Voltage
0,0.0,0.000185966
1,0.0002,0.00335693
2,0.0004,0.00656843
3,0.0006,0.00970364
4,0.0008,0.0128555
5,0.001,0.0160146
