,Current,Voltage
0,0.0,-1.39996
1,0.0002,-1.24495
2,0.0004,-1.10784
3,0.0006,-0.982556
4,0.0008,-0.866725
5,0.001,-0.759099
