,Current,Voltage
0,0.0,0.00017643
1,0.0002,0.00190735
2,0.0004,0.00360727
3,0.0006,0.00530481
4,0.0008,0.00700235
5,0.001,0.00872135
