,Current,Voltage
0,0.0,0.000219345
1,0.0002,0.00413656
2,0.0004,0.00803709
3,0.0006,0.0119042
4,0.0008,0.0157833
5,0.001,0.0196362
