,Current,Voltage
0,0.0,0.000140667
1,0.0002,0.00112057
2,0.0004,0.00198841
3,0.0006,0.00287294
4,0.0008,0.00377178
5,0.001,0.00469208
