,Current,Voltage
0,0.0,0.000178814
1,0.0002,0.00286579
2,0.0004,0.00551701
3,0.0006,0.00812292
4,0.0008,0.0107789
5,0.001,0.0134492
