,Current,Voltage
0,0.0,0.000169277
1,0.0002,0.00202179
2,0.0004,0.00379086
3,0.0006,0.00562191
4,0.0008,0.00739574
5,0.001,0.00919342
