,Current,Voltage
0,0.0,0.000391006
1,0.0002,0.0135064
2,0.0004,0.0267005
3,0.0006,0.0398088
4,0.0008,0.0529885
5,0.001,0.0660968
