,Current,Voltage
0,0.0,0.000128746
1,0.0002,0.00153542
2,0.0004,0.00288486
3,0.0006,0.00418663
4,0.0008,0.00553131
5,0.001,0.00687122
