,Current,Voltage
0,0.0,0.00015974
1,0.0002,0.0026226
2,0.0004,0.00505209
3,0.0006,0.00752449
4,0.0008,0.00993252
5,0.001,0.012393
