,Current,Voltage
0,0.0,0.00014782
1,0.0002,0.00298977
2,0.0004,0.00577211
3,0.0006,0.00850201
4,0.0008,0.0112796
5,0.001,0.0140214
