,Current,Voltage
0,0.0,0.000154972
1,0.0002,0.00233412
2,0.0004,0.00448465
3,0.0006,0.00660419
4,0.0008,0.00870705
5,0.001,0.0108147
