,Current,Voltage
0,0.0,0.000183582
1,0.0002,0.00119686
2,0.0004,0.00220776
3,0.0006,0.00317574
4,0.0008,0.00418901
5,0.001,0.0051856
