,Current,Voltage
0,0.0,0.000138283
1,0.0002,0.0012064
2,0.0004,0.0022459
3,0.0006,0.0033021
4,0.0008,0.00431776
5,0.001,0.00538826
