,Current,Voltage
0,0.0,0.00013113
1,0.0002,0.00124454
2,0.0004,0.00224829
3,0.0006,0.00326872
4,0.0008,0.00431061
5,0.001,0.00537157
