,Current,Voltage
0,0.0,0.00851488
1,8e-10,0.0183923
2,1.6e-09,0.0282388
3,2.4e-09,0.0381188
4,3.2e-09,0.0479901
5,4e-09,0.0578578
