,Current,Voltage
0,0.0,0.00876045
1,8e-10,0.0317667
2,1.6e-09,0.0548
3,2.4e-09,0.0778022
4,3.2e-09,0.100783
5,4e-09,0.123826
