,Current,Voltage
0,0.0,0.0120499
1,8e-10,0.0324819
2,1.6e-09,0.05285
3,2.4e-09,0.0731502
4,3.2e-09,0.0935218
5,4e-09,0.113841
