,Current,Voltage
0,0.0,-1.76848
1,0.0002,-1.53921
2,0.0004,-1.32511
3,0.0006,-1.11397
4,0.0008,-0.902886
5,0.001,-0.694678
