,Current,Voltage
0,0.0,0.000181198
1,0.0002,0.00400543
2,0.0004,0.00776529
3,0.0006,0.0115275
4,0.0008,0.0153017
5,0.001,0.0190401
