,Current,Voltage
0,0.0,0.00036478
1,0.0002,0.0116539
2,0.0004,0.0229263
3,0.0006,0.0340867
4,0.0008,0.0453734
5,0.001,0.0565553
