,Current,Voltage
0,0.0,0.000290871
1,0.0002,0.00747442
2,0.0004,0.0146341
3,0.0006,0.0217438
4,0.0008,0.0289369
5,0.001,0.0360513
