,Current,Voltage
0,0.0,0.000171661
1,0.0002,0.00276804
2,0.0004,0.00533104
3,0.0006,0.00790119
4,0.0008,0.0104499
5,0.001,0.0129867
