,Current,Voltage
0,0.0,-0.65485
1,0.0002,-0.504069
2,0.0004,-0.352948
3,0.0006,-0.20421
4,0.0008,-0.0561333
5,0.001,0.0897932
