,Current,Voltage
0,0.0,0.000202656
1,0.0002,0.0047946
2,0.0004,0.00936508
3,0.0006,0.013876
4,0.0008,0.0184703
5,0.001,0.0229406
