,Current,Voltage
0,0.0,0.000178814
1,0.0002,0.00283003
2,0.0004,0.00543833
3,0.0006,0.0080061
4,0.0008,0.0106168
5,0.001,0.0131941
