,Current,Voltage
0,0.0,0.000302792
1,0.0002,0.00839233
2,0.0004,0.016427
3,0.0006,0.0244236
4,0.0008,0.0324821
5,0.001,0.0404668
