,Current,Voltage
0,0.0,9.77516e-05
1,0.0002,0.000128746
2,0.0004,5.24521e-05
3,0.0006,-1.43051e-05
4,0.0008,-5.48363e-05
5,0.001,-0.000164509
