,Current,Voltage
0,0.0,0.0227141
1,0.0002,0.23752
2,0.0004,0.433462
3,0.0006,0.610363
4,0.0008,0.775523
5,0.001,0.92701
