,Current,Voltage
0,0.0,-7.62939e-05
1,0.0002,-4.76837e-06
2,0.0004,5.72205e-05
3,0.0006,0.000107288
4,0.0008,0.000123978
5,0.001,0.000154972
