,Current,Voltage
0,0.0,0.00224829
1,0.0002,0.0914741
2,0.0004,0.181377
3,0.0006,0.270627
4,0.0008,0.360596
5,0.001,0.449855
