,Current,Voltage
0,0.0,0.00297546
1,0.0002,0.113838
2,0.0004,0.225713
3,0.0006,0.336826
4,0.0008,0.449185
5,0.001,0.560811
