,Current,Voltage
0,0.0,0.000216961
1,0.0002,0.00654221
2,0.0004,0.0128627
3,0.0006,0.0191355
4,0.0008,0.025444
5,0.001,0.0317001
