,Current,Voltage
0,0.0,-1.33862
1,0.0002,-1.09171
2,0.0004,-0.93899
3,0.0006,-0.805643
4,0.0008,-0.686293
5,0.001,-0.578761
