,Current,Voltage
0,0.0,0.000183582
1,0.0002,0.00305176
2,0.0004,0.00591278
3,0.0006,0.00873566
4,0.0008,0.0115871
5,0.001,0.0143838
