,Current,Voltage
0,0.0,0.000219345
1,0.0002,0.00485659
2,0.0004,0.0094986
3,0.0006,0.0140572
4,0.0008,0.0186849
5,0.001,0.0232768
