,Current,Voltage
0,0.0,0.000166893
1,0.0002,0.00251055
2,0.0004,0.00484467
3,0.0006,0.00720501
4,0.0008,0.00948906
5,0.001,0.0117922
