,Current,Voltage
0,0.0,0.000178814
1,0.0002,0.00310421
2,0.0004,0.00597715
3,0.0006,0.00884771
4,0.0008,0.0117207
5,0.001,0.0145626
