,Current,Voltage
0,0.0,0.00015974
1,0.0002,0.00241041
2,0.0004,0.00462294
3,0.0006,0.006814
4,0.0008,0.0090456
5,0.001,0.0112319
