,Current,Voltage
0,0.0,0.000236034
1,0.0002,0.00621796
2,0.0004,0.012207
3,0.0006,0.0181007
4,0.0008,0.024116
5,0.001,0.0300479
