,Current,Voltage
0,0.0,0.000135899
1,0.0002,0.00116825
2,0.0004,0.00222445
3,0.0006,0.00320673
4,0.0008,0.00423908
5,0.001,0.00526667
