,Current,Voltage
0,0.0,0.000231266
1,0.0002,0.00499249
2,0.0004,0.00972033
3,0.0006,0.0143981
4,0.0008,0.0191092
5,0.001,0.0238538
