,Current,Voltage
0,0.0,0.000152588
1,0.0002,0.00188589
2,0.0004,0.00360727
3,0.0006,0.00530243
4,0.0008,0.00694275
5,0.001,0.00864744
