,Current,Voltage
0,0.0,0.000240803
1,0.0002,0.00518799
2,0.0004,0.0101471
3,0.0006,0.464466
4,0.0008,9.88853
5,0.001,10.0019
