,Current,Voltage
0,0.0,0.00017643
1,0.0002,0.00151873
2,0.0004,0.00283003
3,0.0006,0.00419617
4,0.0008,0.00547647
5,0.001,0.00677109
