,Current,Voltage
0,0.0,0.000288486
1,0.0002,0.00571489
2,0.0004,0.0111699
3,0.0006,0.0165963
4,0.0008,0.021987
5,0.001,0.0274086
