,Current,Voltage
0,0.0,0.000169277
1,0.0002,0.00149727
2,0.0004,0.00284433
3,0.0006,0.00411987
4,0.0008,0.00550508
5,0.001,0.00680447
