,Current,Voltage
0,0.0,9.77516e-05
1,0.0002,0.0012064
2,0.0004,0.00223875
3,0.0006,0.00327587
4,0.0008,0.00431299
5,0.001,0.00533104
