,Current,Voltage
0,0.0,0.000116825
1,0.0002,0.00119686
2,0.0004,0.00217676
3,0.0006,0.0031209
4,0.0008,0.00413895
5,0.001,0.00511408
