,Current,Voltage
0,0.0,0.000143051
1,0.0002,0.00103712
2,0.0004,0.00185013
3,0.0006,0.00267982
4,0.0008,0.00354052
5,0.001,0.00432968
