,Current,Voltage
0,0.0,0.000140667
1,0.0002,0.00166178
2,0.0004,0.00311613
3,0.0006,0.00449896
4,0.0008,0.00597954
5,0.001,0.00739336
