,Current,Voltage
0,0.0,0.000166893
1,0.0002,0.00120878
2,0.0004,0.00223875
3,0.0006,0.00327349
4,0.0008,0.004282
5,0.001,0.00530958
