,Current,Voltage
0,0.0,0.000171661
1,0.0002,0.00311136
2,0.0004,0.00599623
3,0.0006,0.00881433
4,0.0008,0.0116706
5,0.001,0.0144887
