,Current,Voltage
0,0.0,0.00017643
1,0.0002,0.00230074
2,0.0004,0.00444889
3,0.0006,0.00649452
4,0.0008,0.0086236
5,0.001,0.0107098
