,Current,Voltage
0,0.0,0.000152588
1,0.0002,0.00112295
2,0.0004,0.00208855
3,0.0006,0.00299454
4,0.0008,0.00391483
5,0.001,0.00483751
