,Current,Voltage
0,0.0,0.000140667
1,0.0002,0.00121117
2,0.0004,0.00227213
3,0.0006,0.00333548
4,0.0008,0.0043726
5,0.001,0.00535488
