,Current,Voltage
0,0.0,0.00010252
1,0.0002,0.0011754
2,0.0004,0.00219584
3,0.0006,0.0032115
4,0.0008,0.00421047
5,0.001,0.00515223
