,Current,Voltage
0,0.0,0.000138283
1,0.0002,0.00113249
2,0.0004,0.00212193
3,0.0006,0.00311136
4,0.0008,0.00406742
5,0.001,0.00506639
