,Current,Voltage
0,0.0,0.00020504
1,0.0002,0.00158787
2,0.0004,0.00294924
3,0.0006,0.00423193
4,0.0008,0.0056076
5,0.001,0.00694513
