,Current,Voltage
0,0.0,0.000114441
1,0.0002,0.00116587
2,0.0004,0.00216246
3,0.0006,0.00314713
4,0.0008,0.0041604
5,0.001,0.0051856
