,Current,Voltage
0,0.0,0.000171661
1,0.0002,0.00170231
2,0.0004,0.00320673
3,0.0006,0.00468254
4,0.0008,0.00614405
5,0.001,0.00763178
