,Current,Voltage
0,0.0,0.00014782
1,0.0002,0.00180244
2,0.0004,0.00338554
3,0.0006,0.00497341
4,0.0008,0.00653267
5,0.001,0.00808477
