,Current,Voltage
0,0.0,0.000183582
1,0.0002,0.00280857
2,0.0004,0.00531435
3,0.0006,0.00786543
4,0.0008,0.0103927
5,0.001,0.0129724
