,Current,Voltage
0,0.0,0.000128746
1,0.0002,0.00236988
2,0.0004,0.00455379
3,0.0006,0.0067234
4,0.0008,0.00889778
5,0.001,0.0110841
