,Current,Voltage
0,0.0,0.000181198
1,0.0002,0.00319242
2,0.0004,0.00620365
3,0.0006,0.00912428
4,0.0008,0.0121188
5,0.001,0.01508
