,Current,Voltage
0,0.0,0.000293255
1,0.0002,0.00622511
2,0.0004,0.0117588
3,0.0006,1.30188
4,0.0008,2.58908
5,0.001,1.00031
