,Current,Voltage
0,0.0,0.00125289
1,8e-10,0.380234
2,1.6e-09,0.611191
3,2.4e-09,0.815052
4,3.2e-09,0.996732
5,4e-09,1.20448
