{
  "mapping_offsets": [
    0.0,
    1.0,
    2.0,
    3.0,
    4.0,
    5.0,
    6.0
  ],
  "flir_offsets": [
    0,
    15,
    30
  ],
  "spin_speed": {
    "min": 100.0,
    "max": 3800.0,
    "value": {
      "0": 1000,
      "1": 1000,
      "2": 1000,
      "3": 1000,
      "4": 1000,
      "5": 1000,
      "6": 1000,
      "7": 1000,
      "8": 1000,
      "9": 1000,
      "10": 1000,
      "11": 1000,
      "12": 1000,
      "13": 1000
    },
    "units": "RPM",
    "optimize_with_chem_os": false
  },
  "spin_time": {
    "min": 10.0,
    "max": 120.0,
    "value": {
      "0": 60,
      "1": 60,
      "2": 60,
      "3": 60,
      "4": 60,
      "5": 60,
      "6": 60,
      "7": 60,
      "8": 60,
      "9": 60,
      "10": 60,
      "11": 60,
      "12": 60,
      "13": 60
    },
    "units": "s",
    "optimize_with_chem_os": false
  },
  "dispense_volume": {
    "min": 0.001,
    "max": 1.0,
    "value": 0.1,
    "units": "mL",
    "optimize_with_chem_os": false
  },
  "campaign_dispensed_amounts": {
    "spiro": {
      "chemical_name": "Spiro",
      "varied": false,
      "value": 0.1051000000000002,
      "units": "mg",
      "metadata": {
        "molar_weight_ mg": 1225.43,
        "concentration_mg_ml": 50,
        "requested_param": null,
        "requested_vol": 0.1320030365426496
      }
    },
    "cobalt": {
      "chemical_name": "FK102",
      "varied": true,
      "value": 0.05909999999999993,
      "units": "mg",
      "metadata": {
        "molar_weight_ mg": 1334.86,
        "concentration_mg_ml": 50,
        "requested_param": null,
        "requested_vol": 0.07633029679068373
      }
    },
    "tbp": {
      "chemical_name": "tBP",
      "varied": false,
      "value": 0.029199999999999893,
      "units": "mg",
      "metadata": {
        "molar_weight_ mg": 135.21,
        "concentration_mg_ml": 50,
        "requested_param": null,
        "requested_vol": 0.04166666666666666
      }
    },
    "annealing": {
      "varied": true,
      "value": 1.8988969177007675,
      "units": "s",
      "metadata": {}
    }
  },
  "properties": {
    "measurement_0": 4.043380059859388e-08,
    "measurement_1": 2.0881879689135706e-07,
    "measurement_2": 1.8442740566061976e-07,
    "measurement_3": 1.7121255904873806e-07,
    "measurement_4": 1.641307557792432e-07,
    "measurement_5": 1.5519603466110575e-07,
    "measurement_6": 1.602977291556911e-07,
    "measurement_mean": 1.5493101168504985e-07
  },
  "active_parameters_pickle_file": {
    "filename": "not yet defined"
  },
  "processes": {
    "x0": 1.0258828836804248,
    "x1": 0.6637064814567566
  },
  "chemOS": {
    "requested_params": {
      "x0": 0.530842661857605,
      "x1": 0.007912070490419865
    },
    "output_for_previous": {
      "campaign_name": "pseudomobility",
      "session_id": "dbad41d5-017b-4f35-b430-6be3f655fdb0",
      "experiment_id": "a420cc5e-fe22-4566-a63b-f49204457a2a",
      "execution_id": "0663e7db",
      "robot_id": "e0c4ac82",
      "processes": {
        "x0": 1.0258828836804248,
        "x1": 0.6637064814567566
      },
      "properties": {
        "measurement_0": 4.043380059859388e-08,
        "measurement_1": 2.0881879689135706e-07,
        "measurement_2": 1.8442740566061976e-07,
        "measurement_3": 1.7121255904873806e-07,
        "measurement_4": 1.641307557792432e-07,
        "measurement_5": 1.5519603466110575e-07,
        "measurement_6": 1.602977291556911e-07,
        "measurement_mean": 1.5493101168504985e-07
      }
    }
  },
  "operator_name": "Thomas",
  "operator_comment": "chemOS optimization of pseudomobility over cobalt annealing space"
}