,Current,Voltage
0,0.0,0.00402665
1,8e-10,0.0112827
2,1.6e-09,0.0185421
3,2.4e-09,0.0258052
4,3.2e-09,0.0330694
5,4e-09,0.0403101
