,Current,Voltage
0,0.0,0.0153742
1,8e-10,0.0532815
2,1.6e-09,0.0911841
3,2.4e-09,0.129089
4,3.2e-09,0.166883
5,4e-09,0.204701
