{
  "mapping_offsets": [
    0.0,
    1.0,
    2.0,
    3.0,
    4.0,
    5.0,
    6.0
  ],
  "flir_offsets": [
    0,
    15,
    30
  ],
  "spin_speed": {
    "min": 100.0,
    "max": 3800.0,
    "value": {
      "0": 1000,
      "1": 1000,
      "2": 1000,
      "3": 1000,
      "4": 1000,
      "5": 1000,
      "6": 1000,
      "7": 1000
    },
    "units": "RPM",
    "optimize_with_chem_os": false
  },
  "spin_time": {
    "min": 10.0,
    "max": 120.0,
    "value": {
      "0": 60,
      "1": 60,
      "2": 60,
      "3": 60,
      "4": 60,
      "5": 60,
      "6": 60,
      "7": 60
    },
    "units": "s",
    "optimize_with_chem_os": false
  },
  "dispense_volume": {
    "min": 0.001,
    "max": 1.0,
    "value": 0.1,
    "units": "mL",
    "optimize_with_chem_os": false
  },
  "campaign_dispensed_amounts": {
    "spiro": {
      "chemical_name": "Spiro",
      "varied": false,
      "value": 0.07459999999999978,
      "units": "mg",
      "metadata": {
        "molar_weight_ mg": 1225.43,
        "concentration_mg_ml": 50,
        "requested_param": null,
        "requested_vol": 0.09982314172429717
      }
    },
    "cobalt": {
      "chemical_name": "FK102",
      "varied": true,
      "value": 0.08080000000000043,
      "units": "mg",
      "metadata": {
        "molar_weight_ mg": 1334.86,
        "concentration_mg_ml": 50,
        "requested_param": null,
        "requested_vol": 0.10851019160903613
      }
    },
    "tbp": {
      "chemical_name": "tBP",
      "varied": false,
      "value": 0.029900000000000038,
      "units": "mg",
      "metadata": {
        "molar_weight_ mg": 135.21,
        "concentration_mg_ml": 50,
        "requested_param": null,
        "requested_vol": 0.04166666666666666
      }
    },
    "annealing": {
      "varied": true,
      "value": 216.54059886932373,
      "units": "s",
      "metadata": {}
    }
  },
  "properties": {
    "measurement_0": 1.688993732130444e-07,
    "measurement_1": 1.6188013352834897e-07,
    "measurement_2": 1.6184093233921e-07,
    "measurement_3": 1.6226460793536653e-07,
    "measurement_4": 1.599917199190067e-07,
    "measurement_5": 1.547601735226941e-07,
    "measurement_6": 1.6070945414035761e-07,
    "measurement_mean": 1.614780563711469e-07
  },
  "active_parameters_pickle_file": {
    "filename": "not yet defined"
  },
  "processes": {
    "x0": 0.04587239802805558,
    "x1": 0.008765880949795246
  },
  "chemOS": {
    "requested_params": {
      "x0": 0.9979116320610046,
      "x1": 0.9022524952888489
    },
    "output_for_previous": {
      "campaign_name": "pseudomobility",
      "session_id": "9d97a479-d129-410e-a3ee-9c638411253c",
      "experiment_id": "d9f84128-6fe8-4a26-938e-2903089cf9ca",
      "execution_id": "fd7dfd79",
      "robot_id": "7fed69c8",
      "processes": {
        "x0": 0.04587239802805558,
        "x1": 0.008765880949795246
      },
      "properties": {
        "measurement_0": 1.688993732130444e-07,
        "measurement_1": 1.6188013352834897e-07,
        "measurement_2": 1.6184093233921e-07,
        "measurement_3": 1.6226460793536653e-07,
        "measurement_4": 1.599917199190067e-07,
        "measurement_5": 1.547601735226941e-07,
        "measurement_6": 1.6070945414035761e-07,
        "measurement_mean": 1.614780563711469e-07
      }
    }
  },
  "operator_name": "Ray",
  "operator_comment": "chemos optimization Co anneal mean Ps"
}