,Current,Voltage
0,0.0,0.00716305
1,8e-10,0.0144503
2,1.6e-09,0.0217083
3,2.4e-09,0.0289617
4,3.2e-09,0.0361652
5,4e-09,0.0433948
