,Current,Voltage
0,0.0,0.000171661
1,0.0002,0.00403643
2,0.0004,0.00786304
3,0.0006,0.0116134
4,0.0008,0.0154877
5,0.001,0.0192571
