,Current,Voltage
0,0.0,0.000371933
1,0.0002,0.011878
2,0.0004,0.0233531
3,0.0006,0.0347638
4,0.0008,0.0462747
5,0.001,0.0576687
