,Current,Voltage
0,0.0,0.000171661
1,0.0002,0.00241995
2,0.0004,0.00466824
3,0.0006,0.00687361
4,0.0008,0.00910044
5,0.001,0.0113106
