,Current,Voltage
0,0.0,0.000119209
1,0.0002,0.00191927
2,0.0004,0.00356436
3,0.0006,0.00531912
4,0.0008,0.00703096
5,0.001,0.00874758
