,Current,Voltage
0,0.0,0.000121593
1,0.0002,0.000879765
2,0.0004,0.00160217
3,0.0006,0.00234127
4,0.0008,0.00303745
5,0.001,0.00374317
