,Current,Voltage
0,0.0,0.000114441
1,0.0002,0.0022459
2,0.0004,0.00438452
3,0.0006,0.00644684
4,0.0008,0.00857115
5,0.001,0.0106764
