,Current,Voltage
0,0.0,9.77516e-05
1,0.0002,0.000944138
2,0.0004,0.001688
3,0.0006,0.0024271
4,0.0008,0.00318766
5,0.001,0.00397205
