,Current,Voltage
0,0.0,0.000150204
1,0.0002,0.00217915
2,0.0004,0.00418425
3,0.0006,0.00612974
4,0.0008,0.00813246
5,0.001,0.0101304
