,Current,Voltage
0,0.0,7.39098e-05
1,0.0002,0.00128746
2,0.0004,0.0024271
3,0.0006,0.00356197
4,0.0008,0.00468969
5,0.001,0.00583887
