,Current,Voltage
0,0.0,0.000138283
1,0.0002,0.00179052
2,0.0004,0.00336647
3,0.0006,0.00491381
4,0.0008,0.00647545
5,0.001,0.00808716
