,Current,Voltage
0,0.0,0.000286102
1,0.0002,0.00809431
2,0.0004,0.0158477
3,0.0006,0.0236154
4,0.0008,0.0313687
5,0.001,0.0391316
