,Current,Voltage
0,0.0,0.00017643
1,0.0002,0.00195742
2,0.0004,0.00370741
3,0.0006,0.00546694
4,0.0008,0.00724316
5,0.001,0.00902414
