,Current,Voltage
0,0.0,0.000154972
1,0.0002,0.00204802
2,0.0004,0.00389099
3,0.0006,0.00572681
4,0.0008,0.0075388
5,0.001,0.00938416
