,Current,Voltage
0,0.0,0.000298023
1,0.0002,0.00941277
2,0.0004,0.0185513
3,0.0006,0.0276184
4,0.0008,0.0367212
5,0.001,0.045805
