,Current,Voltage
0,0.0,9.53674e-05
1,0.0002,0.00174999
2,0.0004,0.00334501
3,0.0006,0.00495911
4,0.0008,0.00653028
5,0.001,0.00810862
