,Current,Voltage
0,0.0,0.000116825
1,0.0002,0.00220776
2,0.0004,0.00417948
3,0.0006,0.00619173
4,0.0008,0.00818968
5,0.001,0.0101757
