,Current,Voltage
0,0.0,0.000119209
1,0.0002,0.00248194
2,0.0004,0.00480413
3,0.0006,0.00709772
4,0.0008,0.00946045
5,0.001,0.0117326
