,Current,Voltage
0,0.0,0.000181198
1,0.0002,0.00216722
2,0.0004,0.00409126
3,0.0006,0.00600338
4,0.0008,0.0079155
5,0.001,0.00986338
