,Current,Voltage
0,0.0,0.000109673
1,0.0002,0.00168562
2,0.0004,0.00318527
3,0.0006,0.00473022
4,0.0008,0.00620127
5,0.001,0.00772715
