,Current,Voltage
0,0.0,0.000221729
1,0.0002,0.00477314
2,0.0004,0.00930309
3,0.0006,0.0138092
4,0.0008,0.0183773
5,0.001,0.0228548
