,Current,Voltage
0,0.0,0.000145435
1,0.0002,0.00191689
2,0.0004,0.00365257
3,0.0006,0.00537634
4,0.0008,0.00711441
5,0.001,0.00884056
