,Current,Voltage
0,0.0,-1.3684
1,0.0002,-1.27268
2,0.0004,-1.18679
3,0.0006,-1.10162
4,0.0008,-1.01688
5,0.001,-0.933166
