,Current,Voltage
0,0.0,0.000193119
1,0.0002,0.00458479
2,0.0004,0.00894308
3,0.0006,0.0132728
4,0.0008,0.0176668
5,0.001,0.021944
