,Current,Voltage
0,0.0,0.000214577
1,0.0002,0.00498056
2,0.0004,0.00982523
3,0.0006,0.0145316
4,0.0008,0.0192642
5,0.001,0.0239515
