,Current,Voltage
0,0.0,0.000259876
1,0.0002,0.00671387
2,0.0004,0.0131702
3,0.0006,0.0195456
4,0.0008,0.0259876
5,0.001,0.0323653
