,Current,Voltage
0,0.0,0.000116825
1,0.0002,0.00205755
2,0.0004,0.00396013
3,0.0006,0.00581503
4,0.0008,0.00769138
5,0.001,0.00962019
