,Current,Voltage
0,0.0,0.00014782
1,0.0002,0.00209093
2,0.0004,0.00400782
3,0.0006,0.00591755
4,0.0008,0.00781536
5,0.001,0.00968695
