,Current,Voltage
0,0.0,0.00017643
1,0.0002,0.0027132
2,0.0004,0.00524282
3,0.0006,0.00773668
4,0.0008,0.010252
5,0.001,0.0127363
