,Current,Voltage
0,0.0,0.000100136
1,0.0002,0.00197887
2,0.0004,0.00380516
3,0.0006,0.00561714
4,0.0008,0.00749111
5,0.001,0.00928402
