,Current,Voltage
0,0.0,0.000114441
1,0.0002,0.00149965
2,0.0004,0.00284433
3,0.0006,0.00413656
4,0.0008,0.00544786
5,0.001,0.00674486
