,Current,Voltage
0,0.0,0.000171661
1,0.0002,0.00349283
2,0.0004,0.00672817
3,0.0006,0.0100064
4,0.0008,0.0132394
5,0.001,0.0165129
