,Current,Voltage
0,0.0,0.000185966
1,0.0002,0.00503063
2,0.0004,0.00981331
3,0.0006,0.0145292
4,0.0008,0.0193405
5,0.001,0.0241947
