,Current,Voltage
0,0.0,-0.0474072
1,0.0002,-0.0222111
2,0.0004,0.00273943
3,0.0006,0.027194
4,0.0008,0.0515318
5,0.001,0.0754523
