,Current,Voltage
0,0.0,0.000100136
1,0.0002,0.000638962
2,0.0004,0.00108957
3,0.0006,0.00154018
4,0.0008,0.00197172
5,0.001,0.00243902
