,Current,Voltage
0,0.0,0.000221729
1,0.0002,0.00617743
2,0.0004,0.0121117
3,0.0006,0.0179887
4,0.0008,0.0239301
5,0.001,0.0298214
