,Current,Voltage
0,0.0,0.000107288
1,0.0002,0.000832081
2,0.0004,0.00151873
3,0.0006,0.00223637
4,0.0008,0.00288486
5,0.001,0.0035882
