,Current,Voltage
0,0.0,0.000185966
1,0.0002,0.00359774
2,0.0004,0.00691414
3,0.0006,0.0102472
4,0.0008,0.0136399
5,0.001,0.0169897
