,Current,Voltage
0,0.0,0.000133514
1,0.0002,0.00188828
2,0.0004,2.42206
3,0.0006,4.69633
4,0.0008,7.31971
5,0.001,9.95001
