,Current,Voltage
0,0.0,0.000157356
1,0.0002,0.00242949
2,0.0004,0.00466824
3,0.0006,0.00687122
4,0.0008,0.00911236
5,0.001,0.0113177
