,Current,Voltage
0,0.0,0.190697
1,0.0002,0.00149965
2,0.0004,0.00282049
3,0.0006,0.00413418
4,0.0008,0.00547886
5,0.001,0.00677586
