,Current,Voltage
0,0.0,0.000107288
1,0.0002,0.00106096
2,0.0004,0.00195503
3,0.0006,0.00285864
4,0.0008,0.00372887
5,0.001,0.00458241
