,Current,Voltage
0,0.0,0.000138283
1,0.0002,0.00244379
2,0.0004,0.00464916
3,0.0006,0.00682831
4,0.0008,0.0090766
5,0.001,0.0112486
