,Current,Voltage
0,0.0,0.00013113
1,0.0002,0.00249624
2,0.0004,0.0047946
3,0.0006,0.0070858
4,0.0008,0.00941753
5,0.001,0.514238
