,Current,Voltage
0,0.0,0.000119209
1,0.0002,0.00122547
2,0.0004,0.00226498
3,0.0006,0.00332117
4,0.0008,0.0255466
5,0.001,0.726669
