,Current,Voltage
0,0.0,0.000324249
1,0.0002,0.00974417
2,0.0004,0.0191808
3,0.0006,0.0285649
4,0.0008,0.0380421
5,0.001,0.0474334
