,Current,Voltage
0,0.0,0.000247955
1,0.0002,0.00625372
2,0.0004,0.0122261
3,0.0006,0.018208
4,0.0008,0.0241876
5,0.001,0.0301147
