,Current,Voltage
0,0.0,0.000121593
1,0.0002,0.00279665
2,0.0004,0.0053668
3,0.0006,0.00793457
4,0.0008,0.0105166
5,0.001,0.0131011
