,Current,Voltage
0,0.0,0.000138283
1,0.0002,0.00173807
2,0.0004,0.00328541
3,0.0006,0.00486374
4,0.0008,0.00641584
5,0.001,0.00798464
