,Current,Voltage
0,0.0,0.000181198
1,0.0002,0.00494719
2,0.0004,0.0097394
3,0.0006,0.0144577
4,0.0008,0.0192642
5,0.001,0.0240946
