,Current,Voltage
0,0.0,0.000128746
1,0.0002,0.00204086
2,0.0004,0.00393391
3,0.0006,0.00583172
4,0.0008,0.00770569
5,0.001,0.00957489
