,Current,Voltage
0,0.0,0.000121593
1,0.0002,0.00178337
2,0.0004,0.00339508
3,0.0006,0.00499725
4,0.0008,0.00658751
5,0.001,0.00820637
