{
  "mapping_offsets": [
    0.0,
    1.0,
    2.0,
    3.0,
    4.0,
    5.0,
    6.0
  ],
  "flir_offsets": [
    0,
    15,
    30
  ],
  "spin_speed": {
    "min": 100.0,
    "max": 3800.0,
    "value": {
      "0": 1000,
      "1": 1000,
      "2": 1000,
      "3": 1000,
      "4": 1000,
      "5": 1000,
      "6": 1000,
      "7": 1000,
      "8": 1000,
      "9": 1000,
      "10": 1000,
      "11": 1000,
      "12": 1000,
      "13": 1000,
      "14": 1000,
      "15": 1000,
      "16": 1000,
      "17": 1000
    },
    "units": "RPM",
    "optimize_with_chem_os": false
  },
  "spin_time": {
    "min": 10.0,
    "max": 120.0,
    "value": {
      "0": 60,
      "1": 60,
      "2": 60,
      "3": 60,
      "4": 60,
      "5": 60,
      "6": 60,
      "7": 60,
      "8": 60,
      "9": 60,
      "10": 60,
      "11": 60,
      "12": 60,
      "13": 60,
      "14": 60,
      "15": 60,
      "16": 60,
      "17": 60
    },
    "units": "s",
    "optimize_with_chem_os": false
  },
  "dispense_volume": {
    "min": 0.001,
    "max": 1.0,
    "value": 0.1,
    "units": "mL",
    "optimize_with_chem_os": false
  },
  "campaign_dispensed_amounts": {
    "spiro": {
      "chemical_name": "Spiro",
      "varied": false,
      "value": 0.16369999999999996,
      "units": "mg",
      "metadata": {
        "molar_weight_ mg": 1225.43,
        "concentration_mg_ml": 50,
        "requested_param": null,
        "requested_vol": 0.19969366753424178
      }
    },
    "cobalt": {
      "chemical_name": "FK102",
      "varied": true,
      "value": 0.004100000000000215,
      "units": "mg",
      "metadata": {
        "molar_weight_ mg": 1334.86,
        "concentration_mg_ml": 50,
        "requested_param": null,
        "requested_vol": 0.00863966579909155
      }
    },
    "tbp": {
      "chemical_name": "tBP",
      "varied": false,
      "value": 0.02970000000000006,
      "units": "mg",
      "metadata": {
        "molar_weight_ mg": 135.21,
        "concentration_mg_ml": 50,
        "requested_param": null,
        "requested_vol": 0.04166666666666666
      }
    },
    "annealing": {
      "varied": true,
      "value": 127.7979326248169,
      "units": "s",
      "metadata": {}
    }
  },
  "properties": {
    "measurement_0": 6.521117609028964e-07,
    "measurement_1": 6.48100413655635e-07,
    "measurement_2": 6.272337162164361e-07,
    "measurement_3": 5.991258269739394e-07,
    "measurement_4": 5.412681164037573e-07,
    "measurement_5": 0.0,
    "measurement_6": 1.3218352160447947e-07,
    "measurement_mean": 4.5714619367959195e-07
  },
  "active_parameters_pickle_file": {
    "filename": "not yet defined"
  },
  "processes": {
    "x0": 0.5035706265242454,
    "x1": 0.24336257576942444
  },
  "chemOS": {
    "requested_params": {
      "x0": 0.03971782326698303,
      "x1": 0.5324913859367371
    },
    "output_for_previous": {
      "campaign_name": "pseudomobility",
      "session_id": "dbad41d5-017b-4f35-b430-6be3f655fdb0",
      "experiment_id": "5a4ad693-772c-4ba3-814c-db7913bba31d",
      "execution_id": "de88a703",
      "robot_id": "e0c4ac82",
      "processes": {
        "x0": 0.5035706265242454,
        "x1": 0.24336257576942444
      },
      "properties": {
        "measurement_0": 6.521117609028964e-07,
        "measurement_1": 6.48100413655635e-07,
        "measurement_2": 6.272337162164361e-07,
        "measurement_3": 5.991258269739394e-07,
        "measurement_4": 5.412681164037573e-07,
        "measurement_5": 0.0,
        "measurement_6": 1.3218352160447947e-07,
        "measurement_mean": 4.5714619367959195e-07
      }
    }
  },
  "operator_name": "Thomas",
  "operator_comment": "chemOS optimization of pseudomobility over cobalt annealing space"
}