,Current,Voltage
0,0.0,0.00464129
1,8e-10,0.0139899
2,1.6e-09,0.023324
3,2.4e-09,0.0326657
4,3.2e-09,0.0420206
5,4e-09,0.0513744
