,Current,Voltage
0,0.0,0.000143051
1,0.0002,0.00159502
2,0.0004,0.00304699
3,0.0006,0.00444651
4,0.0008,0.00588179
5,0.001,0.00726938
