,Current,Voltage
0,0.0,0.000169277
1,0.0002,0.00232697
2,0.0004,0.00450134
3,0.0006,0.00661612
4,0.0008,0.00876904
5,0.001,0.0109434
