,Current,Voltage
0,0.0,0.00010252
1,0.0002,0.00194788
2,0.0004,0.0037384
3,0.0006,0.0055337
4,0.0008,0.0073719
5,0.001,0.00916481
