,Current,Voltage
0,0.0,0.000193119
1,0.0002,0.00303984
2,0.0004,0.00583887
3,0.0006,0.00863791
4,0.0008,0.0114632
5,0.001,0.0142145
