,Current,Voltage
0,0.0,0.000128746
1,0.0002,0.0023222
2,0.0004,0.00441074
3,0.0006,0.00655174
4,0.0008,0.00865698
5,0.001,0.010767
