,Current,Voltage
0,0.0,0.000143051
1,0.0002,0.00273466
2,0.0004,0.00524998
3,0.0006,0.00779867
4,0.0008,0.0103354
5,0.001,0.012846
