,Current,Voltage
0,0.0,0.000166893
1,0.0002,0.00376463
2,0.0004,0.0073123
3,0.0006,0.0108743
4,0.0008,0.0144482
5,0.001,0.0179672
