,Current,Voltage
0,0.0,0.000157356
1,0.0002,0.00263929
2,0.0004,0.00500441
3,0.0006,0.00741243
4,0.0008,0.00979424
5,0.001,0.0122023
