,Current,Voltage
0,0.0,0.000116825
1,0.0002,0.00255346
2,0.0004,0.00498056
3,0.0006,0.00736713
4,0.0008,0.00976324
5,0.001,0.012157
