,Current,Voltage
0,0.0,0.000133514
1,0.0002,0.00223398
2,0.0004,0.00422716
3,0.0006,0.00624418
4,0.0008,0.00832081
5,0.001,0.0102758
