,Current,Voltage
0,0.0,0.000107288
1,0.0002,0.00190735
2,0.0004,0.00370026
3,0.0006,0.00546455
4,0.0008,0.00723839
5,0.001,0.00899792
