,Current,Voltage
0,0.0,0.000166893
1,0.0002,0.00218391
2,0.0004,0.00415087
3,0.0006,0.00614166
4,0.0008,0.00811815
5,0.001,0.0100803
