,Current,Voltage
0,0.0,-0.0155234
1,0.0002,-0.0031662
2,0.0004,0.00893593
3,0.0006,0.0207567
4,0.0008,0.0324965
5,0.001,0.0439692
