,Current,Voltage
0,0.0,8.82149e-05
1,0.0002,0.00202179
2,0.0004,0.00391245
3,0.0006,0.00570059
4,0.0008,0.00756741
5,0.001,0.00941515
