,Current,Voltage
0,0.0,0.000138283
1,0.0002,0.00186205
2,0.0004,0.0035882
3,0.0006,0.00523806
4,0.0008,0.00694752
5,0.001,0.00859976
