,Current,Voltage
0,0.0,0.000133514
1,0.0002,0.00207424
2,0.0004,0.00403166
3,0.0006,0.00597
4,0.0008,0.00789404
5,0.001,0.00978708
