,Current,Voltage
0,0.0,0.000119209
1,0.0002,0.00177145
2,0.0004,0.00340223
3,0.0006,0.00498056
4,0.0008,0.00657797
5,0.001,0.00817299
