,Current,Voltage
0,0.0,0.000143051
1,0.0002,0.00170469
2,0.0004,0.00324488
3,0.0006,0.00481129
4,0.0008,0.00635624
5,0.001,0.00786304
