,Current,Voltage
0,0.0,0.000140667
1,0.0002,0.00262976
2,0.0004,0.00510931
3,0.0006,0.0074935
4,0.0008,0.00994682
5,0.001,0.0123405
