,Current,Voltage
0,0.0,0.000116825
1,0.0002,0.00205517
2,0.0004,0.00397444
3,0.0006,0.00583649
4,0.0008,0.00773668
5,0.001,0.00958681
