,Current,Voltage
0,0.0,0.000729561
1,0.0002,0.0276351
2,0.0004,0.0547028
3,0.0006,0.0815034
4,0.0008,0.108564
5,0.001,0.135367
