,Current,Voltage
0,0.0,0.000135899
1,0.0002,0.00238419
2,0.0004,0.00459671
3,0.0006,0.0067687
4,0.0008,0.0090003
5,0.001,0.0111437
