,Current,Voltage
0,0.0,0.000112057
1,0.0002,0.00207186
2,0.0004,0.00401497
3,0.0006,0.00591993
4,0.0008,0.00781298
5,0.001,0.00971079
