,Current,Voltage
0,0.0,9.53674e-05
1,0.0002,0.00204802
2,0.0004,0.00391245
3,0.0006,0.00576019
4,0.0008,0.00764608
5,0.001,0.00950098
