,Current,Voltage
0,0.0,0.000140667
1,0.0002,0.00223875
2,0.0004,0.00433207
3,0.0006,0.00635386
4,0.0008,0.0083828
5,0.001,0.0104809
