,Current,Voltage
0,0.0,0.000243187
1,0.0002,0.00684023
2,0.0004,0.0134706
3,0.0006,1.28036
4,0.0008,2.79507
5,0.001,4.42997
