,Current,Voltage
0,0.0,0.00013113
1,0.0002,0.0024128
2,0.0004,0.00466824
3,0.0006,0.00689983
4,0.0008,0.00916004
5,0.001,0.0114012
