,Current,Voltage
0,0.0,0.000133514
1,0.0002,0.00231504
2,0.0004,0.00444412
3,0.0006,0.00652075
4,0.0008,0.00862837
5,0.001,0.0107241
