,Current,Voltage
0,0.0,0.000193119
1,0.0002,0.00282764
2,0.0004,0.00541449
3,0.0006,0.00796795
4,0.0008,0.0105214
5,0.001,0.0130939
