,Current,Voltage
0,0.0,0.000128746
1,0.0002,0.00246763
2,0.0004,0.00481367
3,0.0006,0.00712395
4,0.0008,0.00945091
5,0.001,0.0117278
