,Current,Voltage
0,0.0,0.00015974
1,0.0002,0.00234604
2,0.0004,0.00451803
3,0.0006,0.00660658
4,0.0008,0.00877619
5,0.001,0.0108647
