,Current,Voltage
0,0.0,0.000133514
1,0.0002,0.00228882
2,0.0004,0.0043869
3,0.0006,0.00650883
4,0.0008,0.00864029
5,0.001,0.0107288
