,Current,Voltage
0,0.0,0.000100136
1,0.0002,0.0017643
2,0.0004,0.00338078
3,0.0006,0.00499725
4,0.0008,0.00661612
5,0.001,0.00819206
