,Current,Voltage
0,0.0,0.000169277
1,0.0002,0.00303268
2,0.0004,0.0058651
3,0.0006,0.00867367
4,0.0008,0.0115347
5,0.001,0.0143147
