,Current,Voltage
0,0.0,0.000121593
1,0.0002,0.0024128
2,0.0004,0.00464439
3,0.0006,0.00683546
4,0.0008,0.00909567
5,0.001,0.0112891
