,Current,Voltage
0,0.0,0.000152588
1,0.0002,0.00226021
2,0.0004,0.00430107
3,0.0006,0.00629663
4,0.0008,0.00834942
5,0.001,0.0103712
