,Current,Voltage
0,0.0,0.00013113
1,0.0002,0.00240803
2,0.0004,0.00465155
3,0.0006,0.00680208
4,0.0008,0.00902653
5,0.001,0.0112057
