,Current,Voltage
0,0.0,0.000150204
1,0.0002,0.00201464
2,0.0004,0.00388145
3,0.0006,0.00569105
4,0.0008,0.0075078
5,0.001,0.00933409
