,Current,Voltage
0,0.0,0.000135899
1,0.0002,0.00242472
2,0.0004,0.00470638
3,0.0006,0.00691652
4,0.0008,0.00914812
5,0.001,0.011363
