,Current,Voltage
0,0.0,0.00014782
1,0.0002,0.00257015
2,0.0004,0.0049758
3,0.0006,0.00733376
4,0.0008,0.00978231
5,0.001,0.0121307
