,Current,Voltage
0,0.0,0.000114441
1,0.0002,0.00189543
2,0.0004,0.00363827
3,0.0006,0.00535488
4,0.0008,0.00711203
5,0.001,0.00879288
