,Current,Voltage
0,0.0,0.000119209
1,0.0002,0.0019145
2,0.0004,0.00362873
3,0.0006,0.0053525
4,0.0008,0.00711203
5,0.001,0.00882387
