,Current,Voltage
0,0.0,0.000171661
1,0.0002,0.00263691
2,0.0004,0.0050807
3,0.0006,0.00750065
4,0.0008,0.00994921
5,0.001,0.0123978
