,Current,Voltage
0,0.0,-1.35927
1,0.0002,1.54905
2,0.0004,4.50197
3,0.0006,6.92645
4,0.0008,5.95156
5,0.001,7.90772
