,Current,Voltage
0,0.0,0.00015974
1,0.0002,0.00208139
2,0.0004,0.00394821
3,0.0006,0.00580072
4,0.0008,0.00767708
5,0.001,0.00952482
