,Current,Voltage
0,0.0,0.000133514
1,0.0002,0.00196457
2,0.0004,0.00372648
3,0.0006,0.00549078
4,0.0008,0.00727415
5,0.001,0.00905037
