,Current,Voltage
0,0.0,0.000169277
1,0.0002,0.00280857
2,0.0004,0.00541925
3,0.0006,0.0080514
4,0.0008,0.010643
5,0.001,0.013237
