,Current,Voltage
0,0.0,0.000150204
1,0.0002,0.0019908
2,0.0004,0.00382662
3,0.0006,0.00561476
4,0.0008,0.00742435
5,0.001,0.00925779
