,Current,Voltage
0,0.0,0.00014782
1,0.0002,0.00205994
2,0.0004,0.00397444
3,0.0006,0.00581503
4,0.0008,0.00772953
5,0.001,0.00958443
