,Current,Voltage
0,0.0,0.000181198
1,0.0002,0.00283718
2,0.0004,0.00553846
3,0.0006,0.00820875
4,0.0008,0.0108719
5,0.001,0.0134897
