,Current,Voltage
0,0.0,0.000152588
1,0.0002,0.00330925
2,0.0004,0.0115228
3,0.0006,0.00567436
4,0.0008,0.574563
5,0.001,1.63679
