,Current,Voltage
0,0.0,0.000195503
1,0.0002,0.00415087
2,0.0004,0.00812292
3,0.0006,0.0120091
4,0.0008,0.0159216
5,0.001,0.0198674
