,Current,Voltage
0,0.0,0.000135899
1,0.0002,0.00149965
2,0.0004,0.00290155
3,0.0006,0.00422239
4,0.0008,0.00554085
5,0.001,0.00688314
