,Current,Voltage
0,0.0,0.000178814
1,0.0002,0.00270128
2,0.0004,0.00518322
3,0.0006,0.00767708
4,0.0008,0.0101614
5,0.001,0.01266
