,Current,Voltage
0,0.0,0.000143051
1,0.0002,0.00298262
2,0.0004,0.00573397
3,0.0006,0.00850439
4,0.0008,0.0112462
5,0.001,0.0140309
