,Current,Voltage
0,0.0,0.000157356
1,0.0002,0.00149012
2,0.0004,0.0027895
3,0.0006,0.00407457
4,0.0008,0.00537157
5,0.001,0.00666618
