,Current,Voltage
0,0.0,0.000588894
1,0.0002,0.0202942
2,0.0004,0.0401235
3,0.0006,0.0597525
4,0.0008,0.0795078
5,0.001,0.098865
