,Current,Voltage
0,0.0,0.000143051
1,0.0002,0.0017643
2,0.0004,0.00335217
3,0.0006,0.00491381
4,0.0008,0.00645876
5,0.001,0.00801802
