,Current,Voltage
0,0.0,0.000133514
1,0.0002,0.0025773
2,0.0004,0.00500917
3,0.0006,0.00743151
4,0.0008,0.00983
5,0.001,0.0122404
