,Current,Voltage
0,0.0,0.00014782
1,0.0002,0.00268221
2,0.0004,0.00522375
3,0.0006,0.007658
4,0.0008,0.0101542
5,0.001,0.0126648
