,Current,Voltage
0,0.0,0.00014782
1,0.0002,0.00169277
2,0.0004,0.00321388
3,0.0006,0.00477076
4,0.0008,0.0062561
5,0.001,0.00780106
