,Current,Voltage
0,0.0,0.000157356
1,0.0002,0.00211477
2,0.0004,0.0039959
3,0.0006,0.00585079
4,0.0008,0.00773668
5,0.001,0.00957012
