,Current,Voltage
0,0.0,0.00013113
1,0.0002,0.00183105
2,0.0004,0.00350237
3,0.0006,0.00514984
4,0.0008,0.00676155
5,0.001,0.00837803
