,Current,Voltage
0,0.0,0.000140667
1,0.0002,0.00385523
2,0.0004,0.00761509
3,0.0006,0.0112677
4,0.0008,0.014956
5,0.001,0.0186491
