,Current,Voltage
0,0.0,0.000178814
1,0.0002,0.00218391
2,0.0004,0.00419617
3,0.0006,0.00612974
4,0.0008,0.00811577
5,0.001,0.0100589
