,Current,Voltage
0,0.0,0.000174046
1,0.0002,0.00172615
2,0.0004,0.0032115
3,0.0006,0.00473976
4,0.0008,0.00627279
5,0.001,0.00775576
