,Current,Voltage
0,0.0,0.000162125
1,0.0002,0.00155449
2,0.0004,0.00293016
3,0.0006,0.004282
4,0.0008,0.0056386
5,0.001,0.00701904
