,Current,Voltage
0,0.0,0.000126362
1,0.0002,0.00155449
2,0.0004,0.0029254
3,0.0006,0.00424385
4,0.0008,0.00564337
5,0.001,0.00697136
