,Current,Voltage
0,0.0,9.77516e-05
1,0.0002,0.000631809
2,0.0004,0.732508
3,0.0006,2.76397
4,0.0008,4.3255
5,0.001,6.29884
