,Current,Voltage
0,0.0,0.000123978
1,0.0002,0.0017643
2,0.0004,0.00334024
3,0.0006,0.00490904
4,0.0008,0.00645399
5,0.001,0.00799894
