,Current,Voltage
0,0.0,8.10623e-05
1,0.0002,0.0005126
2,0.0004,0.000803471
3,0.0006,0.00115871
4,0.0008,0.58336
5,0.001,1.57309
