,Current,Voltage
0,0.0,9.05991e-05
1,0.0002,0.00137806
2,0.0004,0.00265121
3,0.0006,0.00386953
4,0.0008,0.00512123
5,0.001,0.00638008
