,Current,Voltage
0,0.0,0.000123978
1,0.0002,0.00132084
2,0.0004,0.00246048
3,0.0006,0.00362635
4,0.0008,0.00478745
5,0.001,0.00592947
