,Current,Voltage
0,0.0,0.000135899
1,0.0002,0.00203848
2,0.0004,0.00386477
3,0.0006,0.00568628
4,0.0008,0.00754118
5,0.001,0.00940561
