,Current,Voltage
0,0.0,0.000116825
1,0.0002,0.00152826
2,0.0004,0.00292301
3,0.0006,0.00426531
4,0.0008,0.00560522
5,0.001,0.00697851
