,Current,Voltage
0,0.0,9.53674e-06
1,0.0002,0.000395775
2,0.0004,0.000386238
3,0.0006,0.000412464
4,0.0008,0.236998
5,0.001,1.10396
