,Current,Voltage
0,0.0,8.82149e-05
1,0.0002,0.00164747
2,0.0004,0.00309467
3,0.0006,0.00455856
4,0.0008,0.00603437
5,0.001,0.00753641
