,Current,Voltage
0,0.0,0.000107288
1,0.0002,0.00186443
2,0.0004,0.00354052
3,0.0006,0.0052166
4,0.0008,0.00690937
5,0.001,0.00854731
