,Current,Voltage
0,0.0,0.000150204
1,0.0002,0.00163555
2,0.0004,0.00302792
3,0.0006,0.00439882
4,0.0008,0.00580549
5,0.001,0.00720501
