,Current,Voltage
0,0.0,0.000143051
1,0.0002,0.00120878
2,0.0004,0.00220537
3,0.0006,0.00322819
4,0.0008,0.00426054
5,0.001,0.00528097
