,Current,Voltage
0,0.0,0.00013113
1,0.0002,0.00227928
2,0.0004,0.00433922
3,0.0006,0.00641346
4,0.0008,0.00850201
5,0.001,0.0105023
