,Current,Voltage
0,0.0,0.000293255
1,0.0002,0.00582933
2,0.0004,0.0113225
3,0.0006,0.0167394
4,0.0008,0.0222254
5,0.001,0.0276947
