,Current,Voltage
0,0.0,0.000181198
1,0.0002,0.00220776
2,0.0004,0.00422239
3,0.0006,0.00616789
4,0.0008,0.00814438
5,0.001,0.0101089
