,Current,Voltage
0,0.0,0.000145435
1,0.0002,0.00254869
2,0.0004,0.00492096
3,0.0006,0.00724554
4,0.0008,0.00959396
5,0.001,0.0119328
