,Current,Voltage
0,0.0,0.00013113
1,0.0002,0.00213146
2,0.0004,0.00410795
3,0.0006,0.00602007
4,0.0008,0.00797272
5,0.001,0.00994444
