,Current,Voltage
0,0.0,0.000190735
1,0.0002,0.00481606
2,0.0004,0.0094223
3,0.0006,0.013988
4,0.0008,0.0185943
5,0.001,0.0231767
