,Current,Voltage
0,0.0,0.000135899
1,0.0002,0.00166178
2,0.0004,0.00316858
3,0.0006,0.0046277
4,0.0008,0.00614882
5,0.001,0.00757933
