,Current,Voltage
0,0.0,0.000138283
1,0.0002,0.00266314
2,0.0004,0.00517368
3,0.0006,0.00761986
4,0.0008,0.0100923
5,0.001,0.0125694
