,Current,Voltage
0,0.0,0.000114441
1,0.0002,0.000629425
2,0.0004,0.00106096
3,0.0006,0.00150919
4,0.0008,0.00194788
5,0.001,0.00241756
