,Current,Voltage
0,0.0,0.000133514
1,0.0002,0.0016284
2,0.0004,0.00303268
3,0.0006,0.0044322
4,0.0008,0.00584364
5,0.001,0.00729322
