,Current,Voltage
0,0.0,0.000126362
1,0.0002,0.000667572
2,0.0004,0.0011611
3,0.0006,0.00166416
4,0.0008,0.00218153
5,0.001,0.00270128
