,Current,Voltage
0,0.0,0.000119209
1,0.0002,0.00167847
2,0.0004,0.00320435
3,0.0006,0.00468254
4,0.0008,0.0061965
5,0.001,0.00769615
