,Current,Voltage
0,0.0,9.05991e-05
1,0.0002,0.00139475
2,0.0004,0.00268936
3,0.0006,0.00391483
4,0.0008,0.00518322
5,0.001,0.0064373
