,Current,Voltage
0,0.0,0.000157356
1,0.0002,0.00261545
2,0.0004,0.00500917
3,0.0006,0.00735998
4,0.0008,0.00974417
5,0.001,0.0121093
