,Current,Voltage
0,0.0,0.000123978
1,0.0002,0.000960827
2,0.0004,0.00167847
3,0.0006,0.00241756
4,0.0008,0.00315428
5,0.001,0.00387192
