,Current,Voltage
0,0.0,0.0126388
1,8e-10,0.033169
2,1.6e-09,0.0536294
3,2.4e-09,0.0740607
4,3.2e-09,0.0944898
5,4e-09,0.114949
