,Current,Voltage
0,0.0,0.00341153
1,8e-10,0.0094223
2,1.6e-09,0.0154257
3,2.4e-09,0.0214434
4,3.2e-09,0.0274441
5,4e-09,0.0334444
