,Current,Voltage
0,0.0,0.0108767
1,8e-10,0.0317385
2,1.6e-09,0.052572
3,2.4e-09,0.0733926
4,3.2e-09,0.0941939
5,4e-09,0.115011
