,Current,Voltage
0,0.0,0.000264645
1,0.0002,0.00912905
2,0.0004,0.0179505
3,0.0006,0.0266957
4,0.0008,0.0355315
5,0.001,0.0442815
