,Current,Voltage
0,0.0,0.000200272
1,0.0002,0.00626802
2,0.0004,0.0122666
3,0.0006,0.0183368
4,0.0008,0.0243497
5,0.001,0.0302815
