,Current,Voltage
0,0.0,0.00444174
1,0.0002,0.0499296
2,0.0004,4.12808
3,0.0006,10.0022
4,0.0008,10.002
5,0.001,10.0019
