,Current,Voltage
0,0.0,0.0054574
1,0.0002,0.224321
2,0.0004,0.445201
3,0.0006,0.663931
4,0.0008,0.884538
5,0.001,1.10338
