,Current,Voltage
0,0.0,0.000190735
1,0.0002,0.00483036
2,0.0004,0.00941277
3,0.0006,0.0139475
4,0.0008,0.0185466
5,0.001,0.0230789
