,Current,Voltage
0,0.0,0.00100374
1,0.0002,0.0379705
2,0.0004,0.0751829
3,0.0006,0.112109
4,0.0008,0.149341
5,0.001,0.186226
