,Current,Voltage
0,0.0,0.00247955
1,0.0002,0.102425
2,0.0004,0.203295
3,0.0006,0.303297
4,0.0008,0.40411
5,0.001,0.5074
