,Current,Voltage
0,0.0,0.000214577
1,0.0002,0.00544071
2,0.0004,0.0106359
3,0.0006,0.0157881
4,0.0008,0.0209951
5,0.001,0.0261164
