,Current,Voltage
0,0.0,0.00438929
1,0.0002,0.183647
2,0.0004,0.36423
3,0.0006,0.54354
4,0.0008,0.72438
5,0.001,0.903428
