,Current,Voltage
0,0.0,0.00128508
1,0.0002,0.0479269
2,0.0004,0.094974
3,0.0006,0.141618
4,0.0008,0.188632
5,0.001,0.235202
