,Current,Voltage
0,0.0,0.00144005
1,0.0002,0.0598669
2,0.0004,0.11879
3,0.0006,0.177398
4,0.0008,0.23627
5,0.001,0.294569
