,Current,Voltage
0,0.0,0.000369549
1,0.0002,0.0129318
2,0.0004,0.0254679
3,0.0006,0.0379419
4,0.0008,0.0505638
5,0.001,0.0629973
