,Current,Voltage
0,0.0,0.000598431
1,0.0002,0.0208163
2,0.0004,0.0411367
3,0.0006,0.0612712
4,0.0008,0.0815821
5,0.001,0.10169
