,Current,Voltage
0,0.0,0.000257492
1,0.0002,0.00843287
2,0.0004,0.0165606
3,0.0006,0.0246453
4,0.0008,0.0328207
5,0.001,0.0409055
