,Current,Voltage
0,0.0,0.000209808
1,0.0002,0.00701666
2,0.0004,0.0138688
3,0.0006,0.0205851
4,0.0008,0.0274229
5,0.001,0.0341487
