,Current,Voltage
0,0.0,0.000267029
1,0.0002,0.00865698
2,0.0004,0.0170112
3,0.0006,0.0253391
4,0.0008,0.0336885
5,0.001,0.042007
