,Current,Voltage
0,0.0,0.00023365
1,0.0002,0.00577688
2,0.0004,0.0112963
3,0.0006,0.0167823
4,0.0008,0.0222874
5,0.001,0.0277519
