,Current,Voltage
0,0.0,0.000264645
1,0.0002,0.00852108
2,0.0004,0.0167775
3,0.0006,0.0249672
4,0.0008,0.0332713
5,0.001,0.0414205
