,Current,Voltage
0,0.0,0.00026226
1,0.0002,0.00863552
2,0.0004,0.0169826
3,0.0006,0.0252962
4,0.0008,0.033617
5,0.001,0.041945
