,Current,Voltage
0,0.0,0.000567436
1,0.0002,0.0212288
2,0.0004,0.0419569
3,0.0006,0.0625634
4,0.0008,0.0833583
5,0.001,0.103924
