,Current,Voltage
0,0.0,0.000565052
1,0.0002,0.0186944
2,0.0004,0.0369406
3,0.0006,0.0550985
4,0.0008,0.0733376
5,0.001,0.0914216
