,Current,Voltage
0,0.0,0.000274181
1,0.0002,0.00884295
2,0.0004,0.0173712
3,0.0006,0.0258899
4,0.0008,0.0344181
5,0.001,0.042901
