,Current,Voltage
0,0.0,0.000236034
1,0.0002,0.00767231
2,0.0004,0.0149918
3,0.0006,0.0223565
4,0.0008,0.0297236
5,0.001,0.0370264
