,Current,Voltage
0,0.0,0.000360012
1,0.0002,0.0117326
2,0.0004,0.023098
3,0.0006,0.0343752
4,0.0008,0.0458646
5,0.001,0.0571394
