,Current,Voltage
0,0.0,0.000424385
1,0.0002,0.0140977
2,0.0004,0.0278163
3,0.0006,0.0414157
4,0.0008,0.0551343
5,0.001,0.0686884
