,Current,Voltage
0,0.0,0.000286102
1,0.0002,0.00970125
2,0.0004,0.0191069
3,0.0006,0.0284863
4,0.0008,0.0378752
5,0.001,0.0472045
