,Current,Voltage
0,0.0,0.000245571
1,0.0002,0.00653028
2,0.0004,0.0124669
3,0.0006,0.0183272
4,0.0008,0.0239992
5,0.001,0.0298929
