,Current,Voltage
0,0.0,0.000216961
1,0.0002,0.00513554
2,0.0004,0.00995636
3,0.0006,0.0148058
4,0.0008,0.0196886
5,0.001,0.0244975
