,Current,Voltage
0,0.0,0.000219345
1,0.0002,0.00664234
2,0.0004,0.0130677
3,0.0006,0.019424
4,0.0008,0.0258493
5,0.001,0.0321937
