,Current,Voltage
0,0.0,0.000939369
1,0.0002,0.0362253
2,0.0004,0.0717068
3,0.0006,0.106936
4,0.0008,0.142481
5,0.001,0.177665
