,Current,Voltage
0,0.0,0.000259876
1,0.0002,0.00823975
2,0.0004,0.0162458
3,0.0006,0.0241566
4,0.0008,0.0321388
5,0.001,0.0400615
