,Current,Voltage
0,0.0,0.000247955
1,0.0002,0.00724554
2,0.0004,0.0142837
3,0.0006,0.0212908
4,0.0008,0.028317
5,0.001,0.0352693
