,Current,Voltage
0,0.0,0.00187397
1,0.0002,0.0724363
2,0.0004,0.143571
3,0.0006,0.214071
4,0.0008,0.285332
5,0.001,0.353096
