,Current,Voltage
0,0.0,-1.36349
1,0.0002,-1.10504
2,0.0004,-0.843587
3,0.0006,-0.585022
4,0.0008,-0.324872
5,0.001,-0.0667763
