,Current,Voltage
0,0.0,0.000331402
1,0.0002,0.0102592
2,0.0004,0.0202489
3,0.0006,0.0301218
4,0.0008,0.0400805
5,0.001,0.0498891
