,Current,Voltage
0,0.0,0.000166893
1,0.0002,0.00308752
2,0.0004,0.00603437
3,0.0006,0.00888109
4,0.0008,0.0117946
5,0.001,0.0146699
