,Current,Voltage
0,0.0,0.00371218
1,0.0002,0.139639
2,0.0004,0.27704
3,0.0006,0.413094
4,0.0008,0.550487
5,0.001,0.686541
