,Current,Voltage
0,0.0,0.0111001
1,8e-10,0.315074
2,1.6e-09,0.493637
3,2.4e-09,0.658632
4,3.2e-09,0.82096
5,4e-09,0.984407
