,Current,Voltage
0,0.0,0.00392914
1,0.0002,0.182276
2,0.0004,0.361948
3,0.0006,0.540397
4,0.0008,0.720346
5,0.001,0.899374
