,Current,Voltage
0,0.0,-0.754142
1,0.0002,-0.123718
2,0.0004,-0.153649
3,0.0006,-0.212083
4,0.0008,10.0023
5,0.001,10.0024
