,Current,Voltage
0,0.0,0.00417995
1,8e-10,0.0121059
2,1.6e-09,0.0200438
3,2.4e-09,0.0279777
4,3.2e-09,0.0358992
5,4e-09,0.0438454
