,Current,Voltage
0,0.0,0.00263929
1,0.0002,0.100222
2,0.0004,0.198696
3,0.0006,0.296252
4,0.0008,0.394676
5,0.001,0.49233
