,Current,Voltage
0,0.0,0.000441074
1,0.0002,0.0143123
2,0.0004,0.0282812
3,0.0006,0.0421119
4,0.0008,0.0560451
5,0.001,0.0698781
