,Current,Voltage
0,0.0,0.000417233
1,0.0002,0.0148845
2,0.0004,0.0293994
3,0.0006,0.0437856
4,0.0008,0.0583124
5,0.001,0.0726318
