,Current,Voltage
0,0.0,0.000135899
1,0.0002,0.00113726
2,0.0004,0.00210285
3,0.0006,0.003016
4,0.0008,0.00400782
5,0.001,0.00492811
