,Current,Voltage
0,0.0,0.000314713
1,0.0002,0.0111008
2,0.0004,0.021863
3,0.0006,0.0325298
4,0.0008,0.0433064
5,0.001,0.0539804
