,Current,Voltage
0,0.0,0.000500679
1,0.0002,0.0151229
2,0.0004,0.0299144
3,0.0006,0.0444937
4,0.0008,0.0592566
5,0.001,0.073874
