,Current,Voltage
0,0.0,0.00013113
1,0.0002,0.00182152
2,0.0004,0.00351667
3,0.0006,0.00511885
4,0.0008,0.00674963
5,0.001,0.00843763
