,Current,Voltage
0,0.0,0.00010252
1,0.0002,0.00120401
2,0.0004,0.00221014
3,0.0006,0.00324726
4,0.0008,0.00431299
5,0.001,0.00531673
