,Current,Voltage
0,0.0,0.000114441
1,0.0002,0.000638962
2,0.0004,0.00107288
3,0.0006,0.00149488
4,0.0008,0.00196457
5,0.001,0.00237226
