,Current,Voltage
0,0.0,0.000195503
1,0.0002,0.00326395
2,0.0004,0.00629663
3,0.0006,0.0093174
4,0.0008,0.012362
5,0.001,0.0153756
