,Current,Voltage
0,0.0,9.77516e-05
1,0.0002,0.000185966
2,0.0004,0.000243187
3,0.0006,0.000302792
4,0.0008,0.00038147
5,0.001,0.000457764
