,Current,Voltage
0,0.0,0.000169277
1,0.0002,0.00274897
2,0.0004,0.00531435
3,0.0006,0.00780344
4,0.0008,0.0103474
5,0.001,0.0128627
