,Current,Voltage
0,0.0,0.000145435
1,0.0002,0.00274658
2,0.0004,0.00528336
3,0.0006,0.0078702
4,0.0008,0.0103688
5,0.001,0.0128984
