,Current,Voltage
0,0.0,0.000622272
1,0.0002,0.0204396
2,0.0004,0.0403833
3,0.0006,0.0601912
4,0.0008,0.0801015
5,0.001,0.0998878
