,Current,Voltage
0,0.0,0.000202656
1,0.0002,0.00608206
2,0.0004,0.0120091
3,0.0006,0.0178552
4,0.0008,0.0237989
5,0.001,0.0295711
