,Current,Voltage
0,0.0,0.00145435
1,0.0002,0.0553155
2,0.0004,0.10978
3,0.0006,0.165596
4,0.0008,0.220442
5,0.001,0.274491
