,Current,Voltage
0,0.0,0.000114441
1,0.0002,0.000669956
2,0.0004,0.00110865
3,0.0006,0.00163317
4,0.0008,0.0020504
5,0.001,0.00252724
