,Current,Voltage
0,0.0,0.000164509
1,0.0002,0.00320911
2,0.0004,0.00623941
3,0.0006,0.00921965
4,0.0008,0.0122285
5,0.001,0.0152802
