,Current,Voltage
0,0.0,9.29832e-05
1,0.0002,0.000479221
2,0.0004,0.000896454
3,0.0006,0.0012517
4,0.0008,0.0016427
5,0.001,0.00204563
