,Current,Voltage
0,0.0,0.00500202
1,0.0002,0.0141311
2,0.0004,0.0231338
3,0.0006,0.0320339
4,0.0008,0.0409889
5,0.001,0.0496888
