,Current,Voltage
0,0.0,0.00240326
1,0.0002,0.0901413
2,0.0004,0.17864
3,0.0006,0.266464
4,0.0008,0.355058
5,0.001,0.442915
