,Current,Voltage
0,0.0,0.000188351
1,0.0002,0.00230789
2,0.0004,0.00444412
3,0.0006,0.00650167
4,0.0008,0.00859261
5,0.001,0.0106859
