,Current,Voltage
0,0.0,0.000889301
1,0.0002,0.0350595
2,0.0004,0.069468
3,0.0006,0.103583
4,0.0008,0.137959
5,0.001,0.171871
