,Current,Voltage
0,0.0,0.00319719
1,0.0002,0.122671
2,0.0004,0.243242
3,0.0006,0.363619
4,0.0008,0.487201
5,0.001,0.609553
