,Current,Voltage
0,0.0,0.000104904
1,0.0002,0.00143766
2,0.0004,0.0026679
3,0.0006,0.00385284
4,0.0008,0.00507355
5,0.001,0.00630379
