,Current,Voltage
0,0.0,0.00350237
1,0.0002,0.151315
2,0.0004,0.30035
3,0.0006,0.448358
4,0.0008,0.597558
5,0.001,0.745339
