,Current,Voltage
0,0.0,0.000121593
1,0.0002,0.00154972
2,0.0004,0.00290871
3,0.0006,0.00426054
4,0.0008,0.00562429
5,0.001,0.00696659
