,Current,Voltage
0,0.0,0.000143051
1,0.0002,0.00166178
2,0.0004,0.00309944
3,0.0006,0.00453234
4,0.0008,0.00600576
5,0.001,0.00743389
