,Current,Voltage
0,0.0,0.00286102
1,0.0002,0.10464
2,0.0004,0.207372
3,0.0006,0.309248
4,0.0008,0.411987
5,0.001,0.513737
