,Current,Voltage
0,0.0,0.000121593
1,0.0002,0.000598431
2,0.0004,0.00102758
3,0.0006,0.00144482
4,0.0008,0.00186205
5,0.001,0.00235319
