,Current,Voltage
0,0.0,0.000133514
1,0.0002,0.00170469
2,0.0004,0.00328302
3,0.0006,0.00477314
4,0.0008,0.0063014
5,0.001,0.00781775
