,Current,Voltage
0,0.0,0.000188351
1,0.0002,0.00323296
2,0.0004,0.00623226
3,0.0006,0.00920534
4,0.0008,0.0121951
5,0.001,0.0151825
