,Current,Voltage
0,0.0,0.00153542
1,0.0002,0.0588155
2,0.0004,0.116603
3,0.0006,0.173888
4,0.0008,0.231714
5,0.001,0.288951
