,Current,Voltage
0,0.0,0.0020504
1,0.0002,0.0819778
2,0.0004,0.16264
3,0.0006,0.242581
4,0.0008,0.32326
5,0.001,0.403214
