,Current,Voltage
0,0.0,0.0029397
1,0.0002,0.117981
2,0.0004,0.233994
3,0.0006,0.349064
4,0.0008,0.465145
5,0.001,0.580292
