,Current,Voltage
0,0.0,0.000376701
1,0.0002,0.0125456
2,0.0004,0.0268579
3,0.0006,0.0394797
4,0.0008,0.0521994
5,0.001,0.0634551
