,Current,Voltage
0,0.0,0.000822544
1,0.0002,0.0332141
2,0.0004,0.065825
3,0.0006,0.0981784
4,0.0008,0.130835
5,0.001,0.16314
