,Current,Voltage
0,0.0,0.000145435
1,0.0002,0.00150204
2,0.0004,0.00281811
3,0.0006,0.00411987
4,0.0008,0.00544071
5,0.001,0.00674963
