,Current,Voltage
0,0.0,0.000174046
1,0.0002,0.00127316
2,0.0004,0.00230074
3,0.0006,0.00333786
4,0.0008,0.00438452
5,0.001,0.00542402
