,Current,Voltage
0,0.0,0.000162125
1,0.0002,0.00164032
2,0.0004,0.0031352
3,0.0006,0.00459433
4,0.0008,0.00605822
5,0.001,0.00748634
