,Current,Voltage
0,0.0,0.00025034
1,0.0002,0.00540495
2,0.0004,0.0105548
3,0.0006,0.0156617
4,0.0008,0.0207877
5,0.001,0.0258541
