,Current,Voltage
0,0.0,0.000274181
1,0.0002,0.00729799
2,0.0004,0.0143361
3,0.0006,0.0212789
4,0.0008,0.0282907
5,0.001,0.0352383
