,Current,Voltage
0,0.0,0.000133514
1,0.0002,0.00185966
2,0.0004,0.00353813
3,0.0006,0.00519514
4,0.0008,0.00684977
5,0.001,0.00850677
