,Current,Voltage
0,0.0,0.00344992
1,0.0002,0.139129
2,0.0004,0.275762
3,0.0006,0.41142
4,0.0008,0.548213
5,0.001,0.683823
