,Current,Voltage
0,0.0,0.000429153
1,0.0002,0.0147796
2,0.0004,0.0294518
3,0.0006,0.0430012
4,0.0008,0.0574589
5,0.001,0.0714517
