,Current,Voltage
0,0.0,6.4373e-05
1,0.0002,0.000524521
2,0.0004,0.000905991
3,0.0006,0.00128269
4,0.0008,0.00166893
5,0.001,0.00204802
