,Current,Voltage
0,0.0,0.000116825
1,0.0002,0.001688
2,0.0004,0.00314713
3,0.0006,0.00463247
4,0.0008,0.00615835
5,0.001,0.00758648
