,Current,Voltage
0,0.0,0.000193119
1,0.0002,0.00609875
2,0.0004,0.01194
3,0.0006,0.017705
4,0.0008,0.023613
5,0.001,0.0294852
