,Current,Voltage
0,0.0,0.000152588
1,0.0002,0.00226259
2,0.0004,0.00433207
3,0.0006,0.0063324
4,0.0008,0.00840902
5,0.001,0.010426
