,Current,Voltage
0,0.0,0.000283718
1,0.0002,0.0066328
2,0.0004,0.0129986
3,0.0006,0.0193381
4,0.0008,0.0256395
5,0.001,0.0319195
