,Current,Voltage
0,0.0,0.000109673
1,0.0002,0.000507832
2,0.0004,0.000863075
3,0.0006,0.00118732
4,0.0008,0.00152111
5,0.001,0.00186682
