,Current,Voltage
0,0.0,0.000138283
1,0.0002,0.00168324
2,0.0004,0.00315666
3,0.0006,0.0045681
4,0.0008,0.0060463
5,0.001,0.00748873
