,Current,Voltage
0,0.0,0.000517368
1,0.0002,0.0157118
2,0.0004,0.0309873
3,0.0006,0.0461555
4,0.0008,0.0614309
5,0.001,0.0765777
