,Current,Voltage
0,0.0,0.00129223
1,0.0002,0.0493979
2,0.0004,0.0978374
3,0.0006,0.145872
4,0.0008,0.194299
5,0.001,0.242257
