,Current,Voltage
0,0.0,0.00274181
1,0.0002,0.0984359
2,0.0004,0.195036
3,0.0006,0.290821
4,0.0008,0.387394
5,0.001,0.483117
