,Current,Voltage
0,0.0,0.000123978
1,0.0002,0.00146151
2,0.0004,0.00283957
3,0.0006,0.00412464
4,0.0008,0.00544548
5,0.001,0.0067687
