,Current,Voltage
0,0.0,0.00014782
1,0.0002,0.00105381
2,0.0004,0.00196695
3,0.0006,0.00282764
4,0.0008,0.00374079
5,0.001,0.00464201
