,Current,Voltage
0,0.0,0.000219345
1,0.0002,0.00615358
2,0.0004,0.0120544
3,0.0006,0.0178933
4,0.0008,0.0238466
5,0.001,0.0296926
