,Current,Voltage
0,0.0,0.000231266
1,0.0002,0.00600815
2,0.0004,0.0118232
3,0.0006,0.0175667
4,0.0008,0.023365
5,0.001,0.0291157
