,Current,Voltage
0,0.0,0.00671697
1,8e-10,0.0180392
2,1.6e-09,0.0293436
3,2.4e-09,0.0406523
4,3.2e-09,0.0519688
5,4e-09,0.0632446
