,Current,Voltage
0,0.0,0.00349545
1,8e-10,0.0104501
2,1.6e-09,0.0173998
3,2.4e-09,0.0243275
4,3.2e-09,0.0312662
5,4e-09,0.0381994
