,Current,Voltage
0,0.0,0.000405312
1,0.0002,0.012157
2,0.0004,0.0238872
3,0.0006,0.0355554
4,0.0008,0.0473309
5,0.001,0.0589585
