,Current,Voltage
0,0.0,0.000114441
1,0.0002,0.000166893
2,0.0004,0.000209808
3,0.0006,0.000169277
4,0.0008,0.000221729
5,0.001,0.000195503
