,Current,Voltage
0,0.0,0.00010252
1,0.0002,0.00124931
2,0.0004,0.00236988
3,0.0006,0.00344038
4,0.0008,0.00451803
5,0.001,0.00557899
