,Current,Voltage
0,0.0,0.000100136
1,0.0002,0.00190258
2,0.0004,0.00368357
3,0.0006,0.00545502
4,0.0008,0.00723362
5,0.001,0.00896215
