,Current,Voltage
0,0.0,0.000219345
1,0.0002,0.00597477
2,0.0004,0.011692
3,0.0006,0.0173402
4,0.0008,0.0230551
5,0.001,0.0286913
