,Current,Voltage
0,0.0,0.000126362
1,0.0002,0.00148296
2,0.0004,0.00279665
3,0.0006,0.00410318
4,0.0008,0.0054431
5,0.001,0.00676632
