,Current,Voltage
0,0.0,-1.54532
1,0.0002,-0.85892
2,0.0004,-0.242817
3,0.0006,0.317311
4,0.0008,0.844951
5,0.001,1.33607
