,Current,Voltage
0,0.0,0.000140667
1,0.0002,0.00138998
2,0.0004,0.0026083
3,0.0006,0.0038147
4,0.0008,0.00506163
5,0.001,0.00623941
