,Current,Voltage
0,0.0,-1.40007
1,0.0002,-1.41597
2,0.0004,-1.43203
3,0.0006,-1.44821
4,0.0008,-1.46511
5,0.001,-1.48181
