,Current,Voltage
0,0.0,0.000133514
1,0.0002,0.00192881
2,0.0004,0.00362158
3,0.0006,0.0053215
4,0.0008,0.00705719
5,0.001,0.00880718
