,Current,Voltage
0,0.0,7.15256e-05
1,0.0002,0.000443459
2,0.0004,0.000755787
3,0.0006,0.00105619
4,0.0008,0.00136375
5,0.001,0.00163794
