,Current,Voltage
0,0.0,0.033803
1,0.0002,0.057106
2,0.0004,0.0799584
3,0.0006,0.102334
4,0.0008,0.89395
5,0.001,1.93482
