,Current,Voltage
0,0.0,8.82149e-05
1,0.0002,0.000116825
2,0.0004,0.000100136
3,0.0006,0.000123978
4,0.0008,0.000100136
5,0.001,7.15256e-05
