,Current,Voltage
0,0.0,0.000138283
1,0.0002,0.00177383
2,0.0004,0.00331879
3,0.0006,0.0048852
4,0.0008,0.00643492
5,0.001,0.00801325
