,Current,Voltage
0,0.0,-1.4415
1,0.0002,-1.18497
2,0.0004,-0.941625
3,0.0006,-0.720501
4,0.0008,-0.517657
5,0.001,-0.33246
