,Current,Voltage
0,0.0,0.000712872
1,0.0002,0.0265241
2,0.0004,0.0524783
3,0.0006,0.0782061
4,0.0008,0.104165
5,0.001,0.1299
