,Current,Voltage
0,0.0,0.000162125
1,0.0002,0.00235558
2,0.0004,0.00451088
3,0.0006,0.00665665
4,0.0008,0.00883818
5,0.001,0.0109673
