,Current,Voltage
0,0.0,9.53674e-05
1,0.0002,0.000929832
2,0.0004,0.001719
3,0.0006,0.00248671
4,0.0008,0.00323534
5,0.001,0.00405073
