,Current,Voltage
0,0.0,9.77516e-05
1,0.0002,0.00128746
2,0.0004,0.0024271
3,0.0006,0.00353098
4,0.0008,0.004704
5,0.001,0.00581026
