,Current,Voltage
0,0.0,0.000474453
1,0.0002,0.017705
2,0.0004,0.0351119
3,0.0006,0.0523448
4,0.0008,0.0696993
5,0.001,0.0869179
