,Current,Voltage
0,0.0,0.000107288
1,0.0002,0.00124216
2,0.0004,0.00233889
3,0.0006,0.00345707
4,0.0008,0.00459433
5,0.001,0.00564814
