,Current,Voltage
0,0.0,-0.110254
1,0.0002,-0.0117111
2,0.0004,0.00484705
3,0.0006,0.0132895
4,0.0008,0.023613
5,0.001,0.0259781
