,Current,Voltage
0,0.0,0.000345707
1,0.0002,0.0108981
2,0.0004,0.0214481
3,0.0006,0.0319028
4,0.0008,0.0424552
5,0.001,0.0529003
