,Current,Voltage
0,0.0,-1.40085
1,0.0002,-1.3848
2,0.0004,-1.35879
3,0.0006,-1.33386
4,0.0008,-1.31044
5,0.001,-1.28738
