,Current,Voltage
0,0.0,0.000121593
1,0.0002,0.00141382
2,0.0004,0.00264406
3,0.0006,0.00384092
4,0.0008,0.00509501
5,0.001,0.00627279
