,Current,Voltage
0,0.0,0.000426769
1,0.0002,0.0150156
2,0.0004,0.0296569
3,0.0006,0.0442052
4,0.0008,0.0588393
5,0.001,0.0733209
