,Current,Voltage
0,0.0,0.000112057
1,0.0002,0.00182867
2,0.0004,0.00351191
3,0.0006,0.00515223
4,0.0008,0.00677586
5,0.001,0.00843763
