,Current,Voltage
0,0.0,0.000231266
1,0.0002,0.00609636
2,0.0004,0.0119901
3,0.0006,0.0177479
4,0.0008,0.0236273
5,0.001,0.0294328
