,Current,Voltage
0,0.0,-1.11684
1,0.0002,-1.11872
2,0.0004,-1.12826
3,0.0006,-1.1378
4,0.0008,-1.1479
5,0.001,-1.13161
