,Current,Voltage
0,0.0,-1.19287
1,0.0002,-0.971515
2,0.0004,-0.801094
3,0.0006,-0.696115
4,0.0008,-0.603731
5,0.001,-0.510614
