,Current,Voltage
0,0.0,0.000135899
1,0.0002,0.00181437
2,0.0004,0.00352144
3,0.0006,0.00514746
4,0.0008,0.00679493
5,0.001,0.00845194
