,Current,Voltage
0,0.0,0.000109673
1,0.0002,0.00127077
2,0.0004,0.00238657
3,0.0006,0.00347137
4,0.0008,0.00458241
5,0.001,0.0056982
