,Current,Voltage
0,0.0,0.000417233
1,0.0002,0.0157237
2,0.0004,0.0311255
3,0.0006,0.0463343
4,0.0008,0.0617099
5,0.001,0.0769401
