,Current,Voltage
0,0.0,0.00014782
1,0.0002,0.00211477
2,0.0004,0.00396252
3,0.0006,0.00587702
4,0.0008,0.00779152
5,0.001,0.00966549
