,Current,Voltage
0,0.0,0.000715256
1,0.0002,0.0242352
2,0.0004,0.0479364
3,0.0006,0.0715113
4,0.0008,0.0952697
5,0.001,0.118785
