,Current,Voltage
0,0.0,-1.36086
1,0.0002,-0.824583
2,0.0004,-0.303822
3,0.0006,0.196939
4,0.0008,0.689557
5,0.001,1.16766
