,Current,Voltage
0,0.0,6.67572e-05
1,0.0002,0.000548363
2,0.0004,0.00100613
3,0.0006,0.00141144
4,0.0008,0.00183105
5,0.001,0.00223637
