,Current,Voltage
0,0.0,0.000123978
1,0.0002,0.00259161
2,0.0004,0.00503063
3,0.0006,0.00744104
4,0.0008,0.00985861
5,0.001,0.0122643
