,Current,Voltage
0,0.0,0.000119209
1,0.0002,0.00122309
2,0.0004,0.00222445
3,0.0006,0.00327826
4,0.0008,0.00434875
5,0.001,0.00537395
