,Current,Voltage
0,0.0,0.000107288
1,0.0002,0.00131607
2,0.0004,0.00250578
3,0.0006,0.00365019
4,0.0008,0.00481844
5,0.001,0.00596046
