,Current,Voltage
0,0.0,8.34465e-05
1,0.0002,0.000360012
2,0.0004,0.000536442
3,0.0006,0.000681877
4,0.0008,0.000858307
5,0.001,0.000963211
