,Current,Voltage
0,0.0,-0.18429
1,0.0002,0.101523
2,0.0004,0.391827
3,0.0006,0.68471
4,0.0008,0.9885
5,0.001,1.30077
