,Current,Voltage
0,0.0,7.62939e-05
1,0.0002,0.00095129
2,0.0004,0.00183344
3,0.0006,0.00266075
4,0.0008,0.00348806
5,0.001,0.00436068
