,Current,Voltage
0,0.0,0.0047245
1,8e-10,0.0126877
2,1.6e-09,0.0206609
3,2.4e-09,0.0286262
4,3.2e-09,0.0365877
5,4e-09,0.044565
