,Current,Voltage
0,0.0,0.000808239
1,0.0002,0.0320935
2,0.0004,0.0635552
3,0.0006,0.0947499
4,0.0008,0.126185
5,0.001,0.157254
