,Current,Voltage
0,0.0,7.62939e-05
1,0.0002,0.00159502
2,0.0004,0.00306368
3,0.0006,0.00450373
4,0.0008,0.00599146
5,0.001,0.00748634
