,Current,Voltage
0,0.0,0.00043869
1,0.0002,0.0155401
2,0.0004,0.0307083
3,0.0006,0.0457907
4,0.0008,0.0609589
5,0.001,0.0759411
