,Current,Voltage
0,0.0,0.0011754
1,0.0002,0.0489545
2,0.0004,0.097084
3,0.0006,0.14477
4,0.0008,0.192933
5,0.001,0.240667
