,Current,Voltage
0,0.0,0.000174046
1,0.0002,0.00304461
2,0.0004,0.0059104
3,0.0006,0.00875473
4,0.0008,0.0116539
5,0.001,0.0144339
