,Current,Voltage
0,0.0,0.000228882
1,0.0002,0.00510454
2,0.0004,0.00994682
3,0.0006,0.0147581
4,0.0008,0.0196028
5,0.001,0.0244236
