,Current,Voltage
0,0.0,0.000154972
1,0.0002,0.00260115
2,0.0004,0.00501871
3,0.0006,0.00741243
4,0.0008,0.00985146
5,0.001,0.0122452
