,Current,Voltage
0,0.0,0.000123978
1,0.0002,0.00139475
2,0.0004,0.00252485
3,0.0006,0.00368595
4,0.0008,0.00484943
5,0.001,0.00597
