,Current,Voltage
0,0.0,1.19209e-05
1,0.0002,3.02691
2,0.0004,10.0022
3,0.0006,10.0021
4,0.0008,10.0019
5,0.001,10.002
