,Current,Voltage
0,0.0,0.000116825
1,0.0002,-0.000116825
2,0.0004,-0.000405312
3,0.0006,-0.000703335
4,0.0008,-0.000963211
5,0.001,-0.00133514
