,Current,Voltage
0,0.0,0.000109673
1,0.0002,0.00191212
2,0.0004,0.00368357
3,0.0006,0.00541687
4,0.0008,0.0071454
5,0.001,0.00891685
