,Current,Voltage
0,0.0,0.000152588
1,0.0002,0.00417948
2,0.0004,0.0081563
3,0.0006,0.012126
4,0.0008,0.0161362
5,0.001,0.0200534
