,Current,Voltage
0,0.0,-1.38925
1,0.0002,-1.21526
2,0.0004,-1.0376
3,0.0006,-0.866754
4,0.0008,-0.699251
5,0.001,-0.536215
