,Current,Voltage
0,0.0,0.000200272
1,0.0002,0.00384331
2,0.0004,0.00741243
3,0.0006,0.0109673
4,0.0008,0.0145626
5,0.001,0.018158
