,Current,Voltage
0,0.0,0.000109673
1,0.0002,0.00186682
2,0.0004,0.0035882
3,0.0006,0.00511646
4,0.0008,0.00660896
5,0.001,0.00828505
