,Current,Voltage
0,0.0,8.58307e-05
1,0.0002,5.96046e-05
2,0.0004,-3.33786e-05
3,0.0006,-9.77516e-05
4,0.0008,-0.000212193
5,0.001,-0.00026226
