,Current,Voltage
0,0.0,0.000207424
1,0.0002,0.00447989
2,0.0004,0.00875711
3,0.0006,0.0129628
4,0.0008,0.0171876
5,0.001,0.0213838
