,Current,Voltage
0,0.0,0.000157356
1,0.0002,0.00258684
2,0.0004,0.00496387
3,0.0006,0.0073719
4,0.0008,0.00971556
5,0.001,0.0120544
