,Current,Voltage
0,0.0,0.00041008
1,0.0002,0.0128341
2,0.0004,0.0252891
3,0.0006,0.0376129
4,0.0008,0.0500488
5,0.001,0.0623798
