,Current,Voltage
0,0.0,-1.40737
1,0.0002,-1.19371
2,0.0004,-0.99721
3,0.0006,-0.822082
4,0.0008,-0.664625
5,0.001,-0.523412
