,Current,Voltage
0,0.0,0.000398159
1,0.0002,0.598984
2,0.0004,9.5567
3,0.0006,10.002
4,0.0008,10.0019
5,0.001,10.0019
