,Current,Voltage
0,0.0,0.000228882
1,0.0002,0.00529528
2,0.0004,0.0103354
3,0.0006,0.0153708
4,0.0008,0.0204301
5,0.001,0.0254226
