,Current,Voltage
0,0.0,0.00023365
1,0.0002,0.00633478
2,0.0004,0.0123572
3,0.0006,0.0183654
4,0.0008,0.0243807
5,0.001,0.0303936
