,Current,Voltage
0,0.0,0.00553608
1,0.0002,0.0242043
2,0.0004,0.0428796
3,0.0006,0.0612617
4,0.0008,0.0796938
5,0.001,0.0978184
