,Current,Voltage
0,0.0,0.000448227
1,0.0002,0.0145006
2,0.0004,0.0285769
3,0.0006,0.042541
4,0.0008,0.0566721
5,0.001,0.0706244
