,Current,Voltage
0,0.0,0.00377274
1,8e-10,0.0113597
2,1.6e-09,0.0189281
3,2.4e-09,0.0265248
4,3.2e-09,0.0341086
5,4e-09,0.0416982
