,Current,Voltage
0,0.0,0.000224113
1,0.0002,0.00561714
2,0.0004,0.0110054
3,0.0006,0.0163579
4,0.0008,0.0217652
5,0.001,0.0270867
