,Current,Voltage
0,0.0,0.000150204
1,0.0002,0.0033474
2,0.0004,0.0064373
3,0.0006,0.00952959
4,0.0008,0.012598
5,0.001,0.0156784
