,Current,Voltage
0,0.0,0.000185966
1,0.0002,0.00329256
2,0.0004,0.00628471
3,0.0006,0.00934839
4,0.0008,0.0123477
5,0.001,0.0153589
