,Current,Voltage
0,0.0,0.000116825
1,0.0002,0.00245333
2,0.0004,0.00478506
3,0.0006,0.00709295
4,0.0008,0.00941038
5,0.001,0.0116754
