,Current,Voltage
0,0.0,0.000200272
1,0.0002,0.00342846
2,0.0004,0.00671148
3,0.0006,0.0098753
4,0.0008,0.0131011
5,0.001,0.0162864
