,Current,Voltage
0,0.0,0.000162125
1,0.0002,0.0032711
2,0.0004,0.00637293
3,0.0006,0.00943184
4,0.0008,0.0125003
5,0.001,0.0155425
