,Current,Voltage
0,0.0,0.000319481
1,0.0002,0.402112
2,0.0004,3.73294
3,0.0006,7.13149
4,0.0008,10.0021
5,0.001,10.002
