,Current,Voltage
0,0.0,0.00023365
1,0.0002,0.00581026
2,0.0004,0.0113678
3,0.0006,0.0169086
4,0.0008,0.0224733
5,0.001,0.0280166
