,Current,Voltage
0,0.0,0.000150204
1,0.0002,0.00266552
2,0.0004,0.00512362
3,0.0006,0.0075841
4,0.0008,0.0100446
5,0.001,0.0124884
