,Current,Voltage
0,0.0,0.000185966
1,0.0002,0.00283241
2,0.0004,0.0054431
3,0.0006,0.00802994
4,0.0008,0.010674
5,0.001,0.0132298
