,Current,Voltage
0,0.0,0.00014782
1,0.0002,0.00288248
2,0.0004,0.00563383
3,0.0006,0.00826359
4,0.0008,0.0109911
5,0.001,0.0136471
