,Current,Voltage
0,0.0,0.000154972
1,0.0002,0.00363827
2,0.0004,0.00715256
3,0.0006,0.0105309
4,0.0008,0.0139952
5,0.001,0.017426
