,Current,Voltage
0,0.0,0.00014782
1,0.0002,0.00277996
2,0.0004,0.00542402
3,0.0006,0.00801325
4,0.0008,0.0106621
5,0.001,0.0132132
