,Current,Voltage
0,0.0,0.000166893
1,0.0002,0.00311613
2,0.0004,0.0060463
3,0.0006,0.00893831
4,0.0008,0.0118542
5,0.001,0.0147438
