,Current,Voltage
0,0.0,0.000183582
1,0.0002,0.00295162
2,0.0004,0.00569582
3,0.0006,0.00842333
4,0.0008,0.0111747
5,0.001,0.0139308
