,Current,Voltage
0,0.0,0.000164509
1,0.0002,0.00272512
2,0.0004,0.00521898
3,0.0006,0.00768423
4,0.0008,0.0101876
5,0.001,0.0126934
