,Current,Voltage
0,0.0,0.000104904
1,0.0002,0.00268936
2,0.0004,0.00519276
3,0.0006,0.00764132
4,0.0008,0.0101519
5,0.001,0.0126576
