,Current,Voltage
0,0.0,0.000517368
1,0.0002,0.0163937
2,0.0004,2.95923
3,0.0006,5.75075
4,0.0008,8.61317
5,0.001,10.002
