,Current,Voltage
0,0.0,0.000143051
1,0.0002,0.0030756
2,0.0004,0.00598431
3,0.0006,0.00882864
4,0.0008,0.011673
5,0.001,0.0145698
