,Current,Voltage
0,0.0,0.000200272
1,0.0002,0.0027442
2,0.0004,0.00530481
3,0.0006,0.00781536
4,0.0008,0.0103927
5,0.001,0.0128937
