,Current,Voltage
0,0.0,0.000138283
1,0.0002,0.00363827
2,0.0004,0.0071454
3,0.0006,0.010612
4,0.0008,0.0140786
5,0.001,0.017519
