,Current,Voltage
0,0.0,0.000188351
1,0.0002,0.00371695
2,0.0004,0.007236
3,0.0006,0.010736
4,0.0008,0.0142288
5,0.001,0.0177026
