,Current,Voltage
0,0.0,0.000157356
1,0.0002,0.00310659
2,0.0004,0.00607729
3,0.0006,0.00894547
4,0.0008,0.0118566
5,0.001,0.0147843
