,Current,Voltage
0,0.0,0.000169277
1,0.0002,0.00337124
2,0.0004,0.00655174
3,0.0006,0.00967741
4,0.0008,0.0128889
5,0.001,0.0160098
