,Current,Voltage
0,0.0,0.000143051
1,0.0002,0.00350714
2,0.0004,0.00681639
3,0.0006,0.0100994
4,0.0008,0.0134301
5,0.001,0.0167084
