,Current,Voltage
0,0.0,0.000216961
1,0.0002,0.00357151
2,0.0004,0.00691175
3,0.0006,0.0102544
4,0.0008,0.0135899
5,0.001,0.0169063
