,Current,Voltage
0,0.0,0.000109673
1,0.0002,0.00260115
2,0.0004,0.00498056
3,0.0006,0.00734806
4,0.0008,0.00980377
5,0.001,0.0121808
