,Current,Voltage
0,0.0,0.000202656
1,0.0002,0.00459194
2,0.0004,0.00896931
3,0.0006,0.0133324
4,0.0008,0.0177121
5,0.001,0.0220656
