,Current,Voltage
0,0.0,0.000164509
1,0.0002,0.0025177
2,0.0004,0.00472307
3,0.0006,0.00698328
4,0.0008,0.0092411
5,0.001,0.0114799
