,Current,Voltage
0,0.0,0.000138283
1,0.0002,0.00266075
2,0.0004,0.00510931
3,0.0006,0.00751495
4,0.0008,0.00998974
5,0.001,0.0124383
