,Current,Voltage
0,0.0,0.00014782
1,0.0002,0.00271559
2,0.0004,0.00527859
3,0.0006,0.00774622
4,0.0008,0.0103092
5,0.001,0.012815
