,Current,Voltage
0,0.0,0.000126362
1,0.0002,0.00367403
2,0.0004,0.00722885
3,0.0006,0.0106859
4,0.0008,0.0141835
5,0.001,0.0176334
