,Current,Voltage
0,0.0,0.000224113
1,0.0002,0.00594854
2,0.0004,0.0115895
3,0.0006,0.0172138
4,0.0008,0.0228906
5,0.001,0.0284839
