,Current,Voltage
0,0.0,0.000135899
1,0.0002,0.00322104
2,0.0004,0.00622988
3,0.0006,0.0092411
4,0.0008,0.012269
5,0.001,0.0152564
