,Current,Voltage
0,0.0,0.000135899
1,0.0002,0.00277042
2,0.0004,0.00537395
3,0.0006,0.00795841
4,0.0008,0.0104952
5,0.001,0.0130653
