,Current,Voltage
0,0.0,0.000162125
1,0.0002,0.00319242
2,0.0004,0.00618935
3,0.0006,0.00915766
4,0.0008,0.0121737
5,0.001,0.0151372
