,Current,Voltage
0,0.0,0.000431538
1,0.0002,0.0135064
2,0.0004,0.0266171
3,0.0006,0.0396061
4,0.0008,0.052762
5,0.001,0.0657368
