,Current,Voltage
0,0.0,0.000166893
1,0.0002,0.00300407
2,0.0004,0.00578165
3,0.0006,0.00851631
4,0.0008,0.0113535
5,0.001,0.0140858
