,Current,Voltage
0,0.0,0.000181198
1,0.0002,2.96974
2,0.0004,7.585
3,0.0006,10.002
4,0.0008,10.0019
5,0.001,10.0019
