,Current,Voltage
0,0.0,0.000116825
1,0.0002,0.00284433
2,0.0004,0.00547171
3,0.0006,0.0080657
4,0.0008,0.0107598
5,0.001,0.0133467
