,Current,Voltage
0,0.0,0.000183582
1,0.0002,0.00329733
2,0.0004,0.00639439
3,0.0006,0.00947952
4,0.0008,0.0125718
5,0.001,0.015676
