,Current,Voltage
0,0.0,0.000123978
1,0.0002,0.00290155
2,0.0004,0.00560999
3,0.0006,0.00822544
4,0.0008,0.0109458
5,0.001,0.0136018
