,Current,Voltage
0,0.0,0.000133514
1,0.0002,0.0039959
2,0.0004,0.00781536
3,0.0006,0.0116062
4,0.0008,0.0154305
5,0.001,0.0192404
