,Current,Voltage
0,0.0,0.00582337
1,8e-10,0.0179143
2,1.6e-09,0.0299938
3,2.4e-09,0.0420487
4,3.2e-09,0.0541143
5,4e-09,0.066164
