,Current,Voltage
0,0.0,0.000119209
1,0.0002,0.00123024
2,0.0004,0.0022769
3,0.0006,0.0033164
4,0.0008,0.00438929
5,0.001,0.00541449
