,Current,Voltage
0,0.0,0.000123978
1,0.0002,0.0014782
2,0.0004,0.00279427
3,0.0006,0.00407934
4,0.0008,0.00538349
5,0.001,0.0066781
