,Current,Voltage
0,0.0,0.00013113
1,0.0002,0.00159025
2,0.0004,0.00297785
3,0.0006,0.00439405
4,0.0008,0.00577927
5,0.001,0.00715017
