,Current,Voltage
0,0.0,0.000150204
1,0.0002,0.000889301
2,0.0004,0.00149727
3,0.0006,0.00211239
4,0.0008,0.00276566
5,0.001,0.00339985
