,Current,Voltage
0,0.0,0.000143051
1,0.0002,0.00133038
2,0.0004,0.00239372
3,0.0006,0.00353575
4,0.0008,0.00464439
5,0.001,0.00575304
