,Current,Voltage
0,0.0,0.000202656
1,0.0002,0.00253201
2,0.0004,0.00483751
3,0.0006,0.00711203
4,0.0008,0.00941992
5,0.001,0.011704
