,Current,Voltage
0,0.0,0.000171661
1,0.0002,0.00184536
2,0.0004,0.00348568
3,0.0006,0.00505924
4,0.0008,0.00662804
5,0.001,0.00823021
