,Current,Voltage
0,0.0,0.000185966
1,0.0002,0.00181675
2,0.0004,0.00345469
3,0.0006,0.00511408
4,0.0008,0.00674963
5,0.001,0.0083828
