,Current,Voltage
0,0.0,0.000133514
1,0.0002,0.00130892
2,0.0004,0.00244379
3,0.0006,0.00353098
4,0.0008,0.004673
5,0.001,0.0057292
