,Current,Voltage
0,0.0,0.000162125
1,0.0002,0.00128508
2,0.0004,0.0024128
3,0.0006,0.00350952
4,0.0008,0.00460625
5,0.001,0.00569582
