,Current,Voltage
0,0.0,0.000138283
1,0.0002,0.00192881
2,0.0004,0.00367403
3,0.0006,0.00545263
4,0.0008,0.0071764
5,0.001,0.00893831
