,Current,Voltage
0,0.0,0.000143051
1,0.0002,0.00206709
2,0.0004,0.00395298
3,0.0006,0.00580072
4,0.0008,0.00768185
5,0.001,0.00957489
