,Current,Voltage
0,0.0,0.000207424
1,0.0002,0.00196695
2,0.0004,0.00375509
3,0.0006,0.0054884
4,0.0008,0.00727415
5,0.001,0.0090456
