,Current,Voltage
0,0.0,0.00014782
1,0.0002,0.00126123
2,0.0004,0.00229597
3,0.0006,0.00334978
4,0.0008,0.00442982
5,0.001,0.00545502
