,Current,Voltage
0,0.0,0.000171661
1,0.0002,0.00160933
2,0.0004,0.00307798
3,0.0006,0.00450611
4,0.0008,0.00594616
5,0.001,0.00739574
