,Current,Voltage
0,0.0,0.000164509
1,0.0002,0.00141382
2,0.0004,0.00265598
3,0.0006,0.00385284
4,0.0008,0.00509262
5,0.001,0.0063014
