,Current,Voltage
0,0.0,0.000300407
1,0.0002,0.00252485
2,0.0004,0.00477552
3,0.0006,0.00698328
4,0.0008,0.00926256
5,0.001,0.0114274
