,Current,Voltage
0,0.0,0.000138283
1,0.0002,0.00145197
2,0.0004,0.00274658
3,0.0006,0.00397444
4,0.0008,0.00524044
5,0.001,0.00653267
