,Current,Voltage
0,0.0,0.000145435
1,0.0002,0.0020957
2,0.0004,0.00397921
3,0.0006,0.00580788
4,0.0008,0.0077033
5,0.001,0.00959635
