,Current,Voltage
0,0.0,0.000171661
1,0.0002,0.0018549
2,0.0004,0.00344038
3,0.0006,0.00504971
4,0.0008,0.00663996
5,0.001,0.00822306
