,Current,Voltage
0,0.0,0.000123978
1,0.0002,0.000612736
2,0.0004,0.00105143
3,0.0006,0.00147104
4,0.0008,0.0019002
5,0.001,0.00230074
