,Current,Voltage
0,0.0,0.000116825
1,0.0002,0.00155687
2,0.0004,0.00295639
3,0.0006,0.00436544
4,0.0008,0.00570774
5,0.001,0.00710964
