,Current,Voltage
0,0.0,0.000140667
1,0.0002,0.00188589
2,0.0004,0.00361681
3,0.0006,0.00530005
4,0.0008,0.00699997
5,0.001,0.0087142
