,Current,Voltage
0,0.0,0.000157356
1,0.0002,0.00195742
2,0.0004,0.00366211
3,0.0006,0.00534773
4,0.0008,0.00709534
5,0.001,0.00880718
