,Current,Voltage
0,0.0,0.000121593
1,0.0002,0.00202179
2,0.0004,0.00388622
3,0.0006,0.00570774
4,0.0008,0.00754833
5,0.001,0.00938416
