,Current,Voltage
0,0.0,0.000181198
1,0.0002,0.00156403
2,0.0004,0.0029397
3,0.0006,0.00431776
4,0.0008,0.00568151
5,0.001,0.00706673
