,Current,Voltage
0,0.0,0.000126362
1,0.0002,0.00176668
2,0.0004,0.00333548
3,0.0006,0.00487089
4,0.0008,0.00644684
5,0.001,0.00799417
