,Current,Voltage
0,0.0,0.000154972
1,0.0002,0.00174761
2,0.0004,0.0033164
3,0.0006,0.00481367
4,0.0008,0.00638008
5,0.001,0.00791788
