,Current,Voltage
0,0.0,0.00013113
1,0.0002,0.00140905
2,0.0004,0.00264406
3,0.0006,0.00383615
4,0.0008,0.00505924
5,0.001,0.00625372
