,Current,Voltage
0,0.0,0.000178814
1,0.0002,0.00285387
2,0.0004,0.00544786
3,0.0006,0.00803709
4,0.0008,0.0106478
5,0.001,0.0132298
