,Current,Voltage
0,0.0,0.000181198
1,0.0002,0.00150442
2,0.0004,0.00283241
3,0.0006,0.00414371
4,0.0008,0.00543118
5,0.001,0.00673294
