,Current,Voltage
0,0.0,0.000157356
1,0.0002,0.00145435
2,0.0004,0.00273228
3,0.0006,0.00402212
4,0.0008,0.00531197
5,0.001,0.00659943
