,Current,Voltage
0,0.0,9.29832e-05
1,0.0002,0.00164747
2,0.0004,0.00314474
3,0.0006,0.0046134
4,0.0008,0.00609398
5,0.001,0.00763178
