,Current,Voltage
0,0.0,0.00220537
1,0.0002,0.0819659
2,0.0004,0.162787
3,0.0006,0.243132
4,0.0008,0.322685
5,0.001,0.40128
