,Current,Voltage
0,0.0,0.013829
1,8e-10,0.0365021
2,1.6e-09,0.0590935
3,2.4e-09,0.0817022
4,3.2e-09,0.104311
5,4e-09,0.126907
