,Current,Voltage
0,0.0,0.00331402
1,0.0002,0.126288
2,0.0004,0.250397
3,0.0006,0.373473
4,0.0008,0.497401
5,0.001,1.19601
