,Current,Voltage
0,0.0,0.00522375
1,0.0002,0.204251
2,0.0004,0.403771
3,0.0006,0.600274
4,0.0008,0.779865
5,0.001,0.949466
