,Current,Voltage
0,0.0,0.00937223
1,0.0002,0.366139
2,0.0004,0.7265
3,0.0006,2.07719
4,0.0008,3.87931
5,0.001,5.86562
