,Current,Voltage
0,0.0,0.00426054
1,0.0002,0.169718
2,0.0004,0.336607
3,0.0006,0.502007
4,0.0008,0.668583
5,0.001,0.833671
