,Current,Voltage
0,0.0,0.0126624
1,0.0002,0.512357
2,0.0004,2.17063
3,0.0006,4.80127
4,0.0008,7.71888
5,0.001,10.0023
