,Current,Voltage
0,0.0,0.00641584
1,0.0002,0.266917
2,0.0004,0.529263
3,0.0006,0.78932
4,0.0008,1.05087
5,0.001,1.34832
