,Current,Voltage
0,0.0,0.00582695
1,0.0002,1.99077
2,0.0004,6.63712
3,0.0006,10.0022
4,0.0008,10.002
5,0.001,10.002
