,Current,Voltage
0,0.0,0.0144863
1,0.0002,8.76955
2,0.0004,10.0022
3,0.0006,10.002
4,0.0008,10.002
5,0.001,10.0019
