,Current,Voltage
0,0.0,0.0097084
1,0.0002,0.383458
2,0.0004,0.760562
3,0.0006,1.13402
4,0.0008,1.72425
5,0.001,3.61647
