,Current,Voltage
0,0.0,0.00194788
1,0.0002,0.0722146
2,0.0004,0.143743
3,0.0006,1.41899
4,0.0008,2.49458
5,0.001,1.39245
