,Current,Voltage
0,0.0,0.00455618
1,0.0002,0.354056
2,0.0004,3.88376
3,0.0006,7.4112
4,0.0008,10.0021
5,0.001,10.002
