,Current,Voltage
0,0.0,0.00197172
1,0.0002,0.0767612
2,0.0004,0.151863
3,0.0006,0.226583
4,0.0008,0.568423
5,0.001,1.6094
