,Current,Voltage
0,0.0,0.0112867
1,0.0002,0.448468
2,0.0004,0.881479
3,0.0006,1.3133
4,0.0008,1.73359
5,0.001,2.16788
