,Current,Voltage
0,0.0,0.00243187
1,0.0002,0.0973725
2,0.0004,0.193126
3,0.0006,0.288
4,0.0008,0.382824
5,0.001,0.477438
