,Current,Voltage
0,0.0,0.00336647
1,0.0002,0.126052
2,0.0004,0.25008
3,0.0006,0.373077
4,0.0008,0.496709
5,0.001,0.619357
