,Current,Voltage
0,0.0,0.0015521
1,0.0002,0.06006
2,0.0004,1.01055
3,0.0006,3.07274
4,0.0008,5.35785
5,0.001,7.60592
