,Current,Voltage
0,0.0,0.0058558
1,8e-10,0.0183263
2,1.6e-09,0.0308082
3,2.4e-09,0.0432642
4,3.2e-09,0.0557418
5,4e-09,0.0681946
