,Current,Voltage
0,0.0,0.00490832
1,8e-10,0.0153608
2,1.6e-09,0.0258179
3,2.4e-09,0.0362723
4,3.2e-09,0.0467341
5,4e-09,0.057183
