,Current,Voltage
0,0.0,0.0037818
1,8e-10,0.0128295
2,1.6e-09,0.0218518
3,2.4e-09,0.0308681
4,3.2e-09,0.0398898
5,4e-09,0.0489035
