,Current,Voltage
0,0.0,0.000157356
1,0.0002,0.00503302
2,0.0004,1.32666
3,0.0006,3.50847
4,0.0008,5.92973
5,0.001,8.32798
