,Current,Voltage
0,0.0,0.0568366
1,0.0002,2.46045
2,0.0004,4.8868
3,0.0006,7.29121
4,0.0008,9.71602
5,0.001,10.0016
