,Current,Voltage
0,0.0,-0.00459671
1,0.0002,8.99794
2,0.0004,10.0024
3,0.0006,10.0022
4,0.0008,10.0023
5,0.001,10.0022
