,Current,Voltage
0,0.0,0.0093627
1,0.0002,0.375009
2,0.0004,0.992618
3,0.0006,8.92382
4,0.0008,10.0024
5,0.001,10.0023
