,Current,Voltage
0,0.0,0.00279903
1,0.0002,0.118108
2,0.0004,0.234685
3,0.0006,0.350242
4,0.0008,0.467033
5,0.001,0.582423
