,Current,Voltage
0,0.0,0.00119209
1,0.0002,4.5293
2,0.0004,9.01933
3,0.0006,10.002
4,0.0008,0.183902
5,0.001,0.428598
