,Current,Voltage
0,0.0,-1.37027
1,0.0002,-1.26961
2,0.0004,-1.16562
3,0.0006,-0.710199
4,0.0008,2.53491
5,0.001,10.0023
