,Current,Voltage
0,0.0,0.000796318
1,0.0002,0.03021
2,0.0004,0.0598049
3,0.0006,0.0892019
4,0.0008,0.118794
5,0.001,0.148139
