,Current,Voltage
0,0.0,0.00134468
1,0.0002,0.0505257
2,0.0004,0.100157
3,0.0006,0.149393
4,0.0008,0.731683
5,0.001,1.76108
