,Current,Voltage
0,0.0,0.00479698
1,0.0002,0.216582
2,0.0004,0.466022
3,0.0006,2.21761
4,0.0008,2.17707
5,0.001,9.25455
