,Current,Voltage
0,0.0,0.00666618
1,0.0002,0.273149
2,0.0004,0.542562
3,0.0006,1.0416
4,0.0008,4.61423
5,0.001,10.0021
