,Current,Voltage
0,0.0,0.00754595
1,8e-10,0.0205088
2,1.6e-09,0.0334859
3,2.4e-09,0.0464618
4,3.2e-09,0.0594349
5,4e-09,0.0724025
