,Current,Voltage
0,0.0,0.00025034
1,0.0002,0.00634432
2,0.0004,0.0124717
3,0.0006,0.0185251
4,0.0008,0.0246406
5,0.001,0.0306416
