,Current,Voltage
0,0.0,0.000710487
1,0.0002,0.0270891
2,0.0004,0.0535989
3,0.0006,0.0798678
4,0.0008,0.106392
5,0.001,0.132658
