,Current,Voltage
0,0.0,0.000333786
1,0.0002,0.0106621
2,0.0004,0.021019
3,0.0006,0.0312948
4,0.0008,0.0416875
5,0.001,0.0519037
