,Current,Voltage
0,0.0,0.000255108
1,0.0002,0.00691175
2,0.0004,0.0134873
3,0.0006,0.0200677
4,0.0008,0.0266767
5,0.001,0.0332665
