,Current,Voltage
0,0.0,0.00033617
1,0.0002,5.91668
2,0.0004,0.021143
3,0.0006,0.031383
4,0.0008,0.0417519
5,0.001,0.052011
