,Current,Voltage
0,0.0,0.000333786
1,0.0002,0.00887394
2,0.0004,0.0217128
3,0.0006,0.0282907
4,0.0008,0.0380421
5,0.001,0.713043
