,Current,Voltage
0,0.0,0.00071764
1,0.0002,0.0263405
2,0.0004,0.0520945
3,0.0006,0.0777197
4,0.0008,0.103512
5,0.001,0.129042
