,Current,Voltage
0,0.0,0.000107288
1,0.0002,0.00111103
2,0.0004,0.00208616
3,0.0006,0.00306606
4,0.0008,0.00402451
5,0.001,0.00501156
