,Current,Voltage
0,0.0,0.000202656
1,0.0002,0.00534296
2,0.0004,0.0105143
3,0.0006,0.0155902
4,0.0008,0.0207376
5,0.001,0.0258446
