,Current,Voltage
0,0.0,0.000309944
1,0.0002,0.0101733
2,0.0004,0.0199699
3,0.0006,0.0297189
4,0.0008,0.0395751
5,0.001,0.0493312
