,Current,Voltage
0,0.0,0.000584126
1,0.0002,0.0184584
2,0.0004,0.0363851
3,0.0006,0.0541711
4,0.0008,0.0721741
5,0.001,0.0899839
