,Current,Voltage
0,0.0,0.000369549
1,0.0002,0.0121379
2,0.0004,0.023942
3,0.0006,0.0356531
4,0.0008,0.0474954
5,0.001,0.0592017
