,Current,Voltage
0,0.0,0.000171661
1,0.0002,0.0040555
2,0.0004,0.00792027
3,0.0006,0.0117469
4,0.0008,0.0156069
5,0.001,0.0194359
