,Current,Voltage
0,0.0,0.000228882
1,0.0002,0.00645399
2,0.0004,0.0126719
3,0.0006,0.018847
4,0.0008,0.0250936
5,0.001,0.0312209
