,Current,Voltage
0,0.0,0.000154972
1,0.0002,0.00547171
2,0.0004,0.0107837
3,0.0006,0.0160408
4,0.0008,0.0213289
5,0.001,0.0265861
