,Current,Voltage
0,0.0,0.00014782
1,0.0002,0.00266314
2,0.0004,0.00515938
3,0.0006,0.00762224
4,0.0008,0.0101209
5,0.001,0.0125599
