,Current,Voltage
0,0.0,0.000207424
1,0.0002,0.0061965
2,0.0004,0.0121713
3,0.0006,0.018127
4,0.0008,0.024097
5,0.001,0.0300407
