,Current,Voltage
0,0.0,0.000154972
1,0.0002,0.00491619
2,0.0004,0.00954628
3,0.0006,0.0141954
4,0.0008,0.0188375
5,0.001,0.0234818
