,Current,Voltage
0,0.0,0.000195503
1,0.0002,0.00344753
2,0.0004,0.00671148
3,0.0006,0.00995636
4,0.0008,0.0131774
5,0.001,0.0163889
