,Current,Voltage
0,0.0,0.000112057
1,0.0002,0.00218868
2,0.0004,0.0041914
3,0.0006,0.00618696
4,0.0008,0.00823498
5,0.001,0.010221
