,Current,Voltage
0,0.0,0.00068903
1,0.0002,0.0245667
2,0.0004,0.0486088
3,0.0006,1.31263
4,0.0008,0.0959301
5,0.001,1.0549
