,Current,Voltage
0,0.0,0.000200272
1,0.0002,0.00526905
2,0.0004,0.0103092
3,0.0006,0.0152874
4,0.0008,0.0203156
5,0.001,0.0253081
