,Current,Voltage
0,0.0,0.000228882
1,0.0002,2.20156
2,0.0004,6.5679
3,0.0006,10.0021
4,0.0008,10.0019
5,0.001,10.002
