,Current,Voltage
0,0.0,0.000247955
1,0.0002,0.0066638
2,0.0004,0.0131106
3,0.0006,0.0194955
4,0.0008,0.0259399
5,0.001,0.032351
