,Current,Voltage
0,0.0,0.000329018
1,0.0002,0.009408
2,0.0004,0.0184679
3,0.0006,0.027492
4,0.0008,0.0365758
5,0.001,0.0456119
