,Current,Voltage
0,0.0,0.000207424
1,0.0002,0.00618219
2,0.0004,0.0121784
3,0.0006,0.0180697
4,0.0008,0.024004
5,0.001,0.0299168
