,Current,Voltage
0,0.0,0.00014782
1,0.0002,0.0041914
2,0.0004,0.00821114
3,0.0006,0.0121641
4,0.0008,0.0161529
5,0.001,0.0201488
