,Current,Voltage
0,0.0,0.000202656
1,0.0002,0.00502348
2,0.0004,0.00985146
3,0.0006,0.0146127
4,0.0008,0.0194526
5,0.001,0.0242162
