,Current,Voltage
0,0.0,9.77516e-05
1,0.0002,0.00137329
2,0.0004,0.00264645
3,0.0006,0.00384092
4,0.0008,0.00506878
5,0.001,0.00629425
