,Current,Voltage
0,0.0,0.000240803
1,0.0002,0.00706196
2,0.0004,0.0138521
3,0.0006,0.0206161
4,0.0008,0.0274134
5,0.001,0.0341916
