,Current,Voltage
0,0.0,0.000174046
1,0.0002,0.00529051
2,0.0004,0.0103593
3,0.0006,0.0153995
4,0.0008,0.0204635
5,0.001,0.0254512
