,Current,Voltage
0,0.0,0.000236034
1,0.0002,0.00764608
2,0.0004,0.015049
3,0.0006,0.0223374
4,0.0008,0.0297046
5,0.001,0.0370073
