,Current,Voltage
0,0.0,0.000898838
1,0.0002,0.0343275
2,0.0004,0.0680017
3,0.0006,0.101373
4,0.0008,0.135057
5,0.001,0.168397
