,Current,Voltage
0,0.0,0.000209808
1,0.0002,0.00500441
2,0.0004,0.0098443
3,0.0006,0.0146151
4,0.0008,0.0194168
5,0.001,0.0242114
