,Current,Voltage
0,0.0,0.000143051
1,0.0002,1.82463
2,0.0004,5.92114
3,0.0006,10.002
4,0.0008,10.0018
5,0.001,10.0018
