,Current,Voltage
0,0.0,0.00020504
1,0.0002,0.00496626
2,0.0004,0.00972986
3,0.0006,0.0144649
4,0.0008,0.0192237
5,0.001,0.0239372
