,Current,Voltage
0,0.0,0.000422001
1,0.0002,0.0127292
2,0.0004,0.0251102
3,0.0006,0.0373793
4,0.0008,0.0497317
5,0.001,0.0619578
