,Current,Voltage
0,0.0,0.000240803
1,0.0002,0.00777483
2,0.0004,0.0152636
3,0.0006,0.0226974
4,0.0008,0.0302219
5,0.001,0.0376582
