,Current,Voltage
0,0.0,0.000326633
1,0.0002,0.00942469
2,0.0004,0.0185728
3,0.0006,0.0276184
4,0.0008,0.036726
5,0.001,0.0457501
