,Current,Voltage
0,0.0,0.000238419
1,0.0002,0.00830412
2,0.0004,0.0163436
3,0.0006,0.0243115
4,0.0008,0.0323868
5,0.001,0.0403142
