,Current,Voltage
0,0.0,0.000154972
1,0.0002,0.00379086
2,0.0004,0.00741959
3,0.0006,0.0110126
4,0.0008,0.014596
5,0.001,0.018158
