,Current,Voltage
0,0.0,0.000257492
1,0.0002,0.0082159
2,0.0004,0.0161958
3,0.0006,0.0240421
4,0.0008,0.0319934
5,0.001,0.0399089
