,Current,Voltage
0,0.0,0.000219345
1,0.0002,0.00464678
2,0.0004,0.00902653
3,0.0006,0.0133729
4,0.0008,0.0177741
5,0.001,0.0221515
