,Current,Voltage
0,0.0,0.000245571
1,0.0002,0.00612736
2,0.0004,0.0120163
3,0.0006,0.0178719
4,0.0008,0.0237751
5,0.001,0.0295973
