,Current,Voltage
0,0.0,0.000157356
1,0.0002,0.00504017
2,0.0004,0.00990152
3,0.0006,0.014658
4,0.0008,0.0195599
5,0.001,0.0243545
