,Current,Voltage
0,0.0,9.77516e-05
1,0.0002,0.000426769
2,0.0004,0.000722408
3,0.0006,0.000970364
4,0.0008,0.00124454
5,0.001,0.00152349
