,Current,Voltage
0,0.0,0.00033617
1,0.0002,0.0092864
2,0.0004,0.0182581
3,0.0006,0.0271368
4,0.0008,0.036099
5,0.001,0.045011
