,Current,Voltage
0,0.0,0.000195503
1,0.0002,0.0037837
2,0.0004,0.00735044
3,0.0006,0.0108457
4,0.0008,0.0144458
5,0.001,0.0179744
