,Current,Voltage
0,0.0,0.00013113
1,0.0002,0.0026989
2,0.0004,0.00517368
3,0.0006,0.00761986
4,0.0008,0.0101256
5,0.001,0.0125909
