,Current,Voltage
0,0.0,0.00742126
1,8e-10,0.0207236
2,1.6e-09,0.0339682
3,2.4e-09,0.047215
4,3.2e-09,0.0604658
5,4e-09,0.073724
