,Current,Voltage
0,0.0,0.000138283
1,0.0002,0.00226259
2,0.0004,0.00434875
3,0.0006,0.00638247
4,0.0008,0.00850677
5,0.001,0.0105309
