,Current,Voltage
0,0.0,0.000107288
1,0.0002,0.00192642
2,0.0004,0.00374556
3,0.0006,0.00551462
4,0.0008,0.00731468
5,0.001,0.00912428
