,Current,Voltage
0,0.0,0.000207424
1,0.0002,0.00576019
2,0.0004,0.0112414
3,0.0006,0.0166798
4,0.0008,0.022223
5,0.001,0.0276399
