,Current,Voltage
0,0.0,0.000269413
1,0.0002,0.00619888
2,0.0004,0.012176
3,0.0006,0.0180602
4,0.0008,0.0239968
5,0.001,0.0298643
