,Current,Voltage
0,0.0,0.000121593
1,0.0002,0.00233412
2,0.0004,0.00450373
3,0.0006,0.00665426
4,0.0008,0.00887156
5,0.001,0.0109792
