,Current,Voltage
0,0.0,0.000119209
1,0.0002,0.00185251
2,0.0004,0.00348806
3,0.0006,0.00517368
4,0.0008,0.00679731
5,0.001,0.00844002
