,Current,Voltage
0,0.0,0.000140667
1,0.0002,0.00204563
2,0.0004,0.00392199
3,0.0006,0.00576735
4,0.0008,0.00763893
5,0.001,0.00949144
