,Current,Voltage
0,0.0,0.000138283
1,0.0002,0.00205517
2,0.0004,0.00393152
3,0.0006,0.00575542
4,0.0008,0.0075984
5,0.001,0.00944853
