,Current,Voltage
0,0.0,0.00023365
1,0.0002,0.00558138
2,0.0004,0.0109315
3,0.0006,0.0161839
4,0.0008,0.0215173
5,0.001,0.0267673
