,Current,Voltage
0,0.0,0.000135899
1,0.0002,0.00258684
2,0.0004,0.00496864
3,0.0006,0.00736237
4,0.0008,0.00973225
5,0.001,0.0120854
