,Current,Voltage
0,0.0,0.000107288
1,0.0002,0.00208378
2,0.0004,0.00402451
3,0.0006,0.00586987
4,0.0008,0.00778198
5,0.001,0.00965118
