,Current,Voltage
0,0.0,0.000112057
1,0.0002,0.00222921
2,0.0004,0.00428915
3,0.0006,0.00632048
4,0.0008,0.0083828
5,0.001,0.0104427
