,Current,Voltage
0,0.0,0.00010252
1,0.0002,0.00216722
2,0.0004,0.00418186
3,0.0006,0.0061512
4,0.0008,0.0081706
5,0.001,0.0101566
