,Current,Voltage
0,0.0,9.05991e-05
1,0.0002,0.00255823
2,0.0004,0.00499487
3,0.0006,0.00740528
4,0.0008,0.00984192
5,0.001,0.0122261
