,Current,Voltage
0,0.0,0.000128746
1,0.0002,0.00151396
2,0.0004,0.00279427
3,0.0006,0.00413895
4,0.0008,0.00541687
5,0.001,0.00674009
