,Current,Voltage
0,0.0,0.000157356
1,0.0002,0.00180006
2,0.0004,0.0034523
3,0.0006,0.00503302
4,0.0008,0.0066328
5,0.001,0.00823259
