,Current,Voltage
0,0.0,0.00014782
1,0.0002,0.0034976
2,0.0004,0.00674486
3,0.0006,0.0099802
4,0.0008,0.0132632
5,0.001,0.0165105
