,Current,Voltage
0,0.0,0.000162125
1,0.0002,0.00215769
2,0.0004,0.00410795
3,0.0006,0.00603914
4,0.0008,0.0080061
5,0.001,0.00993729
