,Current,Voltage
0,0.0,-0.273542
1,8e-10,-0.21999
2,1.6e-09,-0.16773
3,2.4e-09,-0.115635
4,3.2e-09,-0.0636432
5,4e-09,-0.0118632
