{
  "mapping_offsets": [
    0.0,
    1.0,
    2.0,
    3.0,
    4.0,
    5.0,
    6.0
  ],
  "flir_offsets": [
    0,
    15,
    30
  ],
  "spin_speed": {
    "min": 100.0,
    "max": 3800.0,
    "value": {
      "0": 1000,
      "1": 1000,
      "2": 1000,
      "3": 1000,
      "4": 1000,
      "5": 1000,
      "6": 1000,
      "7": 1000,
      "8": 1000,
      "9": 1000,
      "10": 1000,
      "11": 1000,
      "12": 1000,
      "13": 1000,
      "14": 1000,
      "15": 1000,
      "16": 1000,
      "17": 1000,
      "18": 1000,
      "19": 1000,
      "20": 1000,
      "21": 1000,
      "22": 1000
    },
    "units": "RPM",
    "optimize_with_chem_os": false
  },
  "spin_time": {
    "min": 10.0,
    "max": 120.0,
    "value": {
      "0": 60,
      "1": 60,
      "2": 60,
      "3": 60,
      "4": 60,
      "5": 60,
      "6": 60,
      "7": 60,
      "8": 60,
      "9": 60,
      "10": 60,
      "11": 60,
      "12": 60,
      "13": 60,
      "14": 60,
      "15": 60,
      "16": 60,
      "17": 60,
      "18": 60,
      "19": 60,
      "20": 60,
      "21": 60,
      "22": 60
    },
    "units": "s",
    "optimize_with_chem_os": false
  },
  "dispense_volume": {
    "min": 0.001,
    "max": 1.0,
    "value": 0.1,
    "units": "mL",
    "optimize_with_chem_os": false
  },
  "campaign_dispensed_amounts": {
    "spiro": {
      "chemical_name": "Spiro",
      "varied": false,
      "value": 0.07950000000000035,
      "units": "mg",
      "metadata": {
        "molar_weight_ mg": 1225.43,
        "concentration_mg_ml": 50,
        "requested_param": null,
        "requested_vol": 0.10079632544902356
      }
    },
    "cobalt": {
      "chemical_name": "FK102",
      "varied": true,
      "value": 0.08440000000000003,
      "units": "mg",
      "metadata": {
        "molar_weight_ mg": 1334.86,
        "concentration_mg_ml": 50,
        "requested_param": null,
        "requested_vol": 0.10753700788430978
      }
    },
    "tbp": {
      "chemical_name": "tBP",
      "varied": false,
      "value": 0.030400000000000205,
      "units": "mg",
      "metadata": {
        "molar_weight_ mg": 135.21,
        "concentration_mg_ml": 50,
        "requested_param": null,
        "requested_vol": 0.04166666666666667
      }
    },
    "annealing": {
      "varied": true,
      "value": 88.28219175338745,
      "units": "s",
      "metadata": {}
    }
  },
  "properties": {
    "measurement_0": 6.924112927902941e-07,
    "measurement_1": 6.284002548857901e-07,
    "measurement_2": 5.239586193341695e-07,
    "measurement_3": 1.0973012585341445e-07,
    "measurement_4": 1.0022665872420208e-08,
    "measurement_5": 0.0,
    "measurement_6": 0.0,
    "measurement_mean": 2.8064613696229833e-07
  },
  "active_parameters_pickle_file": {
    "filename": "not yet defined"
  },
  "processes": {
    "x0": 0.38722617027096107,
    "x1": 0.34139764308929443
  },
  "chemOS": {
    "requested_params": {
      "x0": 0.9794133901596069,
      "x1": 0.3678424656391144
    },
    "output_for_previous": {
      "campaign_name": "pseudomobility",
      "session_id": "9d97a479-d129-410e-a3ee-9c638411253c",
      "experiment_id": "b47b26e0-bd4b-43c2-a7be-7c9ec313a729",
      "execution_id": "71edacd2",
      "robot_id": "7fed69c8",
      "processes": {
        "x0": 0.38722617027096107,
        "x1": 0.34139764308929443
      },
      "properties": {
        "measurement_0": 6.924112927902941e-07,
        "measurement_1": 6.284002548857901e-07,
        "measurement_2": 5.239586193341695e-07,
        "measurement_3": 1.0973012585341445e-07,
        "measurement_4": 1.0022665872420208e-08,
        "measurement_5": 0.0,
        "measurement_6": 0.0,
        "measurement_mean": 2.8064613696229833e-07
      }
    }
  },
  "operator_name": "Ray",
  "operator_comment": "chemos optimization Co anneal mean Ps"
}