,Current,Voltage
0,0.0,0.000107288
1,0.0002,0.00281572
2,0.0004,0.00548601
3,0.0006,0.00816345
4,0.0008,0.0108552
5,0.001,0.0135112
