,Current,Voltage
0,0.0,0.000247955
1,0.0002,0.00715494
2,0.0004,0.0139713
3,0.0006,0.0207734
4,0.0008,0.0276256
5,0.001,0.0344253
