,Current,Voltage
0,0.0,0.000247955
1,0.0002,0.00596762
2,0.0004,0.0116348
3,0.0006,0.0172162
4,0.0008,0.0228763
5,0.001,0.0284934
