,Current,Voltage
0,0.0,0.00013113
1,0.0002,0.00048399
2,0.0004,0.000767708
3,0.0006,0.00110626
4,0.0008,0.00145674
5,0.001,0.00167847
