,Current,Voltage
0,0.0,0.000317097
1,0.0002,0.00987291
2,0.0004,0.019443
3,0.0006,0.0219083
4,0.0008,0.0290394
5,0.001,0.0359249
