,Current,Voltage
0,0.0,0.00017643
1,0.0002,0.00390053
2,0.0004,0.00763416
3,0.0006,0.0112915
4,0.0008,0.0150156
5,0.001,0.0187039
