,Current,Voltage
0,0.0,0.000314713
1,0.0002,0.0104427
2,0.0004,0.0205564
3,0.0006,0.0306773
4,0.0008,0.040803
5,0.001,0.0508976
