,Current,Voltage
0,0.0,0.000193119
1,0.0002,0.00457764
2,0.0004,0.00892401
3,0.0006,0.0132322
4,0.0008,0.0176167
5,0.001,0.0219226
