,Current,Voltage
0,0.0,8.58307e-05
1,0.0002,0.00132322
2,0.0004,0.00247717
3,0.0006,0.00355721
4,0.0008,2.13417
5,0.001,4.28682
