,Current,Voltage
0,0.0,8.34465e-05
1,0.0002,-0.000276566
2,0.0004,-0.000772476
3,0.0006,-0.00119209
4,0.0008,-0.00166416
5,0.001,-0.00211239
