,Current,Voltage
0,0.0,0.000112057
1,0.0002,0.00111341
2,0.0004,0.00210762
3,0.0006,0.00302792
4,0.0008,0.00396252
5,0.001,0.00490665
