,Current,Voltage
0,0.0,9.77516e-05
1,0.0002,0.00246763
2,0.0004,0.00482321
3,0.0006,0.0071311
4,0.0008,0.00947237
5,0.001,0.0117707
