,Current,Voltage
0,0.0,0.000255108
1,0.0002,0.00807047
2,0.0004,0.0158858
3,0.0006,0.0235915
4,0.0008,0.0313783
5,0.001,0.0391221
