,Current,Voltage
0,0.0,0.000116825
1,0.0002,0.00188112
2,0.0004,0.00356674
3,0.0006,0.00524998
4,0.0008,0.00689507
5,0.001,0.00858068
