,Current,Voltage
0,0.0,9.29832e-05
1,0.0002,0.000762939
2,0.0004,0.579536
3,0.0006,4.07896
4,0.0008,7.60208
5,0.001,10.002
