,Current,Voltage
0,0.0,0.000362396
1,0.0002,0.0109887
2,0.0004,0.0216317
3,0.0006,0.0321913
4,0.0008,0.0428534
5,0.001,0.0533724
