,Current,Voltage
0,0.0,0.000154972
1,0.0002,0.00225544
2,0.0004,0.00437021
3,0.0006,0.00638247
4,0.0008,0.00849247
5,0.001,0.0105476
