,Current,Voltage
0,0.0,0.000295639
1,0.0002,0.0102091
2,0.0004,0.0201392
3,0.0006,0.0300169
4,0.0008,0.0399494
5,0.001,0.0498176
