,Current,Voltage
0,0.0,0.001688
1,0.0002,0.0640941
2,0.0004,0.126905
3,0.0006,0.189264
4,0.0008,0.252008
5,0.001,0.314338
