,Current,Voltage
0,0.0,0.000162125
1,0.0002,0.00264645
2,0.0004,0.00505209
3,0.0006,0.00746012
4,0.0008,0.00987291
5,0.001,0.0122952
