,Current,Voltage
0,0.0,0.000157356
1,0.0002,0.00254869
2,0.0004,0.00490665
3,0.0006,0.00730276
4,0.0008,0.0096035
5,0.001,0.0119829
