,Current,Voltage
0,0.0,0.000486374
1,0.0002,0.0165892
2,0.0004,0.0327349
3,0.0006,0.0487399
4,0.0008,0.0649047
5,0.001,0.0809264
