,Current,Voltage
0,0.0,0.000524521
1,0.0002,0.0154877
2,0.0004,0.0305438
3,0.0006,0.0454903
4,0.0008,0.0605822
5,0.001,0.0754905
