,Current,Voltage
0,0.0,0.000452995
1,0.0002,0.0128007
2,0.0004,0.0252295
3,0.0006,0.0375652
4,0.0008,0.0499701
5,0.001,0.0622845
