,Current,Voltage
0,0.0,0.000135899
1,0.0002,0.00225544
2,0.0004,0.00432253
3,0.0006,0.00637531
4,0.0008,0.00840664
5,0.001,0.0104904
