,Current,Voltage
0,0.0,0.000116825
1,0.0002,0.00220537
2,0.0004,0.00426292
3,0.0006,0.00624418
4,0.0008,0.00827551
5,0.001,0.0102496
