,Current,Voltage
0,0.0,0.000128746
1,0.0002,0.00310421
2,0.0004,0.00607014
3,0.0006,0.00900745
4,0.0008,0.0119853
5,0.001,0.0149083
