,Current,Voltage
0,0.0,0.00407362
1,8e-10,0.0162866
2,1.6e-09,0.0284495
3,2.4e-09,0.0406699
4,3.2e-09,0.0529275
5,4e-09,0.065129
