,Current,Voltage
0,0.0,0.0129251
1,8e-10,0.0350318
2,1.6e-09,0.0570159
3,2.4e-09,0.0790086
4,3.2e-09,0.100956
5,4e-09,0.122951
