,Current,Voltage
0,0.0,0.00730157
1,8e-10,0.355361
2,1.6e-09,0.552163
3,2.4e-09,0.735042
4,3.2e-09,0.914671
5,4e-09,1.09614
