,Current,Voltage
0,0.0,0.00353718
1,8e-10,0.0102878
2,1.6e-09,0.017029
3,2.4e-09,0.0237901
4,3.2e-09,0.0305357
5,4e-09,0.037292
