,Current,Voltage
0,0.0,0.00506234
1,8e-10,0.345454
2,1.6e-09,0.557046
3,2.4e-09,0.744771
4,3.2e-09,0.926085
5,4e-09,1.10718
