,Current,Voltage
0,0.0,0.0132523
1,8e-10,0.295216
2,1.6e-09,0.481965
3,2.4e-09,0.649211
4,3.2e-09,0.811731
5,4e-09,0.974816
