,Current,Voltage
0,0.0,0.00417233
1,8e-10,0.0126414
2,1.6e-09,0.021121
3,2.4e-09,0.0295777
4,3.2e-09,0.0380411
5,4e-09,0.0464981
