,Current,Voltage
0,0.0,0.0321603
1,8e-10,0.312672
2,1.6e-09,0.48995
3,2.4e-09,0.655881
4,3.2e-09,0.819861
5,4e-09,0.985132
