,Current,Voltage
0,0.0,-0.040828
1,8e-10,0.542519
2,1.6e-09,0.871702
3,2.4e-09,1.15193
4,3.2e-09,1.38091
5,4e-09,1.66244
