,Current,Voltage
0,0.0,0.00489211
1,8e-10,0.0134988
2,1.6e-09,0.0221
3,2.4e-09,0.0307088
4,3.2e-09,0.0393224
5,4e-09,0.0479226
