,Current,Voltage
0,0.0,0.000128746
1,0.0002,0.001297
2,0.0004,0.0024271
3,0.0006,0.0034976
4,0.0008,0.00459909
5,0.001,0.00571251
