,Current,Voltage
0,0.0,0.000152588
1,0.0002,0.000722408
2,0.0004,0.00126123
3,0.0006,0.0018549
4,0.0008,0.00239134
5,0.001,0.00290871
