,Current,Voltage
0,0.0,0.000989437
1,0.0002,0.0351691
2,0.0004,0.0695968
3,0.0006,0.103712
4,0.0008,0.13813
5,0.001,0.17225
