,Current,Voltage
0,0.0,0.0154424
1,0.0002,0.126624
2,0.0004,0.238323
3,0.0006,0.348625
4,0.0008,0.459504
5,0.001,0.568924
