,Current,Voltage
0,0.0,-1.53965
1,0.0002,-0.482385
2,0.0004,0.557961
3,0.0006,1.56586
4,0.0008,2.55811
5,0.001,3.51873
