,Current,Voltage
0,0.0,0.0013423
1,0.0002,0.0488758
2,0.0004,0.0967693
3,0.0006,0.144088
4,0.0008,0.191994
5,0.001,0.256243
