,Current,Voltage
0,0.0,-1.53956
1,0.0002,-0.473733
2,0.0004,0.575573
3,0.0006,1.5918
4,0.0008,2.59338
5,0.001,3.5633
