,Current,Voltage
0,0.0,0.000154972
1,0.0002,0.00207424
2,0.0004,0.00394106
3,0.0006,0.0058198
4,0.0008,0.00767231
5,0.001,0.00945568
