,Current,Voltage
0,0.0,0.000231266
1,0.0002,0.00490189
2,0.0004,0.00952959
3,0.0006,0.0141716
4,0.0008,0.0187898
5,0.001,0.023396
