,Current,Voltage
0,0.0,8.58307e-05
1,0.0002,0.000181198
2,0.0004,0.000219345
3,0.0006,0.000238419
4,0.0008,0.000305176
5,0.001,0.000312328
