,Current,Voltage
0,0.0,0.00305891
1,0.0002,0.114548
2,0.0004,0.226951
3,0.0006,0.338652
4,0.0008,0.451515
5,0.001,0.563607
