,Current,Voltage
0,0.0,0.000178814
1,0.0002,0.0036478
2,0.0004,0.00709295
3,0.0006,0.0104904
4,0.0008,0.0139356
5,0.001,0.0173593
