,Current,Voltage
0,0.0,0.000383854
1,0.0002,0.00956297
2,0.0004,0.0187635
3,0.0006,0.0279307
4,0.0008,0.0370955
5,0.001,0.0462365
