,Current,Voltage
0,0.0,0.000226498
1,0.0002,0.00500202
2,0.0004,0.00975847
3,0.0006,0.0144124
4,0.0008,0.0191712
5,0.001,0.0238562
