,Current,Voltage
0,0.0,0.000157356
1,0.0002,0.00285149
2,0.0004,0.00550747
3,0.0006,0.00815153
4,0.0008,0.0107622
5,0.001,0.0133753
