,Current,Voltage
0,0.0,0.000362396
1,0.0002,0.010848
2,0.0004,0.0213575
3,0.0006,0.0317955
4,0.0008,0.042305
5,0.001,0.0527334
