,Current,Voltage
0,0.0,-1.4526
1,0.0002,-0.371516
2,0.0004,0.64817
3,0.0006,1.63511
4,0.0008,2.60544
5,0.001,3.54471
