,Current,Voltage
0,0.0,0.00182629
1,0.0002,0.0731254
2,0.0004,0.144987
3,0.0006,0.216272
4,0.0008,0.288076
5,0.001,0.359364
