,Current,Voltage
0,0.0,0.00355721
1,0.0002,0.133989
2,0.0004,0.265622
3,0.0006,0.396378
4,0.0008,0.528381
5,0.001,0.659528
