,Current,Voltage
0,0.0,0.0402904
1,0.0002,1.06108
2,0.0004,2.08851
3,0.0006,3.10594
4,0.0008,4.13
5,0.001,5.14439
