,Current,Voltage
0,0.0,-1.21198
1,0.0002,-0.733619
2,0.0004,-0.355885
3,0.0006,-0.0555062
4,0.0008,0.196431
5,0.001,0.409348
