,Current,Voltage
0,0.0,0.00010252
1,0.0002,0.000174046
2,0.0004,0.000226498
3,0.0006,0.000190735
4,0.0008,0.000212193
5,0.001,0.000190735
