,Current,Voltage
0,0.0,0.000252724
1,0.0002,0.00609636
2,0.0004,0.0118828
3,0.0006,0.0176454
4,0.0008,0.023458
5,0.001,0.0291967
