,Current,Voltage
0,0.0,0.000188351
1,0.0002,0.00344753
2,0.0004,0.00665903
3,0.0006,0.00981331
4,0.0008,0.0130582
5,0.001,0.0162077
