,Current,Voltage
0,0.0,0.000100136
1,0.0002,-2.38419e-05
2,0.0004,-0.00023365
3,0.0006,-0.000472069
4,0.0008,-0.000691414
5,0.001,-0.000917912
