,Current,Voltage
0,0.0,0.0137115
1,0.0002,0.10812
2,0.0004,0.201008
3,0.0006,0.291474
4,0.0008,0.382094
5,0.001,0.471466
