,Current,Voltage
0,0.0,0.000259876
1,0.0002,0.0061965
2,0.0004,0.012064
3,0.0006,0.0178981
4,0.0008,0.0237775
5,0.001,0.029614
