,Current,Voltage
0,0.0,-1.45339
1,0.0002,-0.52017
2,0.0004,0.416889
3,0.0006,1.34375
4,0.0008,2.27663
5,0.001,3.19791
