,Current,Voltage
0,0.0,0.000805855
1,0.0002,0.0293994
2,0.0004,0.0581837
3,0.0006,0.0867629
4,0.0008,0.115585
5,0.001,0.144162
