,Current,Voltage
0,0.0,4.70239
1,0.0002,0.114019
2,0.0004,0.226183
3,0.0006,0.337687
4,0.0008,0.450361
5,0.001,0.562308
