,Current,Voltage
0,0.0,0.000100136
1,0.0002,0.000555515
2,0.0004,0.00103951
3,0.0006,0.00147581
4,0.0008,0.00189543
5,0.001,0.00232458
