,Current,Voltage
0,0.0,0.000367165
1,0.0002,0.0140142
2,0.0004,0.0277114
3,0.0006,0.0412703
4,0.0008,0.054915
5,0.001,5.72011
