,Current,Voltage
0,0.0,0.000207424
1,0.0002,0.00531673
2,0.0004,0.644238
3,0.0006,10.0022
4,0.0008,10.002
5,0.001,10.0019
