,Current,Voltage
0,0.0,0.000214577
1,0.0002,0.00452757
2,0.0004,0.0088191
3,0.0006,0.013051
4,0.0008,0.0173354
5,0.001,0.0215983
