,Current,Voltage
0,0.0,0.000178814
1,0.0002,0.00326872
2,0.0004,0.00631332
3,0.0006,0.00934839
4,0.0008,0.0123811
5,0.001,0.0154257
