,Current,Voltage
0,0.0,0.000526905
1,0.0002,0.0208998
2,0.0004,0.0413728
3,0.0006,0.0616097
4,0.0008,0.0820804
5,0.001,0.102341
