,Current,Voltage
0,0.0,0.000121593
1,0.0002,5.48363e-05
2,0.0004,-0.000112057
3,0.0006,-0.000240803
4,0.0008,-0.000391006
5,0.001,-0.000522137
