,Current,Voltage
0,0.0,0.0230765
1,0.0002,0.913723
2,0.0004,1.81088
3,0.0006,2.70176
4,0.0008,3.60052
5,0.001,4.49214
