,Current,Voltage
0,0.0,0.00346661
1,0.0002,0.136507
2,0.0004,0.270815
3,0.0006,0.403972
4,0.0008,0.538173
5,0.001,0.67121
