,Current,Voltage
0,0.0,-1.0178
1,0.0002,-0.509772
2,0.0004,-0.133553
3,0.0006,0.148811
4,0.0008,0.370319
5,0.001,0.548308
