,Current,Voltage
0,0.0,0.00014782
1,0.0002,0.00204802
2,0.0004,0.00392199
3,0.0006,0.00577211
4,0.0008,0.00761986
5,0.001,0.0094533
