,Current,Voltage
0,0.0,0.000140667
1,0.0002,0.00235081
2,0.0004,0.00454187
3,0.0006,0.00668287
4,0.0008,0.00883341
5,0.001,0.0109816
