,Current,Voltage
0,0.0,-4.05312e-05
1,0.0002,0.000696182
2,0.0004,0.00141859
3,0.0006,0.00205994
4,0.0008,0.00280619
5,0.001,0.00352144
