,Current,Voltage
0,0.0,0.000119209
1,0.0002,0.00150204
2,0.0004,0.00283957
3,0.0006,0.00415087
4,0.0008,0.00549555
5,0.001,0.00680208
