,Current,Voltage
0,0.0,-1.97086
1,0.0002,-1.79307
2,0.0004,-1.62093
3,0.0006,-1.45016
4,0.0008,-1.27839
5,0.001,-1.10809
