,Current,Voltage
0,0.0,-1.75727
1,0.0002,-1.7146
2,0.0004,-1.67313
3,0.0006,-1.63239
4,0.0008,-1.59208
5,0.001,-1.55228
