,Current,Voltage
0,0.0,0.000171661
1,0.0002,0.00191212
2,0.0004,0.00357151
3,0.0006,0.00529289
4,0.0008,0.00694513
5,0.001,0.0086236
