,Current,Voltage
0,0.0,-0.0288272
1,0.0002,0.00941753
2,0.0004,0.0111675
3,0.0006,0.0121498
4,0.0008,0.0127244
5,0.001,0.0136304
