,Current,Voltage
0,0.0,0.000126362
1,0.0002,0.0022459
2,0.0004,0.00432014
3,0.0006,0.00636816
4,0.0008,0.00843048
5,0.001,0.0104833
