,Current,Voltage
0,0.0,8.10623e-05
1,0.0002,0.0014329
2,0.0004,0.00272274
3,0.0006,0.00397682
4,0.0008,0.00527382
5,0.001,0.00657558
