,Current,Voltage
0,0.0,0.000133514
1,0.0002,0.00251055
2,0.0004,0.0047946
3,0.0006,0.00706911
4,0.0008,0.00930309
5,0.001,0.0115633
