,Current,Voltage
0,0.0,0.000119209
1,0.0002,0.00123978
2,0.0004,0.00228167
3,0.0006,0.00333309
4,0.0008,0.00439882
5,0.001,0.00546932
