,Current,Voltage
0,0.0,0.000135899
1,0.0002,0.00234127
2,0.0004,0.00447273
3,0.0006,0.00660419
4,0.0008,0.00874758
5,0.001,0.010848
