,Current,Voltage
0,0.0,-1.37514
1,0.0002,-1.28084
2,0.0004,-1.21803
3,0.0006,-1.15786
4,0.0008,-1.09923
5,0.001,-1.04227
