,Current,Voltage
0,0.0,0.000126362
1,0.0002,0.00181437
2,0.0004,0.00349283
3,0.0006,0.00511885
4,0.0008,0.006814
5,0.001,0.00843525
