,Current,Voltage
0,0.0,0.000119209
1,0.0002,0.00147104
2,0.0004,0.00279903
3,0.0006,0.00408411
4,0.0008,0.00540495
5,0.001,0.00676632
