,Current,Voltage
0,0.0,0.000145435
1,0.0002,0.00233173
2,0.0004,0.00445366
3,0.0006,0.00651836
4,0.0008,0.00867605
5,0.001,0.0107479
