,Current,Voltage
0,0.0,0.000162125
1,0.0002,0.00310659
2,0.0004,0.00609159
3,0.0006,0.008986
4,0.0008,0.0118876
5,0.001,0.0147891
