,Current,Voltage
0,0.0,-1.34391
1,0.0002,-1.22383
2,0.0004,-1.15088
3,0.0006,-1.08274
4,0.0008,-1.01982
5,0.001,-0.959096
