,Current,Voltage
0,0.0,0.00017643
1,0.0002,0.00265121
2,0.0004,0.00508785
3,0.0006,0.00747681
4,0.0008,0.00991106
5,0.001,0.0123048
