,Current,Voltage
0,0.0,0.000143051
1,0.0002,0.00200748
2,0.0004,0.00386715
3,0.0006,0.00570536
4,0.0008,0.00751019
5,0.001,0.00932932
