,Current,Voltage
0,0.0,-1.32098
1,0.0002,-1.17319
2,0.0004,-1.12737
3,0.0006,-1.08384
4,0.0008,-1.04162
5,0.001,-1.00049
