,Current,Voltage
0,0.0,-1.72039
1,0.0002,-1.65864
2,0.0004,-1.58741
3,0.0006,-1.51692
4,0.0008,-1.44625
5,0.001,-1.37598
