,Current,Voltage
0,0.0,0.000138283
1,0.0002,0.00161648
2,0.0004,0.00298977
3,0.0006,0.00439882
4,0.0008,0.00577688
5,0.001,0.00717402
