,Current,Voltage
0,0.0,0.000138283
1,0.0002,0.00213861
2,0.0004,0.00411987
3,0.0006,0.00607967
4,0.0008,0.00807047
5,0.001,0.0100231
