,Current,Voltage
0,0.0,0.000252724
1,0.0002,0.00567436
2,0.0004,0.011065
3,0.0006,0.0163937
4,0.0008,0.0217438
5,0.001,0.0271153
