,Current,Voltage
0,0.0,-1.23332
1,0.0002,-1.12582
2,0.0004,-1.05175
3,0.0006,-0.990434
4,0.0008,-0.93569
5,0.001,-0.88506
