,Current,Voltage
0,0.0,0.000171661
1,0.0002,0.00161648
2,0.0004,0.00302792
3,0.0006,0.00447035
4,0.0008,0.00588894
5,0.001,0.00729561
