,Current,Voltage
0,0.0,0.00013113
1,0.0002,0.00174046
2,0.0004,0.00332832
3,0.0006,0.00487566
4,0.0008,0.00639677
5,0.001,0.00797749
