,Current,Voltage
0,0.0,0.000114441
1,0.0002,0.00218868
2,0.0004,0.00416517
3,0.0006,0.0061655
4,0.0008,0.00817537
5,0.001,0.0101614
