,Current,Voltage
0,0.0,-1.38886
1,0.0002,-1.33814
2,0.0004,-1.29073
3,0.0006,-1.24535
4,0.0008,-1.20128
5,0.001,-1.15843
