,Current,Voltage
0,0.0,0.000164509
1,0.0002,0.00253201
2,0.0004,0.00489473
3,0.0006,0.00726223
4,0.0008,0.00962496
5,0.001,0.0119233
