,Current,Voltage
0,0.0,0.000104904
1,0.0002,0.00216007
2,0.0004,0.00415325
3,0.0006,0.00613451
4,0.0008,0.00814676
5,0.001,0.0100899
