,Current,Voltage
0,0.0,-1.35878
1,0.0002,-1.24632
2,0.0004,-1.14862
3,0.0006,-1.06048
4,0.0008,-0.979879
5,0.001,-0.905569
