,Current,Voltage
0,0.0,-1.32664
1,0.0002,-1.26501
2,0.0004,-1.19995
3,0.0006,-1.14243
4,0.0008,-1.08995
5,0.001,-1.04271
