,Current,Voltage
0,0.0,0.00014782
1,0.0002,0.00358343
2,0.0004,0.00695705
3,0.0006,0.0102806
4,0.0008,0.0136971
5,0.001,0.0170684
