,Current,Voltage
0,0.0,0.000112057
1,0.0002,0.00208616
2,0.0004,0.0040102
3,0.0006,0.00589848
4,0.0008,0.00777006
5,0.001,0.00969887
