,Current,Voltage
0,0.0,0.000171661
1,0.0002,0.00146627
2,0.0004,0.00273705
3,0.0006,0.00392914
4,0.0008,0.0051856
5,0.001,0.00642061
