,Current,Voltage
0,0.0,0.000123978
1,0.0002,0.00237703
2,0.0004,0.00462055
3,0.0006,0.00681639
4,0.0008,0.00901461
5,0.001,0.0111985
