,Current,Voltage
0,0.0,0.000178814
1,0.0002,0.00342846
2,0.0004,0.00663042
3,0.0006,0.00981092
4,0.0008,0.0130606
5,0.001,0.0162244
