,Current,Voltage
0,0.0,0.000157356
1,0.0002,0.00174284
2,0.0004,0.00329018
3,0.0006,0.00484943
4,0.0008,0.00643015
5,0.001,0.00794649
