,Current,Voltage
0,0.0,0.00014782
1,0.0002,0.00213861
2,0.0004,0.00404835
3,0.0006,0.00596285
4,0.0008,0.00794649
5,0.001,0.00984907
