,Current,Voltage
0,0.0,0.000145435
1,0.0002,0.00231028
2,0.0004,0.00447273
3,0.0006,0.00659943
4,0.0008,0.00878811
5,0.001,0.0109386
