,Current,Voltage
0,0.0,-1.98303
1,0.0002,-1.94054
2,0.0004,-1.89812
3,0.0006,-1.85605
4,0.0008,-1.8142
5,0.001,-1.77276
