,Current,Voltage
0,0.0,0.000138283
1,0.0002,0.00141144
2,0.0004,0.00264645
3,0.0006,0.00389576
4,0.0008,0.00509262
5,0.001,0.0063014
