,Current,Voltage
0,0.0,0.000133514
1,0.0002,0.000953674
2,0.0004,0.00170708
3,0.0006,0.00249624
4,0.0008,0.00329733
5,0.001,0.00408649
