,Current,Voltage
0,0.0,0.000143051
1,0.0002,0.00249147
2,0.0004,0.0047183
3,0.0006,0.00696421
4,0.0008,0.00925541
5,0.001,0.0114489
