,Current,Voltage
0,0.0,-0.085144
1,0.0002,-0.00334501
2,0.0004,0.0226927
3,0.0006,0.0118065
4,0.0008,0.0127912
5,0.001,0.0082159
