,Current,Voltage
0,0.0,0.000112057
1,0.0002,0.00198364
2,0.0004,0.00388145
3,0.0006,0.00569582
4,0.0008,0.00756264
5,0.001,0.00939369
