,Current,Voltage
0,0.0,0.000109673
1,0.0002,0.00186682
2,0.0004,0.00359297
3,0.0006,0.00531197
4,0.0008,0.00701189
5,0.001,0.00873566
