,Current,Voltage
0,0.0,0.00020504
1,0.0002,0.00264406
2,0.0004,0.00508308
3,0.0006,0.00748396
4,0.0008,0.00991106
5,0.001,0.0123477
