,Current,Voltage
0,0.0,0.000140667
1,0.0002,0.0018239
2,0.0004,0.00346422
3,0.0006,0.00508547
4,0.0008,0.00671625
5,0.001,0.00831127
