,Current,Voltage
0,0.0,0.00940204
1,8e-10,0.0170364
2,1.6e-09,0.0246913
3,2.4e-09,0.0322797
4,3.2e-09,0.0398908
5,4e-09,0.0475261
