,Current,Voltage
0,0.0,0.008003
1,8e-10,0.0230184
2,1.6e-09,0.0379822
3,2.4e-09,0.0529578
4,3.2e-09,0.0678978
5,4e-09,0.0828588
