,Current,Voltage
0,0.0,0.000188351
1,0.0002,0.00479937
2,0.0004,0.00940323
3,0.0006,0.0139236
4,0.0008,0.0184798
5,0.001,0.0230455
