,Current,Voltage
0,0.0,0.00025034
1,0.0002,0.00621557
2,0.0004,0.012095
3,0.0006,0.0180244
4,0.0008,0.0238919
5,0.001,0.0298023
