,Current,Voltage
0,0.0,0.00026226
1,0.0002,0.00645876
2,0.0004,0.01261
3,0.0006,0.0187278
4,0.0008,0.0249314
5,0.001,0.0310516
