,Current,Voltage
0,0.0,0.00017643
1,0.0002,0.00410795
2,0.0004,0.00798464
3,0.0006,0.0118113
4,0.0008,0.0156736
5,0.001,0.019536
