,Current,Voltage
0,0.0,0.000197887
1,0.0002,0.00509977
2,0.0004,0.00994682
3,0.0006,0.0148106
4,0.0008,0.0196862
5,0.001,0.0244761
