,Current,Voltage
0,0.0,0.00020504
1,0.0002,0.00495911
2,0.0004,0.0096488
3,0.0006,0.0143242
4,0.0008,0.0190377
5,0.001,0.0237322
