,Current,Voltage
0,0.0,0.000281334
1,0.0002,0.00672579
2,0.0004,0.0131011
3,0.0006,0.0194407
4,0.0008,0.0259018
5,0.001,0.0322342
