,Current,Voltage
0,0.0,0.000181198
1,0.0002,0.00562191
2,0.0004,0.0109768
3,0.0006,0.0163317
4,0.0008,0.0216985
5,0.001,0.0270462
