,Current,Voltage
0,0.0,0.000987053
1,0.0002,1.71683
2,0.0004,5.06062
3,0.0006,8.49302
4,0.0008,10.002
5,0.001,10.002
