,Current,Voltage
0,0.0,0.000224113
1,0.0002,0.00534534
2,0.0004,0.0104237
3,0.0006,0.0154972
4,0.0008,0.0206017
5,0.001,0.0256753
