,Current,Voltage
0,0.0,0.000207424
1,0.0002,0.0031352
2,0.0004,0.00608206
3,0.0006,0.008986
4,0.0008,0.0119138
5,0.001,0.0148106
