,Current,Voltage
0,0.0,0.000319481
1,0.0002,0.0100183
2,0.0004,0.0197577
3,0.0006,0.0294065
4,0.0008,0.039165
5,0.001,0.0488091
