,Current,Voltage
0,0.0,0.000231266
1,0.0002,0.00478983
2,0.0004,0.00934839
3,0.0006,0.0138354
4,0.0008,0.0183821
5,0.001,0.0228977
