,Current,Voltage
0,0.0,0.000228882
1,0.0002,0.00455618
2,0.0004,0.00890732
3,0.0006,0.013206
4,0.0008,0.0175261
5,0.001,0.0218368
