,Current,Voltage
0,0.0,0.000171661
1,0.0002,0.00412464
2,0.0004,0.00808954
3,0.0006,0.0119758
4,0.0008,0.0159335
5,0.001,0.0197911
