,Current,Voltage
0,0.0,0.000407696
1,0.0002,0.0123739
2,0.0004,0.0243735
3,0.0006,0.0362849
4,0.0008,0.0482821
5,0.001,0.0602221
