,Current,Voltage
0,0.0,0.000200272
1,0.0002,0.00282049
2,0.0004,0.00543833
3,0.0006,0.00795126
4,0.0008,0.0105619
5,0.001,0.0131011
