,Current,Voltage
0,0.0,0.000197887
1,0.0002,0.00412464
2,0.0004,0.0080204
3,0.0006,0.0118637
4,0.0008,0.0157261
5,0.001,0.0195956
