,Current,Voltage
0,0.0,0.000143051
1,0.0002,0.00223637
2,0.0004,0.00425816
3,0.0006,0.00623465
4,0.0008,0.00828266
5,0.001,0.0102544
