,Current,Voltage
0,0.0,0.000524521
1,0.0002,0.0183392
2,0.0004,3.01275
3,0.0006,6.04471
4,0.0008,9.16652
5,0.001,10.002
