,Current,Voltage
0,0.0,0.000169277
1,0.0002,0.00374317
2,0.0004,0.00725508
3,0.0006,0.0107336
4,0.0008,0.0143218
5,0.001,0.0177836
