,Current,Voltage
0,0.0,0.000243187
1,0.0002,0.00682592
2,0.0004,0.0134206
3,0.0006,0.0199342
4,0.0008,0.0265121
5,0.001,0.0330639
