,Current,Voltage
0,0.0,0.000329018
1,0.0002,0.00802994
2,0.0004,0.0157046
3,0.0006,0.0233626
4,0.0008,0.0310612
5,0.001,0.0387025
