,Current,Voltage
0,0.0,0.000760555
1,0.0002,0.0263786
2,0.0004,0.0521994
3,0.0006,0.0777936
4,0.0008,0.103655
5,0.001,0.12923
