,Current,Voltage
0,0.0,0.000178814
1,0.0002,0.0044775
2,0.0004,0.00868797
3,0.0006,0.0128913
4,0.0008,0.0170946
5,0.001,0.021317
