,Current,Voltage
0,0.0,0.000290871
1,0.0002,0.00736475
2,0.0004,0.014441
3,0.0006,0.0214696
4,0.0008,0.0285721
5,0.001,0.0355721
