,Current,Voltage
0,0.0,0.000271797
1,0.0002,0.00662327
2,0.0004,0.0129867
3,0.0006,0.0192904
4,0.0008,0.0256348
5,0.001,0.0319266
