,Current,Voltage
0,0.0,0.000247955
1,0.0002,0.00658274
2,0.0004,0.0129151
3,0.0006,0.0191998
4,0.0008,0.0255561
5,0.001,0.0318384
