,Current,Voltage
0,0.0,0.00187874
1,0.0002,0.0679588
2,0.0004,2.29532
3,0.0006,4.82352
4,0.0008,7.52189
5,0.001,9.92575
