,Current,Voltage
0,0.0,0.00020504
1,0.0002,0.00543594
2,0.0004,0.0106883
3,0.0006,0.0158668
4,0.0008,0.0211358
5,0.001,0.0262809
