,Current,Voltage
0,0.0,0.000543594
1,0.0002,0.0188708
2,0.0004,0.0372171
3,0.0006,0.055418
4,0.0008,0.0737715
5,0.001,0.0920033
