,Current,Voltage
0,0.0,0.000514984
1,0.0002,0.0149632
2,0.0004,0.0294614
3,0.0006,0.0439072
4,0.0008,0.0584817
5,0.001,0.0729251
