,Current,Voltage
0,0.0,0.000257492
1,0.0002,0.00612259
2,0.0004,0.0119281
3,0.0006,0.0176954
4,0.0008,0.0235438
5,0.001,0.029285
