,Current,Voltage
0,0.0,0.000405312
1,0.0002,0.0123405
2,0.0004,0.0242758
3,0.0006,0.0361443
4,0.0008,0.0480986
5,0.001,0.0599647
