,Current,Voltage
0,0.0,0.000388622
1,0.0002,0.0117826
2,0.0004,0.0232124
3,0.0006,0.0345159
4,0.0008,0.0459433
5,0.001,0.057199
