,Current,Voltage
0,0.0,0.00121355
1,0.0002,0.0411987
2,0.0004,0.068121
3,0.0006,0.101509
4,0.0008,0.135241
5,0.001,0.168681
