,Current,Voltage
0,0.0,0.000209808
1,0.0002,0.00462532
2,0.0004,0.00903845
3,0.0006,0.0133324
4,0.0008,0.017736
5,0.001,0.0220728
