,Current,Voltage
0,0.0,0.00020504
1,0.0002,0.00544786
2,0.0004,0.0106835
3,0.0006,0.0158548
4,0.0008,0.021081
5,0.001,0.0262499
