,Current,Voltage
0,0.0,0.000486374
1,0.0002,0.0147867
2,0.0004,0.0291371
3,0.0006,0.0433636
4,0.0008,0.0577021
5,0.001,0.0719142
