,Current,Voltage
0,0.0,0.000255108
1,0.0002,0.00645638
2,0.0004,0.0126195
3,0.0006,0.0187445
4,0.0008,0.0249434
5,0.001,0.031054
