,Current,Voltage
0,0.0,0.000202656
1,0.0002,0.00431776
2,0.0004,0.00840664
3,0.0006,0.0124526
4,0.0008,0.0165391
5,0.001,0.0205827
