,Current,Voltage
0,0.0,0.000219345
1,0.0002,0.00566959
2,0.0004,0.0111032
3,0.0006,0.01647
4,0.0008,0.0218868
5,0.001,0.0272298
