,Current,Voltage
0,0.0,0.000193119
1,0.0002,0.00464916
2,0.0004,0.00911713
3,0.0006,0.0134873
4,0.0008,0.0179243
5,0.001,0.0223374
