,Current,Voltage
0,0.0,0.000166893
1,0.0002,0.00473499
2,0.0004,0.00926971
3,0.0006,0.0137424
4,0.0008,0.0182843
5,0.001,0.0228858
