,Current,Voltage
0,0.0,0.00461388
1,8e-10,0.0132551
2,1.6e-09,0.0219154
3,2.4e-09,0.0305641
4,3.2e-09,0.0392067
5,4e-09,0.0478568
