,Current,Voltage
0,0.0,0.00390267
1,8e-10,0.0111749
2,1.6e-09,0.0184343
3,2.4e-09,0.0256844
4,3.2e-09,0.0329256
5,4e-09,0.0401928
