,Current,Voltage
0,0.0,0.0049932
1,8e-10,0.0128071
2,1.6e-09,0.0206041
3,2.4e-09,0.0283799
4,3.2e-09,0.0361676
5,4e-09,0.0439262
