{
  "mapping_offsets": [
    0.0,
    1.0,
    2.0,
    3.0,
    4.0,
    5.0,
    6.0
  ],
  "flir_offsets": [
    0,
    15,
    30
  ],
  "spin_speed": {
    "min": 100.0,
    "max": 3800.0,
    "value": {
      "0": 1000,
      "1": 1000,
      "2": 1000,
      "3": 1000,
      "4": 1000,
      "5": 1000,
      "6": 1000,
      "7": 1000,
      "8": 1000,
      "9": 1000,
      "10": 1000,
      "11": 1000,
      "12": 1000,
      "13": 1000,
      "14": 1000,
      "15": 1000
    },
    "units": "RPM",
    "optimize_with_chem_os": false
  },
  "spin_time": {
    "min": 10.0,
    "max": 120.0,
    "value": {
      "0": 60,
      "1": 60,
      "2": 60,
      "3": 60,
      "4": 60,
      "5": 60,
      "6": 60,
      "7": 60,
      "8": 60,
      "9": 60,
      "10": 60,
      "11": 60,
      "12": 60,
      "13": 60,
      "14": 60,
      "15": 60
    },
    "units": "s",
    "optimize_with_chem_os": false
  },
  "dispense_volume": {
    "min": 0.001,
    "max": 1.0,
    "value": 0.1,
    "units": "mL",
    "optimize_with_chem_os": false
  },
  "campaign_dispensed_amounts": {
    "spiro": {
      "chemical_name": "Spiro",
      "varied": false,
      "value": 0.11529999999999951,
      "units": "mg",
      "metadata": {
        "molar_weight_ mg": 1225.43,
        "concentration_mg_ml": 50,
        "requested_param": null,
        "requested_vol": 0.14308433416898517
      }
    },
    "cobalt": {
      "chemical_name": "FK102",
      "varied": true,
      "value": 0.05049999999999999,
      "units": "mg",
      "metadata": {
        "molar_weight_ mg": 1334.86,
        "concentration_mg_ml": 50,
        "requested_param": null,
        "requested_vol": 0.0652489991643482
      }
    },
    "tbp": {
      "chemical_name": "tBP",
      "varied": false,
      "value": 0.03049999999999997,
      "units": "mg",
      "metadata": {
        "molar_weight_ mg": 135.21,
        "concentration_mg_ml": 50,
        "requested_param": null,
        "requested_vol": 0.04166666666666667
      }
    },
    "annealing": {
      "varied": true,
      "value": 76.2543797492981,
      "units": "s",
      "metadata": {}
    }
  },
  "properties": {
    "measurement_0": 1.4226332590778855e-07,
    "measurement_1": 2.0356801535223215e-07,
    "measurement_2": 1.651695546813625e-07,
    "measurement_3": 1.7110894266793773e-07,
    "measurement_4": 1.970952840053271e-07,
    "measurement_5": 2.0605809651017997e-07,
    "measurement_6": 2.034621287302887e-07,
    "measurement_mean": 1.8410362112215954e-07
  },
  "active_parameters_pickle_file": {
    "filename": "not yet defined"
  },
  "processes": {
    "x0": 0.024811388257741915,
    "x1": 0.5346822142601013
  },
  "chemOS": {
    "requested_params": {
      "x0": 0.4186340570449829,
      "x1": 0.31772658228874207
    },
    "output_for_previous": {
      "campaign_name": "pseudomobility",
      "session_id": "9d97a479-d129-410e-a3ee-9c638411253c",
      "experiment_id": "437694c8-c55c-4c97-b0e2-380d73f18961",
      "execution_id": "00b6faa2",
      "robot_id": "7fed69c8",
      "processes": {
        "x0": 0.024811388257741915,
        "x1": 0.5346822142601013
      },
      "properties": {
        "measurement_0": 1.4226332590778855e-07,
        "measurement_1": 2.0356801535223215e-07,
        "measurement_2": 1.651695546813625e-07,
        "measurement_3": 1.7110894266793773e-07,
        "measurement_4": 1.970952840053271e-07,
        "measurement_5": 2.0605809651017997e-07,
        "measurement_6": 2.034621287302887e-07,
        "measurement_mean": 1.8410362112215954e-07
      }
    }
  },
  "operator_name": "Ray",
  "operator_comment": "chemos optimization Co anneal mean Ps"
}