,Current,Voltage
0,0.0,0.00782752
1,8e-10,0.0230734
2,1.6e-09,0.0383019
3,2.4e-09,0.0535054
4,3.2e-09,0.068707
5,4e-09,0.0839143
