,Current,Voltage
0,0.0,0.000154972
1,0.0002,0.00202656
2,0.0004,0.00383377
3,0.0006,0.00566959
4,0.0008,0.00750542
5,0.001,0.0092864
