,Current,Voltage
0,0.0,0.000162125
1,0.0002,0.00445843
2,0.0004,0.00874519
3,0.0006,0.0129795
4,0.0008,0.0172234
5,0.001,0.0214553
