,Current,Voltage
0,0.0,0.00015974
1,0.0002,0.00260353
2,0.0004,0.00493526
3,0.0006,0.00729799
4,0.0008,0.0096941
5,0.001,0.0120282
