,Current,Voltage
0,0.0,0.000169277
1,0.0002,0.00211954
2,0.0004,0.00399351
3,0.0006,0.00589848
4,0.0008,0.00776052
5,0.001,0.00966787
