,Current,Voltage
0,0.0,0.000119209
1,0.0002,0.00299454
2,0.0004,0.00574589
3,0.0006,0.00850677
4,0.0008,0.0113058
5,0.001,0.0140905
