,Current,Voltage
0,0.0,0.000112057
1,0.0002,0.00225544
2,0.0004,0.0043869
3,0.0006,0.00648022
4,0.0008,0.00857115
5,0.001,0.0106716
