,Current,Voltage
0,0.0,0.000162125
1,0.0002,0.00388622
2,0.0004,0.00761747
3,0.0006,0.0112915
4,0.0008,0.0150108
5,0.001,0.018692
