,Current,Voltage
0,0.0,0.000150204
1,0.0002,0.00156641
2,0.0004,2.63705
3,0.0006,5.45806
4,0.0008,8.44009
5,0.001,10.0019
