,Current,Voltage
0,0.0,0.000166893
1,0.0002,0.00226736
2,0.0004,0.00433445
3,0.0006,0.00638962
4,0.0008,0.00844002
5,0.001,0.0105
