,Current,Voltage
0,0.0,0.000138283
1,0.0002,0.00242949
2,0.0004,0.0047183
3,0.0006,0.00691891
4,0.0008,0.00919819
5,0.001,0.0113654
