,Current,Voltage
0,0.0,0.000143051
1,0.0002,0.0025773
2,0.0004,0.00491142
3,0.0006,0.00720263
4,0.0008,0.00953674
5,0.001,0.0118804
