,Current,Voltage
0,0.0,0.000166893
1,0.0002,0.00216007
2,0.0004,0.00413418
3,0.0006,0.00606298
4,0.0008,0.00802517
5,0.001,0.00995159
