,Current,Voltage
0,0.0,0.000104904
1,0.0002,0.00243425
2,0.0004,0.00467062
3,0.0006,0.00690937
4,0.0008,0.00915289
5,0.001,0.011375
