,Current,Voltage
0,0.0,0.000138283
1,0.0002,0.00226259
2,0.0004,0.00431776
3,0.0006,0.006392
4,0.0008,0.00845432
5,0.001,0.0105
