,Current,Voltage
0,0.0,0.000171661
1,0.0002,0.00310659
2,0.0004,0.00603199
3,0.0006,0.00893116
4,0.0008,0.0118613
5,0.001,0.0147653
