,Current,Voltage
0,0.0,0.000152588
1,0.0002,0.00221252
2,0.0004,0.00429869
3,0.0006,0.0063014
4,0.0008,0.00837326
5,0.001,0.0103521
