,Current,Voltage
0,0.0,0.000166893
1,0.0002,0.00231743
2,0.0004,0.00446081
3,0.0006,0.00656128
4,0.0008,0.00868082
5,0.001,0.0107932
