,Current,Voltage
0,0.0,0.000190735
1,0.0002,0.00247955
2,0.0004,0.00472307
3,0.0006,0.00701427
4,0.0008,0.00925064
5,0.001,0.0115156
