,Current,Voltage
0,0.0,0.000145435
1,0.0002,0.00238895
2,0.0004,0.00458956
3,0.0006,0.00679731
4,0.0008,0.00897169
5,0.001,0.0111532
