,Current,Voltage
0,0.0,0.000195503
1,0.0002,0.00302076
2,0.0004,0.00569582
3,0.0006,0.00837326
4,0.0008,0.0111294
5,0.001,0.0138426
