,Current,Voltage
0,0.0,0.000119209
1,0.0002,0.0023222
2,0.0004,0.00447512
3,0.0006,0.00662088
4,0.0008,0.00873327
5,0.001,0.0108576
