,Current,Voltage
0,0.0,0.000112057
1,0.0002,0.00202656
2,0.0004,0.00387192
3,0.0006,0.0056982
4,0.0008,0.00755072
5,0.001,0.009408
