,Current,Voltage
0,0.0,0.000169277
1,0.0002,0.00353813
2,0.0004,0.00689983
3,0.0006,0.0102353
4,0.0008,0.0135493
5,0.001,0.0169182
