,Current,Voltage
0,0.0,0.000224113
1,0.0002,0.00282764
2,0.0004,0.00544548
3,0.0006,0.00801325
4,0.0008,0.0106168
5,0.001,0.0132322
