,Current,Voltage
0,0.0,0.000185966
1,0.0002,0.00215054
2,0.0004,0.00409126
3,0.0006,0.0060153
4,0.0008,0.00794888
5,0.001,0.00982523
