,Current,Voltage
0,0.0,0.00013113
1,0.0002,0.00210285
2,0.0004,0.00398397
3,0.0006,0.00588417
4,0.0008,0.00778913
5,0.001,0.00970602
