,Current,Voltage
0,0.0,0.000109673
1,0.0002,0.00280857
2,0.0004,0.00544071
3,0.0006,0.00806093
4,0.0008,0.0106764
5,0.001,0.0133061
