,Current,Voltage
0,0.0,0.000145435
1,0.0002,0.00204325
2,0.0004,0.00393152
3,0.0006,0.00578642
4,0.0008,0.00768185
5,0.001,0.0094986
