,Current,Voltage
0,0.0,0.000154972
1,0.0002,0.00341654
2,0.0004,0.0067091
3,0.0006,0.00993013
4,0.0008,0.013175
5,0.001,0.0164199
