,Current,Voltage
0,0.0,0.00013113
1,0.0002,0.00185013
2,0.0004,0.00348568
3,0.0006,0.00514507
4,0.0008,0.00682592
5,0.001,0.0085187
