,Current,Voltage
0,0.0,0.000267029
1,0.0002,2.61742
2,0.0004,7.21449
3,0.0006,10.002
4,0.0008,10.0019
5,0.001,10.0019
