,Current,Voltage
0,0.0,0.000207424
1,0.0002,0.0043273
2,0.0004,0.00838518
3,0.0006,0.0123954
4,0.0008,0.016489
5,0.001,0.0205302
