,Current,Voltage
0,0.0,0.000171661
1,0.0002,0.00371218
2,0.0004,0.00715494
3,0.0006,0.0105715
4,0.0008,0.0140238
5,0.001,0.0174761
