,Current,Voltage
0,0.0,0.000119209
1,0.0002,0.0020647
2,0.0004,0.00396967
3,0.0006,0.0058341
4,0.0008,0.00775099
5,0.001,0.00962019
