,Current,Voltage
0,0.0,0.000123978
1,0.0002,0.00196218
2,0.0004,0.00374079
3,0.0006,0.00549793
4,0.0008,0.00727892
5,0.001,0.00905752
