,Current,Voltage
0,0.0,0.000123978
1,0.0002,0.00251532
2,0.0004,0.00487328
3,0.0006,0.00717402
4,0.0008,0.00955105
5,0.001,0.0118113
