,Current,Voltage
0,0.0,0.000293255
1,0.0002,1.11496
2,0.0004,5.14128
3,0.0006,7.63198
4,0.0008,7.17012
5,0.001,6.0712
