,Current,Voltage
0,0.0,0.00010252
1,0.0002,0.00231743
2,0.0004,0.00446081
3,0.0006,0.00662565
4,0.0008,0.0088048
5,0.001,0.0108862
