,Current,Voltage
0,0.0,0.000145435
1,0.0002,0.00231981
2,0.0004,0.00446796
3,0.0006,0.00660896
4,0.0008,0.00878096
5,0.001,0.0109076
