,Current,Voltage
0,0.0,0.000135899
1,0.0002,0.00231266
2,0.0004,0.00440359
3,0.0006,0.00648499
4,0.0008,0.00855684
5,0.001,0.0106049
