,Current,Voltage
0,0.0,0.00014782
1,0.0002,0.00374794
2,0.0004,0.00733137
3,0.0006,0.0108266
4,0.0008,0.0143886
5,0.001,0.0178742
