,Current,Voltage
0,0.0,0.000150204
1,0.0002,0.0023222
2,0.0004,0.00444651
3,0.0006,0.00656366
4,0.0008,0.00869513
5,0.001,0.0108123
