,Current,Voltage
0,0.0,0.000100136
1,0.0002,0.00198841
2,0.0004,0.00383854
3,0.0006,0.00564814
4,0.0008,0.00746965
5,0.001,0.00928879
