,Current,Voltage
0,0.0,0.000119209
1,0.0002,0.00200272
2,0.0004,0.00388384
3,0.0006,0.00572681
4,0.0008,0.00757694
5,0.001,0.00940323
