,Current,Voltage
0,0.0,0.000154972
1,0.0002,0.00221014
2,0.0004,0.00426292
3,0.0006,0.00634193
4,0.0008,0.00835896
5,0.001,0.0104022
