,Current,Voltage
0,0.0,0.000150204
1,0.0002,0.00265598
2,0.0004,0.00519037
3,0.0006,0.00762224
4,0.0008,0.0100946
5,0.001,0.0125933
