,Current,Voltage
0,0.0,0.000157356
1,0.0002,0.00207901
2,0.0004,0.00393629
3,0.0006,0.00582457
4,0.0008,0.00770092
5,0.001,0.00956059
