,Current,Voltage
0,0.0,0.000169277
1,0.0002,0.0020647
2,0.0004,0.00390291
3,0.0006,0.00576496
4,0.0008,0.00761747
5,0.001,0.00945091
