,Current,Voltage
0,0.0,0.000133514
1,0.0002,0.00247002
2,0.0004,0.00465155
3,0.0006,0.0068903
4,0.0008,0.00912666
5,0.001,0.011363
