,Current,Voltage
0,0.0,0.000715256
1,0.0002,0.0262785
2,0.0004,0.0519729
3,0.0006,0.0774217
4,0.0008,0.103192
5,0.001,0.128794
