,Current,Voltage
0,0.0,0.000510216
1,0.0002,0.0162387
2,0.0004,0.0321007
3,0.0006,0.0478315
4,0.0008,0.0636458
5,0.001,0.0792956
