,Current,Voltage
0,0.0,0.000596046
1,0.0002,0.0164771
2,0.0004,0.0325155
3,0.0006,0.0483775
4,0.0008,0.0643849
5,0.001,0.0802732
