,Current,Voltage
0,0.0,0.00036478
1,0.0002,0.0105762
2,0.0004,0.0208616
3,0.0006,0.0310183
4,0.0008,0.0413132
5,0.001,0.051446
