,Current,Voltage
0,0.0,0.000429153
1,0.0002,0.0119543
2,0.0004,0.0235248
3,0.0006,0.0350189
4,0.0008,0.0465989
5,0.001,0.0580812
