,Current,Voltage
0,0.0,0.000388622
1,0.0002,0.0119305
2,0.0004,0.0234914
3,0.0006,0.0349689
4,0.0008,0.0465274
5,0.001,0.0580096
