,Current,Voltage
0,0.0,0.000505447
1,0.0002,0.0164747
2,0.0004,0.0324702
3,0.0006,0.0483179
4,0.0008,0.0643706
5,0.001,0.0801992
