,Current,Voltage
0,0.0,0.000488758
1,0.0002,0.0151157
2,0.0004,0.0297737
3,0.0006,0.0443602
4,0.0008,0.0590444
5,0.001,0.0735593
