,Current,Voltage
0,0.0,0.000402927
1,0.0002,0.0107813
2,0.0004,0.021162
3,0.0006,0.0314808
4,0.0008,0.0419188
5,0.001,0.0521994
