,Current,Voltage
0,0.0,0.000529289
1,0.0002,0.0155354
2,0.0004,0.0305724
3,0.0006,0.0455117
4,0.0008,0.0605869
5,0.001,0.0755334
