,Current,Voltage
0,0.0,0.00048399
1,0.0002,0.0164413
2,0.0004,0.0324655
3,0.0006,0.0483537
4,0.0008,0.0644112
5,0.001,0.080235
