,Current,Voltage
0,0.0,0.000734329
1,0.0002,0.0238132
2,0.0004,0.0470304
3,0.0006,0.069921
4,0.0008,0.0931001
5,0.001,0.116291
