,Current,Voltage
0,0.0,0.000784397
1,0.0002,0.0265622
2,0.0004,0.0525761
3,0.0006,0.0786066
4,0.0008,0.104735
5,0.001,0.130422
