,Current,Voltage
0,0.0,0.000660419
1,0.0002,0.0239205
2,0.0004,0.0473142
3,0.0006,0.0705504
4,0.0008,0.0939775
5,0.001,0.117192
