,Current,Voltage
0,0.0,0.000665188
1,0.0002,0.0244832
2,0.0004,0.0484991
3,0.0006,0.0721812
4,0.0008,0.0961328
5,0.001,0.11976
