,Current,Voltage
0,0.0,0.00120878
1,0.0002,0.0458407
2,0.0004,0.090785
3,0.0006,0.135317
4,0.0008,0.180223
5,0.001,0.224731
