,Current,Voltage
0,0.0,0.000457764
1,0.0002,0.0135803
2,0.0004,0.0267696
3,0.0006,0.0398707
4,0.0008,0.0530314
5,0.001,0.0661755
