,Current,Voltage
0,0.0,0.000441074
1,0.0002,0.0141287
2,0.0004,0.0278401
3,0.0006,0.0414443
4,0.0008,0.0551605
5,0.001,0.0687814
