,Current,Voltage
0,0.0,0.000588894
1,0.0002,0.00703573
2,0.0004,0.0137377
3,0.0006,0.0204444
4,0.0008,0.0271273
5,0.001,0.0338244
