,Current,Voltage
0,0.0,0.000319481
1,0.0002,0.00976086
2,0.0004,0.0192046
3,0.0006,0.0285578
4,0.0008,0.0379848
5,0.001,0.0474024
