,Current,Voltage
0,0.0,0.00038147
1,0.0002,0.0126147
2,0.0004,0.0249434
3,0.0006,0.0371671
4,0.0008,0.0494838
5,0.001,0.0616908
