,Current,Voltage
0,0.0,0.00121355
1,0.0002,0.0474834
2,0.0004,0.094142
3,0.0006,0.140431
4,0.0008,0.186958
5,0.001,0.233119
