,Current,Voltage
0,0.0,0.000598431
1,0.0002,0.0187635
2,0.0004,0.0370574
3,0.0006,0.0551891
4,0.0008,0.0734401
5,0.001,0.091548
