,Current,Voltage
0,0.0,0.00074625
1,0.0002,0.027082
2,0.0004,0.0536942
3,0.0006,0.0803494
4,0.0008,0.106924
5,0.001,0.133345
