,Current,Voltage
0,0.0,0.00106573
1,0.0002,0.0348306
2,0.0004,0.0688601
3,0.0006,0.102859
4,0.0008,0.136685
5,0.001,0.170448
