,Current,Voltage
0,0.0,0.000414848
1,0.0002,0.0110602
2,0.0004,0.0217247
3,0.0006,0.0323224
4,0.0008,0.0430298
5,0.001,0.0535989
