,Current,Voltage
0,0.0,0.000414848
1,0.0002,0.0109339
2,0.0004,0.0215006
3,0.0006,0.0319886
4,0.0008,0.0425816
5,0.001,0.053153
