,Current,Voltage
0,0.0,0.000448227
1,0.0002,0.0136113
2,0.0004,0.0267887
3,0.0006,0.0399065
4,0.0008,0.0531173
5,0.001,0.0661993
