,Current,Voltage
0,0.0,0.000545979
1,0.0002,0.0174522
2,0.0004,0.0344729
3,0.0006,0.051403
4,0.0008,0.0684023
5,0.001,0.0852752
