,Current,Voltage
0,0.0,0.000417233
1,0.0002,0.0127244
2,0.0004,0.0250483
3,0.0006,0.0372529
4,0.0008,0.0495911
5,0.001,0.0618219
