,Current,Voltage
0,0.0,0.000400543
1,0.0002,0.0128508
2,0.0004,0.0253248
3,0.0006,0.0377488
4,0.0008,0.0502014
5,0.001,0.0625706
