,Current,Voltage
0,0.0,0.000493526
1,0.0002,0.0149155
2,0.0004,0.0294065
3,0.0006,0.0437784
4,0.0008,0.0582457
5,0.001,0.0726342
