,Current,Voltage
0,0.0,0.000433922
1,0.0002,0.0129747
2,0.0004,0.0255609
3,0.0006,0.0379944
4,0.0008,0.0505447
5,0.001,0.0630355
