,Current,Voltage
0,0.0,0.000898838
1,0.0002,0.027318
2,0.0004,0.0539565
3,0.0006,0.0804591
4,0.0008,0.107121
5,0.001,0.133543
