,Current,Voltage
0,0.0,0.0018549
1,0.0002,0.0739264
2,0.0004,0.146606
3,0.0006,0.611458
4,0.0008,3.0278
5,0.001,5.40931
