,Current,Voltage
0,0.0,0.0005126
1,0.0002,0.0155711
2,0.0004,0.0307369
3,0.0006,0.0457859
4,0.0008,0.0609946
5,0.001,0.0760174
