,Current,Voltage
0,0.0,0.000116825
1,0.0002,0.00129223
2,0.0004,0.00247478
3,0.0006,0.0035882
4,0.0008,0.00473261
5,0.001,0.00586987
