,Current,Voltage
0,0.0,0.00017643
1,0.0002,0.00131607
2,0.0004,0.00244617
3,0.0006,0.00355244
4,0.0008,0.00468731
5,0.001,0.0057888
