,Current,Voltage
0,0.0,6.19888e-05
1,0.0002,0.00123739
2,0.0004,0.0023675
3,0.0006,0.0034523
4,0.0008,0.00457764
5,0.001,0.00569105
