,Current,Voltage
0,0.0,9.53674e-05
1,0.0002,0.00127554
2,0.0004,0.00240088
3,0.0006,0.00355244
4,0.0008,0.00467777
5,0.001,0.00577688
