,Current,Voltage
0,0.0,0.000150204
1,0.0002,0.00126123
2,0.0004,0.00232935
3,0.0006,0.00337124
4,0.0008,0.00442505
5,0.001,0.00547171
