,Current,Voltage
0,0.0,0.000119209
1,0.0002,0.00164509
2,0.0004,0.00313997
3,0.0006,0.00463247
4,0.0008,0.00610828
5,0.001,0.00759602
