,Current,Voltage
0,0.0,0.000114441
1,0.0002,0.00152826
2,0.0004,0.00280142
3,0.0006,0.00413418
4,0.0008,0.0054121
5,0.001,0.00673294
