,Current,Voltage
0,0.0,0.0807905
1,0.0002,0.000545979
2,0.0004,2.83443
3,0.0006,5.74641
4,0.0008,8.83687
5,0.001,10.002
