,Current,Voltage
0,0.0,0.000104904
1,0.0002,0.00151157
2,0.0004,0.00282526
3,0.0006,0.00416994
4,0.0008,0.00554562
5,0.001,0.00683784
