,Current,Voltage
0,0.0,9.77516e-05
1,0.0002,0.00149012
2,0.0004,0.00284672
3,0.0006,0.00423908
4,0.0008,0.0055933
5,0.001,0.00690222
