,Current,Voltage
0,0.0,5.96046e-05
1,0.0002,0.00130653
2,0.0004,0.00254154
3,0.0006,0.00369787
4,0.0008,0.00491858
5,0.001,0.00608683
