,Current,Voltage
0,0.0,0.000114441
1,0.0002,0.00157833
2,0.0004,0.00304461
3,0.0006,0.00445843
4,0.0008,0.00591278
5,0.001,0.00733614
