,Current,Voltage
0,0.0,0.000138283
1,0.0002,0.00155687
2,0.0004,0.00298738
3,0.0006,0.00437975
4,0.0008,0.00576973
5,0.001,0.00715971
