,Current,Voltage
0,0.0,0.000116825
1,0.0002,0.00138044
2,0.0004,0.00251532
3,0.0006,0.0036931
4,0.0008,0.00491858
5,0.001,0.00610113
