,Current,Voltage
0,0.0,0.000126362
1,0.0002,0.00130177
2,0.0004,0.00242949
3,0.0006,0.00356674
4,0.0008,0.00472307
5,0.001,0.00584602
