,Current,Voltage
0,0.0,7.62939e-05
1,0.0002,0.00143528
2,0.0004,0.0027895
3,0.0006,0.00407219
4,0.0008,0.00540018
5,0.001,0.00667572
