,Current,Voltage
0,0.0,0.000116825
1,0.0002,0.00161409
2,0.0004,0.00298977
3,0.0006,0.00439405
4,0.0008,0.00580549
5,0.001,0.00720978
