,Current,Voltage
0,0.0,0.00010252
1,0.0002,0.00134468
2,0.0004,0.00250816
3,0.0006,0.00365019
4,0.0008,0.00483036
5,0.001,0.00599623
