,Current,Voltage
0,0.0,5.96046e-05
1,0.0002,0.00128984
2,0.0004,0.00248671
3,0.0006,0.00366211
4,0.0008,0.00483751
5,0.001,0.00602722
