,Current,Voltage
0,0.0,0.000107288
1,0.0002,0.00173569
2,0.0004,0.00327826
3,0.0006,0.00481844
4,0.0008,0.00638962
5,0.001,0.00793219
