,Current,Voltage
0,0.0,0.000119209
1,0.0002,0.00136137
2,0.0004,0.00254631
3,0.0006,0.0037384
4,0.0008,0.00491858
5,0.001,0.00608921
