,Current,Voltage
0,0.0,0.000128746
1,0.0002,0.00150681
2,0.0004,0.00282288
3,0.0006,0.00418663
4,0.0008,0.00551939
5,0.001,0.00681877
