,Current,Voltage
0,0.0,5.00679e-05
1,0.0002,0.00125885
2,0.0004,0.00242949
3,0.0006,0.0035429
4,0.0008,0.00470877
5,0.001,0.00580788
