,Current,Voltage
0,0.0,0.000119209
1,0.0002,0.00183582
2,0.0004,0.00349045
3,0.0006,0.00517607
4,0.0008,0.00679016
5,0.001,0.00845432
