,Current,Voltage
0,0.0,0.0102592
1,0.0002,0.0104499
2,0.0004,2.58723
3,0.0006,5.31509
4,0.0008,8.29226
5,0.001,10.0019
