,Current,Voltage
0,0.0,9.29832e-05
1,0.0002,0.0015974
2,0.0004,0.00305414
3,0.0006,0.00455618
4,0.0008,0.00599623
5,0.001,0.00743866
