,Current,Voltage
0,0.0,0.000107288
1,0.0002,0.0013423
2,0.0004,0.00249863
3,0.0006,0.00364304
4,0.0008,0.00481367
5,0.001,0.00594616
