,Current,Voltage
0,0.0,0.000164509
1,0.0002,0.00143528
2,0.0004,0.00269175
3,0.0006,0.00398159
4,0.0008,0.00523329
5,0.001,0.00651121
