,Current,Voltage
0,0.0,0.000100136
1,0.0002,0.00139475
2,0.0004,0.00265837
3,0.0006,0.00391722
4,0.0008,0.00517607
5,0.001,0.00645638
