,Current,Voltage
0,0.0,0.000143051
1,0.0002,0.00152111
2,0.0004,0.00286341
3,0.0006,0.00420809
4,0.0008,0.00551462
5,0.001,0.00682831
