,Current,Voltage
0,0.0,0.000143051
1,0.0002,0.001297
2,0.0004,0.00249386
3,0.0006,0.00361204
4,0.0008,0.00478745
5,0.001,0.0058794
