,Current,Voltage
0,0.0,6.4373e-05
1,0.0002,0.00140429
2,0.0004,0.00267506
3,0.0006,0.00397444
4,0.0008,0.00525236
5,0.001,0.00649452
