,Current,Voltage
0,0.0,0.000123978
1,0.0002,0.00137568
2,0.0004,0.00251293
3,0.0006,0.00363111
4,0.0008,0.00480413
5,0.001,0.00596285
