,Current,Voltage
0,0.0,0.000171661
1,0.0002,0.00142097
2,0.0004,0.0026226
3,0.0006,0.00382423
4,0.0008,0.00505686
5,0.001,0.00629187
