,Current,Voltage
0,0.0,0.000112057
1,0.0002,0.00131369
2,0.0004,0.00250578
3,0.0006,0.00367165
4,0.0008,0.00483036
5,0.001,0.0060153
