,Current,Voltage
0,0.0,0.000150204
1,0.0002,0.00113964
2,0.0004,0.00204802
3,0.0006,0.00298262
4,0.0008,0.00396967
5,0.001,0.00488281
