,Current,Voltage
0,0.0,0.000138283
1,0.0002,0.0016427
2,0.0004,0.00311136
3,0.0006,0.00455856
4,0.0008,0.00603199
5,0.001,0.00750542
