,Current,Voltage
0,0.0,0.000114441
1,0.0002,0.0013566
2,0.0004,0.0025773
3,0.0006,0.00374317
4,0.0008,0.00495911
5,0.001,0.00616074
