,Current,Voltage
0,0.0,0.000116825
1,0.0002,0.000796318
2,0.0004,0.00142097
3,0.0006,0.0020504
4,0.0008,0.00271082
5,0.001,0.00334501
