,Current,Voltage
0,0.0,8.82149e-05
1,0.0002,0.00138044
2,0.0004,0.0026083
3,0.0006,0.00385523
4,0.0008,0.00509024
5,0.001,0.00633717
