,Current,Voltage
0,0.0,0.000128746
1,0.0002,0.00064373
2,0.0004,0.00106573
3,0.0006,0.00151396
4,0.0008,0.00197649
5,0.001,0.00239849
