,Current,Voltage
0,0.0,0.000126362
1,0.0002,0.00130892
2,0.0004,0.00237226
3,0.0006,0.003438
4,0.0008,0.00451088
5,0.001,0.00561953
