,Current,Voltage
0,0.0,0.000100136
1,0.0002,0.00129938
2,0.0004,0.00244141
3,0.0006,0.00364542
4,0.0008,0.00475883
5,0.001,0.00590563
