,Current,Voltage
0,0.0,0.00013113
1,0.0002,0.00132799
2,0.0004,0.00254393
3,0.0006,0.00370502
4,0.0008,0.00490665
5,0.001,0.00608206
