,Current,Voltage
0,0.0,0.012249
1,8e-10,0.0326843
2,1.6e-09,0.0530798
3,2.4e-09,0.07341
4,3.2e-09,0.0937908
5,4e-09,0.114146
