,Current,Voltage
0,0.0,0.00482821
1,8e-10,0.0172772
2,1.6e-09,0.029696
3,2.4e-09,0.0420792
4,3.2e-09,0.0543823
5,4e-09,0.0666804
