,Current,Voltage
0,0.0,0.00521231
1,8e-10,0.0144322
2,1.6e-09,0.0236385
3,2.4e-09,0.0328412
4,3.2e-09,0.0420525
5,4e-09,0.0512352
