,Current,Voltage
0,0.0,0.000195503
1,0.0002,0.00281096
2,0.0004,0.00544786
3,0.0006,0.00802755
4,0.0008,0.0105858
5,0.001,0.0131536
