,Current,Voltage
0,0.0,0.000157356
1,0.0002,0.00245094
2,0.0004,0.00462532
3,0.0006,0.00687599
4,0.0008,0.00907898
5,0.001,0.0112963
