,Current,Voltage
0,0.0,0.000145435
1,0.0002,0.00281096
2,0.0004,0.0054121
3,0.0006,0.00799894
4,0.0008,0.0106025
5,0.001,0.013175
