,Current,Voltage
0,0.0,0.000178814
1,0.0002,0.00329018
2,0.0004,0.00640154
3,0.0006,0.00943184
4,0.0008,0.0125408
5,0.001,0.0155926
