,Current,Voltage
0,0.0,0.000107288
1,0.0002,0.00228643
2,0.0004,0.00445127
3,0.0006,0.00659466
4,0.0008,0.00871658
5,0.001,0.0108719
