,Current,Voltage
0,0.0,0.000183582
1,0.0002,0.00250101
2,0.0004,0.00474453
3,0.0006,0.00701189
4,0.0008,0.00931978
5,0.001,0.0115228
