,Current,Voltage
0,0.0,0.000226498
1,0.0002,0.00419855
2,0.0004,0.00816107
3,0.0006,0.0120687
4,0.0008,0.0160313
5,0.001,0.0199151
