,Current,Voltage
0,0.0,0.000171661
1,0.0002,0.00247717
2,0.0004,0.00476122
3,0.0006,0.00700951
4,0.0008,0.00933647
5,0.001,0.0115681
