,Current,Voltage
0,0.0,0.000216961
1,0.0002,0.0042367
2,0.0004,0.00828505
3,0.0006,0.0122833
4,0.0008,0.0163364
5,0.001,0.020299
