,Current,Voltage
0,0.0,0.000123978
1,0.0002,0.00212431
2,0.0004,0.00413179
3,0.0006,0.00605345
4,0.0008,0.00804424
5,0.001,0.0100112
