,Current,Voltage
0,0.0,0.000221729
1,0.0002,0.00357151
2,0.0004,0.00692368
3,0.0006,0.010252
4,0.0008,0.0136161
5,0.001,0.0169182
