,Current,Voltage
0,0.0,0.000183582
1,0.0002,0.00441551
2,0.0004,0.00865698
3,0.0006,0.0128436
4,0.0008,0.0170398
5,0.001,0.0212288
