,Current,Voltage
0,0.0,0.000152588
1,0.0002,0.0031662
2,0.0004,0.00612974
3,0.0006,0.00902414
4,0.0008,0.0120234
5,0.001,0.0149179
