,Current,Voltage
0,0.0,0.000228882
1,0.0002,0.00368595
2,0.0004,0.00714064
3,0.0006,0.0105166
4,0.0008,0.0139832
5,0.001,0.0173926
