,Current,Voltage
0,0.0,0.000152588
1,0.0002,0.00374079
2,0.0004,0.0073123
3,0.0006,0.0108171
4,0.0008,0.0143552
5,0.001,0.0178742
