,Current,Voltage
0,0.0,0.00013113
1,0.0002,0.00300169
2,0.0004,0.00577211
3,0.0006,0.00854254
4,0.0008,0.0113511
5,0.001,0.0141001
