,Current,Voltage
0,0.0,0.000126362
1,0.0002,0.00259399
2,0.0004,0.00506163
3,0.0006,0.00745535
4,0.0008,0.00986099
5,0.001,0.012238
