,Current,Voltage
0,0.0,0.000197887
1,0.0002,0.00456095
2,0.0004,0.00894785
3,0.0006,0.0132394
4,0.0008,0.0175834
5,0.001,0.0219107
