,Current,Voltage
0,0.0,0.00023365
1,0.0002,0.00539541
2,0.0004,0.0105739
3,0.0006,0.0157046
4,0.0008,0.0208402
5,0.001,0.0259924
