,Current,Voltage
0,0.0,0.000185966
1,0.0002,0.00495195
2,0.0004,0.00968933
3,0.0006,0.0143552
4,0.0008,0.019083
5,0.001,0.023787
