,Current,Voltage
0,0.0,0.000128746
1,0.0002,0.00265121
2,0.0004,0.00504971
3,0.0006,0.00745773
4,0.0008,0.00988483
5,0.001,0.0122166
