,Current,Voltage
0,0.0,0.000162125
1,0.0002,0.0030899
2,0.0004,0.00594854
3,0.0006,0.00881195
4,0.0008,0.0116682
5,0.001,0.0145054
