,Current,Voltage
0,0.0,0.000150204
1,0.0002,0.00417709
2,0.0004,0.00818014
3,0.0006,0.012114
4,0.0008,0.0161123
5,0.001,0.0200772
