,Current,Voltage
0,0.0,0.000209808
1,0.0002,0.00426292
2,0.0004,0.00832081
3,0.0006,0.0123382
4,0.0008,0.0163674
5,0.001,0.020411
