,Current,Voltage
0,0.0,0.000181198
1,0.0002,0.0030756
2,0.0004,0.0059557
3,0.0006,0.00882864
4,0.0008,0.0116515
5,0.001,0.0145292
