,Current,Voltage
0,0.0,0.000164509
1,0.0002,0.00269413
2,0.0004,0.00524521
3,0.0006,0.00769377
4,0.0008,0.0101924
5,0.001,0.0126791
