,Current,Voltage
0,0.0,0.000178814
1,0.0002,0.00253916
2,0.0004,0.00487328
3,0.0006,0.00716209
4,0.0008,0.00947952
5,0.001,0.0117803
