,Current,Voltage
0,0.0,0.000157356
1,0.0002,0.00357628
2,0.0004,0.00695467
3,0.0006,0.0103426
4,0.0008,0.0137019
5,0.001,0.0170374
