,Current,Voltage
0,0.0,0.000216961
1,0.0002,0.00426769
2,0.0004,0.00822544
3,0.0006,0.0121903
4,0.0008,0.0161791
5,0.001,0.0201297
