,Current,Voltage
0,0.0,0.00020504
1,0.0002,0.00405788
2,0.0004,0.00793457
3,0.0006,0.0117397
4,0.0008,0.0155926
5,0.001,0.0194025
