,Current,Voltage
0,0.0,0.00471139
1,8e-10,0.0131829
2,1.6e-09,0.0216665
3,2.4e-09,0.0301449
4,3.2e-09,0.0386381
5,4e-09,0.0471113
