,Current,Voltage
0,0.0,0.000119209
1,0.0002,0.0013876
2,0.0004,0.00261545
3,0.0006,0.00376225
4,0.0008,0.00497103
5,0.001,0.00616789
