,Current,Voltage
0,0.0,9.53674e-05
1,0.0002,0.00151396
2,0.0004,0.0028944
3,0.0006,0.00424623
4,0.0008,0.00563622
5,0.001,0.00703573
