,Current,Voltage
0,0.0,0.000114441
1,0.0002,0.00131607
2,0.0004,0.00247955
3,0.0006,0.00357151
4,0.0008,0.00468016
5,0.001,0.00579357
