,Current,Voltage
0,0.0,0.000119209
1,0.0002,0.00155926
2,0.0004,0.00295162
3,0.0006,0.00435352
4,0.0008,0.00571012
5,0.001,0.00705481
