,Current,Voltage
0,0.0,0.000121593
1,0.0002,0.00144482
2,0.0004,0.00274658
3,0.0006,0.00402927
4,0.0008,0.0053215
5,0.001,0.00660181
