,Current,Voltage
0,0.0,0.000100136
1,0.0002,0.00180721
2,0.0004,0.00347376
3,0.0006,0.00509739
4,0.0008,0.00673294
5,0.001,0.00839472
