,Current,Voltage
0,0.0,9.29832e-05
1,0.0002,0.00198841
2,0.0004,0.00380516
3,0.0006,0.00563145
4,0.0008,0.00745535
5,0.001,0.00920534
