,Current,Voltage
0,0.0,0.000112057
1,0.0002,0.00148058
2,0.0004,0.00281096
3,0.0006,0.00412703
4,0.0008,0.00539064
5,0.001,0.00673771
