,Current,Voltage
0,0.0,0.00013113
1,0.0002,0.00169516
2,0.0004,0.00326872
3,0.0006,0.0047636
4,0.0008,0.00630617
5,0.001,0.00784397
