,Current,Voltage
0,0.0,0.00017643
1,0.0002,0.00151873
2,0.0004,0.00282288
3,0.0006,0.00413418
4,0.0008,0.00546217
5,0.001,0.0067687
