,Current,Voltage
0,0.0,0.000121593
1,0.0002,0.00216722
2,0.0004,0.00424385
3,0.0006,0.00625372
4,0.0008,0.00825644
5,0.001,0.010283
