,Current,Voltage
0,0.0,0.000123978
1,0.0002,0.00210285
2,0.0004,0.00403881
3,0.0006,0.00593185
4,0.0008,0.00784397
5,0.001,0.00975847
