,Current,Voltage
0,0.0,0.000188351
1,0.0002,0.00206947
2,0.0004,0.00390291
3,0.0006,0.0057292
4,0.0008,0.00755548
5,0.001,0.00939608
