,Current,Voltage
0,0.0,9.77516e-05
1,0.0002,0.00168085
2,0.0004,0.00319719
3,0.0006,0.00473738
4,0.0008,0.00627756
5,0.001,0.00781775
