,Current,Voltage
0,0.0,0.000164509
1,0.0002,0.0018096
2,0.0004,0.00344753
3,0.0006,0.00501156
4,0.0008,0.00662327
5,0.001,0.00824451
