,Current,Voltage
0,0.0,0.00010252
1,0.0002,0.00171661
2,0.0004,0.00323296
3,0.0006,0.00473499
4,0.0008,0.00625372
5,0.001,0.00780582
