,Current,Voltage
0,0.0,0.000112057
1,0.0002,0.00159025
2,0.0004,0.00300407
3,0.0006,0.0044322
4,0.0008,0.00584126
5,0.001,0.00727415
