,Current,Voltage
0,0.0,0.000126362
1,0.0002,0.00140429
2,0.0004,0.0026536
3,0.0006,0.00386238
4,0.0008,0.00511408
5,0.001,0.00633955
