,Current,Voltage
0,0.0,0.000162125
1,0.0002,0.001688
2,0.0004,0.00320911
3,0.0006,0.00472784
4,0.0008,0.00622511
5,0.001,0.0077343
