,Current,Voltage
0,0.0,9.05991e-05
1,0.0002,0.00149012
2,0.0004,0.0028348
3,0.0006,0.00418186
4,0.0008,0.00550985
5,0.001,0.00685453
