,Current,Voltage
0,0.0,0.000143051
1,0.0002,0.00158548
2,0.0004,0.00299215
3,0.0006,0.00438452
4,0.0008,0.00575781
5,0.001,0.00718355
