,Current,Voltage
0,0.0,0.000228882
1,0.0002,0.00555515
2,0.0004,0.0108814
3,0.0006,0.0161886
4,0.0008,0.0214958
5,0.001,0.0267816
