,Current,Voltage
0,0.0,0.000107288
1,0.0002,0.00191689
2,0.0004,0.00371218
3,0.0006,0.00550508
4,0.0008,0.00724077
5,0.001,0.00900269
