,Current,Voltage
0,0.0,0.000119209
1,0.0002,0.00160933
2,0.0004,0.00306129
3,0.0006,0.00451088
4,0.0008,0.00599146
5,0.001,0.00742912
