,Current,Voltage
0,0.0,0.000128746
1,0.0002,0.00179768
2,0.0004,0.00340939
3,0.0006,0.00500917
4,0.0008,0.00663757
5,0.001,0.00823736
