,Current,Voltage
0,0.0,0.00015974
1,0.0002,0.00191927
2,0.0004,0.00367641
3,0.0006,0.00539541
4,0.0008,0.00711203
5,0.001,0.00885248
