,Current,Voltage
0,0.0,0.000112057
1,0.0002,0.00192165
2,0.0004,0.00365496
3,0.0006,0.00536919
4,0.0008,0.00713587
5,0.001,0.00882864
