,Current,Voltage
0,0.0,0.000109673
1,0.0002,0.00169039
2,0.0004,0.00322104
3,0.0006,0.00468731
4,0.0008,0.00620604
5,0.001,0.00773907
