,Current,Voltage
0,0.0,0.000133514
1,0.0002,0.00154734
2,0.0004,0.00288486
3,0.0006,0.00419378
4,0.0008,0.005548
5,0.001,0.00688314
