,Current,Voltage
0,0.0,0.000123978
1,0.0002,0.00288486
2,0.0004,0.00562191
3,0.0006,0.00833511
4,0.0008,0.0110507
5,0.001,0.0137234
