,Current,Voltage
0,0.0,0.000100136
1,0.0002,0.00202179
2,0.0004,0.0039506
3,0.0006,0.00578642
4,0.0008,0.00769138
5,0.001,0.00953913
