,Current,Voltage
0,0.0,9.77516e-05
1,0.0002,0.00135183
2,0.0004,0.0025177
3,0.0006,0.00369072
4,0.0008,0.00490427
5,0.001,0.00603914
