,Current,Voltage
0,0.0,0.000119209
1,0.0002,0.00158072
2,0.0004,0.0029254
3,0.0006,0.00427485
4,0.0008,0.00569582
5,0.001,0.00702858
