,Current,Voltage
0,0.0,0.000126362
1,0.0002,0.00134468
2,0.0004,0.00254631
3,0.0006,0.00370979
4,0.0008,0.00493526
5,0.001,0.00609636
