,Current,Voltage
0,0.0,0.000128746
1,0.0002,0.00182152
2,0.0004,0.0034523
3,0.0006,0.00509739
4,0.0008,0.00673056
5,0.001,0.00838518
