,Current,Voltage
0,0.0,0.000133514
1,0.0002,0.00200272
2,0.0004,0.00382185
3,0.0006,0.00565052
4,0.0008,0.00749588
5,0.001,0.00928164
