,Current,Voltage
0,0.0,-1.31465
1,0.0002,-1.24456
2,0.0004,-1.16357
3,0.0006,-1.08315
4,0.0008,-1.00301
5,0.001,-0.923648
