,Current,Voltage
0,0.0,0.000135899
1,0.0002,0.000901222
2,0.0004,0.00162601
3,0.0006,0.583239
4,0.0008,1.94746
5,0.001,3.47273
