,Current,Voltage
0,0.0,0.000109673
1,0.0002,0.0015831
2,0.0004,0.00303507
3,0.0006,0.00441313
4,0.0008,0.00585318
5,0.001,0.00724077
