,Current,Voltage
0,0.0,0.000109673
1,0.0002,0.000817776
2,0.0004,0.00146389
3,0.0006,0.280485
4,0.0008,1.6209
5,0.001,3.1013
