,Current,Voltage
0,0.0,0.00017643
1,0.0002,0.00224352
2,0.0004,0.00427961
3,0.0006,0.00630379
4,0.0008,0.0083375
5,0.001,0.0103426
