,Current,Voltage
0,0.0,0.000143051
1,0.0002,0.00174284
2,0.0004,0.00332355
3,0.0006,0.00483036
4,0.0008,0.00637293
5,0.001,0.00791788
