,Current,Voltage
0,0.0,0.000107288
1,0.0002,0.00146151
2,0.0004,0.00278711
3,0.0006,0.00409365
4,0.0008,0.00540018
5,0.001,0.00669718
