,Current,Voltage
0,0.0,0.00014782
1,0.0002,0.00213385
2,0.0004,0.0041151
3,0.0006,0.00604868
4,0.0008,0.00806332
5,0.001,0.00995636
