,Current,Voltage
0,0.0,0.000164509
1,0.0002,0.00260115
2,0.0004,0.0049758
3,0.0006,0.00735521
4,0.0008,0.00971079
5,0.001,0.012114
