,Current,Voltage
0,0.0,0.000169277
1,0.0002,0.00160217
2,0.0004,0.00304222
3,0.0006,0.00447989
4,0.0008,0.00589371
5,0.001,0.0073266
