,Current,Voltage
0,0.0,9.05991e-05
1,0.0002,0.00157118
2,0.0004,0.00299931
3,0.0006,0.00439644
4,0.0008,0.00586271
5,0.001,0.00721693
