,Current,Voltage
0,0.0,9.05991e-05
1,0.0002,0.000743866
2,0.0004,0.00135899
3,0.0006,0.00191689
4,0.0008,0.00253439
5,0.001,0.00308037
