,Current,Voltage
0,0.0,0.00212908
1,0.0002,0.0818896
2,0.0004,0.162361
3,0.0006,0.242224
4,0.0008,0.3229
5,0.001,0.402977
