,Current,Voltage
0,0.0,0.000238419
1,0.0002,0.00733376
2,0.0004,0.0144434
3,0.0006,0.0214815
4,0.0008,0.0286078
5,0.001,0.0355864
