,Current,Voltage
0,0.0,0.000114441
1,0.0002,0.00186443
2,0.0004,0.00357866
3,0.0006,0.00530481
4,0.0008,0.0069809
5,0.001,0.00867128
