,Current,Voltage
0,0.0,7.39098e-05
1,0.0002,0.00129938
2,0.0004,0.00243664
3,0.0006,0.00358343
4,0.0008,0.00471354
5,0.001,0.00589132
