,Current,Voltage
0,0.0,0.000121593
1,0.0002,0.00305653
2,0.0004,0.00588179
3,0.0006,0.00874519
4,0.0008,0.0115657
5,0.001,0.0143933
