,Current,Voltage
0,0.0,0.000112057
1,0.0002,0.00212193
2,0.0004,0.00408173
3,0.0006,0.0060153
4,0.0008,0.00798464
5,0.001,0.0098896
