,Current,Voltage
0,0.0,0.000112057
1,0.0002,0.00122547
2,0.0004,0.00226974
3,0.0006,0.00337362
4,0.0008,0.00444889
5,0.001,0.00548124
