,Current,Voltage
0,0.0,0.000610352
1,0.0002,0.0237989
2,0.0004,0.0471449
3,0.0006,0.07025
4,0.0008,0.0935817
5,0.001,0.116692
