,Current,Voltage
0,0.0,0.000121593
1,0.0002,0.000948906
2,0.0004,0.00172853
3,0.0006,0.00249386
4,0.0008,0.00328064
5,0.001,0.00406504
