,Current,Voltage
0,0.0,0.00014782
1,0.0002,0.00197887
2,0.0004,0.00375032
3,0.0006,0.00552654
4,0.0008,0.00728846
5,0.001,0.00901461
