,Current,Voltage
0,0.0,0.000121593
1,0.0002,0.00122309
2,0.0004,0.00226021
3,0.0006,0.00332832
4,0.0008,0.00435591
5,0.001,0.00540257
