,Current,Voltage
0,0.0,0.00010252
1,0.0002,0.000641346
2,0.0004,0.00109673
3,0.0006,0.00154495
4,0.0008,0.00202179
5,0.001,0.00248432
