,Current,Voltage
0,0.0,0.000140667
1,0.0002,0.00167608
2,0.0004,0.00317812
3,0.0006,0.00466585
4,0.0008,0.00614643
5,0.001,0.00765562
