,Current,Voltage
0,0.0,0.00041008
1,0.0002,0.0149655
2,0.0004,0.0295472
3,0.0006,0.0440359
4,0.0008,0.058639
5,0.001,0.0730872
