,Current,Voltage
0,0.0,0.000305176
1,0.0002,0.00945568
2,0.0004,0.0185347
3,0.0006,0.0276279
4,0.0008,0.457006
5,0.001,1.4307
