,Current,Voltage
0,0.0,0.000553131
1,0.0002,0.0169754
2,0.0004,0.0334716
3,0.0006,0.0498629
4,0.0008,0.0664163
5,0.001,0.0828075
