,Current,Voltage
0,0.0,0.000443459
1,0.0002,0.0156307
2,0.0004,0.0308251
3,0.0006,0.0459385
4,0.0008,0.0611472
5,0.001,0.0762796
