,Current,Voltage
0,0.0,9.77516e-05
1,0.0002,0.0012207
2,0.0004,0.00231981
3,0.0006,0.00335932
4,0.0008,0.00441551
5,0.001,0.00551224
