,Current,Voltage
0,0.0,0.000123978
1,0.0002,0.00161886
2,0.0004,0.00299215
3,0.0006,0.00440836
4,0.0008,0.00574589
5,0.001,0.00715017
