,Current,Voltage
0,0.0,0.000224113
1,0.0002,0.00545263
2,0.0004,0.0107384
3,0.0006,0.0159216
4,0.0008,0.0211978
5,0.001,0.0264454
