,Current,Voltage
0,0.0,0.000128746
1,0.0002,0.00147343
2,0.0004,0.00279188
3,0.0006,0.00407934
4,0.0008,0.0054431
5,0.001,0.00669479
