,Current,Voltage
0,0.0,0.000135899
1,0.0002,0.00128269
2,0.0004,0.00237703
3,0.0006,0.00347853
4,0.0008,0.00458002
5,0.001,0.00565529
