,Current,Voltage
0,0.0,0.0168109
1,0.0002,0.0235939
2,0.0004,0.0297403
3,0.0006,0.0344872
4,0.0008,0.0386786
5,0.001,0.0422597
