,Current,Voltage
0,0.0,0.000295639
1,0.0002,0.0105977
2,0.0004,0.020895
3,0.0006,0.0311446
4,0.0008,0.0414515
5,0.001,0.0516868
