,Current,Voltage
0,0.0,0.000133514
1,0.0002,0.000562668
2,0.0004,0.000905991
3,0.0006,0.00125408
4,0.0008,0.00161648
5,0.001,0.00197649
