,Current,Voltage
0,0.0,0.000100136
1,0.0002,0.00115633
2,0.0004,0.00214815
3,0.0006,0.00313759
4,0.0008,0.00412226
5,0.001,0.00509024
