,Current,Voltage
0,0.0,-1.3706
1,0.0002,-1.26813
2,0.0004,-1.18612
3,0.0006,-1.10636
4,0.0008,-1.02821
5,0.001,-0.951862
