,Current,Voltage
0,0.0,0.00106335
1,0.0002,0.0417566
2,0.0004,0.0827408
3,0.0006,0.123386
4,0.0008,0.496032
5,0.001,1.47652
