,Current,Voltage
0,0.0,8.10623e-05
1,0.0002,0.00164986
2,0.0004,0.00314713
3,0.0006,0.00459909
4,0.0008,0.0060606
5,0.001,0.00754356
