,Current,Voltage
0,0.0,0.00026226
1,0.0002,0.00655413
2,0.0004,0.0128651
3,0.0006,0.0190759
4,0.0008,0.0253558
5,0.001,0.031538
