,Current,Voltage
0,0.0,0.0134087
1,0.0002,0.0460553
2,0.0004,0.0790071
3,0.0006,0.110981
4,0.0008,0.142782
5,0.001,0.16994
