,Current,Voltage
0,0.0,0.000119209
1,0.0002,0.00201464
2,0.0004,0.00384569
3,0.0006,0.00568151
4,0.0008,0.00746489
5,0.001,0.00932693
