,Current,Voltage
0,0.0,0.000183582
1,0.0002,0.00407457
2,0.0004,0.00791073
3,0.0006,0.0116873
4,0.0008,0.0154805
5,0.001,0.0192785
