,Current,Voltage
0,0.0,0.00014782
1,0.0002,0.00318527
2,0.0004,0.00612259
3,0.0006,0.00907898
4,0.0008,0.0120401
5,0.001,0.0150061
