,Current,Voltage
0,0.0,0.00119209
1,0.0002,0.0149703
2,0.0004,0.0277257
3,0.0006,0.0394964
4,0.0008,0.050652
5,0.001,0.0602555
