,Current,Voltage
0,0.0,0.00013113
1,0.0002,0.00195026
2,0.0004,0.00376701
3,0.0006,0.00556231
4,0.0008,0.00735044
5,0.001,0.00916004
