,Current,Voltage
0,0.0,0.000126362
1,0.0002,0.00236511
2,0.0004,0.00453711
3,0.0006,0.0067091
4,0.0008,0.00889301
5,0.001,0.0110316
