,Current,Voltage
0,0.0,0.000138283
1,0.0002,0.0027585
2,0.0004,0.00536919
3,0.0006,0.00789165
4,0.0008,0.0104904
5,0.001,0.0130558
