,Current,Voltage
0,0.0,0.000169277
1,0.0002,0.00235081
2,0.0004,0.00444651
3,0.0006,0.00656366
4,0.0008,0.0087142
5,0.001,0.0107694
