,Current,Voltage
0,0.0,0.000107288
1,0.0002,0.00335693
2,0.0004,0.00655413
3,0.0006,0.00969887
4,0.0008,0.0129271
5,0.001,0.0160694
