,Current,Voltage
0,0.0,0.00015974
1,0.0002,0.00227928
2,0.0004,0.00438213
3,0.0006,0.00650406
4,0.0008,0.00857115
5,0.001,0.0106144
