,Current,Voltage
0,0.0,0.000200272
1,0.0002,0.00500441
2,0.0004,0.00972509
3,0.0006,0.0144482
4,0.0008,0.0191927
5,0.001,0.0239086
