,Current,Voltage
0,0.0,0.000135899
1,0.0002,0.0022316
2,0.0004,0.00422955
3,0.0006,0.00620604
4,0.0008,0.00822783
5,0.001,0.0102496
