,Current,Voltage
0,0.0,0.000140667
1,0.0002,0.00271559
2,0.0004,0.00524759
3,0.0006,0.00775099
4,0.0008,0.0102425
5,0.001,0.0127053
