,Current,Voltage
0,0.0,0.000143051
1,0.0002,0.0018549
2,0.0004,0.00351667
3,0.0006,0.00509262
4,0.0008,0.00674248
5,0.001,0.00840664
