,Current,Voltage
0,0.0,0.000119209
1,0.0002,0.00224352
2,0.0004,0.00430346
3,0.0006,0.0063324
4,0.0008,0.00839233
5,0.001,0.0104213
