,Current,Voltage
0,0.0,0.000112057
1,0.0002,0.00207186
2,0.0004,0.00395298
3,0.0006,0.0057888
4,0.0008,0.007689
5,0.001,0.00950336
