,Current,Voltage
0,0.0,9.29832e-05
1,0.0002,0.00236511
2,0.0004,0.00457764
3,0.0006,0.00673532
4,0.0008,0.00898123
5,0.001,0.0111604
