,Current,Voltage
0,0.0,0.000193119
1,0.0002,0.00290155
2,0.0004,0.00559092
3,0.0006,0.00825167
4,0.0008,0.01091
5,0.001,0.013597
