,Current,Voltage
0,0.0,0.000150204
1,0.0002,0.00253201
2,0.0004,0.00492334
3,0.0006,0.00725746
4,0.0008,0.00961542
5,0.001,0.0119686
