,Current,Voltage
0,0.0,-1.51082
1,0.0002,-1.33339
2,0.0004,-1.22272
3,0.0006,-1.1195
4,0.0008,-1.02217
5,0.001,-0.930748
