,Current,Voltage
0,0.0,0.000145435
1,0.0002,0.00305653
2,0.0004,0.00591755
3,0.0006,0.00874758
4,0.0008,0.0116158
5,0.001,0.0144696
