,Current,Voltage
0,0.0,0.000119209
1,0.0002,0.00254631
2,0.0004,0.00494719
3,0.0006,0.00736475
4,0.0008,0.00972509
5,0.001,0.0120854
