,Current,Voltage
0,0.0,0.000157356
1,0.0002,0.00289917
2,0.0004,0.00562668
3,0.0006,0.00828981
4,0.0008,0.0109792
5,0.001,0.0136352
