,Current,Voltage
0,0.0,0.000140667
1,0.0002,0.00231028
2,0.0004,0.00449419
3,0.0006,0.00655651
4,0.0008,0.00869274
5,0.001,0.0108075
