,Current,Voltage
0,0.0,0.000152588
1,0.0002,0.00240564
2,0.0004,0.00455618
3,0.0006,0.00672102
4,0.0008,0.00894308
5,0.001,0.0110912
