,Current,Voltage
0,0.0,0.000140667
1,0.0002,0.00246286
2,0.0004,0.00475645
3,0.0006,0.00704288
4,0.0008,0.00934601
5,0.001,0.0115848
