,Current,Voltage
0,0.0,0.000114441
1,0.0002,0.00346899
2,0.0004,0.00674486
3,0.0006,0.00998974
4,0.0008,0.0132918
5,0.001,0.0165629
