,Current,Voltage
0,0.0,0.000162125
1,0.0002,0.00448465
2,0.0004,0.00873566
3,0.0006,0.0129485
4,0.0008,0.0172138
5,0.001,0.0214601
