,Current,Voltage
0,0.0,0.000138283
1,0.0002,0.00229836
2,0.0004,0.00446796
3,0.0006,0.00656843
4,0.0008,0.0087285
5,0.001,0.0108457
