,Current,Voltage
0,0.0,0.000157356
1,0.0002,0.0020647
2,0.0004,0.0039196
3,0.0006,0.00578165
4,0.0008,0.00764847
5,0.001,0.00949621
