,Current,Voltage
0,0.0,0.000166893
1,0.0002,0.00257969
2,0.0004,0.00502348
3,0.0006,0.00742435
4,0.0008,0.00986099
5,0.001,0.0122261
