,Current,Voltage
0,0.0,0.000202656
1,0.0002,0.00303745
2,0.0004,0.00583887
3,0.0006,0.00866413
4,0.0008,0.0114679
5,0.001,0.014255
