,Current,Voltage
0,0.0,0.0104496
1,8e-10,0.0210247
2,1.6e-09,0.0316172
3,2.4e-09,0.042176
4,3.2e-09,0.0527673
5,4e-09,0.0633502
