,Current,Voltage
0,0.0,-0.0794649
1,0.0002,0.0579405
2,0.0004,0.195935
3,0.0006,0.332503
4,0.0008,0.469716
5,0.001,0.605242
