,Current,Voltage
0,0.0,0.000398159
1,0.0002,0.0120091
2,0.0004,0.0236392
3,0.0006,0.0351501
4,0.0008,0.046792
5,0.001,0.0583029
