,Current,Voltage
0,0.0,0.000221729
1,0.0002,0.00408411
2,0.0004,0.00799179
3,0.0006,0.0118542
4,0.0008,0.0157428
5,0.001,0.0195742
