,Current,Voltage
0,0.0,0.000975132
1,0.0002,0.00905991
2,0.0004,0.0177264
3,0.0006,0.0263619
4,0.0008,0.0351048
5,0.001,0.0436997
