,Current,Voltage
0,0.0,0.000145435
1,0.0002,0.00365019
2,0.0004,0.0071311
3,0.0006,0.0104904
4,0.0008,0.0139737
5,0.001,0.0173569
