,Current,Voltage
0,0.0,0.000300407
1,0.0002,0.00836372
2,0.0004,0.0164104
3,0.0006,0.0244188
4,0.0008,0.0324965
5,0.001,0.0404763
