,Current,Voltage
0,0.0,0.000455379
1,0.0002,0.0161815
2,0.0004,0.0319767
3,0.0006,0.0476289
4,0.0008,0.0634122
5,0.001,0.0790238
