,Current,Voltage
0,0.0,0.000581741
1,0.0002,0.018785
2,0.0004,0.0371242
3,0.0006,0.0553083
4,0.0008,0.073688
5,0.001,0.0918388
