,Current,Voltage
0,0.0,0.000150204
1,0.0002,0.00403881
2,0.0004,9.65276
3,0.0006,10.0022
4,0.0008,10.002
5,0.001,10.0019
