,Current,Voltage
0,0.0,0.0172663
1,0.0002,0.692902
2,0.0004,1.37874
3,0.0006,8.6758
4,0.0008,10.0024
5,0.001,10.0023
