,Current,Voltage
0,0.0,0.013833
1,0.0002,9.76736
2,0.0004,10.0024
3,0.0006,10.0022
4,0.0008,10.0022
5,0.001,10.0022
