,Current,Voltage
0,0.0,0.0965452
1,0.0002,3.8145
2,0.0004,7.56002
3,0.0006,10.0019
4,0.0008,10.0018
5,0.001,10.0018
