,Current,Voltage
0,0.0,0.0247693
1,0.0002,0.962372
2,0.0004,2.36087
3,0.0006,5.19665
4,0.0008,8.17948
5,0.001,10.0021
