,Current,Voltage
0,0.0,0.0435066
1,0.0002,1.68808
2,0.0004,3.35199
3,0.0006,6.3588
4,0.0008,10.0025
5,0.001,10.0023
