,Current,Voltage
0,0.0,0.0048089
1,0.0002,0.198362
2,0.0004,0.394621
3,0.0006,1.872
4,0.0008,5.08909
5,0.001,9.42682
