,Current,Voltage
0,0.0,0.00329256
1,0.0002,0.133288
2,0.0004,0.264385
3,0.0006,0.394526
4,0.0008,0.52572
5,0.001,0.655723
