,Current,Voltage
0,0.0,0.0188494
1,0.0002,3.87018
2,0.0004,10.0025
3,0.0006,10.0024
4,0.0008,10.0022
5,0.001,10.0022
