,Current,Voltage
0,0.0,0.0948691
1,0.0002,9.15177
2,0.0004,10.0025
3,0.0006,10.0023
4,0.0008,10.0022
5,0.001,10.0022
