,Current,Voltage
0,0.0,0.0276995
1,0.0002,1.15765
2,0.0004,4.08716
3,0.0006,10.0025
4,0.0008,10.0024
5,0.001,10.0023
