,Current,Voltage
0,0.0,0.000669956
1,0.0002,0.0255156
2,0.0004,0.0505352
3,0.0006,0.0753188
4,0.0008,0.100284
5,0.001,0.12507
