,Current,Voltage
0,0.0,-1.88534
1,0.0002,-1.20564
2,0.0004,-0.484028
3,0.0006,0.30215
4,0.0008,1.20524
5,0.001,10.0019
