,Current,Voltage
0,0.0,0.000283718
1,0.0002,0.00935078
2,0.0004,0.0183678
3,0.0006,0.0273347
4,0.0008,0.036366
5,0.001,0.0453377
