,Current,Voltage
0,0.0,0.000243187
1,0.0002,0.00784636
2,0.0004,0.0153661
3,0.0006,0.0228477
4,0.0008,0.0303745
5,0.001,0.0378466
