,Current,Voltage
0,0.0,0.000896454
1,0.0002,0.0350666
2,0.0004,0.0695539
3,0.0006,0.103743
4,0.0008,0.138195
5,0.001,0.172381
