,Current,Voltage
0,0.0,0.000369549
1,0.0002,0.0121021
2,0.0004,0.0238085
3,0.0006,0.0354624
4,0.0008,0.0472069
5,0.001,0.0588632
