,Current,Voltage
0,0.0,0.000376701
1,0.0002,0.0136685
2,0.0004,0.026958
3,0.0006,0.0401759
4,0.0008,0.0535011
5,0.001,0.0667071
