,Current,Voltage
0,0.0,0.000123978
1,0.0002,0.000345707
2,0.0004,0.000543594
3,0.0006,0.000693798
4,0.0008,0.000872612
5,0.001,0.00106096
