,Current,Voltage
0,0.0,-1.89261
1,0.0002,-1.28046
2,0.0004,-0.66174
3,0.0006,-0.0446606
4,0.0008,0.581229
5,0.001,1.20723
