,Current,Voltage
0,0.0,0.00036478
1,0.0002,0.0112796
2,0.0004,0.0221872
3,0.0006,0.0329971
4,0.0008,0.0439835
5,0.001,0.0547814
