,Current,Voltage
0,0.0,-0.217302
1,0.0002,-0.149639
2,0.0004,-0.0816417
3,0.0006,-0.0140905
4,0.0008,0.0539446
5,0.001,0.121338
