,Current,Voltage
0,0.0,0.000305176
1,0.0002,0.00755548
2,0.0004,0.0148463
3,0.0006,0.0220203
4,0.0008,0.0292921
5,0.001,0.0364852
