,Current,Voltage
0,0.0,-1.86198
1,0.0002,-1.60122
2,0.0004,-1.34308
3,0.0006,-1.087
4,0.0008,-0.829136
5,0.001,-0.573583
