,Current,Voltage
0,0.0,0.00305414
1,0.0002,0.117893
2,0.0004,0.233805
3,0.0006,0.348706
4,0.0008,0.464599
5,0.001,0.579407
