,Current,Voltage
0,0.0,-1.33671
1,0.0002,-1.27238
2,0.0004,-1.21323
3,0.0006,-1.15415
4,0.0008,-1.09522
5,0.001,-1.03655
