,Current,Voltage
0,0.0,0.000498295
1,0.0002,0.0186753
2,0.0004,0.0369573
3,0.0006,0.0551033
4,0.0008,0.0733995
5,0.001,0.0915074
