,Current,Voltage
0,0.0,0.015018
1,0.0002,0.0701833
2,0.0004,0.125577
3,0.0006,0.180588
4,0.0008,0.23597
5,0.001,0.290899
