,Current,Voltage
0,0.0,0.000486374
1,0.0002,0.0177574
2,0.0004,0.0350451
3,0.0006,0.0522137
4,0.0008,0.0695443
5,0.001,0.0866842
