,Current,Voltage
0,0.0,0.000107288
1,0.0002,0.00275135
2,0.0004,0.00538349
3,0.0006,0.00798702
4,0.0008,0.0105762
5,0.001,0.0131512
