,Current,Voltage
0,0.0,0.0163984
1,0.0002,0.0401711
2,0.0004,0.0637817
3,0.0006,0.0871348
4,0.0008,0.110655
5,0.001,0.134084
