,Current,Voltage
0,0.0,0.00020504
1,0.0002,0.00486135
2,0.0004,0.00940561
3,0.0006,0.0139713
4,0.0008,0.0185394
5,0.001,0.0231028
