,Current,Voltage
0,0.0,0.000510216
1,0.0002,0.0179243
2,0.0004,0.0354958
3,0.0006,0.052886
4,0.0008,0.0704217
5,0.001,0.0878119
