,Current,Voltage
0,0.0,0.000283718
1,0.0002,0.0085783
2,0.0004,0.0169086
3,0.0006,0.0251365
4,0.0008,0.0334191
5,0.001,0.0416517
