,Current,Voltage
0,0.0,0.000207424
1,0.0002,0.00347614
2,0.0004,0.00669956
3,0.0006,0.0099659
4,0.0008,0.0131702
5,0.001,0.0164056
