,Current,Voltage
0,0.0,0.000326633
1,0.0002,0.010314
2,0.0004,0.0203013
3,0.0006,0.0302339
4,0.0008,0.0402594
5,0.001,0.0501966
