,Current,Voltage
0,0.0,-0.236974
1,0.0002,-0.185924
2,0.0004,-0.135298
3,0.0006,-0.0857043
4,0.0008,-0.0363088
5,0.001,0.0120115
