,Current,Voltage
0,0.0,0.000264645
1,0.0002,0.00525236
2,0.0004,0.0102663
3,0.0006,0.015173
4,0.0008,0.0201559
5,0.001,0.0250888
