,Current,Voltage
0,0.0,0.00177622
1,0.0002,0.071907
2,0.0004,0.142646
3,0.0006,0.212817
4,0.0008,0.283606
5,0.001,0.353653
