,Current,Voltage
0,0.0,0.000138283
1,0.0002,0.00337839
2,0.0004,0.00656843
3,0.0006,0.00972033
4,0.0008,0.0129557
5,0.001,0.0160789
