,Current,Voltage
0,0.0,-1.29125
1,0.0002,-1.22493
2,0.0004,-1.14722
3,0.0006,-1.07026
4,0.0008,-0.993145
5,0.001,-0.916498
