,Current,Voltage
0,0.0,0.00043869
1,0.0002,0.0141191
2,0.0004,0.0277948
3,0.0006,0.0413942
4,0.0008,0.0548697
5,0.001,0.0684071
