,Current,Voltage
0,0.0,-0.86777
1,8e-10,-0.610429
2,1.6e-09,-0.34557
3,2.4e-09,-0.0735323
4,3.2e-09,0.427991
5,4e-09,0.71045
