,Current,Voltage
0,0.0,0.00858307
1,8e-10,0.024745
2,1.6e-09,0.0408905
3,2.4e-09,0.0570176
4,3.2e-09,0.0731447
5,4e-09,0.089258
