,Current,Voltage
0,0.0,0.00873542
1,8e-10,0.0249856
2,1.6e-09,0.0412145
3,2.4e-09,0.057498
4,3.2e-09,0.0737109
5,4e-09,0.0899558
