,Current,Voltage
0,0.0,0.000107288
1,0.0002,0.00168085
2,0.0004,0.00318766
3,0.0006,0.00468254
4,0.0008,0.00622272
5,0.001,0.00772715
