,Current,Voltage
0,0.0,0.000109673
1,0.0002,0.00225306
2,0.0004,0.00436544
3,0.0006,0.00642776
4,0.0008,0.00852108
5,0.001,0.0105691
