,Current,Voltage
0,0.0,0.000100136
1,0.0002,0.00157833
2,0.0004,0.00296116
3,0.0006,0.0043416
4,0.0008,0.0057435
5,0.001,0.00711918
