,Current,Voltage
0,0.0,0.00013113
1,0.0002,0.00195265
2,0.0004,0.00374079
3,0.0006,0.00547647
4,0.0008,0.00719786
5,0.001,0.00894785
