,Current,Voltage
0,0.0,0.000138283
1,0.0002,0.00189781
2,0.0004,0.00363827
3,0.0006,0.00529051
4,0.0008,0.00699043
5,0.001,0.00874519
