,Current,Voltage
0,0.0,0.000121593
1,0.0002,0.00198126
2,0.0004,0.00373363
3,0.0006,0.00549555
4,0.0008,0.007267
5,0.001,0.00904322
