,Current,Voltage
0,0.0,0.000119209
1,0.0002,0.00234604
2,0.0004,0.00448465
3,0.0006,0.00665426
4,0.0008,0.00885963
5,0.001,0.0109887
