,Current,Voltage
0,0.0,0.00010252
1,0.0002,0.00243664
2,0.0004,0.00469446
3,0.0006,0.00692844
4,0.0008,0.00918388
5,0.001,0.0114512
