,Current,Voltage
0,0.0,0.000133514
1,0.0002,0.0015974
2,0.0004,0.00303745
3,0.0006,0.00448227
4,0.0008,0.00587225
5,0.001,0.00730038
