,Current,Voltage
0,0.0,0.000145435
1,0.0002,0.00179768
2,0.0004,0.00343323
3,0.0006,0.00505447
4,0.0008,0.00667334
5,0.001,0.00828505
