,Current,Voltage
0,0.0,0.000116825
1,0.0002,0.00174761
2,0.0004,0.00332355
3,0.0006,0.00490189
4,0.0008,0.00651121
5,0.001,0.00808716
