,Current,Voltage
0,0.0,9.29832e-05
1,0.0002,0.00164032
2,0.0004,0.00313282
3,0.0006,0.00458717
4,0.0008,0.0060606
5,0.001,0.00751495
