,Current,Voltage
0,0.0,0.000104904
1,0.0002,0.00146389
2,0.0004,0.00283241
3,0.0006,0.00413179
4,0.0008,0.00549793
5,0.001,0.00677586
