,Current,Voltage
0,0.0,0.000100136
1,0.0002,0.00154495
2,0.0004,0.00295401
3,0.0006,0.00432014
4,0.0008,0.00576258
5,0.001,0.00715971
