,Current,Voltage
0,0.0,0.000116825
1,0.0002,0.00154734
2,0.0004,0.00292063
3,0.0006,0.00428677
4,0.0008,0.00566244
5,0.001,0.00705719
