,Current,Voltage
0,0.0,0.000190735
1,0.0002,0.00151634
2,0.0004,0.00277996
3,0.0006,0.00402927
4,0.0008,0.00531197
5,0.001,0.00656366
