,Current,Voltage
0,0.0,0.00014782
1,0.0002,0.00221252
2,0.0004,0.00425339
3,0.0006,0.00626087
4,0.0008,0.00832319
5,0.001,0.0103259
