,Current,Voltage
0,0.0,0.000231266
1,0.0002,0.0054574
2,0.0004,0.0106883
3,0.0006,0.0158334
4,0.0008,0.0210786
5,0.001,0.026238
