,Current,Voltage
0,0.0,0.000126362
1,0.0002,0.00202656
2,0.0004,0.00392199
3,0.0006,0.0057745
4,0.0008,0.00762939
5,0.001,0.00951767
