,Current,Voltage
0,0.0,0.000145435
1,0.0002,0.00163794
2,0.0004,0.00309706
3,0.0006,0.00453949
4,0.0008,0.00600815
5,0.001,0.00743151
