,Current,Voltage
0,0.0,0.000116825
1,0.0002,0.00181198
2,0.0004,0.003407
3,0.0006,0.00498772
4,0.0008,0.0066185
5,0.001,0.00820398
