,Current,Voltage
0,0.0,0.00014782
1,0.0002,0.00164986
2,0.0004,0.00311375
3,0.0006,0.00456333
4,0.0008,0.0060153
5,0.001,0.00747442
