,Current,Voltage
0,0.0,0.000126362
1,0.0002,0.00172615
2,0.0004,0.00325918
3,0.0006,0.00483274
4,0.0008,0.00638962
5,0.001,0.00793457
