,Current,Voltage
0,0.0,0.000107288
1,0.0002,0.00176907
2,0.0004,0.00337601
3,0.0006,0.00496149
4,0.0008,0.00658512
5,0.001,0.00819206
