,Current,Voltage
0,0.0,9.29832e-05
1,0.0002,0.00165462
2,0.0004,0.00313044
3,0.0006,0.00463247
4,0.0008,0.00610352
5,0.001,0.00762224
