,Current,Voltage
0,0.0,0.000100136
1,0.0002,0.00161409
2,0.0004,0.00301838
3,0.0006,0.00445127
4,0.0008,0.00589609
5,0.001,0.00730753
