,Current,Voltage
0,0.0,0.000114441
1,0.0002,0.00189781
2,0.0004,0.00357389
3,0.0006,0.00525951
4,0.0008,0.00693321
5,0.001,0.00860214
