,Current,Voltage
0,0.0,0.000126362
1,0.0002,0.00241756
2,0.0004,0.00465631
3,0.0006,0.00691414
4,0.0008,0.00913858
5,0.001,0.0113511
