,Current,Voltage
0,0.0,8.58307e-05
1,0.0002,0.00159264
2,0.0004,0.00301123
3,0.0006,0.0044322
4,0.0008,0.00585318
5,0.001,0.00727654
