,Current,Voltage
0,0.0,0.000143051
1,0.0002,0.00249624
2,0.0004,0.00483036
3,0.0006,0.00710964
4,0.0008,0.00939369
5,0.001,0.0116801
