,Current,Voltage
0,0.0,0.00014782
1,0.0002,0.002141
2,0.0004,0.00412464
3,0.0006,0.0060606
4,0.0008,0.00806332
5,0.001,0.010016
