,Current,Voltage
0,0.0,0.000150204
1,0.0002,0.00188589
2,0.0004,0.00365019
3,0.0006,0.00536203
4,0.0008,0.00710249
5,0.001,0.00883818
