,Current,Voltage
0,0.0,0.000135899
1,0.0002,0.00142574
2,0.0004,0.00273228
3,0.0006,0.00397205
4,0.0008,0.00528812
5,0.001,0.0065136
