,Current,Voltage
0,0.0,0.000154972
1,0.0002,0.00277281
2,0.0004,0.00537634
3,0.0006,0.0079298
4,0.0008,0.0105453
5,0.001,0.0130916
