,Current,Voltage
0,0.0,0.000109673
1,0.0002,0.00156641
2,0.0004,0.00298023
3,0.0006,0.00435352
4,0.0008,0.00576735
5,0.001,0.00715017
