,Current,Voltage
0,0.0,0.000114441
1,0.0002,0.00216246
2,0.0004,0.00415802
3,0.0006,0.00609636
4,0.0008,0.00808001
5,0.001,0.0100303
