,Current,Voltage
0,0.0,0.000114441
1,0.0002,0.00156641
2,0.0004,0.00295639
3,0.0006,0.00433683
4,0.0008,0.00566721
5,0.001,0.00705481
