,Current,Voltage
0,0.0,0.000126362
1,0.0002,0.00184774
2,0.0004,0.00349522
3,0.0006,0.00514269
4,0.0008,0.00679731
5,0.001,0.00845194
