,Current,Voltage
0,0.0,0.000164509
1,0.0002,0.00171185
2,0.0004,0.0032115
3,0.0006,0.00470161
4,0.0008,0.0061965
5,0.001,0.00769615
