,Current,Voltage
0,0.0,0.000100136
1,0.0002,0.00149012
2,0.0004,0.00286579
3,0.0006,0.00418425
4,0.0008,0.00549078
5,0.001,0.00682592
