,Current,Voltage
0,0.0,0.000100136
1,0.0002,0.00141144
2,0.0004,0.00264645
3,0.0006,0.00387907
4,0.0008,0.00515699
5,0.001,0.00636578
