,Current,Voltage
0,0.0,0.000126362
1,0.0002,0.00169277
2,0.0004,0.0031662
3,0.0006,0.00465155
4,0.0008,0.00614643
5,0.001,0.00761509
