,Current,Voltage
0,0.0,0.000135899
1,0.0002,0.00152826
2,0.0004,0.00282526
3,0.0006,0.00412941
4,0.0008,0.00546694
5,0.001,0.00678539
