,Current,Voltage
0,0.0,0.00010252
1,0.0002,0.00171423
2,0.0004,0.00315666
3,0.0006,0.00470161
4,0.0008,0.00617504
5,0.001,0.00766039
