{
  "mapping_offsets": [
    0.0,
    1.0,
    2.0,
    3.0,
    4.0,
    5.0,
    6.0
  ],
  "flir_offsets": [
    0,
    15,
    30
  ],
  "spin_speed": {
    "min": 100.0,
    "max": 3800.0,
    "value": {
      "0": 1000,
      "1": 1000,
      "2": 1000,
      "3": 1000,
      "4": 1000,
      "5": 1000,
      "6": 1000,
      "7": 1000,
      "8": 1000,
      "9": 1000,
      "10": 1000,
      "11": 1000,
      "12": 1000,
      "13": 1000,
      "14": 1000,
      "15": 1000,
      "16": 1000,
      "17": 1000,
      "18": 1000,
      "19": 1000,
      "20": 1000,
      "21": 1000,
      "22": 1000,
      "23": 1000,
      "24": 1000,
      "25": 1000,
      "26": 1000,
      "27": 1000,
      "28": 1000,
      "29": 1000,
      "30": 1000
    },
    "units": "RPM",
    "optimize_with_chem_os": false
  },
  "spin_time": {
    "min": 10.0,
    "max": 120.0,
    "value": {
      "0": 60,
      "1": 60,
      "2": 60,
      "3": 60,
      "4": 60,
      "5": 60,
      "6": 60,
      "7": 60,
      "8": 60,
      "9": 60,
      "10": 60,
      "11": 60,
      "12": 60,
      "13": 60,
      "14": 60,
      "15": 60,
      "16": 60,
      "17": 60,
      "18": 60,
      "19": 60,
      "20": 60,
      "21": 60,
      "22": 60,
      "23": 60,
      "24": 60,
      "25": 60,
      "26": 60,
      "27": 60,
      "28": 60,
      "29": 60,
      "30": 60
    },
    "units": "s",
    "optimize_with_chem_os": false
  },
  "dispense_volume": {
    "min": 0.001,
    "max": 1.0,
    "value": 0.1,
    "units": "mL",
    "optimize_with_chem_os": false
  },
  "campaign_dispensed_amounts": {
    "spiro": {
      "chemical_name": "Spiro",
      "varied": false,
      "value": 0.13310000000000022,
      "units": "mg",
      "metadata": {
        "molar_weight_ mg": 1225.43,
        "concentration_mg_ml": 50,
        "requested_param": null,
        "requested_vol": 0.16247666432023117
      }
    },
    "cobalt": {
      "chemical_name": "FK102",
      "varied": true,
      "value": 0.03410000000000002,
      "units": "mg",
      "metadata": {
        "molar_weight_ mg": 1334.86,
        "concentration_mg_ml": 50,
        "requested_param": null,
        "requested_vol": 0.04585666901310215
      }
    },
    "tbp": {
      "chemical_name": "tBP",
      "varied": false,
      "value": 0.030100000000000016,
      "units": "mg",
      "metadata": {
        "molar_weight_ mg": 135.21,
        "concentration_mg_ml": 50,
        "requested_param": null,
        "requested_vol": 0.04166666666666667
      }
    },
    "annealing": {
      "varied": true,
      "value": 167.14410781860352,
      "units": "s",
      "metadata": {}
    }
  },
  "properties": {
    "measurement_0": 7.433956265003615e-07,
    "measurement_1": 7.228476426808098e-07,
    "measurement_2": 7.156589048649189e-07,
    "measurement_3": 7.104383975232664e-07,
    "measurement_4": 7.175280356309976e-07,
    "measurement_5": 7.362635776171178e-07,
    "measurement_6": 7.412632873887331e-07,
    "measurement_mean": 7.267707817437436e-07
  },
  "active_parameters_pickle_file": {
    "filename": "not yet defined"
  },
  "processes": {
    "x0": 0.3152876657047349,
    "x1": 0.26370516419410706
  },
  "chemOS": {
    "requested_params": {
      "x0": 0.2590981423854828,
      "x1": 0.6964337825775146
    },
    "output_for_previous": {
      "campaign_name": "pseudomobility",
      "session_id": "9d97a479-d129-410e-a3ee-9c638411253c",
      "experiment_id": "08896266-fc99-49b7-98d7-9a309b04d046",
      "execution_id": "366928c8",
      "robot_id": "7fed69c8",
      "processes": {
        "x0": 0.3152876657047349,
        "x1": 0.26370516419410706
      },
      "properties": {
        "measurement_0": 7.433956265003615e-07,
        "measurement_1": 7.228476426808098e-07,
        "measurement_2": 7.156589048649189e-07,
        "measurement_3": 7.104383975232664e-07,
        "measurement_4": 7.175280356309976e-07,
        "measurement_5": 7.362635776171178e-07,
        "measurement_6": 7.412632873887331e-07,
        "measurement_mean": 7.267707817437436e-07
      }
    }
  },
  "operator_name": "Ray",
  "operator_comment": "chemos optimization Co anneal mean Ps"
}