,Current,Voltage
0,0.0,0.000169277
1,0.0002,0.00243187
2,0.0004,0.00468969
3,0.0006,0.00685215
4,0.0008,0.00910282
5,0.001,0.011313
