,Current,Voltage
0,0.0,0.000164509
1,0.0002,0.00291109
2,0.0004,0.00564098
3,0.0006,0.00835419
4,0.0008,0.0110769
5,0.001,0.0138021
