,Current,Voltage
0,0.0,0.000238419
1,0.0002,0.0071764
2,0.0004,0.0140643
3,0.0006,0.0209188
4,0.0008,0.0278091
5,0.001,0.0346303
