,Current,Voltage
0,0.0,0.000243187
1,0.0002,0.00502825
2,0.0004,0.00977993
3,0.0006,0.0145102
4,0.0008,0.0193167
5,0.001,0.0240493
