,Current,Voltage
0,0.0,0.000522137
1,0.0002,0.016861
2,0.0004,0.0332284
3,0.0006,0.0495172
4,0.0008,0.0659275
5,0.001,0.0821614
