,Current,Voltage
0,0.0,0.00017643
1,0.0002,0.00175238
2,0.0004,0.00333786
3,0.0006,0.00492096
4,0.0008,0.00651598
5,0.001,0.00809431
