,Current,Voltage
0,0.0,0.000169277
1,0.0002,0.00231028
2,0.0004,0.00443697
3,0.0006,0.00652313
4,0.0008,0.00859976
5,0.001,0.0106788
