,Current,Voltage
0,0.0,0.000197887
1,0.0002,0.00332594
2,0.0004,0.0064373
3,0.0006,0.00947714
4,0.0008,0.0125885
5,0.001,0.0156999
