,Current,Voltage
0,0.0,0.000171661
1,0.0002,0.00376463
2,0.0004,0.00731468
3,0.0006,0.0108123
4,0.0008,0.0143909
5,0.001,0.0179386
