,Current,Voltage
0,0.0,0.000259876
1,0.0002,0.00606298
2,0.0004,0.0117993
3,0.0006,0.0175333
4,0.0008,0.023315
5,0.001,0.0290298
