,Current,Voltage
0,0.0,0.000677109
1,0.0002,0.0225735
2,0.0004,0.0446033
3,0.0006,0.0664568
4,0.0008,0.0885177
5,0.001,0.110366
