,Current,Voltage
0,0.0,0.000154972
1,0.0002,0.00279903
2,0.0004,0.00538588
3,0.0006,0.00795841
4,0.0008,0.0105357
5,0.001,0.0131035
