,Current,Voltage
0,0.0,0.000264645
1,0.0002,0.00661612
2,0.0004,0.0129604
3,0.0006,0.0192308
4,0.0008,0.0255418
5,0.001,0.0318456
