,Current,Voltage
0,0.0,-1.32123
1,0.0002,-1.22065
2,0.0004,-1.11389
3,0.0006,-1.01084
4,0.0008,-0.910039
5,0.001,-0.811958
