,Current,Voltage
0,0.0,0.000224113
1,0.0002,0.00426292
2,0.0004,0.00820875
3,0.0006,0.012176
4,0.0008,0.0161147
5,0.001,0.0200605
