,Current,Voltage
0,0.0,0.00027895
1,0.0002,0.00571489
2,0.0004,0.0111818
3,0.0006,0.0165677
4,0.0008,0.0220513
5,0.001,0.027442
