,Current,Voltage
0,0.0,0.000340939
1,0.0002,0.00756264
2,0.0004,0.0148416
3,0.0006,0.0220323
4,0.0008,0.029285
5,0.001,0.0364709
