,Current,Voltage
0,0.0,0.000166893
1,0.0002,0.00251293
2,0.0004,0.00482321
3,0.0006,0.00716448
4,0.0008,0.00948191
5,0.001,0.0118113
