,Current,Voltage
0,0.0,0.000460148
1,0.0002,0.0134683
2,0.0004,0.0265265
3,0.0006,0.0394487
4,0.0008,0.0524831
5,0.001,0.0654221
