,Current,Voltage
0,0.0,0.228693
1,0.0002,0.0084424
2,0.0004,0.0165844
3,0.0006,0.0246668
4,0.0008,0.0328326
5,0.001,0.0408816
