,Current,Voltage
0,0.0,0.00033617
1,0.0002,0.00788689
2,0.0004,0.0154376
3,0.0006,0.0229955
4,0.0008,0.0305533
5,0.001,0.0380635
