,Current,Voltage
0,0.0,0.000112057
1,0.0002,0.00190258
2,0.0004,0.00362396
3,0.0006,0.0053215
4,0.0008,0.00704527
5,0.001,0.00876665
