,Current,Voltage
0,0.0,0.000214577
1,0.0002,0.00305176
2,0.0004,0.00590324
3,0.0006,0.00868559
4,0.0008,0.0115347
5,0.001,0.0143147
