,Current,Voltage
0,0.0,0.000143051
1,0.0002,0.00248909
2,0.0004,0.00477552
3,0.0006,0.00706673
4,0.0008,0.00939369
5,0.001,0.0116539
