,Current,Voltage
0,0.0,0.000133514
1,0.0002,0.00253916
2,0.0004,0.00483751
3,0.0006,0.00713348
4,0.0008,0.00944376
5,0.001,0.0117612
