,Current,Voltage
0,0.0,0.000164509
1,0.0002,0.00209093
2,0.0004,0.00404358
3,0.0006,0.0059104
4,0.0008,0.00782251
5,0.001,0.00970602
