,Current,Voltage
0,0.0,0.000221729
1,0.0002,0.00366211
2,0.0004,0.0071454
3,0.0006,0.0106072
4,0.0008,0.0140595
5,0.001,0.0174999
