,Current,Voltage
0,0.0,0.00017643
1,0.0002,0.0031209
2,0.0004,0.00605822
3,0.0006,0.00895739
4,0.0008,0.0119042
5,0.001,0.0147796
