,Current,Voltage
0,0.0,0.000126362
1,0.0002,0.00195742
2,0.0004,0.00375986
3,0.0006,0.00555038
4,0.0008,0.00731707
5,0.001,0.00911713
