,Current,Voltage
0,0.0,0.000171661
1,0.0002,0.00254154
2,0.0004,0.00490665
3,0.0006,0.00720739
4,0.0008,0.00956297
5,0.001,0.0118756
