,Current,Voltage
0,0.0,0.000138283
1,0.0002,0.0028491
2,0.0004,0.0055027
3,0.0006,0.00810862
4,0.0008,0.0108027
5,0.001,0.0134063
