,Current,Voltage
0,0.0,0.000209808
1,0.0002,0.00462532
2,0.0004,0.00907421
3,0.0006,0.0134754
4,0.0008,0.0178981
5,0.001,0.0222754
