,Current,Voltage
0,0.0,0.000169277
1,0.0002,0.00387907
2,0.0004,0.00754595
3,0.0006,0.0111914
4,0.0008,0.0148702
5,0.001,0.0184727
