,Current,Voltage
0,0.0,0.000214577
1,0.0002,0.00555992
2,0.0004,0.0108528
3,0.0006,0.0161242
4,0.0008,0.0214243
5,0.001,0.0266743
