,Current,Voltage
0,0.0,0.00013113
1,0.0002,0.0018692
2,0.0004,0.00353098
3,0.0006,0.00523806
4,0.0008,0.0068903
5,0.001,0.00855684
