,Current,Voltage
0,0.0,0.000298023
1,0.0002,0.00741959
2,0.0004,0.0145507
3,0.0006,0.0216031
4,0.0008,0.0287008
5,0.001,0.0357842
