,Current,Voltage
0,0.0,0.000169277
1,0.0002,0.00296831
2,0.0004,0.00576019
3,0.0006,0.00849485
4,0.0008,0.0112438
5,0.001,0.0139952
