,Current,Voltage
0,0.0,0.000197887
1,0.0002,0.00496387
2,0.0004,0.00973463
3,0.0006,0.0144434
4,0.0008,0.019145
5,0.001,0.0238514
