,Current,Voltage
0,0.0,0.000200272
1,0.0002,0.0037384
2,0.0004,0.00725985
3,0.0006,0.0107408
4,0.0008,0.0142527
5,0.001,0.0177121
