,Current,Voltage
0,0.0,0.000786781
1,0.0002,0.0261474
2,0.0004,0.0517035
3,0.0006,0.0769997
4,0.0008,0.102549
5,0.001,0.127823
