,Current,Voltage
0,0.0,0.000274181
1,0.0002,0.00745535
2,0.0004,0.0146222
3,0.0006,0.0217438
4,0.0008,0.0289059
5,0.001,0.035975
