,Current,Voltage
0,0.0,-0.903126
1,8e-10,-0.406579
2,1.6e-09,-0.105866
3,2.4e-09,0.201381
4,3.2e-09,0.508573
5,4e-09,0.816758
