,Current,Voltage
0,0.0,0.0111492
1,8e-10,0.0313759
2,1.6e-09,0.0515194
3,2.4e-09,0.0716617
4,3.2e-09,0.0917664
5,4e-09,0.111932
