,Current,Voltage
0,0.0,0.00358987
1,8e-10,0.0107453
2,1.6e-09,0.0179193
3,2.4e-09,0.0250795
4,3.2e-09,0.0322556
5,4e-09,0.0394461
