,Current,Voltage
0,0.0,0.00439024
1,8e-10,0.0132442
2,1.6e-09,0.0220776
3,2.4e-09,0.0309315
4,3.2e-09,0.0397642
5,4e-09,0.0485871
