,Current,Voltage
0,0.0,0.000152588
1,0.0002,0.00131369
2,0.0004,0.00244379
3,0.0006,0.00355482
4,0.0008,0.004704
5,0.001,0.00579834
