,Current,Voltage
0,0.0,0.000157356
1,0.0002,0.00137091
2,0.0004,0.00252247
3,0.0006,0.00363827
4,0.0008,0.0048089
5,0.001,0.00597239
