,Current,Voltage
0,0.0,0.000169277
1,0.0002,0.00123024
2,0.0004,0.00229597
3,0.0006,0.00329971
4,0.0008,0.0043726
5,0.001,0.00538111
