,Current,Voltage
0,0.0,0.000135899
1,0.0002,0.00193834
2,0.0004,0.00370741
3,0.0006,0.00548124
4,0.0008,0.00725031
5,0.001,0.00900984
