,Current,Voltage
0,0.0,0.000107288
1,0.0002,0.000808239
2,0.0004,0.912411
3,0.0006,4.60806
4,0.0008,8.38002
5,0.001,10.0019
