,Current,Voltage
0,0.0,0.000112057
1,0.0002,0.00146627
2,0.0004,0.0027442
3,0.0006,0.00403881
4,0.0008,0.00530481
5,0.001,0.00660896
