,Current,Voltage
0,0.0,0.000171661
1,0.0002,0.00200748
2,0.0004,0.00374556
3,0.0006,0.00551701
4,0.0008,0.00734329
5,0.001,0.00910044
