,Current,Voltage
0,0.0,0.000190735
1,0.0002,0.00211239
2,0.0004,0.00402689
3,0.0006,0.0059247
4,0.0008,0.00779152
5,0.001,0.00970125
