,Current,Voltage
0,0.0,-0.65707
1,0.0002,-0.176432
2,0.0004,-0.0625658
3,0.0006,0.00126123
4,0.0008,0.0438213
5,0.001,0.0755072
