,Current,Voltage
0,0.0,0.000138283
1,0.0002,0.00185966
2,0.0004,0.00347614
3,0.0006,0.00509501
4,0.0008,0.00675678
5,0.001,0.00837803
