,Current,Voltage
0,0.0,0.000166893
1,0.0002,0.00231743
2,0.0004,0.00442505
3,0.0006,0.00649452
4,0.0008,0.00861645
5,0.001,0.0106835
