,Current,Voltage
0,0.0,0.000107288
1,0.0002,0.000779629
2,0.0004,0.00133514
3,0.0006,0.00195503
4,0.0008,0.00249624
5,0.001,0.0030756
