,Current,Voltage
0,0.0,0.000152588
1,0.0002,0.00162125
2,0.0004,0.00305176
3,0.0006,0.00444651
4,0.0008,0.00588655
5,0.001,0.00726223
