,Current,Voltage
0,0.0,0.000152588
1,0.0002,0.00165462
2,0.0004,0.00316381
3,0.0006,0.00467777
4,0.0008,0.00613213
5,0.001,0.00760555
