,Current,Voltage
0,0.0,0.000293255
1,0.0002,0.0083518
2,0.0004,0.0163698
3,0.0006,0.0244188
4,0.0008,0.0324273
5,0.001,0.0404358
