,Current,Voltage
0,0.0,0.000138283
1,0.0002,0.00140667
2,0.0004,0.00262499
3,0.0006,0.00384808
4,0.0008,0.00505447
5,0.001,0.00626802
