,Current,Voltage
0,0.0,0.000138283
1,0.0002,0.00108004
2,0.0004,0.00201702
3,0.0006,0.00293493
4,0.0008,0.00381947
5,0.001,0.00473738
