,Current,Voltage
0,0.0,0.000126362
1,0.0002,0.00115633
2,0.0004,0.00211716
3,0.0006,0.00305414
4,0.0008,0.00400543
5,0.001,0.00494957
