,Current,Voltage
0,0.0,0.00013113
1,0.0002,0.00126123
2,0.0004,0.0022912
3,0.0006,0.00338554
4,0.0008,0.00437975
5,0.001,0.00545025
