,Current,Voltage
0,0.0,0.000183582
1,0.0002,0.00220299
2,0.0004,0.00419378
3,0.0006,0.00616074
4,0.0008,0.0081563
5,0.001,0.0101018
