,Current,Voltage
0,0.0,0.000190735
1,0.0002,0.00156164
2,0.0004,0.00291348
3,0.0006,0.00420332
4,0.0008,0.00555038
5,0.001,0.00690699
