,Current,Voltage
0,0.0,0.000116825
1,0.0002,0.000803471
2,0.0004,0.00144243
3,0.0006,0.00204563
4,0.0008,0.00268459
5,0.001,0.00330687
