,Current,Voltage
0,0.0,9.53674e-05
1,0.0002,0.000216961
2,0.0004,0.00033617
3,0.0006,0.000402927
4,0.0008,0.000517368
5,0.001,0.000638962
