,Current,Voltage
0,0.0,9.29832e-05
1,0.0002,0.00114679
2,0.0004,0.00213146
3,0.0006,0.00304699
4,0.0008,0.00401974
5,0.001,0.00498295
