,Current,Voltage
0,0.0,0.000209808
1,0.0002,0.00450611
2,0.0004,0.00874281
3,0.0006,0.0129747
4,0.0008,0.0172234
5,0.001,0.0215101
