,Current,Voltage
0,0.0,0.00020504
1,0.0002,0.00312805
2,0.0004,0.0060153
3,0.0006,0.00887632
4,0.0008,0.011766
5,0.001,0.0145841
