,Current,Voltage
0,0.0,0.000157356
1,0.0002,0.00160933
2,0.0004,0.00301361
3,0.0006,0.00444412
4,0.0008,0.00583887
5,0.001,0.00725746
