,Current,Voltage
0,0.0,0.000987053
1,0.0002,0.00268936
2,0.0004,0.00509501
3,0.0006,0.00753403
4,0.0008,0.00996828
5,0.001,0.0123954
