{
  "mapping_offsets": [
    0.0,
    1.0,
    2.0,
    3.0,
    4.0,
    5.0,
    6.0
  ],
  "flir_offsets": [
    0,
    15,
    30
  ],
  "spin_speed": {
    "min": 100.0,
    "max": 3800.0,
    "value": {
      "0": 1000,
      "1": 1000,
      "2": 1000,
      "3": 1000,
      "4": 1000,
      "5": 1000,
      "6": 1000,
      "7": 1000,
      "8": 1000,
      "9": 1000,
      "10": 1000,
      "11": 1000,
      "12": 1000
    },
    "units": "RPM",
    "optimize_with_chem_os": false
  },
  "spin_time": {
    "min": 10.0,
    "max": 120.0,
    "value": {
      "0": 60,
      "1": 60,
      "2": 60,
      "3": 60,
      "4": 60,
      "5": 60,
      "6": 60,
      "7": 60,
      "8": 60,
      "9": 60,
      "10": 60,
      "11": 60,
      "12": 60
    },
    "units": "s",
    "optimize_with_chem_os": false
  },
  "dispense_volume": {
    "min": 0.001,
    "max": 1.0,
    "value": 0.1,
    "units": "mL",
    "optimize_with_chem_os": false
  },
  "campaign_dispensed_amounts": {
    "spiro": {
      "chemical_name": "Spiro",
      "varied": false,
      "value": 0.0766,
      "units": "mg",
      "metadata": {
        "molar_weight_ mg": 1225.43,
        "concentration_mg_ml": 50,
        "requested_param": null,
        "requested_vol": 0.0998622055160725
      }
    },
    "cobalt": {
      "chemical_name": "FK102",
      "varied": true,
      "value": 0.08559999999999945,
      "units": "mg",
      "metadata": {
        "molar_weight_ mg": 1334.86,
        "concentration_mg_ml": 50,
        "requested_param": null,
        "requested_vol": 0.10847112781726082
      }
    },
    "tbp": {
      "chemical_name": "tBP",
      "varied": false,
      "value": 0.02950000000000008,
      "units": "mg",
      "metadata": {
        "molar_weight_ mg": 135.21,
        "concentration_mg_ml": 50,
        "requested_param": null,
        "requested_vol": 0.04166666666666667
      }
    },
    "annealing": {
      "varied": true,
      "value": 159.28955554962158,
      "units": "s",
      "metadata": {}
    }
  },
  "properties": {
    "measurement_0": 3.7946683173981175e-07,
    "measurement_1": 3.893373887678832e-07,
    "measurement_2": 3.9133811957335656e-07,
    "measurement_3": 3.866973227851994e-07,
    "measurement_4": 3.807548067791635e-07,
    "measurement_5": 3.800876574740933e-07,
    "measurement_6": 3.816433961182155e-07,
    "measurement_mean": 3.841893604625318e-07
  },
  "active_parameters_pickle_file": {
    "filename": "not yet defined"
  },
  "processes": {
    "x0": 0.5432452241594579,
    "x1": 0.00034357522963546216
  },
  "chemOS": {
    "requested_params": {
      "x0": 0.9971621632575989,
      "x1": 0.6637064814567566
    },
    "output_for_previous": {
      "campaign_name": "pseudomobility",
      "session_id": "dbad41d5-017b-4f35-b430-6be3f655fdb0",
      "experiment_id": "cca71c8e-2283-4aac-ba78-12577e32c7c9",
      "execution_id": "f5e0fb92",
      "robot_id": "e0c4ac82",
      "processes": {
        "x0": 0.5432452241594579,
        "x1": 0.00034357522963546216
      },
      "properties": {
        "measurement_0": 3.7946683173981175e-07,
        "measurement_1": 3.893373887678832e-07,
        "measurement_2": 3.9133811957335656e-07,
        "measurement_3": 3.866973227851994e-07,
        "measurement_4": 3.807548067791635e-07,
        "measurement_5": 3.800876574740933e-07,
        "measurement_6": 3.816433961182155e-07,
        "measurement_mean": 3.841893604625318e-07
      }
    }
  },
  "operator_name": "Thomas",
  "operator_comment": "chemOS optimization of pseudomobility over cobalt annealing space"
}