,Current,Voltage
0,0.0,0.0083797
1,8e-10,0.0225837
2,1.6e-09,0.0367556
3,2.4e-09,0.0508909
4,3.2e-09,0.0650682
5,4e-09,0.079221
