,Current,Voltage
0,0.0,0.0112765
1,8e-10,0.0311847
2,1.6e-09,0.0510237
3,2.4e-09,0.0708487
4,3.2e-09,0.0906949
5,4e-09,0.110519
