,Current,Voltage
0,0.0,0.00162125
1,0.0002,0.0603437
2,0.0004,0.168149
3,0.0006,2.03262
4,0.0008,4.03294
5,0.001,6.01537
