,Current,Voltage
0,0.0,0.000116825
1,0.0002,0.00200748
2,0.0004,0.00387192
3,0.0006,0.00575304
4,0.0008,0.0075841
5,0.001,0.0094223
