,Current,Voltage
0,0.0,0.000133514
1,0.0002,0.00212193
2,0.0004,0.00406504
3,0.0006,0.006001
4,0.0008,0.00801086
5,0.001,0.00990391
