,Current,Voltage
0,0.0,0.000348091
1,0.0002,1.12432
2,0.0004,4.71061
3,0.0006,8.37012
4,0.0008,10.0021
5,0.001,10.0021
