,Current,Voltage
0,0.0,0.000157356
1,0.0002,0.00334024
2,0.0004,0.00654221
3,0.0006,0.00965118
4,0.0008,0.0128651
5,0.001,0.0159788
