,Current,Voltage
0,0.0,0.000164509
1,0.0002,0.00275373
2,0.0004,0.00529051
3,0.0006,0.0077939
4,0.0008,0.0103235
5,0.001,0.0128102
