,Current,Voltage
0,0.0,0.000152588
1,0.0002,0.00319242
2,0.0004,0.0062561
3,0.0006,0.00926256
4,0.0008,0.0122833
5,0.001,0.0152707
