,Current,Voltage
0,0.0,0.000104904
1,0.0002,0.00156641
2,0.0004,0.00299454
3,0.0006,0.00439882
4,0.0008,0.0058651
5,0.001,0.00727654
