,Current,Voltage
0,0.0,0.000123978
1,0.0002,0.00221968
2,0.0004,0.00424623
3,0.0006,0.00628948
4,0.0008,0.00833511
5,0.001,0.0103235
