,Current,Voltage
0,0.0,0.000114441
1,0.0002,0.00158072
2,0.0004,0.00305653
3,0.0006,0.00445604
4,0.0008,0.00590086
5,0.001,0.0073266
