,Current,Voltage
0,0.0,0.000119209
1,0.0002,0.00095129
2,0.0004,0.00179052
3,0.0006,0.00258207
4,0.0008,0.00340462
5,0.001,0.00424623
