,Current,Voltage
0,0.0,0.000143051
1,0.0002,0.00208616
2,0.0004,0.00397682
3,0.0006,0.00589848
4,0.0008,0.00782013
5,0.001,0.00972986
