,Current,Voltage
0,0.0,0.000114441
1,0.0002,0.00237942
2,0.0004,0.00455141
3,0.0006,0.0067687
4,0.0008,0.00893116
5,0.001,0.0111341
