,Current,Voltage
0,0.0,0.000133514
1,0.0002,0.00130653
2,0.0004,0.00247717
3,0.0006,0.00361443
4,0.0008,0.00472307
5,0.001,0.00590324
