,Current,Voltage
0,0.0,0.0011158
1,0.0002,0.0410032
2,0.0004,0.0811791
3,0.0006,0.121017
4,0.0008,0.161264
5,0.001,0.201135
