,Current,Voltage
0,0.0,0.000107288
1,0.0002,0.0016427
2,0.0004,0.00315189
3,0.0006,0.00458479
4,0.0008,0.00608683
5,0.001,0.00750542
