,Current,Voltage
0,0.0,0.000188351
1,0.0002,0.00471354
2,0.0004,0.00920296
3,0.0006,0.0136399
4,0.0008,0.53061
5,0.001,1.50718
