,Current,Voltage
0,0.0,0.000104904
1,0.0002,0.00138283
2,0.0004,0.00262737
3,0.0006,0.00384569
4,0.0008,0.00504732
5,0.001,0.00631571
