,Current,Voltage
0,0.0,7.62939e-05
1,0.0002,0.00151873
2,0.0004,0.00293493
3,0.0006,0.00431061
4,0.0008,0.00567436
5,0.001,0.00706196
