,Current,Voltage
0,0.0,0.000193119
1,0.0002,0.00277281
2,0.0004,0.0053525
3,0.0006,0.00787973
4,0.0008,0.0104189
5,0.001,0.0129819
