,Current,Voltage
0,0.0,0.00014782
1,0.0002,0.00365019
2,0.0004,0.00707388
3,0.0006,0.010488
4,0.0008,0.0139093
5,0.001,0.0173116
