,Current,Voltage
0,0.0,0.000121593
1,0.0002,0.00150442
2,0.0004,0.00282049
3,0.0006,0.00413895
4,0.0008,0.00547171
5,0.001,0.00678062
