,Current,Voltage
0,0.0,0.000157356
1,0.0002,0.00162125
2,0.0004,0.00306606
3,0.0006,0.0045085
4,0.0008,0.00591516
5,0.001,0.00733852
