,Current,Voltage
0,0.0,0.000226498
1,0.0002,0.00487328
2,0.0004,0.00947475
3,0.0006,0.0140548
4,0.0008,0.0186372
5,0.001,0.0232291
