,Current,Voltage
0,0.0,0.000140667
1,0.0002,0.00130177
2,0.0004,0.00241995
3,0.0006,0.0035429
4,0.0008,0.00465155
5,0.001,0.00574589
