,Current,Voltage
0,0.0,0.000445843
1,0.0002,0.0151277
2,0.0004,0.029881
3,0.0006,0.0445199
4,0.0008,0.0592542
5,0.001,0.0738883
