,Current,Voltage
0,0.0,0.000112057
1,0.0002,0.00122309
2,0.0004,0.00226021
3,0.0006,0.00326872
4,0.0008,0.00429869
5,0.001,0.00534058
