,Current,Voltage
0,0.0,0.000185966
1,0.0002,0.00341415
2,0.0004,0.00664949
3,0.0006,0.00982761
4,0.0008,0.0130606
5,0.001,0.0162077
