,Current,Voltage
0,0.0,0.000140667
1,0.0002,0.00293493
2,0.0004,0.00573158
3,0.0006,0.00849247
4,0.0008,0.011251
5,0.001,0.0140214
