,Current,Voltage
0,0.0,0.000143051
1,0.0002,0.00295877
2,0.0004,0.00571251
3,0.0006,0.00845432
4,0.0008,0.0111771
5,0.001,0.0139713
