,Current,Voltage
0,0.0,0.000174046
1,0.0002,0.00478506
2,0.0004,0.00935555
3,0.0006,0.0139046
4,0.0008,0.0184369
5,0.001,0.0229311
