,Current,Voltage
0,0.0,0.000116825
1,0.0002,0.00223875
2,0.0004,0.00431061
3,0.0006,0.00636816
4,0.0008,0.00844002
5,0.001,0.0104856
