,Current,Voltage
0,0.0,0.000112057
1,0.0002,0.00147343
2,0.0004,0.00273943
3,0.0006,0.00398874
4,0.0008,0.0052762
5,0.001,0.00658751
