,Current,Voltage
0,0.0,8.34465e-05
1,0.0002,0.00132799
2,0.0004,0.00244856
3,0.0006,0.00362635
4,0.0008,0.00477076
5,0.001,0.0059104
