,Current,Voltage
0,0.0,0.00667095
1,0.0002,4.56489
2,0.0004,10.0022
3,0.0006,10.0021
4,0.0008,10.002
5,0.001,10.002
