,Current,Voltage
0,0.0,0.000116825
1,0.0002,0.00154018
2,0.0004,0.00289917
3,0.0006,0.00427723
4,0.0008,0.00562191
5,0.001,0.00699043
