,Current,Voltage
0,0.0,0.00396085
1,8e-10,0.0713365
2,1.6e-09,0.138215
3,2.4e-09,0.204916
4,3.2e-09,0.271442
5,4e-09,0.337891
