{
  "mapping_offsets": [
    0.0,
    1.0,
    2.0,
    3.0,
    4.0,
    5.0,
    6.0
  ],
  "flir_offsets": [
    0,
    15,
    30
  ],
  "spin_speed": {
    "min": 100.0,
    "max": 3800.0,
    "value": {
      "0": 1000,
      "1": 1000,
      "2": 1000,
      "3": 1000,
      "4": 1000
    },
    "units": "RPM",
    "optimize_with_chem_os": false
  },
  "spin_time": {
    "min": 10.0,
    "max": 120.0,
    "value": {
      "0": 60,
      "1": 60,
      "2": 60,
      "3": 60,
      "4": 60
    },
    "units": "s",
    "optimize_with_chem_os": false
  },
  "dispense_volume": {
    "min": 0.001,
    "max": 1.0,
    "value": 0.1,
    "units": "mL",
    "optimize_with_chem_os": false
  },
  "campaign_dispensed_amounts": {
    "spiro": {
      "chemical_name": "Spiro",
      "varied": false,
      "value": 0.08099999999999952,
      "units": "mg",
      "metadata": {
        "molar_weight_ mg": 1225.43,
        "concentration_mg_ml": 50,
        "requested_param": null,
        "requested_vol": 0.10810479622723705
      }
    },
    "cobalt": {
      "chemical_name": "FK102",
      "varied": true,
      "value": 0.07979999999999965,
      "units": "mg",
      "metadata": {
        "molar_weight_ mg": 1334.86,
        "concentration_mg_ml": 50,
        "requested_param": null,
        "requested_vol": 0.10022853710609629
      }
    },
    "tbp": {
      "chemical_name": "tBP",
      "varied": false,
      "value": 0.02909999999999968,
      "units": "mg",
      "metadata": {
        "molar_weight_ mg": 135.21,
        "concentration_mg_ml": 50,
        "requested_param": null,
        "requested_vol": 0.04166666666666667
      }
    },
    "annealing": {
      "varied": true,
      "value": 175.13221263885498,
      "units": "s",
      "metadata": {}
    }
  },
  "properties": {
    "measurement_0": 1.2814224877696565e-07,
    "measurement_1": 1.2031085685260307e-07,
    "measurement_2": 1.1873680759539578e-07,
    "measurement_3": 1.201014383020708e-07,
    "measurement_4": 1.2144350884902043e-07,
    "measurement_5": 1.241917989330392e-07,
    "measurement_6": 1.215186334672605e-07,
    "measurement_mean": 1.2206361325376506e-07
  },
  "active_parameters_pickle_file": {
    "filename": "not yet defined"
  },
  "processes": {
    "x0": 0.032221193248509035,
    "x1": 0.017092084512114525
  },
  "chemOS": {
    "requested_params": {
      "x0": 0.8511365056037903,
      "x1": 0.7297175526618958
    },
    "output_for_previous": {
      "campaign_name": "pseudomobility",
      "session_id": "dbad41d5-017b-4f35-b430-6be3f655fdb0",
      "experiment_id": "a6ab7d31-7202-4ddc-b76c-09f52e92f073",
      "execution_id": "98589335",
      "robot_id": "e0c4ac82",
      "processes": {
        "x0": 0.032221193248509035,
        "x1": 0.017092084512114525
      },
      "properties": {
        "measurement_0": 1.2814224877696565e-07,
        "measurement_1": 1.2031085685260307e-07,
        "measurement_2": 1.1873680759539578e-07,
        "measurement_3": 1.201014383020708e-07,
        "measurement_4": 1.2144350884902043e-07,
        "measurement_5": 1.241917989330392e-07,
        "measurement_6": 1.215186334672605e-07,
        "measurement_mean": 1.2206361325376506e-07
      }
    }
  },
  "operator_name": "Thomas",
  "operator_comment": "chemOS optimization of pseudomobility over cobalt annealing space"
}