,Current,Voltage
0,0.0,-0.0436597
1,8e-10,0.570909
2,1.6e-09,0.905303
3,2.4e-09,1.1893
4,3.2e-09,1.4574
5,4e-09,1.72483
