,Current,Voltage
0,0.0,0.00503349
1,8e-10,0.0141606
2,1.6e-09,0.0232582
3,2.4e-09,0.0323813
4,3.2e-09,0.0414982
5,4e-09,0.0506184
