,Current,Voltage
0,0.0,0.00375319
1,8e-10,0.0108182
2,1.6e-09,0.0179117
3,2.4e-09,0.0249851
4,3.2e-09,0.032069
5,4e-09,0.0391548
