,Current,Voltage
0,0.0,0.0085721
1,8e-10,0.023052
2,1.6e-09,0.0374813
3,2.4e-09,0.0519328
4,3.2e-09,0.0663562
5,4e-09,0.0808265
