,Current,Voltage
0,0.0,0.000145435
1,0.0002,0.00227451
2,0.0004,0.00436783
3,0.0006,0.00640631
4,0.0008,0.00851393
5,0.001,0.0105786
