,Current,Voltage
0,0.0,0.000150204
1,0.0002,0.00399113
2,0.0004,0.00776768
3,0.0006,0.0115371
4,0.0008,0.0152993
5,0.001,0.0190711
