,Current,Voltage
0,0.0,0.000143051
1,0.0002,0.00195026
2,0.0004,0.00374317
3,0.0006,0.00551701
4,0.0008,0.00728369
5,0.001,0.00901699
