,Current,Voltage
0,0.0,0.000164509
1,0.0002,0.00243902
2,0.0004,0.00468731
3,0.0006,0.00690222
4,0.0008,0.00914335
5,0.001,0.0113678
