,Current,Voltage
0,0.0,0.000162125
1,0.0002,0.00349283
2,0.0004,0.00674009
3,0.0006,0.00998259
4,0.0008,0.0132751
5,0.001,0.0165057
