,Current,Voltage
0,0.0,0.000143051
1,0.0002,0.00231266
2,0.0004,0.00450134
3,0.0006,0.00664949
4,0.0008,0.0088048
5,0.001,0.0109649
