,Current,Voltage
0,0.0,0.000145435
1,0.0002,0.00246048
2,0.0004,0.00479221
3,0.0006,0.00702143
4,0.0008,0.00934124
5,0.001,0.0116038
