,Current,Voltage
0,0.0,0.000100136
1,0.0002,0.00193119
2,0.0004,0.00361681
3,0.0006,0.00537872
4,0.0008,0.00712156
5,0.001,0.00880003
