,Current,Voltage
0,0.0,0.000133514
1,0.0002,0.00246048
2,0.0004,0.00469446
3,0.0006,0.00695229
4,0.0008,0.0091815
5,0.001,0.0114489
