,Current,Voltage
0,0.0,0.000157356
1,0.0002,0.00213861
2,0.0004,0.00402689
3,0.0006,0.00597954
4,0.0008,0.00789404
5,0.001,0.00980139
