,Current,Voltage
0,0.0,0.000145435
1,0.0002,0.00234365
2,0.0004,0.00455618
3,0.0006,0.00673532
4,0.0008,0.00894785
5,0.001,0.0111008
