,Current,Voltage
0,0.0,0.000104904
1,0.0002,0.00193596
2,0.0004,0.00373125
3,0.0006,0.00551701
4,0.0008,0.00730753
5,0.001,0.00909805
