,Current,Voltage
0,0.0,0.000145435
1,0.0002,0.00190973
2,0.0004,0.00360966
3,0.0006,0.0053072
4,0.0008,0.00700474
5,0.001,0.00871658
