,Current,Voltage
0,0.0,0.000169277
1,0.0002,0.0024581
2,0.0004,0.00471115
3,0.0006,0.00693083
4,0.0008,0.00916004
5,0.001,0.0113988
