,Current,Voltage
0,0.0,0.000126362
1,0.0002,0.00261784
2,0.0004,0.00511408
3,0.0006,0.00759602
4,0.0008,0.0100613
5,0.001,0.0125194
