,Current,Voltage
0,0.0,0.000135899
1,0.0002,0.00175476
2,0.0004,0.00332355
3,0.0006,0.00481844
4,0.0008,0.00640154
5,0.001,0.00793457
