,Current,Voltage
0,0.0,0.000150204
1,0.0002,0.00193357
2,0.0004,0.00371456
3,0.0006,0.00547409
4,0.0008,0.007236
5,0.001,0.00899315
