,Current,Voltage
0,0.0,0.000119209
1,0.0002,0.00231743
2,0.0004,0.00448227
3,0.0006,0.00665426
4,0.0008,0.00880241
5,0.001,0.010941
