,Current,Voltage
0,0.0,0.000116825
1,0.0002,0.00260353
2,0.0004,0.00511408
3,0.0006,0.00750542
4,0.0008,0.00994205
5,0.001,0.0123668
