,Current,Voltage
0,0.0,0.000169277
1,0.0002,0.00375271
2,0.0004,0.00733614
3,0.0006,0.0108671
4,0.0008,0.0143743
5,0.001,0.0178862
