,Current,Voltage
0,0.0,0.000143051
1,0.0002,0.00224352
2,0.0004,0.00429869
3,0.0006,0.00632286
4,0.0008,0.00842571
5,0.001,0.0104117
