,Current,Voltage
0,0.0,0.000121593
1,0.0002,0.00207901
2,0.0004,0.00402451
3,0.0006,0.00596046
4,0.0008,0.00790358
5,0.001,0.00980377
