,Current,Voltage
0,0.0,0.000112057
1,0.0002,0.00118256
2,0.0004,0.00222445
3,0.0006,0.00320196
4,0.0008,0.0042367
5,0.001,0.0052619
