,Current,Voltage
0,0.0,0.000126362
1,0.0002,0.00232697
2,0.0004,0.00447512
3,0.0006,0.0066328
4,0.0008,0.00882864
5,0.001,0.0109196
