,Current,Voltage
0,0.0,0.000107288
1,0.0002,0.00186205
2,0.0004,0.00357389
3,0.0006,0.00526667
4,0.0008,0.00701189
5,0.001,0.00867844
