,Current,Voltage
0,0.0,0.000104904
1,0.0002,0.00288963
2,0.0004,0.00558853
3,0.0006,0.00828266
4,0.0008,0.0109768
5,0.001,0.0136924
