,Current,Voltage
0,0.0,0.00013113
1,0.0002,0.0035429
2,0.0004,0.00688314
3,0.0006,0.0101709
4,0.0008,0.0134993
5,0.001,0.0168204
