,Current,Voltage
0,0.0,0.000135899
1,0.0002,0.00243187
2,0.0004,0.004704
3,0.0006,0.00694275
4,0.0008,0.00921488
5,0.001,0.011456
