,Current,Voltage
0,0.0,0.000123978
1,0.0002,0.00199795
2,0.0004,0.003829
3,0.0006,0.00564575
4,0.0008,0.00745296
5,0.001,0.00927925
