,Current,Voltage
0,0.0,8.10623e-05
1,0.0002,0.00166893
2,0.0004,0.00321865
3,0.0006,0.00473499
4,0.0008,0.00624895
5,0.001,0.00778437
