,Current,Voltage
0,0.0,0.000181198
1,0.0002,0.00314474
2,0.0004,0.00603199
3,0.0006,0.00893593
4,0.0008,0.0118423
5,0.001,0.0147796
