,Current,Voltage
0,0.0,0.000121593
1,0.0002,0.00211954
2,0.0004,0.00408888
3,0.0006,0.00610113
4,0.0008,0.00805616
5,0.001,0.00998974
