,Current,Voltage
0,0.0,0.00010252
1,0.0002,0.00275135
2,0.0004,0.00530005
3,0.0006,0.00782728
4,0.0008,0.0104046
5,0.001,0.012939
