,Current,Voltage
0,0.0,0.000123978
1,0.0002,0.00202656
2,0.0004,0.0039196
3,0.0006,0.00580788
4,0.0008,0.00767469
5,0.001,0.00956059
