,Current,Voltage
0,0.0,0.000119209
1,0.0002,0.00198364
2,0.0004,0.00381947
3,0.0006,0.00561714
4,0.0008,0.00744104
5,0.001,0.0092411
