,Current,Voltage
0,0.0,0.000226498
1,0.0002,0.00379086
2,0.0004,0.00736713
3,0.0006,0.0108576
4,0.0008,0.0144482
5,0.001,0.0179458
