,Current,Voltage
0,0.0,0.00010252
1,0.0002,0.00236988
2,0.0004,0.00459433
3,0.0006,0.00680923
4,0.0008,0.00902891
5,0.001,0.0112152
