,Current,Voltage
0,0.0,0.00013113
1,0.0002,0.00262022
2,0.0004,0.00505686
3,0.0006,0.00755548
4,0.0008,0.00998735
5,0.001,0.0124288
