,Current,Voltage
0,0.0,0.000119209
1,0.0002,0.00306129
2,0.0004,0.00595331
3,0.0006,0.00881195
4,0.0008,0.0116992
5,0.001,0.0145388
