,Current,Voltage
0,0.0,0.000145435
1,0.0002,0.00211
2,0.0004,0.00405073
3,0.0006,0.00595093
4,0.0008,0.00790119
5,0.001,0.00977039
