,Current,Voltage
0,0.0,0.000202656
1,0.0002,0.00235081
2,0.0004,0.00449181
3,0.0006,0.00658274
4,0.0008,0.00877619
5,0.001,0.0108743
