,Current,Voltage
0,0.0,0.000133514
1,0.0002,0.00190973
2,0.0004,0.00362396
3,0.0006,0.00534773
4,0.0008,0.00710487
5,0.001,0.00879526
