,Current,Voltage
0,0.0,0.00014782
1,0.0002,0.00199795
2,0.0004,0.00379324
3,0.0006,0.00558615
4,0.0008,0.00740051
5,0.001,0.00920534
