,Current,Voltage
0,0.0,0.000154972
1,0.0002,0.00235319
2,0.0004,0.00457287
3,0.0006,0.00683069
4,0.0008,0.00900269
5,0.001,0.0112104
