,Current,Voltage
0,0.0,0.000133514
1,0.0002,0.00252724
2,0.0004,0.00486135
3,0.0006,0.00715971
4,0.0008,0.00951529
5,0.001,0.0118089
