,Current,Voltage
0,0.0,0.00010252
1,0.0002,0.00177622
2,0.0004,0.00339746
3,0.0006,0.00502586
4,0.0008,0.00661373
5,0.001,0.00823975
