,Current,Voltage
0,0.0,0.00010252
1,0.0002,0.00161171
2,0.0004,0.00306606
3,0.0006,0.00450611
4,0.0008,0.00589848
5,0.001,0.00738621
