,Current,Voltage
0,0.0,0.00656128
1,8e-10,0.0177116
2,1.6e-09,0.0288494
3,2.4e-09,0.0399764
4,3.2e-09,0.0511096
5,4e-09,0.0622246
