,Current,Voltage
0,0.0,0.000281334
1,0.0002,0.0093627
2,0.0004,0.0184679
3,0.0006,0.0275135
4,0.0008,0.036633
5,0.001,0.0456834
