,Current,Voltage
0,0.0,0.000360012
1,0.0002,0.0124145
2,0.0004,0.0245214
3,0.0006,0.0365496
4,0.0008,0.0486469
5,0.001,0.0606346
