,Current,Voltage
0,0.0,0.000174046
1,0.0002,0.00412226
2,0.0004,0.00803471
3,0.0006,0.0119376
4,0.0008,0.0158191
5,0.001,0.0196886
