,Current,Voltage
0,0.0,0.000281334
1,0.0002,0.00868797
2,0.0004,0.0170016
3,0.0006,0.025301
4,0.0008,0.0336957
5,0.001,0.041976
