,Current,Voltage
0,0.0,0.000212193
1,0.0002,0.00522852
2,0.0004,0.010252
3,0.0006,0.0152254
4,0.0008,0.0202346
5,0.001,0.025177
