,Current,Voltage
0,0.0,0.000333786
1,0.0002,0.0100565
2,0.0004,0.0197244
3,0.0006,0.0293541
4,0.0008,0.0389767
5,0.001,0.0486183
