,Current,Voltage
0,0.0,0.000319481
1,0.0002,0.0108266
2,0.0004,0.0213122
3,0.0006,0.031755
4,0.0008,0.0423288
5,0.001,0.0527525
