,Current,Voltage
0,0.0,0.000183582
1,0.0002,0.00420094
2,0.0004,0.00818253
3,0.0006,0.0121331
4,0.0008,0.0161338
5,0.001,0.0200438
