,Current,Voltage
0,0.0,0.000295639
1,0.0002,0.0116181
2,0.0004,0.0229049
3,0.0006,0.0341272
4,0.0008,0.0454688
5,0.001,0.0566053
