,Current,Voltage
0,0.0,0.000314713
1,0.0002,0.00910997
2,0.0004,0.0178432
3,0.0006,0.0265956
4,0.0008,0.0352955
5,0.001,0.0439572
