,Current,Voltage
0,0.0,0.000245571
1,0.0002,0.00582933
2,0.0004,0.0113726
3,0.0006,0.0169039
4,0.0008,0.0224686
5,0.001,0.0279951
