,Current,Voltage
0,0.0,0.000219345
1,0.0002,0.00502348
2,0.0004,0.00983
3,0.0006,0.0146055
4,0.0008,0.0194025
5,0.001,0.0241399
