,Current,Voltage
0,0.0,0.00079155
1,0.0002,0.0305605
2,0.0004,0.0604606
3,0.0006,0.0901937
4,0.0008,0.12013
5,0.001,0.149748
