,Current,Voltage
0,0.0,0.00026226
1,0.0002,0.00720739
2,0.0004,0.0141239
3,0.0006,0.0210166
4,0.0008,0.0279927
5,0.001,0.0348568
