,Current,Voltage
0,0.0,0.000183582
1,0.0002,0.00379801
2,0.0004,0.0073719
3,0.0006,0.0109506
4,0.0008,0.0145125
5,0.001,0.018065
