,Current,Voltage
0,0.0,0.00033617
1,0.0002,0.01055
2,0.0004,0.020752
3,0.0006,0.0308585
4,0.0008,0.0410914
5,0.001,0.0511789
