,Current,Voltage
0,0.0,0.000276566
1,0.0002,0.00660419
2,0.0004,0.0129557
3,0.0006,0.0192451
4,0.0008,0.0256014
5,0.001,0.0319076
