,Current,Voltage
0,0.0,0.000216961
1,0.0002,0.00843763
2,0.0004,0.0165892
3,0.0006,0.0247478
4,0.0008,0.0328922
5,0.001,0.0410485
