,Current,Voltage
0,0.0,0.000469685
1,0.0002,0.0165606
2,0.0004,0.0327563
3,0.0006,0.0488281
4,0.0008,0.0649571
5,0.001,0.0810099
