,Current,Voltage
0,0.0,0.000286102
1,0.0002,0.00675917
2,0.0004,0.0132608
3,0.0006,0.0196266
4,0.0008,0.0261402
5,0.001,0.032537
