,Current,Voltage
0,0.0,0.000290871
1,0.0002,0.00907898
2,0.0004,0.0178742
3,0.0006,0.0265932
4,0.0008,0.0353694
5,0.001,0.0441003
