,Current,Voltage
0,0.0,0.000195503
1,0.0002,0.00473976
2,0.0004,0.00931025
3,0.0006,0.0137401
4,0.0008,0.0183034
5,0.001,0.022788
