,Current,Voltage
0,0.0,0.000288486
1,0.0002,0.00620127
2,0.0004,0.0121236
3,0.0006,0.0179768
4,0.0008,0.023911
5,0.001,0.0297594
