,Current,Voltage
0,0.0,0.000221729
1,0.0002,0.00548124
2,0.0004,0.0107503
3,0.0006,0.015893
4,0.0008,0.021131
5,0.001,0.0263
