,Current,Voltage
0,0.0,0.000407696
1,0.0002,0.0166869
2,0.0004,0.0329995
3,0.0006,0.0492167
4,0.0008,0.0654578
5,0.001,0.0816131
