,Current,Voltage
0,0.0,0.00428915
1,0.0002,0.866556
2,0.0004,4.83211
3,0.0006,10.0021
4,0.0008,10.0019
5,0.001,10.0019
