,Current,Voltage
0,0.0,0.00017643
1,0.0002,0.00333786
2,0.0004,0.00646591
3,0.0006,0.00959158
4,0.0008,0.118053
5,0.001,0.604403
