,Current,Voltage
0,0.0,0.000202656
1,0.0002,0.00441313
2,0.0004,0.00858545
3,0.0006,0.0127506
4,0.0008,0.0168824
5,0.001,0.0210404
