,Current,Voltage
0,0.0,0.000293255
1,0.0002,0.0099206
2,0.0004,0.0194716
3,0.0006,0.0290227
4,0.0008,0.0386119
5,0.001,0.0481033
