,Current,Voltage
0,0.0,0.00020504
1,0.0002,0.00582695
2,0.0004,0.0113773
3,0.0006,0.0168705
4,0.0008,0.0224543
5,0.001,0.0279713
