,Current,Voltage
0,0.0,0.000252724
1,0.0002,0.00877619
2,0.0004,0.0172806
3,0.0006,0.0257111
4,0.0008,0.0342488
5,0.001,0.0426769
