,Current,Voltage
0,0.0,0.000178814
1,0.0002,0.00358105
2,0.0004,0.00700951
3,0.0006,0.0103688
4,0.0008,0.0137496
5,0.001,0.0171375
