,Current,Voltage
0,0.0,0.000281334
1,0.0002,0.00748396
2,0.0004,0.0146508
3,0.0006,0.021863
4,0.0008,0.0290203
5,0.001,0.0361586
