,Current,Voltage
0,0.0,0.000426769
1,0.0002,0.0147772
2,0.0004,0.029211
3,0.0006,0.043478
4,0.0008,0.0579381
5,0.001,0.0722694
