,Current,Voltage
0,0.0,0.000236034
1,0.0002,0.0069952
2,0.0004,0.0137162
3,0.0006,0.0204158
4,0.0008,0.0271297
5,0.001,0.0338292
