,Current,Voltage
0,0.0,0.000452995
1,0.0002,0.0150418
2,0.0004,0.0296521
3,0.0006,0.0441742
4,0.0008,0.0588083
5,0.001,0.0733805
