,Current,Voltage
0,0.0,0.00026226
1,0.0002,0.00856876
2,0.0004,0.0168777
3,0.0006,0.0250983
4,0.0008,0.033381
5,0.001,0.0415945
