,Current,Voltage
0,0.0,0.000395775
1,0.0002,0.0130177
2,0.0004,0.0257397
3,0.0006,0.0383091
4,0.0008,0.0509858
5,0.001,0.0636125
