,Current,Voltage
0,0.0,0.000207424
1,0.0002,0.00608444
2,0.0004,0.0119281
3,0.0006,0.0176954
4,0.0008,0.0235486
5,0.001,0.0293255
