,Current,Voltage
0,0.0,0.000200272
1,0.0002,0.00450373
2,0.0004,0.00885248
3,0.0006,0.0131226
4,0.0008,0.0174356
5,0.001,0.0217175
