,Current,Voltage
0,0.0,0.000166893
1,0.0002,0.0036478
2,0.0004,0.00706911
3,0.0006,0.0105095
4,0.0008,0.0139165
5,0.001,0.0173354
