,Current,Voltage
0,0.0,0.000183582
1,0.0002,0.0054884
2,0.0004,0.0107694
3,0.0006,0.0159955
4,0.0008,0.0212717
5,0.001,0.0264645
