,Current,Voltage
0,0.0,0.000295639
1,0.0002,0.00731945
2,0.0004,0.0143456
3,0.0006,0.0213242
4,0.0008,0.02841
5,0.001,0.0353599
