,Current,Voltage
0,0.0,0.000157356
1,0.0002,0.00198364
2,0.0004,0.00379801
3,0.0006,0.005548
4,0.0008,0.00732422
5,0.001,0.00907898
