,Current,Voltage
0,0.0,0.000238419
1,0.0002,0.0066185
2,0.0004,0.0129461
3,0.0006,0.019176
4,0.0008,0.0254798
5,0.001,0.0317407
