,Current,Voltage
0,0.0,0.000197887
1,0.0002,0.00236988
2,0.0004,0.00449657
3,0.0006,0.00662088
4,0.0008,0.00878096
5,0.001,0.0109076
