,Current,Voltage
0,0.0,0.0046742
1,8e-10,0.0133536
2,1.6e-09,0.0220404
3,2.4e-09,0.030724
4,3.2e-09,0.0394311
5,4e-09,0.0481448
