,Current,Voltage
0,0.0,0.00515079
1,8e-10,0.0144231
2,1.6e-09,0.0236712
3,2.4e-09,0.0329168
4,3.2e-09,0.0421684
5,4e-09,0.0514235
