,Current,Voltage
0,0.0,0.000109673
1,0.0002,0.00162125
2,0.0004,0.00302076
3,0.0006,0.00440836
4,0.0008,0.00584364
5,0.001,0.00725031
