,Current,Voltage
0,0.0,0.000100136
1,0.0002,0.00168324
2,0.0004,0.00318766
3,0.0006,0.00463724
4,0.0008,0.00617266
5,0.001,0.00760794
