,Current,Voltage
0,0.0,0.000145435
1,0.0002,0.00180721
2,0.0004,0.00343084
3,0.0006,0.00508785
4,0.0008,0.00671625
5,0.001,0.0083518
