,Current,Voltage
0,0.0,0.00015974
1,0.0002,0.00179768
2,0.0004,0.00346661
3,0.0006,0.00507355
4,0.0008,0.00673532
5,0.001,0.00836372
