,Current,Voltage
0,0.0,0.00013113
1,0.0002,0.00225544
2,0.0004,0.00431299
3,0.0006,0.00637054
4,0.0008,0.00844955
5,0.001,0.0105238
