,Current,Voltage
0,0.0,0.000169277
1,0.0002,0.00214815
2,0.0004,0.0041008
3,0.0006,0.00602245
4,0.0008,0.00797749
5,0.001,0.00990391
