,Current,Voltage
0,0.0,0.000140667
1,0.0002,0.00166178
2,0.0004,0.00319481
3,0.0006,0.00460863
4,0.0008,0.00612736
5,0.001,0.00761271
