,Current,Voltage
0,0.0,0.00014782
1,0.0002,0.0028801
2,0.0004,0.00562191
3,0.0006,0.00827074
4,0.0008,0.0109744
5,0.001,0.0136328
