,Current,Voltage
0,0.0,0.000150204
1,0.0002,0.00176907
2,0.0004,0.00338554
3,0.0006,0.00493288
4,0.0008,0.00649929
5,0.001,0.00809669
