,Current,Voltage
0,0.0,0.000145435
1,0.0002,0.0020504
2,0.0004,0.00389099
3,0.0006,0.0057888
4,0.0008,0.00761986
5,0.001,0.00949621
