,Current,Voltage
0,0.0,0.000145435
1,0.0002,0.00158072
2,0.0004,0.00298977
3,0.0006,0.00436783
4,0.0008,0.00579357
5,0.001,0.00716448
