,Current,Voltage
0,0.0,0.00010252
1,0.0002,0.00151157
2,0.0004,0.00288486
3,0.0006,0.00423193
4,0.0008,0.00558138
5,0.001,0.00694275
