,Current,Voltage
0,0.0,0.000209808
1,0.0002,0.0024581
2,0.0004,0.00470877
3,0.0006,0.00688791
4,0.0008,0.00911236
5,0.001,0.011301
