,Current,Voltage
0,0.0,9.53674e-05
1,0.0002,0.00210285
2,0.0004,0.00403404
3,0.0006,0.00596523
4,0.0008,0.00793219
5,0.001,0.00982046
