,Current,Voltage
0,0.0,0.000169277
1,0.0002,0.00184298
2,0.0004,0.00349522
3,0.0006,0.00513792
4,0.0008,0.00680447
5,0.001,0.00843287
