,Current,Voltage
0,0.0,0.000126362
1,0.0002,0.0016284
2,0.0004,0.00309944
3,0.0006,0.00453472
4,0.0008,0.00597
5,0.001,0.00747442
