,Current,Voltage
0,0.0,0.000154972
1,0.0002,0.0022912
2,0.0004,0.00436068
3,0.0006,0.00641346
4,0.0008,0.00852108
5,0.001,0.0105858
