,Current,Voltage
0,0.0,0.000181198
1,0.0002,0.00196695
2,0.0004,0.00374556
3,0.0006,0.00545025
4,0.0008,0.00723839
5,0.001,0.00903845
