,Current,Voltage
0,0.0,0.00013113
1,0.0002,0.00246286
2,0.0004,0.00465155
3,0.0006,0.00688314
4,0.0008,0.00914574
5,0.001,0.0113511
