,Current,Voltage
0,0.0,0.000135899
1,0.0002,0.00173569
2,0.0004,0.00330925
3,0.0006,0.00485897
4,0.0008,0.00638008
5,0.001,0.00792503
