,Current,Voltage
0,0.0,0.000152588
1,0.0002,0.00145674
2,0.0004,0.00277042
3,0.0006,0.00397921
4,0.0008,0.0052619
5,0.001,0.00650167
