,Current,Voltage
0,0.0,0.000121593
1,0.0002,0.00151873
2,0.0004,0.00293016
3,0.0006,0.00425339
4,0.0008,0.0056386
5,0.001,0.00698805
