,Current,Voltage
0,0.0,0.00017643
1,0.0002,0.00211954
2,0.0004,0.00407696
3,0.0006,0.00601053
4,0.0008,0.00796795
5,0.001,0.00985861
