,Current,Voltage
0,0.0,0.000126362
1,0.0002,0.00199556
2,0.0004,0.00375986
3,0.0006,0.00555754
4,0.0008,0.00735521
5,0.001,0.00911236
