,Current,Voltage
0,0.0,9.77516e-05
1,0.0002,0.00150442
2,0.0004,0.00289202
3,0.0006,0.00417948
4,0.0008,0.00553608
5,0.001,0.00692606
