,Current,Voltage
0,0.0,0.00013113
1,0.0002,0.00145674
2,0.0004,0.00273466
3,0.0006,0.00399113
4,0.0008,0.00526667
5,0.001,0.00653028
