,Current,Voltage
0,0.0,0.000157356
1,0.0002,0.00169039
2,0.0004,0.00315189
3,0.0006,0.00461817
4,0.0008,0.00609159
5,0.001,0.0075388
