,Current,Voltage
0,0.0,9.53674e-05
1,0.0002,0.0018692
2,0.0004,0.0036025
3,0.0006,0.00531673
4,0.0008,0.00699759
5,0.001,0.0087285
