,Current,Voltage
0,0.0,0.000166893
1,0.0002,0.00271082
2,0.0004,0.00515223
3,0.0006,0.00758886
4,0.0008,0.0100613
5,0.001,0.0125122
