,Current,Voltage
0,0.0,0.000126362
1,0.0002,0.00240326
2,0.0004,0.00470161
3,0.0006,0.00694036
4,0.0008,0.00921011
5,0.001,0.0114703
