,Current,Voltage
0,0.0,0.00010252
1,0.0002,0.00172138
2,0.0004,0.00332117
3,0.0006,0.00486135
4,0.0008,0.00647545
5,0.001,0.00799417
