,Current,Voltage
0,0.0,0.000164509
1,0.0002,0.00149012
2,0.0004,0.00273466
3,0.0006,0.00399828
4,0.0008,0.00527859
5,0.001,0.00657082
