,Current,Voltage
0,0.0,0.00017643
1,0.0002,0.00177622
2,0.0004,0.00338793
3,0.0006,0.00499964
4,0.0008,0.00658512
5,0.001,0.00822544
