,Current,Voltage
0,0.0,8.34465e-05
1,0.0002,0.00140905
2,0.0004,0.00268221
3,0.0006,0.00390291
4,0.0008,0.00515461
5,0.001,0.00641823
