,Current,Voltage
0,0.0,0.000178814
1,0.0002,0.00209093
2,0.0004,0.0039649
3,0.0006,0.00584364
4,0.0008,0.00773668
5,0.001,0.0095892
