,Current,Voltage
0,0.0,0.000128746
1,0.0002,0.00166655
2,0.0004,0.0031805
3,0.0006,0.00464439
4,0.0008,0.00617027
5,0.001,0.00769377
