,Current,Voltage
0,0.0,0.00013113
1,0.0002,0.00155687
2,0.0004,0.00285387
3,0.0006,0.00425816
4,0.0008,0.00556469
5,0.001,0.00691414
