,Current,Voltage
0,0.0,0.00349879
1,8e-10,0.0110245
2,1.6e-09,0.0185497
3,2.4e-09,0.0260792
4,3.2e-09,0.0335903
5,4e-09,0.0411305
