,Current,Voltage
0,0.0,0.00817204
1,8e-10,0.0220811
2,1.6e-09,0.0359786
3,2.4e-09,0.0499017
4,3.2e-09,0.0638168
5,4e-09,0.0777302
