,Current,Voltage
0,0.0,0.00469947
1,8e-10,0.0127077
2,1.6e-09,0.0206952
3,2.4e-09,0.0286884
4,3.2e-09,0.0366833
5,4e-09,0.0446699
