,Current,Voltage
0,0.0,0.00575185
1,8e-10,0.0159228
2,1.6e-09,0.026053
3,2.4e-09,0.0362275
4,3.2e-09,0.0463626
5,4e-09,0.0565281
