,Current,Voltage
0,0.0,-0.000641346
1,0.0002,0.428152
2,0.0004,3.96347
3,0.0006,8.72167
4,0.0008,10.0023
5,0.001,10.0021
