,Current,Voltage
0,0.0,0.00682282
1,8e-10,0.324604
2,1.6e-09,0.508991
3,2.4e-09,0.67782
4,3.2e-09,0.843501
5,4e-09,1.01023
