,Current,Voltage
0,0.0,0.00670218
1,8e-10,0.017926
2,1.6e-09,0.0291522
3,2.4e-09,0.0403647
4,3.2e-09,0.0515664
5,4e-09,0.0628102
