,Current,Voltage
0,0.0,0.000119209
1,0.0002,0.000610352
2,0.0004,0.00106096
3,0.0006,0.873604
4,0.0008,2.18715
5,0.001,2.60731
