,Current,Voltage
0,0.0,0.000143051
1,0.0002,0.00156403
2,0.0004,0.00294447
3,0.0006,0.00432253
4,0.0008,0.00573397
5,0.001,0.00707388
