,Current,Voltage
0,0.0,0.000145435
1,0.0002,0.00144005
2,0.0004,0.00276327
3,0.0006,0.00401735
4,0.0008,0.00525951
5,0.001,0.00652075
