,Current,Voltage
0,0.0,0.000135899
1,0.0002,0.00181198
2,0.0004,0.00348568
3,0.0006,0.00512362
4,0.0008,0.00675678
5,0.001,0.00841141
