,Current,Voltage
0,0.0,0.000123978
1,0.0002,0.00176191
2,0.0004,0.00340223
3,0.0006,0.00499249
4,0.0008,0.00658512
5,0.001,0.00819683
