,Current,Voltage
0,0.0,0.00014782
1,0.0002,0.00150204
2,0.0004,0.00271559
3,0.0006,0.00399828
4,0.0008,0.00523329
5,0.001,0.00652552
