,Current,Voltage
0,0.0,9.53674e-05
1,0.0002,0.00104427
2,0.0004,0.00188351
3,0.0006,0.0027132
4,0.0008,0.00358105
5,0.001,0.00447512
