,Current,Voltage
0,0.0,0.000114441
1,0.0002,0.00169516
2,0.0004,0.00329256
3,0.0006,0.00475168
4,0.0008,0.00631094
5,0.001,0.00780821
