,Current,Voltage
0,0.0,0.000140667
1,0.0002,0.00273466
2,0.0004,0.00527382
3,0.0006,0.00786781
4,0.0008,0.0103998
5,0.001,0.0129437
