,Current,Voltage
0,0.0,0.000116825
1,0.0002,0.00191689
2,0.0004,0.00370026
3,0.0006,0.00543594
4,0.0008,0.00724077
5,0.001,0.00895023
