,Current,Voltage
0,0.0,0.00014782
1,0.0002,0.00123262
2,0.0004,0.00227451
3,0.0006,0.00330687
4,0.0008,0.00439644
5,0.001,0.00539064
