,Current,Voltage
0,0.0,0.00014782
1,0.0002,0.00197887
2,0.0004,0.00372887
3,0.0006,0.00552177
4,0.0008,0.0072813
5,0.001,0.00902414
