,Current,Voltage
0,0.0,0.000109673
1,0.0002,0.00153542
2,0.0004,0.00291348
3,0.0006,0.00424147
4,0.0008,0.00560999
5,0.001,0.00696659
