,Current,Voltage
0,0.0,0.000183582
1,0.0002,0.00132799
2,0.0004,0.00251293
3,0.0006,0.00365257
4,0.0008,0.00481367
5,0.001,0.00591755
