,Current,Voltage
0,0.0,0.000135899
1,0.0002,0.00198603
2,0.0004,0.00383139
3,0.0006,0.00562429
4,0.0008,0.00738621
5,0.001,0.00919104
