,Current,Voltage
0,0.0,0.000107288
1,0.0002,0.0018549
2,0.0004,0.00353575
3,0.0006,0.0052309
4,0.0008,0.00691175
5,0.001,0.00861883
