,Current,Voltage
0,0.0,8.58307e-05
1,0.0002,0.00089407
2,0.0004,0.00165701
3,0.0006,0.00239134
4,0.0008,0.00317812
5,0.001,0.108154
