,Current,Voltage
0,0.0,0.00014782
1,0.0002,0.00177622
2,0.0004,0.00339985
3,0.0006,0.00496149
4,0.0008,0.0065732
5,0.001,0.00818014
