,Current,Voltage
0,0.0,0.000145435
1,0.0002,0.00132561
2,0.0004,0.00246763
3,0.0006,0.00356674
4,0.0008,0.00471592
5,0.001,0.00578403
