,Current,Voltage
0,0.0,0.000152588
1,0.0002,0.00260353
2,0.0004,0.00499487
3,0.0006,0.00734329
4,0.0008,0.00973463
5,0.001,0.0121403
