,Current,Voltage
0,0.0,0.00015974
1,0.0002,0.00138998
2,0.0004,0.00257969
3,0.0006,0.00375509
4,0.0008,0.00498533
5,0.001,0.00617027
