,Current,Voltage
0,0.0,0.00010252
1,0.0002,0.00129461
2,0.0004,0.0024271
3,0.0006,0.00355721
4,0.0008,0.00462294
5,0.001,0.00576496
