,Current,Voltage
0,0.0,0.000150204
1,0.0002,0.00148773
2,0.0004,0.00282288
3,0.0006,0.00416756
4,0.0008,0.00544786
5,0.001,0.00673532
