,Current,Voltage
0,0.0,0.000150204
1,0.0002,0.0018096
2,0.0004,0.00344753
3,0.0006,0.00511169
4,0.0008,0.00673294
5,0.001,0.00836134
