,Current,Voltage
0,0.0,0.000164509
1,0.0002,0.00149488
2,0.0004,0.00282764
3,0.0006,0.00412941
4,0.0008,0.0054431
5,0.001,0.00677109
