,Current,Voltage
0,0.0,0.000126362
1,0.0002,0.00157118
2,0.0004,0.00300646
3,0.0006,0.00438452
4,0.0008,0.00584602
5,0.001,0.00721455
