,Current,Voltage
0,0.0,0.000123978
1,0.0002,0.00170469
2,0.0004,0.00324249
3,0.0006,0.00476122
4,0.0008,0.00628233
5,0.001,0.00781536
