,Current,Voltage
0,0.0,0.000188351
1,0.0002,0.00209808
2,0.0004,0.00396252
3,0.0006,0.00580311
4,0.0008,0.00771999
5,0.001,0.00959396
