,Current,Voltage
0,0.0,9.77516e-05
1,0.0002,0.00155687
2,0.0004,0.00296831
3,0.0006,0.00437737
4,0.0008,0.00584841
5,0.001,0.00719309
