,Current,Voltage
0,0.0,0.000143051
1,0.0002,0.0018239
2,0.0004,0.00347376
3,0.0006,0.00511169
4,0.0008,0.00674009
5,0.001,0.00842094
