,Current,Voltage
0,0.0,0.000174046
1,0.0002,0.00269413
2,0.0004,0.00510454
3,0.0006,0.00755548
4,0.0008,0.0100422
5,0.001,0.012486
