,Current,Voltage
0,0.0,0.000162125
1,0.0002,0.00145435
2,0.0004,0.00272512
3,0.0006,0.00396252
4,0.0008,0.00516891
5,0.001,0.00641346
