,Current,Voltage
0,0.0,0.000157356
1,0.0002,0.00125647
2,0.0004,0.0022912
3,0.0006,0.00332594
4,0.0008,0.00436544
5,0.001,0.00539303
