,Current,Voltage
0,0.0,0.000100136
1,0.0002,0.00134468
2,0.0004,0.00257969
3,0.0006,0.0037694
4,0.0008,0.00499249
5,0.001,0.00617027
