,Current,Voltage
0,0.0,0.000128746
1,0.0002,0.00187874
2,0.0004,0.00352859
3,0.0006,0.00522137
4,0.0008,0.00689268
5,0.001,0.00856876
