,Current,Voltage
0,0.0,0.000100136
1,0.0002,0.000712872
2,0.0004,0.00130177
3,0.0006,0.0018239
4,0.0008,0.00238657
5,0.001,0.00294924
