,Current,Voltage
0,0.0,0.000197887
1,0.0002,0.00132322
2,0.0004,0.00244379
3,0.0006,0.00357866
4,0.0008,0.00465155
5,0.001,0.00577927
