,Current,Voltage
0,0.0,0.000112057
1,0.0002,0.00209808
2,0.0004,0.00405073
3,0.0006,0.00593662
4,0.0008,0.00788927
5,0.001,0.0098443
