,Current,Voltage
0,0.0,0.000121593
1,0.0002,0.00163317
2,0.0004,0.00314713
3,0.0006,0.00463963
4,0.0008,0.00614405
5,0.001,0.00766516
