,Current,Voltage
0,0.0,0.000135899
1,0.0002,0.00166655
2,0.0004,0.00314474
3,0.0006,0.00462294
4,0.0008,0.0061059
5,0.001,0.00756025
