,Current,Voltage
0,0.0,9.53674e-05
1,0.0002,0.00127792
2,0.0004,0.00240326
3,0.0006,0.00355482
4,0.0008,0.00469923
5,0.001,0.00582218
