,Current,Voltage
0,0.0,0.00862694
1,8e-10,0.0243976
2,1.6e-09,0.0401669
3,2.4e-09,0.0558558
4,3.2e-09,0.0716207
5,4e-09,0.0873251
