,Current,Voltage
0,0.0,-2.10045
1,0.0002,-1.94098
2,0.0004,-1.77089
3,0.0006,-1.60236
4,0.0008,-1.43274
5,0.001,-1.26472
