,Current,Voltage
0,0.0,-0.161321
1,0.0002,1.07899
2,0.0004,2.2097
3,0.0006,3.3145
4,0.0008,4.43005
5,0.001,5.54317
