,Current,Voltage
0,0.0,0.0107014
1,8e-10,0.03073
2,1.6e-09,0.0507286
3,2.4e-09,0.0707178
4,3.2e-09,0.0907297
5,4e-09,0.11069
