,Current,Voltage
0,0.0,-0.879264
1,8e-10,-0.379262
2,1.6e-09,-0.0759807
3,2.4e-09,0.235084
4,3.2e-09,0.546014
5,4e-09,0.861172
