,Current,Voltage
0,0.0,0.00347948
1,8e-10,0.00926733
2,1.6e-09,0.0150495
3,2.4e-09,0.0208335
4,3.2e-09,0.0265965
5,4e-09,0.0323803
