,Current,Voltage
0,0.0,0.00671268
1,8e-10,0.0196106
2,1.6e-09,0.0324795
3,2.4e-09,0.0453672
4,3.2e-09,0.0582294
5,4e-09,0.0710931
