,Current,Voltage
0,0.0,0.00350356
1,8e-10,0.00948143
2,1.6e-09,0.0154583
3,2.4e-09,0.0214131
4,3.2e-09,0.0274184
5,4e-09,0.0333781
