,Current,Voltage
0,0.0,0.000128746
1,0.0002,0.00134468
2,0.0004,0.00250578
3,0.0006,3.92344
4,0.0008,7.35509
5,0.001,10.002
