,Current,Voltage
0,0.0,0.000195503
1,0.0002,0.00237226
2,0.0004,0.00460625
3,0.0006,0.00675201
4,0.0008,0.00896454
5,0.001,0.0110817
