,Current,Voltage
0,0.0,0.000126362
1,0.0002,0.00253916
2,0.0004,0.00491381
3,0.0006,0.00724316
4,0.0008,0.0095582
5,0.001,0.0119185
