,Current,Voltage
0,0.0,0.000162125
1,0.0002,0.00182152
2,0.0004,0.00354528
3,0.0006,0.00515938
4,0.0008,0.00685215
5,0.001,0.00849724
