,Current,Voltage
0,0.0,0.000112057
1,0.0002,0.00195026
2,0.0004,0.00380278
3,0.0006,0.00555515
4,0.0008,0.00735998
5,0.001,0.00915766
