,Current,Voltage
0,0.0,0.000157356
1,0.0002,0.0031209
2,0.0004,0.00602961
3,0.0006,0.00892878
4,0.0008,0.011847
5,0.001,0.0147057
