,Current,Voltage
0,0.0,0.000138283
1,0.0002,0.00228643
2,0.0004,0.00440359
3,0.0006,0.00650883
4,0.0008,0.00861645
5,0.001,0.0107169
