,Current,Voltage
0,0.0,0.000269413
1,0.0002,0.00765324
2,0.0004,0.0149679
3,0.0006,0.0222492
4,0.0008,0.0295949
5,0.001,0.0368619
