,Current,Voltage
0,0.0,0.000138283
1,0.0002,0.00315428
2,0.0004,0.00603437
3,0.0006,0.00892639
4,0.0008,0.0117803
5,0.001,0.014627
