,Current,Voltage
0,0.0,0.00014782
1,0.0002,0.00188351
2,0.0004,0.00352621
3,0.0006,0.00522137
4,0.0008,0.00685692
5,0.001,0.00849724
