,Current,Voltage
0,0.0,0.000154972
1,0.0002,0.00214577
2,0.0004,0.00409842
3,0.0006,0.0060153
4,0.0008,0.00797033
5,0.001,0.0098753
