,Current,Voltage
0,0.0,0.000121593
1,0.0002,0.00188589
2,0.0004,0.0036025
3,0.0006,0.00533104
4,0.0008,0.00704765
5,0.001,0.00872612
