,Current,Voltage
0,0.0,0.000114441
1,0.0002,0.00198364
2,0.0004,0.00378609
3,0.0006,0.0056529
4,0.0008,0.00743866
5,0.001,0.00924826
