,Current,Voltage
0,0.0,0.000193119
1,0.0002,0.0029397
2,0.0004,0.0056386
3,0.0006,0.00833988
4,0.0008,0.0110626
5,0.001,0.0137639
