,Current,Voltage
0,0.0,0.000126362
1,0.0002,0.00247002
2,0.0004,0.00475168
3,0.0006,0.00702143
4,0.0008,0.00935078
5,0.001,0.0116229
