,Current,Voltage
0,0.0,0.000214577
1,0.0002,0.00504494
2,0.0004,0.00988245
3,0.0006,0.0146413
4,0.0008,0.0194645
5,0.001,0.0242496
