,Current,Voltage
0,0.0,8.34465e-05
1,0.0002,0.00188112
2,0.0004,0.00366211
3,0.0006,0.00538111
4,0.0008,0.00712872
5,0.001,0.00887871
