,Current,Voltage
0,0.0,0.000157356
1,0.0002,0.00210524
2,0.0004,0.00405312
3,0.0006,0.00597954
4,0.0008,0.00789881
5,0.001,0.00983953
