,Current,Voltage
0,0.0,0.000119209
1,0.0002,0.00198841
2,0.0004,0.00383615
3,0.0006,0.00557899
4,0.0008,0.00743151
5,0.001,0.00921488
