,Current,Voltage
0,0.0,0.000350475
1,0.0002,0.00246286
2,0.0004,0.00469446
3,0.0006,0.00691652
4,0.0008,0.00917196
5,0.001,0.0114155
