,Current,Voltage
0,0.0,0.000174046
1,0.0002,0.00193119
2,0.0004,0.00368357
3,0.0006,0.00538588
4,0.0008,0.00714302
5,0.001,0.0088644
