,Current,Voltage
0,0.0,8.58307e-05
1,0.0002,0.00185728
2,0.0004,0.00357628
3,0.0006,0.00529766
4,0.0008,0.00699997
5,0.001,0.00874281
