,Current,Voltage
0,0.0,0.000135899
1,0.0002,0.00283957
2,0.0004,0.00544071
3,0.0006,0.00801802
4,0.0008,0.0106215
5,0.001,0.0132656
