,Current,Voltage
0,0.0,0.000188351
1,0.0002,0.00503063
2,0.0004,0.00988483
3,0.0006,0.0146508
4,0.0008,0.0194478
5,0.001,0.0242376
