,Current,Voltage
0,0.0,0.000202656
1,0.0002,0.00377893
2,0.0004,0.00733614
3,0.0006,0.0108647
4,0.0008,0.0144315
5,0.001,0.0179744
