,Current,Voltage
0,0.0,0.000100136
1,0.0002,0.00195026
2,0.0004,0.00381708
3,0.0006,0.00562906
4,0.0008,0.00743628
5,0.001,0.00924826
