,Current,Voltage
0,0.0,9.05991e-05
1,0.0002,0.00224352
2,0.0004,0.00433922
3,0.0006,0.00643253
4,0.0008,0.008533
5,0.001,0.010581
