,Current,Voltage
0,0.0,0.000152588
1,0.0002,0.00236273
2,0.0004,0.00451565
3,0.0006,0.00665426
4,0.0008,0.00881433
5,0.001,0.0109506
