,Current,Voltage
0,0.0,0.000174046
1,0.0002,0.00363827
2,0.0004,0.00710726
3,0.0006,0.00996113
4,0.0008,0.0132489
5,0.001,0.0163627
