,Current,Voltage
0,0.0,0.000145435
1,0.0002,0.00214815
2,0.0004,0.00413656
3,0.0006,0.00613928
4,0.0008,0.00810862
5,0.001,0.0100875
