,Current,Voltage
0,0.0,0.000162125
1,0.0002,0.00291348
2,0.0004,0.00566006
3,0.0006,0.00832796
4,0.0008,0.0110412
5,0.001,0.0137448
