,Current,Voltage
0,0.0,0.000174046
1,0.0002,0.00313044
2,0.0004,0.00607729
3,0.0006,0.0090003
4,0.0008,0.0119233
5,0.001,0.0148535
