,Current,Voltage
0,0.0,0.000209808
1,0.0002,0.0113797
2,0.0004,6.39597
3,0.0006,7.52411
4,0.0008,6.33951
5,0.001,8.36816
