,Current,Voltage
0,0.0,0.000128746
1,0.0002,0.00266552
2,0.0004,0.00515938
3,0.0006,0.00765085
4,0.0008,0.0101066
5,0.001,0.012579
