,Current,Voltage
0,0.0,0.000107288
1,0.0002,0.00185966
2,0.0004,0.00362396
3,0.0006,0.00528336
4,0.0008,0.00700951
5,0.001,0.0086832
