,Current,Voltage
0,0.0,0.000135899
1,0.0002,0.00275135
2,0.0004,0.00534296
3,0.0006,0.00788927
4,0.0008,0.0104785
5,0.001,0.01302
