,Current,Voltage
0,0.0,0.000119209
1,0.0002,0.00133753
2,0.0004,0.88922
3,0.0006,3.65806
4,0.0008,6.7153
5,0.001,8.39139
