,Current,Voltage
0,0.0,0.00871897
1,0.0002,0.395827
2,0.0004,0.783727
3,0.0006,1.16214
4,0.0008,1.54606
5,0.001,1.89193
