,Current,Voltage
0,0.0,0.000219345
1,0.0002,0.00538111
2,0.0004,0.0105214
3,0.0006,0.0155878
4,0.0008,0.0207186
5,0.001,0.0258136
