,Current,Voltage
0,0.0,0.00674796
1,8e-10,0.30595
2,1.6e-09,0.500535
3,2.4e-09,0.671787
4,3.2e-09,0.837282
5,4e-09,1.00314
