,Current,Voltage
0,0.0,0.00366902
1,8e-10,0.0102842
2,1.6e-09,0.0169187
3,2.4e-09,0.0235279
4,3.2e-09,0.0301752
5,4e-09,0.0368149
