,Current,Voltage
0,0.0,-1.39944
1,0.0002,-1.01438
2,0.0004,-0.62597
3,0.0006,-0.240512
4,0.0008,0.147583
5,0.001,0.532868
