,Current,Voltage
0,0.0,0.000598431
1,0.0002,0.0217342
2,0.0004,0.0429916
3,0.0006,0.0641036
4,0.0008,0.0854254
5,0.001,0.106463
