,Current,Voltage
0,0.0,0.000662804
1,0.0002,0.0232506
2,0.0004,0.0459695
3,0.0006,0.0685143
4,0.0008,0.0912309
5,0.001,0.113778
