,Current,Voltage
0,0.0,0.00253439
1,0.0002,0.0981569
2,0.0004,0.194628
3,0.0006,0.290344
4,0.0008,0.386937
5,0.001,0.482686
