,Current,Voltage
0,0.0,0.0457025
1,0.0002,1.89194
2,0.0004,3.58114
3,0.0006,6.20453
4,0.0008,10.0018
5,0.001,10.0017
