,Current,Voltage
0,0.0,-1.89471
1,0.0002,-1.65182
2,0.0004,-1.41289
3,0.0006,-1.17578
4,0.0008,-0.937321
5,0.001,-0.700643
