,Current,Voltage
0,0.0,0.00148535
1,0.0002,0.0591898
2,0.0004,0.117378
3,0.0006,0.175097
4,0.0008,0.233312
5,0.001,0.290956
