,Current,Voltage
0,0.0,0.00135422
1,0.0002,0.0478578
2,0.0004,0.0947094
3,0.0006,0.14122
4,0.0008,0.188158
5,0.001,0.234637
