,Current,Voltage
0,0.0,0.000376701
1,0.0002,0.0115204
2,0.0004,0.0227141
3,0.0006,0.0338149
4,0.0008,0.0449657
5,0.001,0.0560474
