,Current,Voltage
0,0.0,-1.35376
1,0.0002,-1.43342
2,0.0004,-1.51707
3,0.0006,10.0024
4,0.0008,10.0023
5,0.001,10.0021
