,Current,Voltage
0,0.0,0.000402927
1,0.0002,0.0135875
2,0.0004,0.0267792
3,0.0006,0.0398922
4,0.0008,0.0530624
5,0.001,0.0661755
