,Current,Voltage
0,0.0,0.000660419
1,0.0002,0.0239229
2,0.0004,0.0473309
3,0.0006,0.0705528
4,0.0008,0.0939798
5,0.001,0.117207
