,Current,Voltage
0,0.0,-1.35232
1,0.0002,-0.725663
2,0.0004,-0.0886869
3,0.0006,0.557327
4,0.0008,10.002
5,0.001,10.0019
