,Current,Voltage
0,0.0,0.000939369
1,0.0002,0.0357962
2,0.0004,0.0708342
3,0.0006,0.105608
4,0.0008,0.140688
5,0.001,0.175395
