,Current,Voltage
0,0.0,0.000443459
1,0.0002,0.013423
2,0.0004,0.0265551
3,0.0006,10.0022
4,0.0008,10.0023
5,0.001,10.002
