,Current,Voltage
0,0.0,0.0245237
1,0.0002,1.00494
2,0.0004,1.99966
3,0.0006,2.9943
4,0.0008,4.01114
5,0.001,5.06974
