,Current,Voltage
0,0.0,0.000360012
1,0.0002,0.0118828
2,0.0004,0.0234532
3,0.0006,0.0349402
4,0.0008,0.0465369
5,0.001,0.0579906
