,Current,Voltage
0,0.0,-0.000116825
1,0.0002,0.0572848
2,0.0004,0.114961
3,0.0006,0.172226
4,0.0008,0.229921
5,0.001,0.287068
