,Current,Voltage
0,0.0,0.00375986
1,8e-10,0.00993347
2,1.6e-09,0.0160868
3,2.4e-09,0.0222785
4,3.2e-09,0.0284538
5,4e-09,0.0346296
