,Current,Voltage
0,0.0,0.00033617
1,0.0002,0.00830889
2,0.0004,0.0163436
3,0.0006,0.0242829
4,0.0008,0.0322509
5,0.001,0.0401735
