,Current,Voltage
0,0.0,0.00015974
1,0.0002,0.00212669
2,0.0004,0.00403166
3,0.0006,0.00593424
4,0.0008,0.00785112
5,0.001,0.00976324
