,Current,Voltage
0,0.0,0.000224113
1,0.0002,0.00492573
2,0.0004,0.00955582
3,0.0006,0.014205
4,0.0008,0.0188208
5,0.001,0.0234652
