,Current,Voltage
0,0.0,0.00043869
1,0.0002,0.0142312
2,0.0004,0.0280666
3,0.0006,0.0417805
4,0.0008,0.0556278
5,0.001,0.0693083
