,Current,Voltage
0,0.0,0.000195503
1,0.0002,0.00456333
2,0.0004,0.00885725
3,0.0006,0.0131488
4,0.0008,0.0174713
5,0.001,0.021739
