,Current,Voltage
0,0.0,-8.58307e-05
1,0.0002,0.000476837
2,0.0004,10.0025
3,0.0006,10.0024
4,0.0008,10.0022
5,0.001,10.0022
