,Current,Voltage
0,0.0,0.000479221
1,0.0002,0.0159001
2,0.0004,0.0314307
3,0.0006,0.0467396
4,0.0008,0.0622535
5,0.001,0.0775838
