,Current,Voltage
0,0.0,0.00025034
1,0.0002,0.0062418
2,0.0004,0.0122499
3,0.0006,0.0181842
4,0.0008,0.0242138
5,0.001,0.0300908
