,Current,Voltage
0,0.0,4.74084
1,0.0002,1.24904
2,0.0004,2.49073
3,0.0006,3.74123
4,0.0008,5.00034
5,0.001,7.35267
