,Current,Voltage
0,0.0,0.000121593
1,0.0002,0.00294447
2,0.0004,0.00569105
3,0.0006,0.00844479
4,0.0008,0.0111961
5,0.001,0.0139499
