,Current,Voltage
0,0.0,0.000271797
1,0.0002,0.00774622
2,0.0004,0.0152564
3,0.0006,0.0227046
4,0.0008,0.0301695
5,0.001,0.0376081
