,Current,Voltage
0,0.0,0.000300407
1,0.0002,0.00897646
2,0.0004,0.0175738
3,0.0006,0.0261879
4,0.0008,0.0348067
5,0.001,0.0434589
