,Current,Voltage
0,0.0,0.000994205
1,0.0002,0.0418568
2,0.0004,0.0829697
3,0.0006,0.123827
4,0.0008,0.164952
5,0.001,0.205755
