,Current,Voltage
0,0.0,0.00023365
1,0.0002,0.00514984
2,0.0004,0.0100231
3,0.0006,0.0148726
4,0.0008,0.0197887
5,0.001,0.0246406
