,Current,Voltage
0,0.0,0.000274181
1,0.0002,0.00777245
2,0.0004,0.0151992
3,0.0006,0.0225997
4,0.0008,0.0300598
5,0.001,0.0374699
