,Current,Voltage
0,0.0,0.000121593
1,0.0002,0.0014925
2,0.0004,0.00280619
3,0.0006,0.00409126
4,0.0008,0.00540733
5,0.001,0.00670195
