,Current,Voltage
0,0.0,0.000431538
1,0.0002,0.0139523
2,0.0004,0.0275302
3,0.0006,0.041008
4,0.0008,0.0545931
5,0.001,0.0680614
