,Current,Voltage
0,0.0,0.000138283
1,0.0002,0.0110316
2,0.0004,0.0452828
3,0.0006,0.0870156
4,0.0008,0.125458
5,0.001,0.185974
