,Current,Voltage
0,0.0,0.000727177
1,0.0002,0.0267982
2,0.0004,0.0530529
3,0.0006,0.0790834
4,0.0008,0.105393
5,0.001,0.131464
