,Current,Voltage
0,0.0,0.00434875
1,0.0002,0.195527
2,0.0004,0.388393
3,0.0006,0.579491
4,0.0008,0.772488
5,0.001,0.963509
