,Current,Voltage
0,0.0,0.000152588
1,0.0002,0.00191212
2,0.0004,0.00362396
3,0.0006,0.00532627
4,0.0008,0.00706911
5,0.001,0.00873804
