,Current,Voltage
0,0.0,0.000839233
1,0.0002,0.0317907
2,0.0004,0.0629854
3,0.0006,0.0938797
4,0.0008,0.125103
5,0.001,0.155947
