{
  "mapping_offsets": [
    0.0,
    1.0,
    2.0,
    3.0,
    4.0,
    5.0,
    6.0
  ],
  "flir_offsets": [
    0,
    15,
    30
  ],
  "spin_speed": {
    "min": 100.0,
    "max": 3800.0,
    "value": {
      "0": 1000,
      "1": 1000,
      "2": 1000,
      "3": 1000,
      "4": 1000,
      "5": 1000,
      "6": 1000,
      "7": 1000,
      "8": 1000,
      "9": 1000,
      "10": 1000,
      "11": 1000,
      "12": 1000,
      "13": 1000,
      "14": 1000,
      "15": 1000,
      "16": 1000,
      "17": 1000,
      "18": 1000,
      "19": 1000,
      "20": 1000,
      "21": 1000,
      "22": 1000,
      "23": 1000,
      "24": 1000
    },
    "units": "RPM",
    "optimize_with_chem_os": false
  },
  "spin_time": {
    "min": 10.0,
    "max": 120.0,
    "value": {
      "0": 60,
      "1": 60,
      "2": 60,
      "3": 60,
      "4": 60,
      "5": 60,
      "6": 60,
      "7": 60,
      "8": 60,
      "9": 60,
      "10": 60,
      "11": 60,
      "12": 60,
      "13": 60,
      "14": 60,
      "15": 60,
      "16": 60,
      "17": 60,
      "18": 60,
      "19": 60,
      "20": 60,
      "21": 60,
      "22": 60,
      "23": 60,
      "24": 60
    },
    "units": "s",
    "optimize_with_chem_os": false
  },
  "dispense_volume": {
    "min": 0.001,
    "max": 1.0,
    "value": 0.1,
    "units": "mL",
    "optimize_with_chem_os": false
  },
  "campaign_dispensed_amounts": {
    "spiro": {
      "chemical_name": "Spiro",
      "varied": false,
      "value": 0.12139999999999995,
      "units": "mg",
      "metadata": {
        "molar_weight_ mg": 1225.43,
        "concentration_mg_ml": 50,
        "requested_param": null,
        "requested_vol": 0.14941098766117716
      }
    },
    "cobalt": {
      "chemical_name": "FK102",
      "varied": true,
      "value": 0.04559999999999986,
      "units": "mg",
      "metadata": {
        "molar_weight_ mg": 1334.86,
        "concentration_mg_ml": 50,
        "requested_param": null,
        "requested_vol": 0.05892234567215617
      }
    },
    "tbp": {
      "chemical_name": "tBP",
      "varied": false,
      "value": 0.029900000000000038,
      "units": "mg",
      "metadata": {
        "molar_weight_ mg": 135.21,
        "concentration_mg_ml": 50,
        "requested_param": null,
        "requested_vol": 0.04166666666666666
      }
    },
    "annealing": {
      "varied": true,
      "value": 73.11141729354858,
      "units": "s",
      "metadata": {}
    }
  },
  "properties": {
    "measurement_0": 3.917523369626099e-06,
    "measurement_1": 3.1764567300956766e-06,
    "measurement_2": 2.949656956933435e-06,
    "measurement_3": 2.8779818737023182e-06,
    "measurement_4": 2.4693871235480837e-06,
    "measurement_5": 1.6284777682988192e-06,
    "measurement_6": 1.1797677424985272e-06,
    "measurement_mean": 2.599893080671851e-06
  },
  "active_parameters_pickle_file": {
    "filename": "not yet defined"
  },
  "processes": {
    "x0": 0.37613375393507603,
    "x1": 0.30157238245010376
  },
  "chemOS": {
    "requested_params": {
      "x0": 0.36203476786613464,
      "x1": 0.30463090538978577
    },
    "output_for_previous": {
      "campaign_name": "pseudomobility",
      "session_id": "9d97a479-d129-410e-a3ee-9c638411253c",
      "experiment_id": "aa0aff3b-ce40-47dd-9497-629233abc7e3",
      "execution_id": "29806b31",
      "robot_id": "7fed69c8",
      "processes": {
        "x0": 0.37613375393507603,
        "x1": 0.30157238245010376
      },
      "properties": {
        "measurement_0": 3.917523369626099e-06,
        "measurement_1": 3.1764567300956766e-06,
        "measurement_2": 2.949656956933435e-06,
        "measurement_3": 2.8779818737023182e-06,
        "measurement_4": 2.4693871235480837e-06,
        "measurement_5": 1.6284777682988192e-06,
        "measurement_6": 1.1797677424985272e-06,
        "measurement_mean": 2.599893080671851e-06
      }
    }
  },
  "operator_name": "Ray",
  "operator_comment": "chemos optimization Co anneal mean Ps"
}