,Current,Voltage
0,0.0,7.15256e-05
1,0.0002,0.00210762
2,0.0004,0.00409126
3,0.0006,0.006001
4,0.0008,0.00794172
5,0.001,0.00991106
