,Current,Voltage
0,0.0,-1.36295
1,0.0002,-0.289717
2,0.0004,0.529149
3,0.0006,10.0022
4,0.0008,10.0022
5,0.001,10.0019
