,Current,Voltage
0,0.0,0.000202656
1,0.0002,0.00544548
2,0.0004,0.0106788
3,0.0006,0.0158572
4,0.0008,0.0211167
5,0.001,0.0263286
