,Current,Voltage
0,0.0,-1.86939
1,0.0002,-1.4923
2,0.0004,-1.12933
3,0.0006,-0.778871
4,0.0008,-0.430965
5,0.001,-0.0895429
