,Current,Voltage
0,0.0,0.00310421
1,0.0002,0.118508
2,0.0004,0.235684
3,0.0006,0.35336
4,0.0008,0.473857
5,0.001,0.595734
