,Current,Voltage
0,0.0,0.000846386
1,0.0002,0.0280762
2,0.0004,0.0554776
3,0.0006,0.0825977
4,0.0008,0.110044
5,0.001,0.137203
