,Current,Voltage
0,0.0,0.000169277
1,0.0002,0.00396967
2,0.0004,0.00772715
3,0.0006,0.0113988
4,0.0008,0.0151682
5,0.001,0.0188804
