,Current,Voltage
0,0.0,0.00014782
1,0.0002,0.00306845
2,0.0004,0.00591755
3,0.0006,0.00883579
4,0.0008,0.0116825
5,0.001,0.0145626
