,Current,Voltage
0,0.0,0.000143051
1,0.0002,0.00234604
2,0.0004,0.00447512
3,0.0006,0.00664473
4,0.0008,0.00876427
5,0.001,0.0109076
