,Current,Voltage
0,0.0,0.000121593
1,0.0002,0.00169039
2,0.0004,0.00323296
3,0.0006,0.00479937
4,0.0008,0.00629425
5,0.001,0.00781775
