,Current,Voltage
0,0.0,-1.35296
1,0.0002,-1.176
2,0.0004,-0.989592
3,0.0006,-0.806525
4,0.0008,-0.624769
5,0.001,-0.446749
