,Current,Voltage
0,0.0,-3.58969
1,0.0002,-3.35891
2,0.0004,-3.17855
3,0.0006,-3.00297
4,0.0008,-2.83067
5,0.001,-2.66319
