,Current,Voltage
0,0.0,0.000123978
1,0.0002,0.0010848
2,0.0004,0.00202656
3,0.0006,0.00295162
4,0.0008,0.0039053
5,0.001,0.00481367
