,Current,Voltage
0,0.0,0.000257492
1,0.0002,0.00856638
2,0.0004,0.0168705
3,0.0006,0.0250912
4,0.0008,0.0334024
5,0.001,0.041635
