,Current,Voltage
0,0.0,0.000302792
1,0.0002,0.00728607
2,0.0004,0.0142884
3,0.0006,0.0211954
4,0.0008,0.0282049
5,0.001,0.0351143
