,Current,Voltage
0,0.0,0.00280857
1,0.0002,0.113683
2,0.0004,0.226183
3,0.0006,0.339196
4,0.0008,0.455019
5,0.001,0.571995
