,Current,Voltage
0,0.0,0.000152588
1,0.0002,0.00229836
2,0.0004,0.00440359
3,0.0006,0.0065136
4,0.0008,0.00860214
5,0.001,0.0106549
