,Current,Voltage
0,0.0,0.000100136
1,0.0002,0.00168324
2,0.0004,0.00329018
3,0.0006,0.00479937
4,0.0008,0.00631809
5,0.001,0.00786066
