,Current,Voltage
0,0.0,0.00189781
1,0.0002,0.0666881
2,0.0004,0.132065
3,0.0006,0.196927
4,0.0008,0.26237
5,0.001,0.327163
