,Current,Voltage
0,0.0,0.00015974
1,0.0002,0.0019455
2,0.0004,0.00371933
3,0.0006,0.00540733
4,0.0008,0.00719547
5,0.001,0.00890493
