,Current,Voltage
0,0.0,0.000123978
1,0.0002,0.00169516
2,0.0004,0.00330687
3,0.0006,0.00485897
4,0.0008,0.00640154
5,0.001,0.00794888
