,Current,Voltage
0,0.0,0.000183582
1,0.0002,0.00334024
2,0.0004,0.00643015
3,0.0006,0.00956535
4,0.0008,0.0126743
5,0.001,0.0157285
