,Current,Voltage
0,0.0,0.000150204
1,0.0002,0.00320911
2,0.0004,0.0062871
3,0.0006,0.00931501
4,0.0008,0.0122881
5,0.001,0.0153327
