,Current,Voltage
0,0.0,0.0030899
1,0.0002,0.116611
2,0.0004,0.231893
3,0.0006,0.347571
4,0.0008,0.466187
5,0.001,0.586128
