,Current,Voltage
0,0.0,0.000953674
1,0.0002,0.150533
2,0.0004,0.298572
3,0.0006,0.445423
4,0.0008,0.593517
5,0.001,0.740247
