,Current,Voltage
0,0.0,0.00956059
1,0.0002,0.134256
2,0.0004,0.25996
3,0.0006,0.385301
4,0.0008,0.513492
5,0.001,0.642231
