,Current,Voltage
0,0.0,8.82149e-05
1,0.0002,0.00198364
2,0.0004,0.00381708
3,0.0006,0.00565529
4,0.0008,0.00745535
5,0.001,0.00929117
