,Current,Voltage
0,0.0,2.05492
1,0.0002,-1.13703
2,0.0004,0.96235
3,0.0006,2.99043
4,0.0008,4.87803
5,0.001,10.0019
