,Current,Voltage
0,0.0,0.000252724
1,0.0002,0.00416994
2,0.0004,0.00810385
3,0.0006,0.0119877
4,0.0008,0.0159168
5,0.001,0.0198483
