,Current,Voltage
0,0.0,0.000183582
1,0.0002,0.00590563
2,0.0004,0.0115824
3,0.0006,0.0171971
4,0.0008,0.022893
5,0.001,0.0285149
