,Current,Voltage
0,0.0,0.00417376
1,8e-10,0.368927
2,1.6e-09,0.590829
3,2.4e-09,0.787371
4,3.2e-09,0.963698
5,4e-09,1.16398
