,Current,Voltage
0,0.0,0.00402403
1,8e-10,0.0113347
2,1.6e-09,0.0186493
3,2.4e-09,0.0259612
4,3.2e-09,0.0332689
5,4e-09,0.0405791
