,Current,Voltage
0,0.0,0.00360489
1,8e-10,0.0109198
2,1.6e-09,0.0182223
3,2.4e-09,0.0255299
4,3.2e-09,0.0328319
5,4e-09,0.0401399
