,Current,Voltage
0,0.0,0.00785303
1,8e-10,0.021697
2,1.6e-09,0.0354705
3,2.4e-09,0.0492473
4,3.2e-09,0.0630245
5,4e-09,0.0767665
