,Current,Voltage
0,0.0,0.000152588
1,0.0002,0.00162601
2,0.0004,0.00301838
3,0.0006,0.00443935
4,0.0008,0.00581264
5,0.001,0.00723362
