,Current,Voltage
0,0.0,0.000247955
1,0.0002,0.00641346
2,0.0004,0.0125694
3,0.0006,0.0186062
4,0.0008,0.024786
5,0.001,0.0308704
