,Current,Voltage
0,0.0,0.000114441
1,0.0002,0.00155687
2,0.0004,0.00302553
3,0.0006,0.00439167
4,0.0008,0.0058198
5,0.001,0.00716686
