,Current,Voltage
0,0.0,0.000164509
1,0.0002,0.00425339
2,0.0004,0.00835419
3,0.0006,0.0123811
4,0.0008,0.01647
5,0.001,0.020504
