,Current,Voltage
0,0.0,9.53674e-05
1,0.0002,0.000729561
2,0.0004,0.00128746
3,0.0006,0.00187397
4,0.0008,0.0024271
5,0.001,0.00299454
