,Current,Voltage
0,0.0,0.000171661
1,0.0002,0.00205278
2,0.0004,0.00384808
3,0.0006,0.00567913
4,0.0008,0.00754595
5,0.001,0.00935793
