,Current,Voltage
0,0.0,0.000143051
1,0.0002,0.00162363
2,0.0004,0.00299454
3,0.0006,0.0043726
4,0.0008,0.00578165
5,0.001,0.00716448
