,Current,Voltage
0,0.0,0.000126362
1,0.0002,0.00180483
2,0.0004,0.00343561
3,0.0006,0.00506401
4,0.0008,0.00668764
5,0.001,0.00829458
