,Current,Voltage
0,0.0,0.000202656
1,0.0002,0.00343323
2,0.0004,0.00667572
3,0.0006,0.00986814
4,0.0008,0.0130749
5,0.001,0.0162959
