,Current,Voltage
0,0.0,0.000109673
1,0.0002,0.00152588
2,0.0004,0.00286102
3,0.0006,0.00422716
4,0.0008,0.00558615
5,0.001,0.00687361
