,Current,Voltage
0,0.0,0.000166893
1,0.0002,0.00157833
2,0.0004,0.00298262
3,0.0006,0.00437498
4,0.0008,0.00580072
5,0.001,0.00718355
