,Current,Voltage
0,0.0,0.000162125
1,0.0002,0.00122547
2,0.0004,0.00225782
3,0.0006,0.00330448
4,0.0008,0.00431776
5,0.001,0.00530958
