,Current,Voltage
0,0.0,0.000476837
1,0.0002,0.0154114
2,0.0004,0.0304055
3,0.0006,0.0452971
4,0.0008,0.0603247
5,0.001,0.0752544
