,Current,Voltage
0,0.0,8.82149e-05
1,0.0002,0.00061512
2,0.0004,0.00104427
3,0.0006,0.00146151
4,0.0008,0.00189304
5,0.001,0.0023222
