,Current,Voltage
0,0.0,-0.00478506
1,0.0002,0.0147343
2,0.0004,0.0341082
3,0.0006,0.0534201
4,0.0008,0.0726461
5,0.001,0.0918603
