,Current,Voltage
0,0.0,0.000123978
1,0.0002,0.00251055
2,0.0004,0.00482321
3,0.0006,0.00712156
4,0.0008,0.00941038
5,0.001,0.011704
