,Current,Voltage
0,0.0,0.000164509
1,0.0002,0.00206947
2,0.0004,0.00389814
3,0.0006,0.00574827
4,0.0008,0.007658
5,0.001,0.00946283
