,Current,Voltage
0,0.0,0.000121593
1,0.0002,0.000247955
2,0.0004,0.000419617
3,0.0006,0.000507832
4,0.0008,0.000655651
5,0.001,0.000751019
