,Current,Voltage
0,0.0,0.000190735
1,0.0002,0.00403404
2,0.0004,0.00780582
3,0.0006,0.0115466
4,0.0008,0.0153422
5,0.001,0.0191021
