,Current,Voltage
0,0.0,0.000164509
1,0.0002,0.00197172
2,0.0004,0.00374794
3,0.0006,0.0054574
4,0.0008,0.0071907
5,0.001,0.0089407
