,Current,Voltage
0,0.0,0.000119209
1,0.0002,0.00224113
2,0.0004,0.00433922
3,0.0006,0.00638247
4,0.0008,0.00846863
5,0.001,0.010519
