,Current,Voltage
0,0.0,0.000138283
1,0.0002,0.00166655
2,0.0004,0.00305653
3,0.0006,0.00445843
4,0.0008,0.00588655
5,0.001,0.0072813
