,Current,Voltage
0,0.0,0.000150204
1,0.0002,0.00219584
2,0.0004,0.00424385
3,0.0006,0.00619888
4,0.0008,0.00824928
5,0.001,0.0102353
