,Current,Voltage
0,0.0,0.000100136
1,0.0002,0.000665188
2,0.0004,0.0010848
3,0.0006,0.00152588
4,0.0008,0.0019002
5,0.001,0.00235796
