,Current,Voltage
0,0.0,0.000548363
1,0.0002,0.0180054
2,0.0004,0.0355268
3,0.0006,0.0529695
4,0.0008,0.0704837
5,0.001,0.0878787
