,Current,Voltage
0,0.0,0.000140667
1,0.0002,0.0018096
2,0.0004,0.003407
3,0.0006,0.00500202
4,0.0008,0.00657797
5,0.001,0.00817299
