,Current,Voltage
0,0.0,0.000445843
1,0.0002,0.0157166
2,0.0004,0.0310564
3,0.0006,0.0462818
4,0.0008,0.0616145
5,0.001,0.0767946
