,Current,Voltage
0,0.0,9.77516e-05
1,0.0002,0.000231266
2,0.0004,0.000298023
3,0.0006,0.000369549
4,0.0008,0.000436306
5,0.001,0.000522137
