,Current,Voltage
0,0.0,0.000154972
1,0.0002,0.00174761
2,0.0004,0.00334263
3,0.0006,0.0048399
4,0.0008,0.006423
5,0.001,0.00797987
