,Current,Voltage
0,0.0,0.000143051
1,0.0002,0.0012064
2,0.0004,0.00227928
3,0.0006,0.00329971
4,0.0008,0.00433207
5,0.001,0.0053525
