,Current,Voltage
0,0.0,0.000145435
1,0.0002,0.0018692
2,0.0004,0.0035882
3,0.0006,0.0052619
4,0.0008,0.00693321
5,0.001,0.00863314
