,Current,Voltage
0,0.0,0.000109673
1,0.0002,0.00144482
2,0.0004,0.00269175
3,0.0006,0.00395775
4,0.0008,0.00523329
5,0.001,0.00645638
