,Current,Voltage
0,0.0,0.000119209
1,0.0002,0.00239611
2,0.0004,0.00456333
3,0.0006,0.00677824
4,0.0008,0.0090456
5,0.001,0.0111938
