,Current,Voltage
0,0.0,0.000181198
1,0.0002,0.00243425
2,0.0004,0.00464201
3,0.0006,0.006814
4,0.0008,0.0090909
5,0.001,0.0111604
