,Current,Voltage
0,0.0,0.000135899
1,0.0002,0.00178814
2,0.0004,0.003438
3,0.0006,0.0050354
4,0.0008,0.00663996
5,0.001,0.0082612
