,Current,Voltage
0,0.0,0.000143051
1,0.0002,0.00211
2,0.0004,0.00406504
3,0.0006,0.00600338
4,0.0008,0.00795364
5,0.001,0.0098753
