,Current,Voltage
0,0.0,0.000197887
1,0.0002,0.00336409
2,0.0004,0.00651836
3,0.0006,0.0096035
4,0.0008,0.0127649
5,0.001,0.0158358
