,Current,Voltage
0,0.0,0.00017643
1,0.0002,0.00200987
2,0.0004,0.0038147
3,0.0006,0.00559568
4,0.0008,0.0074029
5,0.001,0.00918388
