,Current,Voltage
0,0.0,0.00010252
1,0.0002,0.00137806
2,0.0004,0.00256777
3,0.0006,0.00380039
4,0.0008,0.00499964
5,0.001,0.0061965
