,Current,Voltage
0,0.0,0.00017643
1,0.0002,0.00168085
2,0.0004,0.00322342
3,0.0006,0.00469685
4,0.0008,0.00621557
5,0.001,0.00772476
