,Current,Voltage
0,0.0,0.000162125
1,0.0002,0.00189066
2,0.0004,0.00360489
3,0.0006,0.00529051
4,0.0008,0.00700951
5,0.001,0.00870466
