,Current,Voltage
0,0.0,0.000355244
1,0.0002,0.0114346
2,0.0004,0.0225711
3,0.0006,0.0336242
4,0.0008,0.0447273
5,0.001,0.0557494
