,Current,Voltage
0,0.0,0.000121593
1,0.0002,0.00244617
2,0.0004,0.00460148
3,0.0006,0.00678301
4,0.0008,0.00885248
5,0.001,0.0110888
