,Current,Voltage
0,0.0,0.00784922
1,8e-10,0.0225556
2,1.6e-09,0.0373781
3,2.4e-09,0.052191
4,3.2e-09,0.0669131
5,4e-09,0.0817304
