,Current,Voltage
0,0.0,0.0132828
1,8e-10,0.0303471
2,1.6e-09,0.0472963
3,2.4e-09,0.0642793
4,3.2e-09,0.0812049
5,4e-09,0.0981011
