,Current,Voltage
0,0.0,0.000112057
1,0.0002,0.00127792
2,0.0004,0.0023675
3,0.0006,0.00344992
4,0.0008,0.00449419
5,0.001,0.00563145
