,Current,Voltage
0,0.0,0.000119209
1,0.0002,0.00157595
2,0.0004,0.00293255
3,0.0006,0.00428677
4,0.0008,0.00563622
5,0.001,0.00701427
