,Current,Voltage
0,0.0,7.62939e-05
1,0.0002,0.00126839
2,0.0004,0.00241518
3,0.0006,0.00356436
4,0.0008,0.00466824
5,0.001,0.00578642
