,Current,Voltage
0,0.0,0.000174046
1,0.0002,0.00289917
2,0.0004,0.00562668
3,0.0006,0.00832081
4,0.0008,0.0110722
5,0.001,0.0137305
