,Current,Voltage
0,0.0,0.000109673
1,0.0002,0.00165224
2,0.0004,0.00309706
3,0.0006,0.00456095
4,0.0008,0.00600576
5,0.001,0.00747204
