,Current,Voltage
0,0.0,0.000116825
1,0.0002,0.0015378
2,0.0004,0.00283957
3,0.0006,0.00417471
4,0.0008,0.00549793
5,0.001,0.00683784
