,Current,Voltage
0,0.0,0.000116825
1,0.0002,0.00147104
2,0.0004,0.00283718
3,0.0006,0.00413418
4,0.0008,0.00547409
5,0.001,0.00680208
