,Current,Voltage
0,0.0,0.000119209
1,0.0002,0.00125408
2,0.0004,0.00228643
3,0.0006,0.00331163
4,0.0008,0.00436783
5,0.001,0.00541925
