,Current,Voltage
0,0.0,0.000138283
1,0.0002,0.00155687
2,0.0004,0.00295639
3,0.0006,0.00433683
4,0.0008,0.00568867
5,0.001,0.00702143
