,Current,Voltage
0,0.0,0.000126362
1,0.0002,0.0024271
2,0.0004,0.00469923
3,0.0006,0.00690937
4,0.0008,0.00916004
5,0.001,0.0113964
