,Current,Voltage
0,0.0,0.000107288
1,0.0002,0.00110865
2,0.0004,0.00204325
3,0.0006,0.00298262
4,0.0008,0.00389099
5,0.001,0.00482798
