,Current,Voltage
0,0.0,8.10623e-05
1,0.0002,0.00112534
2,0.0004,0.00208378
3,0.0006,0.00306129
4,0.0008,0.00406027
5,0.001,0.00500441
