,Current,Voltage
0,0.0,0.000126362
1,0.0002,0.00118017
2,0.0004,0.00221252
3,0.0006,0.00319004
4,0.0008,0.00422001
5,0.001,0.00518084
