,Current,Voltage
0,0.0,0.000138283
1,0.0002,0.0014019
2,0.0004,0.00258446
3,0.0006,0.00378847
4,0.0008,0.00494719
5,0.001,0.00616789
