,Current,Voltage
0,0.0,0.000104904
1,0.0002,0.00155687
2,0.0004,0.00290871
3,0.0006,0.00431299
4,0.0008,0.00568867
5,0.001,0.0070715
