,Current,Voltage
0,0.0,0.000104904
1,0.0002,0.00122547
2,0.0004,0.00228643
3,0.0006,0.00329018
4,0.0008,0.00437498
5,0.001,0.00542164
