,Current,Voltage
0,0.0,0.000116825
1,0.0002,0.00124693
2,0.0004,0.00233412
3,0.0006,0.00333309
4,0.0008,0.00444889
5,0.001,0.00551701
