,Current,Voltage
0,0.0,0.000126362
1,0.0002,0.00118256
2,0.0004,0.00218153
3,0.0006,0.00320911
4,0.0008,0.00426054
5,0.001,0.00522614
