,Current,Voltage
0,0.0,0.000104904
1,0.0002,0.00195742
2,0.0004,0.00374079
3,0.0006,0.00550985
4,0.0008,0.00731945
5,0.001,0.00905991
