,Current,Voltage
0,0.0,0.00013113
1,0.0002,0.00169992
2,0.0004,0.00317097
3,0.0006,0.00466585
4,0.0008,0.00616789
5,0.001,0.00766277
