,Current,Voltage
0,0.0,0.000116825
1,0.0002,0.00114202
2,0.0004,0.00207186
3,0.0006,0.00304699
4,0.0008,0.00402212
5,0.001,0.00497103
