,Current,Voltage
0,0.0,0.000128746
1,0.0002,0.0019002
2,0.0004,0.00356197
3,0.0006,0.00523806
4,0.0008,0.00690699
5,0.001,0.00858784
