,Current,Voltage
0,0.0,0.000126362
1,0.0002,0.00164747
2,0.0004,0.00304699
3,0.0006,0.00449181
4,0.0008,0.00589371
5,0.001,0.00732422
