,Current,Voltage
0,0.0,0.000162125
1,0.0002,0.00124454
2,0.0004,0.00229359
3,0.0006,0.00326395
4,0.0008,0.00427485
5,0.001,0.00531197
