,Current,Voltage
0,0.0,0.000150204
1,0.0002,0.00157356
2,0.0004,0.00297308
3,0.0006,0.00432491
4,0.0008,0.00574112
5,0.001,0.00710249
