,Current,Voltage
0,0.0,0.000128746
1,0.0002,0.00118017
2,0.0004,0.00219107
3,0.0006,0.00319719
4,0.0008,0.0041914
5,0.001,0.00518799
