,Current,Voltage
0,0.0,0.000104904
1,0.0002,0.00114918
2,0.0004,0.00215054
3,0.0006,0.00314236
4,0.0008,0.00416994
5,0.001,0.00515699
