,Current,Voltage
0,0.0,0.000157356
1,0.0002,0.00120163
2,0.0004,0.0022316
3,0.0006,0.00323296
4,0.0008,0.004251
5,0.001,0.00530243
