,Current,Voltage
0,0.0,0.000126362
1,0.0002,0.00115156
2,0.0004,0.00215769
3,0.0006,0.00314713
4,0.0008,0.00412703
5,0.001,0.00509739
