,Current,Voltage
0,0.0,8.58307e-05
1,0.0002,0.00120163
2,0.0004,0.00227928
3,0.0006,0.0033164
4,0.0008,0.00438452
5,0.001,0.00540495
