,Current,Voltage
0,0.0,0.000143051
1,0.0002,0.00119209
2,0.0004,0.00228167
3,0.0006,0.0033021
4,0.0008,0.00439644
5,0.001,0.00540257
