,Current,Voltage
0,0.0,0.000135899
1,0.0002,0.001297
2,0.0004,0.00241518
3,0.0006,0.00351667
4,0.0008,0.00463247
5,0.001,0.00571489
