,Current,Voltage
0,0.0,0.000121593
1,0.0002,0.00122786
2,0.0004,0.0022006
3,0.0006,0.00319004
4,0.0008,0.00421524
5,0.001,0.0052309
