,Current,Voltage
0,0.0,0.000104904
1,0.0002,0.0011754
2,0.0004,0.00219584
3,0.0006,0.00322104
4,0.0008,0.00426054
5,0.001,0.00525475
