,Current,Voltage
0,0.0,8.10623e-05
1,0.0002,0.00139713
2,0.0004,0.002563
3,0.0006,0.00376463
4,0.0008,0.00500202
5,0.001,0.00619888
