,Current,Voltage
0,0.0,0.000164509
1,0.0002,0.00149488
2,0.0004,0.0028348
3,0.0006,0.00415564
4,0.0008,0.0054574
5,0.001,0.00677586
