,Current,Voltage
0,0.0,0.000126362
1,0.0002,0.00124693
2,0.0004,0.0023222
3,0.0006,0.00341892
4,0.0008,0.00448465
5,0.001,0.0055027
