,Current,Voltage
0,0.0,0.00850463
1,8e-10,0.342648
2,1.6e-09,0.551678
3,2.4e-09,0.737634
4,3.2e-09,0.905871
5,4e-09,1.09516
