,Current,Voltage
0,0.0,0.00402713
1,8e-10,0.0115006
2,1.6e-09,0.0189531
3,2.4e-09,0.0264268
4,3.2e-09,0.0338676
5,4e-09,0.0413289
