,Current,Voltage
0,0.0,0.0038836
1,8e-10,0.0114756
2,1.6e-09,0.0190668
3,2.4e-09,0.0266438
4,3.2e-09,0.0342391
5,4e-09,0.041806
