,Current,Voltage
0,0.0,0.00418949
1,8e-10,0.0115011
2,1.6e-09,0.0187938
3,2.4e-09,0.0260777
4,3.2e-09,0.033366
5,4e-09,0.0406301
