,Current,Voltage
0,0.0,0.00383282
1,8e-10,0.00995517
2,1.6e-09,0.016088
3,2.4e-09,0.0222011
4,3.2e-09,0.0283277
5,4e-09,0.0344405
