,Current,Voltage
0,0.0,0.00930119
1,8e-10,0.0263581
2,1.6e-09,0.0434349
3,2.4e-09,0.0605052
4,3.2e-09,0.077559
5,4e-09,0.0946212
