,Current,Voltage
0,0.0,0.000219345
1,0.0002,0.00473738
2,0.0004,0.00918865
3,0.0006,0.0136638
4,0.0008,0.0181246
5,0.001,0.0225735
