,Current,Voltage
0,0.0,0.000100136
1,0.0002,0.00158548
2,0.0004,0.00302315
3,0.0006,0.00440598
4,0.0008,0.00583887
5,0.001,0.00724554
