,Current,Voltage
0,0.0,0.00015974
1,0.0002,0.00275612
2,0.0004,0.00540018
3,0.0006,0.00804186
4,0.0008,0.0106478
5,0.001,0.0130939
