,Current,Voltage
0,0.0,0.000166893
1,0.0002,0.00211239
2,0.0004,0.00404596
3,0.0006,0.00593901
4,0.0008,0.00785112
5,0.001,0.00974178
