,Current,Voltage
0,0.0,0.000178814
1,0.0002,0.002985
2,0.0004,0.00581026
3,0.0006,0.00854731
4,0.0008,0.011313
5,0.001,0.0140691
