,Current,Voltage
0,0.0,0.000128746
1,0.0002,0.00173092
2,0.0004,0.0033021
3,0.0006,0.00478983
4,0.0008,0.00638962
5,0.001,0.00791788
