,Current,Voltage
0,0.0,6.67572e-05
1,0.0002,0.000510216
2,0.0004,0.000808239
3,0.0006,0.00118494
4,0.0008,0.00154018
5,0.001,0.00182629
