,Current,Voltage
0,0.0,0.000107288
1,0.0002,0.00240803
2,0.0004,0.00464678
3,0.0006,0.00689745
4,0.0008,0.00915289
5,0.001,0.0113773
