,Current,Voltage
0,0.0,0.000166893
1,0.0002,0.00268221
2,0.0004,0.00506878
3,0.0006,0.00743628
4,0.0008,0.00980377
5,0.001,0.0121307
