,Current,Voltage
0,0.0,9.77516e-05
1,0.0002,0.00104427
2,0.0004,0.00194073
3,0.0006,0.00280857
4,0.0008,0.00367403
5,0.001,0.00458717
