,Current,Voltage
0,0.0,0.000157356
1,0.0002,0.00178576
2,0.0004,0.00339746
3,0.0006,0.00496626
4,0.0008,0.00657082
5,0.001,0.00815868
