,Current,Voltage
0,0.0,0.00025034
1,0.0002,0.00326395
2,0.0004,0.0062871
3,0.0006,0.00925541
4,0.0008,0.0122666
5,0.001,0.0152135
