,Current,Voltage
0,0.0,0.000138283
1,0.0002,0.00109434
2,0.0004,0.00205755
3,0.0006,0.00297546
4,0.0008,0.00387907
5,0.001,0.00482321
