,Current,Voltage
0,0.0,0.000174046
1,0.0002,0.00308514
2,0.0004,0.00597715
3,0.0006,0.0088191
4,0.0008,0.0116658
5,0.001,0.0145435
