,Current,Voltage
0,0.0,0.000119209
1,0.0002,0.0018239
2,0.0004,0.00340939
3,0.0006,0.00503778
4,0.0008,0.00664711
5,0.001,0.00825882
