,Current,Voltage
0,0.0,0.000138283
1,0.0002,0.00202179
2,0.0004,0.00384092
3,0.0006,0.00562429
4,0.0008,0.00746727
5,0.001,0.00923872
