,Current,Voltage
0,0.0,0.000152588
1,0.0002,0.00332355
2,0.0004,0.00643253
3,0.0006,0.00950813
4,0.0008,0.0125742
5,0.001,0.0156856
