,Current,Voltage
0,0.0,0.00014782
1,0.0002,0.00191212
2,0.0004,0.00365496
3,0.0006,0.0053668
4,0.0008,0.00703812
5,0.001,0.00872612
