,Current,Voltage
0,0.0,0.000174046
1,0.0002,0.00349522
2,0.0004,0.00679255
3,0.0006,0.0100827
4,0.0008,0.0133276
5,0.001,0.0165963
