,Current,Voltage
0,0.0,0.000128746
1,0.0002,0.00175238
2,0.0004,0.00327587
3,0.0006,0.00484943
4,0.0008,0.006392
5,0.001,0.00794411
