,Current,Voltage
0,0.0,0.000114441
1,0.0002,0.00121355
2,0.0004,0.00225067
3,0.0006,0.00326395
4,0.0008,0.00429153
5,0.001,0.00531673
