,Current,Voltage
0,0.0,0.00041008
1,0.0002,0.0140285
2,0.0004,0.0276899
3,0.0006,0.0412393
4,0.0008,0.0548816
5,0.001,0.0684571
