,Current,Voltage
0,0.0,0.000185966
1,0.0002,0.00237226
2,0.0004,0.00452042
3,0.0006,0.00661373
4,0.0008,0.00873566
5,0.001,0.010829
