,Current,Voltage
0,0.0,0.000126362
1,0.0002,0.00217199
2,0.0004,0.00421762
3,0.0006,0.00618219
4,0.0008,0.00818491
5,0.001,0.0101328
