,Current,Voltage
0,0.0,0.000157356
1,0.0002,0.00185013
2,0.0004,0.0034976
3,0.0006,0.00513792
4,0.0008,0.00678062
5,0.001,0.00846386
