,Current,Voltage
0,0.0,0.000185966
1,0.0002,0.00295162
2,0.0004,0.00562429
3,0.0006,0.0083375
4,0.0008,0.0110364
5,0.001,0.0136876
