,Current,Voltage
0,0.0,0.000183582
1,0.0002,0.00284433
2,0.0004,0.00546455
3,0.0006,0.00808477
4,0.0008,0.0107026
5,0.001,0.0133085
