,Current,Voltage
0,0.0,0.000116825
1,0.0002,0.00191689
2,0.0004,0.00374794
3,0.0006,0.00546455
4,0.0008,0.00725031
5,0.001,0.00898838
