,Current,Voltage
0,0.0,0.000145435
1,0.0002,0.00165701
2,0.0004,0.00314236
3,0.0006,0.00461578
4,0.0008,0.00603676
5,0.001,0.00752926
