,Current,Voltage
0,0.0,0.000133514
1,0.0002,0.00190258
2,0.0004,0.00364065
3,0.0006,0.00537395
4,0.0008,0.00711203
5,0.001,0.00876188
