,Current,Voltage
0,0.0,-0.00663757
1,0.0002,0.00458002
2,0.0004,0.0149083
3,0.0006,0.0244856
4,0.0008,0.0342846
5,0.001,0.0439072
