,Current,Voltage
0,0.0,0.000157356
1,0.0002,0.00185251
2,0.0004,0.0034833
3,0.0006,0.00509024
4,0.0008,0.00667572
5,0.001,0.00828505
