,Current,Voltage
0,0.0,0.000197887
1,0.0002,0.00379801
2,0.0004,0.00737667
3,0.0006,0.0109529
4,0.0008,0.0145507
5,0.001,0.0181007
