,Current,Voltage
0,0.0,0.000133514
1,0.0002,0.00190735
2,0.0004,0.00365496
3,0.0006,0.00541687
4,0.0008,0.00714779
5,0.001,0.0088954
