,Current,Voltage
0,0.0,0.000162125
1,0.0002,0.00163317
2,0.0004,0.00313759
3,0.0006,0.00459194
4,0.0008,0.00604153
5,0.001,0.00747919
