,Current,Voltage
0,0.0,0.000185966
1,0.0002,0.00391245
2,0.0004,0.00756741
3,0.0006,0.01122
4,0.0008,0.0149155
5,0.001,0.0185347
