,Current,Voltage
0,0.0,0.000188351
1,0.0002,0.00301361
2,0.0004,0.00577688
3,0.0006,0.00850201
4,0.0008,0.0112557
5,0.001,0.0139785
