,Current,Voltage
0,0.0,0.000185966
1,0.0002,0.00337601
2,0.0004,0.00651598
3,0.0006,0.00960827
4,0.0008,0.0127602
5,0.001,0.0158191
