,Current,Voltage
0,0.0,0.000591278
1,0.0002,0.0192928
2,0.0004,0.0381374
3,0.0006,0.0568247
4,0.0008,0.0756359
5,0.001,0.0943398
