,Current,Voltage
0,0.0,0.000174046
1,0.0002,0.00320196
2,0.0004,0.0061965
3,0.0006,0.00914097
4,0.0008,0.012157
5,0.001,0.015111
