,Current,Voltage
0,0.0,0.00025034
1,0.0002,0.00452995
2,0.0004,0.00887394
3,0.0006,0.0131321
4,0.0008,0.0174308
5,0.001,0.0217056
