,Current,Voltage
0,0.0,0.00017643
1,0.0002,0.0032568
2,0.0004,0.00629902
3,0.0006,0.0093317
4,0.0008,0.0123763
5,0.001,0.015378
