,Current,Voltage
0,0.0,0.000162125
1,0.0002,0.00254154
2,0.0004,0.00492096
3,0.0006,0.00725985
4,0.0008,0.00962973
5,0.001,0.0119853
