,Current,Voltage
0,0.0,0.000128746
1,0.0002,0.00175238
2,0.0004,0.00326395
3,0.0006,0.0048089
4,0.0008,0.00635386
5,0.001,0.0078702
