,Current,Voltage
0,0.0,0.000164509
1,0.0002,0.00256062
2,0.0004,0.00491858
3,0.0006,0.00726938
4,0.0008,0.00963211
5,0.001,0.0119591
