,Current,Voltage
0,0.0,0.000441074
1,0.0002,0.0147724
2,0.0004,0.0291657
3,0.0006,0.0434279
4,0.0008,0.0578213
5,0.001,0.0720549
