,Current,Voltage
0,0.0,0.00127316
1,0.0002,0.0459552
2,0.0004,0.0910449
3,0.0006,0.136154
4,0.0008,0.181563
5,0.001,0.226715
