,Current,Voltage
0,0.0,0.000340939
1,0.0002,0.00981808
2,0.0004,0.0193763
3,0.0006,0.0288129
4,0.0008,0.0384045
5,0.001,0.0477886
