,Current,Voltage
0,0.0,0.000402927
1,0.0002,0.0138593
2,0.0004,0.0273347
3,0.0006,0.04071
4,0.0008,0.0542378
5,0.001,0.0676918
