,Current,Voltage
0,0.0,0.000386238
1,0.0002,0.0121331
2,0.0004,0.0238371
3,0.0006,0.0355172
4,0.0008,0.047276
5,0.001,0.0589514
