,Current,Voltage
0,0.0,0.000321865
1,0.0002,0.00925064
2,0.0004,0.0181556
3,0.0006,0.0270271
4,0.0008,0.0359702
5,0.001,0.0448346
