,Current,Voltage
0,0.0,0.00138998
1,0.0002,0.0509119
2,0.0004,0.100825
3,0.0006,0.150342
4,0.0008,0.200286
5,0.001,0.249786
