,Current,Voltage
0,0.0,0.0030899
1,0.0002,0.114589
2,0.0004,0.22702
3,0.0006,0.338888
4,0.0008,0.45095
5,0.001,0.562344
