,Current,Voltage
0,0.0,0.00058651
1,0.0002,0.0187039
2,0.0004,0.0370169
3,0.0006,0.0551176
4,0.0008,0.0733352
5,0.001,0.0915813
