,Current,Voltage
0,0.0,0.000424385
1,0.0002,0.0132847
2,0.0004,0.0261688
3,0.0006,0.0389814
4,0.0008,0.0519133
5,0.001,0.0647092
