,Current,Voltage
0,0.0,0.000216961
1,0.0002,0.00727177
2,0.0004,0.014236
3,0.0006,0.0211287
4,0.0008,0.0281
5,0.001,0.0350285
