,Current,Voltage
0,0.0,0.000231266
1,0.0002,0.00641108
2,0.0004,0.0125623
3,0.0006,0.0186086
4,0.0008,0.0247788
5,0.001,0.0308347
