,Current,Voltage
0,0.0,0.000758171
1,0.0002,0.0260472
2,0.0004,0.0514674
3,0.0006,0.0766826
4,0.0008,0.102084
5,0.001,0.127294
