,Current,Voltage
0,0.0,0.00026226
1,0.0002,0.00939131
2,0.0004,0.0184822
3,0.0006,0.027585
4,0.0008,0.0366592
5,0.001,0.0457478
