,Current,Voltage
0,0.0,0.000360012
1,0.0002,0.0126052
2,0.0004,0.0249147
3,0.0006,0.0370765
4,0.0008,0.0493479
5,0.001,0.0615525
