,Current,Voltage
0,0.0,0.000245571
1,0.0002,0.00750303
2,0.0004,0.014751
3,0.0006,0.0219679
4,0.0008,0.029192
5,0.001,0.0363588
