,Current,Voltage
0,0.0,0.000500679
1,0.0002,0.0171161
2,0.0004,0.033803
3,0.0006,0.0503731
4,0.0008,0.0670457
5,0.001,0.0835919
