,Current,Voltage
0,0.0,0.000283718
1,0.0002,0.00821829
2,0.0004,0.0160813
3,0.0006,0.0239587
4,0.0008,0.0319028
5,0.001,0.0396991
