,Current,Voltage
0,0.0,0.00033617
1,0.0002,0.0121927
2,0.0004,0.0240421
3,0.0006,0.0357604
4,0.0008,0.0476122
5,0.001,0.0593185
