,Current,Voltage
0,0.0,0.000450611
1,0.0002,0.0142837
2,0.0004,0.0281858
3,0.0006,0.0419211
4,0.0008,0.0558472
5,0.001,0.0696206
