,Current,Voltage
0,0.0,0.000243187
1,0.0002,0.00545025
2,0.0004,0.0106049
3,0.0006,0.0157762
4,0.0008,0.020988
5,0.001,0.0261283
