,Current,Voltage
0,0.0,0.000188351
1,0.0002,0.0049448
2,0.0004,0.00965357
3,0.0006,0.0143981
4,0.0008,0.0191212
5,0.001,0.0237703
