,Current,Voltage
0,0.0,0.0124192
1,0.0002,0.501022
2,0.0004,0.992074
3,0.0006,1.40423
4,0.0008,1.66751
5,0.001,2.05412
