,Current,Voltage
0,0.0,0.000562668
1,0.0002,0.0184178
2,0.0004,0.0363255
3,0.0006,0.0541115
4,0.0008,0.0720716
5,0.001,0.0898695
