,Current,Voltage
0,0.0,0.000724792
1,0.0002,0.0238514
2,0.0004,0.0471735
3,0.0006,0.0703049
4,0.0008,0.0935745
5,0.001,0.116701
