,Current,Voltage
0,0.0,0.000274181
1,0.0002,0.00844717
2,0.0004,0.0166249
3,0.0006,0.0245953
4,0.0008,0.0326896
5,0.001,0.0407648
