,Current,Voltage
0,0.0,0.00027895
1,0.0002,0.00850916
2,0.0004,0.0166607
3,0.0006,0.0248122
4,0.0008,0.0329709
5,0.001,0.0411296
