,Current,Voltage
0,0.0,0.000286102
1,0.0002,0.00901699
2,0.0004,0.0177193
3,0.0006,0.0264215
4,0.0008,0.0351167
5,0.001,0.0437212
