,Current,Voltage
0,0.0,0.000271797
1,0.0002,0.00542402
2,0.0004,0.0105762
3,0.0006,0.0156379
4,0.0008,0.0208163
5,0.001,0.025928
