,Current,Voltage
0,0.0,0.00494361
1,8e-10,0.0136235
2,1.6e-09,0.0222919
3,2.4e-09,0.0309556
4,3.2e-09,0.0396197
5,4e-09,0.0482867
