,Current,Voltage
0,0.0,0.00392151
1,8e-10,0.010514
2,1.6e-09,0.0170956
3,2.4e-09,0.0236776
4,3.2e-09,0.0302563
5,4e-09,0.0368426
