,Current,Voltage
0,0.0,0.00746632
1,8e-10,0.0205777
2,1.6e-09,0.033622
3,2.4e-09,0.0467079
4,3.2e-09,0.0597317
5,4e-09,0.0727122
