,Current,Voltage
0,0.0,-0.00252581
1,8e-10,0.0230801
2,1.6e-09,0.0449462
3,2.4e-09,0.109699
4,3.2e-09,0.0863976
5,4e-09,0.161865
