{
  "mapping_offsets": [
    0.0,
    1.0,
    2.0,
    3.0,
    4.0,
    5.0,
    6.0
  ],
  "flir_offsets": [
    0,
    15,
    30
  ],
  "spin_speed": {
    "min": 100.0,
    "max": 3800.0,
    "value": {
      "0": 1000,
      "1": 1000,
      "2": 1000,
      "3": 1000,
      "4": 1000,
      "5": 1000,
      "6": 1000,
      "7": 1000,
      "8": 1000,
      "9": 1000,
      "10": 1000,
      "11": 1000,
      "12": 1000,
      "13": 1000,
      "14": 1000
    },
    "units": "RPM",
    "optimize_with_chem_os": false
  },
  "spin_time": {
    "min": 10.0,
    "max": 120.0,
    "value": {
      "0": 60,
      "1": 60,
      "2": 60,
      "3": 60,
      "4": 60,
      "5": 60,
      "6": 60,
      "7": 60,
      "8": 60,
      "9": 60,
      "10": 60,
      "11": 60,
      "12": 60,
      "13": 60,
      "14": 60
    },
    "units": "s",
    "optimize_with_chem_os": false
  },
  "dispense_volume": {
    "min": 0.001,
    "max": 1.0,
    "value": 0.1,
    "units": "mL",
    "optimize_with_chem_os": false
  },
  "campaign_dispensed_amounts": {
    "spiro": {
      "chemical_name": "Spiro",
      "varied": false,
      "value": 0.10060000000000002,
      "units": "mg",
      "metadata": {
        "molar_weight_ mg": 1225.43,
        "concentration_mg_ml": 50,
        "requested_param": null,
        "requested_vol": 0.13085801900594088
      }
    },
    "cobalt": {
      "chemical_name": "FK102",
      "varied": true,
      "value": 0.05860000000000021,
      "units": "mg",
      "metadata": {
        "molar_weight_ mg": 1334.86,
        "concentration_mg_ml": 50,
        "requested_param": null,
        "requested_vol": 0.07747531432739248
      }
    },
    "tbp": {
      "chemical_name": "tBP",
      "varied": false,
      "value": 0.029100000000000126,
      "units": "mg",
      "metadata": {
        "molar_weight_ mg": 135.21,
        "concentration_mg_ml": 50,
        "requested_param": null,
        "requested_vol": 0.04166666666666667
      }
    },
    "annealing": {
      "varied": true,
      "value": 43.2607626914978,
      "units": "s",
      "metadata": {}
    }
  },
  "properties": {
    "measurement_0": 4.009516631833704e-07,
    "measurement_1": 3.914506632246732e-07,
    "measurement_2": 3.936758585496923e-07,
    "measurement_3": 3.9865572733714263e-07,
    "measurement_4": 4.071603543599272e-07,
    "measurement_5": 4.038939780871614e-07,
    "measurement_6": 4.007078878186095e-07,
    "measurement_mean": 3.994994475086538e-07
  },
  "active_parameters_pickle_file": {
    "filename": "not yet defined"
  },
  "processes": {
    "x0": 0.5162232417050873,
    "x1": 0.007912070490419865
  },
  "chemOS": {
    "requested_params": {
      "x0": 0.5435203313827515,
      "x1": 0.18025317788124084
    },
    "output_for_previous": {
      "campaign_name": "pseudomobility",
      "session_id": "dbad41d5-017b-4f35-b430-6be3f655fdb0",
      "experiment_id": "225a803b-d5fa-4e88-a25e-3cee6d3f4711",
      "execution_id": "f0f535cc",
      "robot_id": "e0c4ac82",
      "processes": {
        "x0": 0.5162232417050873,
        "x1": 0.007912070490419865
      },
      "properties": {
        "measurement_0": 4.009516631833704e-07,
        "measurement_1": 3.914506632246732e-07,
        "measurement_2": 3.936758585496923e-07,
        "measurement_3": 3.9865572733714263e-07,
        "measurement_4": 4.071603543599272e-07,
        "measurement_5": 4.038939780871614e-07,
        "measurement_6": 4.007078878186095e-07,
        "measurement_mean": 3.994994475086538e-07
      }
    }
  },
  "operator_name": "Thomas",
  "operator_comment": "chemOS optimization of pseudomobility over cobalt annealing space"
}