,Current,Voltage
0,0.0,0.00358105
1,8e-10,0.00949526
2,1.6e-09,0.015377
3,2.4e-09,0.0212715
4,3.2e-09,0.0271297
5,4e-09,0.0329912
