{
  "mapping_offsets": [
    0.0,
    1.0,
    2.0,
    3.0,
    4.0,
    5.0,
    6.0
  ],
  "flir_offsets": [
    0,
    15,
    30
  ],
  "spin_speed": {
    "min": 100.0,
    "max": 3800.0,
    "value": {
      "0": 1000,
      "1": 1000,
      "2": 1000,
      "3": 1000,
      "4": 1000,
      "5": 1000,
      "6": 1000,
      "7": 1000,
      "8": 1000,
      "9": 1000,
      "10": 1000,
      "11": 1000
    },
    "units": "RPM",
    "optimize_with_chem_os": false
  },
  "spin_time": {
    "min": 10.0,
    "max": 120.0,
    "value": {
      "0": 60,
      "1": 60,
      "2": 60,
      "3": 60,
      "4": 60,
      "5": 60,
      "6": 60,
      "7": 60,
      "8": 60,
      "9": 60,
      "10": 60,
      "11": 60
    },
    "units": "s",
    "optimize_with_chem_os": false
  },
  "dispense_volume": {
    "min": 0.001,
    "max": 1.0,
    "value": 0.1,
    "units": "mL",
    "optimize_with_chem_os": false
  },
  "campaign_dispensed_amounts": {
    "spiro": {
      "chemical_name": "Spiro",
      "varied": false,
      "value": 0.1216999999999997,
      "units": "mg",
      "metadata": {
        "molar_weight_ mg": 1225.43,
        "concentration_mg_ml": 50,
        "requested_param": null,
        "requested_vol": 0.14945237350783783
      }
    },
    "cobalt": {
      "chemical_name": "FK102",
      "varied": true,
      "value": 0.04520000000000035,
      "units": "mg",
      "metadata": {
        "molar_weight_ mg": 1334.86,
        "concentration_mg_ml": 50,
        "requested_param": null,
        "requested_vol": 0.0588809598254955
      }
    },
    "tbp": {
      "chemical_name": "tBP",
      "varied": false,
      "value": 0.030400000000000205,
      "units": "mg",
      "metadata": {
        "molar_weight_ mg": 135.21,
        "concentration_mg_ml": 50,
        "requested_param": null,
        "requested_vol": 0.04166666666666667
      }
    },
    "annealing": {
      "varied": true,
      "value": 49.7630774974823,
      "units": "s",
      "metadata": {}
    }
  },
  "properties": {
    "measurement_0": 3.2385308263059267e-07,
    "measurement_1": 3.1249957982285485e-07,
    "measurement_2": 3.4420240646319845e-07,
    "measurement_3": 3.3306322063864217e-07,
    "measurement_4": 3.3428411578088523e-07,
    "measurement_5": 3.310306348315612e-07,
    "measurement_6": 3.44284953216532e-07,
    "measurement_mean": 3.318882847691809e-07
  },
  "active_parameters_pickle_file": {
    "filename": "not yet defined"
  },
  "processes": {
    "x0": 0.49119224355271723,
    "x1": 0.0012504244223237038
  },
  "chemOS": {
    "requested_params": {
      "x0": 0.3616802990436554,
      "x1": 0.20734615623950958
    },
    "output_for_previous": {
      "campaign_name": "pseudomobility",
      "session_id": "9d97a479-d129-410e-a3ee-9c638411253c",
      "experiment_id": "fc61e6f1-583c-4093-a9f7-10d83beaa8e6",
      "execution_id": "ced57be1",
      "robot_id": "7fed69c8",
      "processes": {
        "x0": 0.49119224355271723,
        "x1": 0.0012504244223237038
      },
      "properties": {
        "measurement_0": 3.2385308263059267e-07,
        "measurement_1": 3.1249957982285485e-07,
        "measurement_2": 3.4420240646319845e-07,
        "measurement_3": 3.3306322063864217e-07,
        "measurement_4": 3.3428411578088523e-07,
        "measurement_5": 3.310306348315612e-07,
        "measurement_6": 3.44284953216532e-07,
        "measurement_mean": 3.318882847691809e-07
      }
    }
  },
  "operator_name": "Ray",
  "operator_comment": "chemos optimization Co anneal mean Ps"
}