{
  "mapping_offsets": [
    0.0,
    1.0,
    2.0,
    3.0,
    4.0,
    5.0,
    6.0
  ],
  "flir_offsets": [
    0,
    15,
    30
  ],
  "spin_speed": {
    "min": 100.0,
    "max": 3800.0,
    "value": {
      "0": 1000,
      "1": 1000,
      "2": 1000,
      "3": 1000,
      "4": 1000,
      "5": 1000,
      "6": 1000,
      "7": 1000,
      "8": 1000,
      "9": 1000,
      "10": 1000,
      "11": 1000,
      "12": 1000,
      "13": 1000,
      "14": 1000,
      "15": 1000,
      "16": 1000,
      "17": 1000,
      "18": 1000,
      "19": 1000,
      "20": 1000,
      "21": 1000,
      "22": 1000
    },
    "units": "RPM",
    "optimize_with_chem_os": false
  },
  "spin_time": {
    "min": 10.0,
    "max": 120.0,
    "value": {
      "0": 60,
      "1": 60,
      "2": 60,
      "3": 60,
      "4": 60,
      "5": 60,
      "6": 60,
      "7": 60,
      "8": 60,
      "9": 60,
      "10": 60,
      "11": 60,
      "12": 60,
      "13": 60,
      "14": 60,
      "15": 60,
      "16": 60,
      "17": 60,
      "18": 60,
      "19": 60,
      "20": 60,
      "21": 60,
      "22": 60
    },
    "units": "s",
    "optimize_with_chem_os": false
  },
  "dispense_volume": {
    "min": 0.001,
    "max": 1.0,
    "value": 0.1,
    "units": "mL",
    "optimize_with_chem_os": false
  },
  "campaign_dispensed_amounts": {
    "spiro": {
      "chemical_name": "Spiro",
      "varied": false,
      "value": 0.10829999999999984,
      "units": "mg",
      "metadata": {
        "molar_weight_ mg": 1225.43,
        "concentration_mg_ml": 50,
        "requested_param": null,
        "requested_vol": 0.1363971020021814
      }
    },
    "cobalt": {
      "chemical_name": "FK102",
      "varied": true,
      "value": 0.055700000000000305,
      "units": "mg",
      "metadata": {
        "molar_weight_ mg": 1334.86,
        "concentration_mg_ml": 50,
        "requested_param": null,
        "requested_vol": 0.07193623133115196
      }
    },
    "tbp": {
      "chemical_name": "tBP",
      "varied": false,
      "value": 0.030200000000000227,
      "units": "mg",
      "metadata": {
        "molar_weight_ mg": 135.21,
        "concentration_mg_ml": 50,
        "requested_param": null,
        "requested_vol": 0.04166666666666667
      }
    },
    "annealing": {
      "varied": true,
      "value": 41.09788656234741,
      "units": "s",
      "metadata": {}
    }
  },
  "properties": {
    "measurement_0": 6.220276960799229e-07,
    "measurement_1": 6.078937913021088e-07,
    "measurement_2": 5.479698856683688e-07,
    "measurement_3": 4.438976184132123e-07,
    "measurement_4": 5.863282185011299e-07,
    "measurement_5": 5.945938193230683e-07,
    "measurement_6": 1.9996677090096705e-07,
    "measurement_mean": 5.146682571698255e-07
  },
  "active_parameters_pickle_file": {
    "filename": "not yet defined"
  },
  "processes": {
    "x0": 0.591719470843194,
    "x1": 0.24990017712116241
  },
  "chemOS": {
    "requested_params": {
      "x0": 0.4841671586036682,
      "x1": 0.17124119400978088
    },
    "output_for_previous": {
      "campaign_name": "pseudomobility",
      "session_id": "dbad41d5-017b-4f35-b430-6be3f655fdb0",
      "experiment_id": "8b33dc2b-6489-48d9-894f-7bdbd421e120",
      "execution_id": "707aeee3",
      "robot_id": "e0c4ac82",
      "processes": {
        "x0": 0.591719470843194,
        "x1": 0.24990017712116241
      },
      "properties": {
        "measurement_0": 6.220276960799229e-07,
        "measurement_1": 6.078937913021088e-07,
        "measurement_2": 5.479698856683688e-07,
        "measurement_3": 4.438976184132123e-07,
        "measurement_4": 5.863282185011299e-07,
        "measurement_5": 5.945938193230683e-07,
        "measurement_6": 1.9996677090096705e-07,
        "measurement_mean": 5.146682571698255e-07
      }
    }
  },
  "operator_name": "Thomas",
  "operator_comment": "chemOS optimization of pseudomobility over cobalt annealing space"
}