,Current,Voltage
0,0.0,0.0037601
1,8e-10,0.00986552
2,1.6e-09,0.0159678
3,2.4e-09,0.022078
4,3.2e-09,0.0281928
5,4e-09,0.0342886
