,Current,Voltage
0,0.0,0.000128746
1,0.0002,0.00157356
2,0.0004,0.00295639
3,0.0006,0.00435352
4,0.0008,0.00570774
5,0.001,0.00711679
