,Current,Voltage
0,0.0,0.000145435
1,0.0002,0.00205517
2,0.0004,0.00394821
3,0.0006,0.00579596
4,0.0008,0.00762224
5,0.001,0.00950098
