,Current,Voltage
0,0.0,0.000169277
1,0.0002,0.00124454
2,0.0004,0.00226974
3,0.0006,0.00328064
4,0.0008,0.00430346
5,0.001,0.00534534
