,Current,Voltage
0,0.0,0.000157356
1,0.0002,0.00164986
2,0.0004,0.0031209
3,0.0006,0.00458479
4,0.0008,0.00603676
5,0.001,0.00750065
