,Current,Voltage
0,0.0,0.000154972
1,0.0002,0.00134945
2,0.0004,0.00243425
3,0.0006,0.00359297
4,0.0008,0.004673
5,0.001,0.00581026
