,Current,Voltage
0,0.0,0.000119209
1,0.0002,0.00161171
2,0.0004,0.00308037
3,0.0006,0.00446081
4,0.0008,0.00590086
5,0.001,0.00734091
