,Current,Voltage
0,0.0,0.000114441
1,0.0002,0.00132799
2,0.0004,0.00248671
3,0.0006,0.0036025
4,0.0008,0.00477314
5,0.001,0.00587225
