,Current,Voltage
0,0.0,0.000152588
1,0.0002,0.00136375
2,0.0004,0.00258207
3,0.0006,0.00370264
4,0.0008,0.00487089
5,0.001,0.00601292
