,Current,Voltage
0,0.0,0.00013113
1,0.0002,0.00131845
2,0.0004,0.00248671
3,0.0006,0.00366211
4,0.0008,0.00482321
5,0.001,0.00597477
