,Current,Voltage
0,0.0,0.000202656
1,0.0002,0.00207186
2,0.0004,0.00395775
3,0.0006,0.00579834
4,0.0008,0.00766039
5,0.001,0.00948906
