,Current,Voltage
0,0.0,8.82149e-05
1,0.0002,0.000739098
2,0.0004,0.00130177
3,0.0006,0.00188351
4,0.0008,0.00246763
5,0.001,0.00303507
