,Current,Voltage
0,0.0,0.000145435
1,0.0002,0.0014329
2,0.0004,0.00264883
3,0.0006,0.00384569
4,0.0008,0.00507832
5,0.001,0.00631571
