,Current,Voltage
0,0.0,0.000107288
1,0.0002,0.00140429
2,0.0004,0.00266552
3,0.0006,0.00390768
4,0.0008,0.00515223
5,0.001,0.00640154
