,Current,Voltage
0,0.0,0.000178814
1,0.0002,0.00169277
2,0.0004,0.00326157
3,0.0006,0.0047946
4,0.0008,0.00628948
5,0.001,0.00781775
