,Current,Voltage
0,0.0,0.00010252
1,0.0002,0.00162363
2,0.0004,0.00309467
3,0.0006,0.00456572
4,0.0008,0.00598669
5,0.001,0.00729799
