,Current,Voltage
0,0.0,0.000128746
1,0.0002,0.0012064
2,0.0004,0.00217438
3,0.0006,0.00317335
4,0.0008,0.00419855
5,0.001,0.00517607
