,Current,Voltage
0,0.0,0.000178814
1,0.0002,0.0020051
2,0.0004,0.00378847
3,0.0006,0.00560045
4,0.0008,0.00737429
5,0.001,0.00915051
