,Current,Voltage
0,0.0,0.00017643
1,0.0002,0.00172138
2,0.0004,0.00326633
3,0.0006,0.00480175
4,0.0008,0.00633717
5,0.001,0.00782728
