,Current,Voltage
0,0.0,0.00014782
1,0.0002,0.00175238
2,0.0004,0.00334263
3,0.0006,0.00486135
4,0.0008,0.00641823
5,0.001,0.00798941
