,Current,Voltage
0,0.0,0.000145435
1,0.0002,0.00118256
2,0.0004,0.00219345
3,0.0006,0.0032115
4,0.0008,0.0041914
5,0.001,0.00521183
