,Current,Voltage
0,0.0,0.000164509
1,0.0002,0.00137568
2,0.0004,0.00263929
3,0.0006,0.00381708
4,0.0008,0.00503302
5,0.001,0.00618935
