,Current,Voltage
0,0.0,0.000121593
1,0.0002,0.00187874
2,0.0004,0.00355721
3,0.0006,0.00518799
4,0.0008,0.00684023
5,0.001,0.008533
