,Current,Voltage
0,0.0,0.000109673
1,0.0002,0.0013566
2,0.0004,0.00248671
3,0.0006,0.0036478
4,0.0008,0.00479221
5,0.001,0.00596762
