,Current,Voltage
0,0.0,0.000128746
1,0.0002,0.00178576
2,0.0004,0.00335932
3,0.0006,0.00490427
4,0.0008,0.00648737
5,0.001,0.00804663
