,Current,Voltage
0,0.0,0.000109673
1,0.0002,0.00155926
2,0.0004,0.00299931
3,0.0006,0.00436783
4,0.0008,0.00580072
5,0.001,0.00713587
