,Current,Voltage
0,0.0,0.000140667
1,0.0002,0.00154495
2,0.0004,0.00285625
3,0.0006,0.0041914
4,0.0008,0.00552654
5,0.001,0.00686407
