,Current,Voltage
0,0.0,0.00013113
1,0.0002,0.00118732
2,0.0004,0.00221014
3,0.0006,0.00320435
4,0.0008,0.00424623
5,0.001,0.0052166
