,Current,Voltage
0,0.0,0.000157356
1,0.0002,0.00101566
2,0.0004,0.00185013
3,0.0006,0.00266314
4,0.0008,0.00349522
5,0.001,0.00431776
