,Current,Voltage
0,0.0,0.00013113
1,0.0002,0.00145912
2,0.0004,0.00272036
3,0.0006,0.00402927
4,0.0008,0.00524759
5,0.001,0.00652075
