,Current,Voltage
0,0.0,0.000133514
1,0.0002,0.00144958
2,0.0004,0.00266314
3,0.0006,0.00390053
4,0.0008,0.00516891
5,0.001,0.00638008
