,Current,Voltage
0,0.0,0.000152588
1,0.0002,0.00131607
2,0.0004,0.0024581
3,0.0006,0.00362396
4,0.0008,0.00479221
5,0.001,0.00594139
