,Current,Voltage
0,0.0,0.000138283
1,0.0002,0.00123024
2,0.0004,0.0023365
3,0.0006,0.00340462
4,0.0008,0.00450373
5,0.001,0.00555992
