,Current,Voltage
0,0.0,0.000121593
1,0.0002,0.00148058
2,0.0004,0.00277996
3,0.0006,0.00406981
4,0.0008,0.00537157
5,0.001,0.00670195
