,Current,Voltage
0,0.0,0.000104904
1,0.0002,0.00127077
2,0.0004,0.00236988
3,0.0006,0.00342131
4,0.0008,0.00452042
5,0.001,0.00558853
