,Current,Voltage
0,0.0,0.000138283
1,0.0002,0.0017786
2,0.0004,0.00341892
3,0.0006,0.00499725
4,0.0008,0.00655413
5,0.001,0.00816584
