,Current,Voltage
0,0.0,0.000123978
1,0.0002,0.00207663
2,0.0004,0.00396729
3,0.0006,0.00583649
4,0.0008,0.00772238
5,0.001,0.00960588
