,Current,Voltage
0,0.0,0.00013113
1,0.0002,0.00158548
2,0.0004,0.00303984
3,0.0006,0.0044322
4,0.0008,0.00587225
5,0.001,0.00728607
