,Current,Voltage
0,0.0,0.000193119
1,0.0002,0.00278711
2,0.0004,0.00537157
3,0.0006,0.00793457
4,0.0008,0.0104809
5,0.001,0.0130653
