,Current,Voltage
0,0.0,0.000104904
1,0.0002,0.00188351
2,0.0004,0.00359058
3,0.0006,0.00531912
4,0.0008,0.00702381
5,0.001,0.00867128
