,Current,Voltage
0,0.0,0.00378847
1,8e-10,0.0118117
2,1.6e-09,0.0198209
3,2.4e-09,0.0278349
4,3.2e-09,0.0358334
5,4e-09,0.0438437
