,Current,Voltage
0,0.0,0.000441074
1,0.0002,0.0150657
2,0.0004,2.59596
3,0.0006,5.39021
4,0.0008,8.35152
5,0.001,10.0019
