,Current,Voltage
0,0.0,0.00013113
1,0.0002,0.00251293
2,0.0004,0.0048852
3,0.0006,0.00720263
4,0.0008,0.00953197
5,0.001,0.0118804
