,Current,Voltage
0,0.0,0.00014782
1,0.0002,0.00338078
2,0.0004,0.00654221
3,0.0006,0.00965834
4,0.0008,0.0128007
5,0.001,0.015955
