,Current,Voltage
0,0.0,0.000116825
1,0.0002,0.000786781
2,0.0004,0.00134468
3,0.0006,0.00190258
4,0.0008,0.00809908
5,0.001,0.748942
