,Current,Voltage
0,0.0,0.000145435
1,0.0002,0.00239134
2,0.0004,0.00457764
3,0.0006,0.0067544
4,0.0008,0.00899553
5,0.001,0.0111628
