,Current,Voltage
0,0.0,0.000114441
1,0.0002,0.000782013
2,0.0004,0.0013876
3,0.0006,0.00198603
4,0.0008,0.00259399
5,0.001,0.00326633
