,Current,Voltage
0,0.0,0.000135899
1,0.0002,0.00263453
2,0.0004,0.00516891
3,0.0006,0.00761032
4,0.0008,0.0101042
5,0.001,0.0125527
