,Current,Voltage
0,0.0,0.000150204
1,0.0002,0.00150681
2,0.0004,0.00287771
3,0.0006,0.00421762
4,0.0008,0.00556946
5,0.001,0.00687599
