,Current,Voltage
0,0.0,0.000219345
1,0.0002,0.00627041
2,0.0004,0.0122547
3,0.0006,0.0182295
4,0.0008,0.0242734
5,0.001,0.0301886
