,Current,Voltage
0,0.0,0.000107288
1,0.0002,0.00166655
2,0.0004,0.0031352
3,0.0006,0.0046134
4,0.0008,0.00611544
5,0.001,0.00756741
