,Current,Voltage
0,0.0,0.000133514
1,0.0002,0.00165462
2,0.0004,0.00310421
3,0.0006,0.00460625
4,0.0008,0.00606298
5,0.001,0.00752926
