,Current,Voltage
0,0.0,0.000488758
1,0.0002,0.019455
2,0.0004,0.0381184
3,0.0006,0.0624108
4,0.0008,0.0737381
5,0.001,0.090065
