,Current,Voltage
0,0.0,0.00013113
1,0.0002,0.00320196
2,0.0004,0.00621796
3,0.0006,0.00919819
4,0.0008,0.0121975
5,0.001,0.0152278
