,Current,Voltage
0,0.0,0.000271797
1,0.0002,0.00757217
2,0.0004,0.0148988
3,0.0006,0.0221586
4,0.0008,0.0294828
5,0.001,0.0367236
