,Current,Voltage
0,0.0,0.000188351
1,0.0002,0.00264168
2,0.0004,0.00513792
3,0.0006,0.00756502
4,0.0008,0.00999451
5,0.001,0.0124431
