,Current,Voltage
0,0.0,0.00014782
1,0.0002,0.00392199
2,0.0004,0.00767231
3,0.0006,0.0113225
4,0.0008,0.0150704
5,0.001,0.0187802
