,Current,Voltage
0,0.0,0.000152588
1,0.0002,0.0024724
2,0.0004,0.00477076
3,0.0006,0.00706434
4,0.0008,0.00936985
5,0.001,0.0116396
