,Current,Voltage
0,0.0,0.000166893
1,0.0002,0.00558853
2,0.0004,0.0110054
3,0.0006,3.46895
4,0.0008,5.74476
5,0.001,7.26521
