,Current,Voltage
0,0.0,0.000174046
1,0.0002,0.0023365
2,0.0004,0.00443935
3,0.0006,0.00651836
4,0.0008,0.00864983
5,0.001,0.0107908
