,Current,Voltage
0,0.0,0.000169277
1,0.0002,0.00333071
2,0.0004,0.00652313
3,0.0006,0.00965595
4,0.0008,0.0128412
5,0.001,0.0159788
