,Current,Voltage
0,0.0,0.000190735
1,0.0002,0.00360012
2,0.0004,0.00700712
3,0.0006,0.0103831
4,0.0008,0.0137854
5,0.001,0.0171375
