,Current,Voltage
0,0.0,8.58307e-05
1,0.0002,0.000739098
2,0.0004,0.00129461
3,0.0006,0.00183344
4,0.0008,0.00239849
5,0.001,0.00296354
