,Current,Voltage
0,0.0,0.000152588
1,0.0002,0.00226974
2,0.0004,0.00436306
3,0.0006,0.00639677
4,0.0008,0.00847578
5,0.001,0.0105405
