,Current,Voltage
0,0.0,0.000140667
1,0.0002,0.00227928
2,0.0004,0.00433445
3,0.0006,0.00639439
4,0.0008,0.0084734
5,0.001,0.0105572
