,Current,Voltage
0,0.0,0.000185966
1,0.0002,0.00379562
2,0.0004,0.00736237
3,0.0006,0.0109148
4,0.0008,0.0145197
5,0.001,0.0180578
