,Current,Voltage
0,0.0,0.00013113
1,0.0002,0.00239611
2,0.0004,0.00456572
3,0.0006,0.00674248
4,0.0008,0.0089407
5,0.001,0.0111127
