,Current,Voltage
0,0.0,0.000116825
1,0.0002,0.00252485
2,0.0004,0.00487089
3,0.0006,0.00719309
4,0.0008,0.00950575
5,0.001,0.0118208
