,Current,Voltage
0,0.0,0.000231266
1,0.0002,0.00432253
2,0.0004,0.00843048
3,0.0006,0.0124168
4,0.0008,0.0164938
5,0.001,0.020566
