,Current,Voltage
0,0.0,0.000174046
1,0.0002,0.00368834
2,0.0004,0.00717163
3,0.0006,0.0106192
4,0.0008,0.0141358
5,0.001,0.0175667
