,Current,Voltage
0,0.0,0.000171661
1,0.0002,0.00462532
2,0.0004,0.00900507
3,0.0006,0.0134063
4,0.0008,0.0177789
5,0.001,0.0221896
