,Current,Voltage
0,0.0,0.000185966
1,0.0002,0.00422001
2,0.0004,0.00825882
3,0.0006,0.0122571
4,0.0008,0.0162911
5,0.001,0.0203156
