,Current,Voltage
0,0.0,0.000119209
1,0.0002,0.00261545
2,0.0004,0.00506639
3,0.0006,0.0074625
4,0.0008,0.00989199
5,0.001,0.0122857
