,Current,Voltage
0,0.0,0.000140667
1,0.0002,0.00228882
2,0.0004,0.00442743
3,0.0006,0.00653982
4,0.0008,0.00869989
5,0.001,0.0107861
