,Current,Voltage
0,0.0,0.000152588
1,0.0002,0.00284672
2,0.0004,0.00552177
3,0.0006,0.00794172
4,0.0008,0.0105119
5,0.001,0.0128531
