,Current,Voltage
0,0.0,0.000140667
1,0.0002,0.00254154
2,0.0004,0.00498772
3,0.0006,0.00740528
4,0.0008,0.00983953
5,0.001,0.012207
