,Current,Voltage
0,0.0,0.00014782
1,0.0002,0.00249863
2,0.0004,0.00472784
3,0.0006,0.00699043
4,0.0008,0.00930309
5,0.001,0.0115585
