,Current,Voltage
0,0.0,0.0028801
1,0.0002,0.113311
2,0.0004,2.09614
3,0.0006,4.5955
4,0.0008,7.40331
5,0.001,9.96516
