,Current,Voltage
0,0.0,0.000138283
1,0.0002,0.00269413
2,0.0004,0.0052309
3,0.0006,0.00772476
4,0.0008,0.0102258
5,0.001,0.012691
