,Current,Voltage
0,0.0,0.000138283
1,0.0002,0.00252962
2,0.0004,0.00487804
3,0.0006,0.00718594
4,0.0008,0.00955105
5,0.001,0.0118494
