,Current,Voltage
0,0.0,0.000138283
1,0.0002,0.00289202
2,0.0004,3.09674
3,0.0006,7.79261
4,0.0008,10.0019
5,0.001,10.0019
