,Current,Voltage
0,0.0,0.00865316
1,8e-10,0.0273347
2,1.6e-09,0.0459647
3,2.4e-09,0.064575
4,3.2e-09,0.0832138
5,4e-09,0.101815
