,Current,Voltage
0,0.0,0.00470495
1,8e-10,0.0175724
2,1.6e-09,0.0304487
3,2.4e-09,0.0433137
4,3.2e-09,0.056175
5,4e-09,0.0690558
