,Current,Voltage
0,0.0,9.53674e-05
1,0.0002,0.000743866
2,0.0004,0.00138283
3,0.0006,0.00196457
4,0.0008,0.00257015
5,0.001,0.00318766
