,Current,Voltage
0,0.0,0.000150204
1,0.0002,0.000817776
2,0.0004,0.00154734
3,0.0006,0.00217438
4,0.0008,0.00288963
5,0.001,0.00352383
