,Current,Voltage
0,0.0,0.00010252
1,0.0002,0.000941753
2,0.0004,0.00172853
3,0.0006,0.00252485
4,0.0008,0.0033021
5,0.001,0.00405312
