,Current,Voltage
0,0.0,8.82149e-05
1,0.0002,0.000743866
2,0.0004,0.0013876
3,0.0006,0.00192881
4,0.0008,0.00253439
5,0.001,0.00317097
