,Current,Voltage
0,0.0,0.000109673
1,0.0002,0.000710487
2,0.0004,0.00127316
3,0.0006,0.00183105
4,0.0008,0.00236034
5,0.001,0.00294924
