,Current,Voltage
0,0.0,0.000109673
1,0.0002,0.000805855
2,0.0004,0.0014019
3,0.0006,0.00202894
4,0.0008,0.00265837
5,0.001,0.00329971
