,Current,Voltage
0,0.0,0.00010252
1,0.0002,0.00071764
2,0.0004,0.001266
3,0.0006,0.00180483
4,0.0008,0.00238895
5,0.001,0.0028801
