,Current,Voltage
0,0.0,0.000123978
1,0.0002,0.000782013
2,0.0004,0.00139713
3,0.0006,0.00198126
4,0.0008,0.00262976
5,0.001,0.00319719
