,Current,Voltage
0,0.0,0.000133514
1,0.0002,0.00142336
2,0.0004,0.00267267
3,0.0006,0.00387907
4,0.0008,0.00511408
5,0.001,0.00632524
