,Current,Voltage
0,0.0,7.62939e-05
1,0.0002,0.000863075
2,0.0004,0.00162125
3,0.0006,0.00231981
4,0.0008,0.00305653
5,0.001,0.00379324
