,Current,Voltage
0,0.0,0.000121593
1,0.0002,0.000982285
2,0.0004,0.00180721
3,0.0006,0.00263691
4,0.0008,0.00342131
5,0.001,0.00424385
