,Current,Voltage
0,0.0,9.29832e-05
1,0.0002,0.000751019
2,0.0004,0.0013113
3,0.0006,0.00188112
4,0.0008,0.00243187
5,0.001,0.00302076
