,Current,Voltage
0,0.0,0.00014782
1,0.0002,0.00137806
2,0.0004,0.00257492
3,0.0006,0.00376701
4,0.0008,0.00494957
5,0.001,0.00617504
