,Current,Voltage
0,0.0,8.58307e-05
1,0.0002,0.00082016
2,0.0004,0.00148773
3,0.0006,0.00212193
4,0.0008,0.00277996
5,0.001,0.00344753
