,Current,Voltage
0,0.0,9.05991e-05
1,0.0002,0.000984669
2,0.0004,0.00183582
3,0.0006,0.00270367
4,0.0008,0.00352144
5,0.001,0.00434637
