,Current,Voltage
0,0.0,0.00010252
1,0.0002,0.000953674
2,0.0004,0.00172615
3,0.0006,0.00247002
4,0.0008,0.00330687
5,0.001,0.00404835
