,Current,Voltage
0,0.0,0.000171661
1,0.0002,0.00111818
2,0.0004,0.00204086
3,0.0006,0.00299454
4,0.0008,0.00391483
5,0.001,0.0048399
