,Current,Voltage
0,0.0,0.000112057
1,0.0002,0.00092268
2,0.0004,0.00173807
3,0.0006,0.00249147
4,0.0008,0.00323534
5,0.001,0.00399113
