,Current,Voltage
0,0.0,9.29832e-05
1,0.0002,0.000967979
2,0.0004,0.0018239
3,0.0006,0.0025773
4,0.0008,0.00341654
5,0.001,0.004251
