,Current,Voltage
0,0.0,0.000107288
1,0.0002,0.000851154
2,0.0004,0.00156403
3,0.0006,0.00225067
4,0.0008,0.00297785
5,0.001,0.00363827
