,Current,Voltage
0,0.0,0.000104904
1,0.0002,0.000824928
2,0.0004,0.00152111
3,0.0006,0.00216007
4,0.0008,0.00281096
5,0.001,0.00346422
