,Current,Voltage
0,0.0,0.000104904
1,0.0002,0.000784397
2,0.0004,0.00140429
3,0.0006,0.00204086
4,0.0008,0.00270128
5,0.001,0.00332117
