,Current,Voltage
0,0.0,0.000109673
1,0.0002,0.000760555
2,0.0004,0.00131607
3,0.0006,0.00190258
4,0.0008,0.00244379
5,0.001,0.00307083
