,Current,Voltage
0,0.0,0.00010252
1,0.0002,0.000755787
2,0.0004,0.00134945
3,0.0006,0.00194788
4,0.0008,0.00253201
5,0.001,0.00315189
