,Current,Voltage
0,0.0,9.29832e-05
1,0.0002,0.000913143
2,0.0004,0.00169277
3,0.0006,0.00243664
4,0.0008,0.00315905
5,0.001,0.00395775
