,Current,Voltage
0,0.0,7.86781e-05
1,0.0002,0.000782013
2,0.0004,0.00141382
3,0.0006,0.00206232
4,0.0008,0.00265837
5,0.001,0.00329733
