,Current,Voltage
0,0.0,9.29832e-05
1,0.0002,0.000762939
2,0.0004,0.00141621
3,0.0006,0.00203371
4,0.0008,0.00270605
5,0.001,0.00332594
