,Current,Voltage
0,0.0,8.10623e-05
1,0.0002,0.000805855
2,0.0004,0.00154018
3,0.0006,0.00224113
4,0.0008,0.00297308
5,0.001,0.00364542
