,Current,Voltage
0,0.0,0.00013113
1,0.0002,0.00089407
2,0.0004,0.00164509
3,0.0006,0.00235796
4,0.0008,0.00312328
5,0.001,0.00383377
