,Current,Voltage
0,0.0,6.67572e-05
1,0.0002,0.000724792
2,0.0004,0.00131369
3,0.0006,0.00186443
4,0.0008,0.0024581
5,0.001,0.00303507
