,Current,Voltage
0,0.0,0.000104904
1,0.0002,0.000817776
2,0.0004,0.00147104
3,0.0006,0.00213623
4,0.0008,0.00280142
5,0.001,0.00342131
