,Current,Voltage
0,0.0,0.000135899
1,0.0002,0.000863075
2,0.0004,0.00155926
3,0.0006,0.00230551
4,0.0008,0.002985
5,0.001,0.00370741
