,Current,Voltage
0,0.0,0.000100136
1,0.0002,0.000867844
2,0.0004,0.00158072
3,0.0006,0.00229359
4,0.0008,0.00300169
5,0.001,0.00373125
