,Current,Voltage
0,0.0,6.91414e-05
1,0.0002,0.000743866
2,0.0004,0.00138521
3,0.0006,0.00199556
4,0.0008,0.0026083
5,0.001,0.0032568
