,Current,Voltage
0,0.0,8.34465e-05
1,0.0002,0.000784397
2,0.0004,0.00141621
3,0.0006,0.00208616
4,0.0008,0.00266075
5,0.001,0.00330925
