,Current,Voltage
0,0.0,0.000116825
1,0.0002,0.00126362
2,0.0004,0.00236034
3,0.0006,0.00341177
4,0.0008,0.00453472
5,0.001,0.00563383
