,Current,Voltage
0,0.0,0.000128746
1,0.0002,0.000910759
2,0.0004,0.00165939
3,0.0006,0.00242233
4,0.0008,0.00315905
5,0.001,0.00389814
