,Current,Voltage
0,0.0,8.58307e-05
1,0.0002,0.00108242
2,0.0004,0.00201702
3,0.0006,0.00294685
4,0.0008,0.00386238
5,0.001,0.00480413
