,Current,Voltage
0,0.0,0.000126362
1,0.0002,0.000801086
2,0.0004,0.00145435
3,0.0006,0.00208855
4,0.0008,0.00272274
5,0.001,0.00339031
