,Current,Voltage
0,0.0,0.000100136
1,0.0002,0.000751019
2,0.0004,0.00137568
3,0.0006,0.0019598
4,0.0008,0.00257254
5,0.001,0.0031662
