,Current,Voltage
0,0.0,0.000133514
1,0.0002,0.000863075
2,0.0004,0.00161648
3,0.0006,0.00235319
4,0.0008,0.00306606
5,0.001,0.00379801
