,Current,Voltage
0,0.0,0.000140667
1,0.0002,0.000784397
2,0.0004,0.00137329
3,0.0006,0.00192881
4,0.0008,0.00254154
5,0.001,0.00311136
