,Current,Voltage
0,0.0,8.10623e-05
1,0.0002,0.0011611
2,0.0004,0.00216007
3,0.0006,0.00320196
4,0.0008,0.00417471
5,0.001,0.00517607
