,Current,Voltage
0,0.0,9.29832e-05
1,0.0002,0.00109911
2,0.0004,0.00207186
3,0.0006,0.0030303
4,0.0008,0.00400305
5,0.001,0.00494957
