,Current,Voltage
0,0.0,0.000154972
1,0.0002,0.000958443
2,0.0004,0.00174046
3,0.0006,0.00251293
4,0.0008,0.00324726
5,0.001,0.00400782
