,Current,Voltage
0,0.0,9.05991e-05
1,0.0002,0.000944138
2,0.0004,0.00175476
3,0.0006,0.00252008
4,0.0008,0.00331402
5,0.001,0.00410795
