,Current,Voltage
0,0.0,7.86781e-05
1,0.0002,0.000836849
2,0.0004,0.00154257
3,0.0006,0.00222206
4,0.0008,0.00292063
5,0.001,0.00357866
