,Current,Voltage
0,0.0,8.82149e-05
1,0.0002,0.000782013
2,0.0004,0.00138998
3,0.0006,0.0020051
4,0.0008,0.00261307
5,0.001,0.00324488
