,Current,Voltage
0,0.0,9.77516e-05
1,0.0002,0.000720024
2,0.0004,0.00130415
3,0.0006,0.00185966
4,0.0008,0.00249624
5,0.001,0.003016
