,Current,Voltage
0,0.0,0.000145435
1,0.0002,0.00104666
2,0.0004,0.00193834
3,0.0006,0.00279427
4,0.0008,0.0036788
5,0.001,0.00454664
