,Current,Voltage
0,0.0,7.62939e-05
1,0.0002,0.000910759
2,0.0004,0.0016737
3,0.0006,0.00241995
4,0.0008,0.00315905
5,0.001,0.00393152
