,Current,Voltage
0,0.0,0.00532913
1,8e-10,0.0237408
2,1.6e-09,0.0421121
3,2.4e-09,0.0604904
4,3.2e-09,0.0788653
5,4e-09,0.09726
