,Current,Voltage
0,0.0,0.00463533
1,8e-10,0.0135448
2,1.6e-09,0.022469
3,2.4e-09,0.0313716
4,3.2e-09,0.0402815
5,4e-09,0.0491898
