,Current,Voltage
0,0.0,0.00801444
1,8e-10,0.0221062
2,1.6e-09,0.0361536
3,2.4e-09,0.0501959
4,3.2e-09,0.0642014
5,4e-09,0.0781949
