{
  "mapping_offsets": [
    0.0,
    1.0,
    2.0,
    3.0,
    4.0,
    5.0,
    6.0
  ],
  "flir_offsets": [
    0,
    15,
    30
  ],
  "spin_speed": {
    "min": 100.0,
    "max": 3800.0,
    "value": {
      "0": 1000,
      "1": 1000,
      "2": 1000,
      "3": 1000,
      "4": 1000,
      "5": 1000,
      "6": 1000,
      "7": 1000,
      "8": 1000,
      "9": 1000,
      "10": 1000,
      "11": 1000,
      "12": 1000,
      "13": 1000,
      "14": 1000,
      "15": 1000,
      "16": 1000,
      "17": 1000,
      "18": 1000,
      "19": 1000
    },
    "units": "RPM",
    "optimize_with_chem_os": false
  },
  "spin_time": {
    "min": 10.0,
    "max": 120.0,
    "value": {
      "0": 60,
      "1": 60,
      "2": 60,
      "3": 60,
      "4": 60,
      "5": 60,
      "6": 60,
      "7": 60,
      "8": 60,
      "9": 60,
      "10": 60,
      "11": 60,
      "12": 60,
      "13": 60,
      "14": 60,
      "15": 60,
      "16": 60,
      "17": 60,
      "18": 60,
      "19": 60
    },
    "units": "s",
    "optimize_with_chem_os": false
  },
  "dispense_volume": {
    "min": 0.001,
    "max": 1.0,
    "value": 0.1,
    "units": "mL",
    "optimize_with_chem_os": false
  },
  "campaign_dispensed_amounts": {
    "spiro": {
      "chemical_name": "Spiro",
      "varied": false,
      "value": 0.11470000000000002,
      "units": "mg",
      "metadata": {
        "molar_weight_ mg": 1225.43,
        "concentration_mg_ml": 50,
        "requested_param": null,
        "requested_vol": 0.14355116409011062
      }
    },
    "cobalt": {
      "chemical_name": "FK102",
      "varied": true,
      "value": 0.04929999999999968,
      "units": "mg",
      "metadata": {
        "molar_weight_ mg": 1334.86,
        "concentration_mg_ml": 50,
        "requested_param": null,
        "requested_vol": 0.0647821692432227
      }
    },
    "tbp": {
      "chemical_name": "tBP",
      "varied": false,
      "value": 0.030600000000000183,
      "units": "mg",
      "metadata": {
        "molar_weight_ mg": 135.21,
        "concentration_mg_ml": 50,
        "requested_param": null,
        "requested_vol": 0.04166666666666666
      }
    },
    "annealing": {
      "varied": true,
      "value": 69.94714021682739,
      "units": "s",
      "metadata": {}
    }
  },
  "properties": {
    "measurement_0": 3.4692893882376427e-07,
    "measurement_1": 7.543227140768053e-08,
    "measurement_2": 0.0,
    "measurement_3": 0.0,
    "measurement_4": 0.0,
    "measurement_5": 0.0,
    "measurement_6": 0.0,
    "measurement_mean": 6.033731574734925e-08
  },
  "active_parameters_pickle_file": {
    "filename": "not yet defined"
  },
  "processes": {
    "x0": 0.521960719262162,
    "x1": 0.36941853165626526
  },
  "chemOS": {
    "requested_params": {
      "x0": 0.4142872393131256,
      "x1": 0.29144641757011414
    },
    "output_for_previous": {
      "campaign_name": "pseudomobility",
      "session_id": "9d97a479-d129-410e-a3ee-9c638411253c",
      "experiment_id": "eb072762-7e37-4e91-9e4f-b11fa9c0ec39",
      "execution_id": "7f26972f",
      "robot_id": "7fed69c8",
      "processes": {
        "x0": 0.521960719262162,
        "x1": 0.36941853165626526
      },
      "properties": {
        "measurement_0": 3.4692893882376427e-07,
        "measurement_1": 7.543227140768053e-08,
        "measurement_2": 0.0,
        "measurement_3": 0.0,
        "measurement_4": 0.0,
        "measurement_5": 0.0,
        "measurement_6": 0.0,
        "measurement_mean": 6.033731574734925e-08
      }
    }
  },
  "operator_name": "Ray",
  "operator_comment": "chemos optimization Co anneal mean Ps"
}