,Current,Voltage
0,0.0,0.000145435
1,0.0002,0.00216961
2,0.0004,0.0041604
3,0.0006,0.00611544
4,0.0008,0.00811815
5,0.001,0.0100827
