,Current,Voltage
0,0.0,0.000145435
1,0.0002,0.0019598
2,0.0004,0.00369072
3,0.0006,0.00540972
4,0.0008,0.00712872
5,0.001,0.00885725
