,Current,Voltage
0,0.0,0.000152588
1,0.0002,0.0041461
2,0.0004,0.00805855
3,0.0006,0.0119185
4,0.0008,0.0158548
5,0.001,0.0197864
