,Current,Voltage
0,0.0,0.000133514
1,0.0002,0.00228405
2,0.0004,0.00442505
3,0.0006,0.00648737
4,0.0008,0.00863791
5,0.001,0.0106883
