,Current,Voltage
0,0.0,0.000128746
1,0.0002,0.00245333
2,0.0004,0.00467539
3,0.0006,0.00684261
4,0.0008,0.00910997
5,0.001,0.0113106
