,Current,Voltage
0,0.0,0.000112057
1,0.0002,0.00215292
2,0.0004,0.00418186
3,0.0006,0.00612259
4,0.0008,0.008111
5,0.001,0.0101089
