,Current,Voltage
0,0.0,9.53674e-05
1,0.0002,0.00216484
2,0.0004,0.00420332
3,0.0006,0.00622272
4,0.0008,0.0082469
5,0.001,0.0102305
