,Current,Voltage
0,0.0,0.000138283
1,0.0002,0.00184298
2,0.0004,0.00350237
3,0.0006,0.00516891
4,0.0008,0.00684023
5,0.001,0.00849962
