,Current,Voltage
0,0.0,0.00010252
1,0.0002,0.00199556
2,0.0004,0.00381947
3,0.0006,0.00558853
4,0.0008,0.00741959
5,0.001,0.0092268
