,Current,Voltage
0,0.0,0.000123978
1,0.0002,0.00215292
2,0.0004,0.00411749
3,0.0006,0.00607252
4,0.0008,0.00807047
5,0.001,0.00996828
