,Current,Voltage
0,0.0,0.000133514
1,0.0002,0.00187397
2,0.0004,0.00356913
3,0.0006,0.00524521
4,0.0008,0.00691414
5,0.001,0.00859022
