,Current,Voltage
0,0.0,0.000119209
1,0.0002,0.00197887
2,0.0004,0.00379086
3,0.0006,0.00562668
4,0.0008,0.00744581
5,0.001,0.00924349
