,Current,Voltage
0,0.0,0.00013113
1,0.0002,0.0023675
2,0.0004,0.00452757
3,0.0006,0.00668764
4,0.0008,0.00888109
5,0.001,0.0110269
