,Current,Voltage
0,0.0,0.000290871
1,0.0002,0.00750065
2,0.0004,0.0146675
3,0.0006,0.0218248
4,0.0008,0.0290179
5,0.001,0.036118
