,Current,Voltage
0,0.0,0.000109673
1,0.0002,0.0013876
2,0.0004,0.00255108
3,0.0006,0.00370979
4,0.0008,0.0048995
5,0.001,0.00608683
