,Current,Voltage
0,0.0,0.000152588
1,0.0002,0.00234604
2,0.0004,0.00449181
3,0.0006,0.00663757
4,0.0008,0.00882864
5,0.001,0.0109649
