,Current,Voltage
0,0.0,0.000126362
1,0.0002,0.00213623
2,0.0004,0.00404596
3,0.0006,0.00597
4,0.0008,0.00787973
5,0.001,0.0097847
