,Current,Voltage
0,0.0,0.000166893
1,0.0002,0.00210047
2,0.0004,0.0039649
3,0.0006,0.0058341
4,0.0008,0.00773668
5,0.001,0.00962257
