,Current,Voltage
0,0.0,9.29832e-05
1,0.0002,0.00202417
2,0.0004,0.0039053
3,0.0006,0.00580788
4,0.0008,0.007689
5,0.001,0.00956059
