,Current,Voltage
0,0.0,0.000138283
1,0.0002,0.00190735
2,0.0004,0.00362635
3,0.0006,0.00533342
4,0.0008,0.00702858
5,0.001,0.00877619
