,Current,Voltage
0,0.0,0.000119209
1,0.0002,0.00196934
2,0.0004,0.00375271
3,0.0006,0.00553131
4,0.0008,0.00731707
5,0.001,0.00914097
