,Current,Voltage
0,0.0,0.000128746
1,0.0002,0.00183105
2,0.0004,0.00343084
3,0.0006,0.00505686
4,0.0008,0.00670671
5,0.001,0.00831842
