,Current,Voltage
0,0.0,0.000107288
1,0.0002,0.00216722
2,0.0004,0.0041008
3,0.0006,0.00604391
4,0.0008,0.00803232
5,0.001,0.00994682
