,Current,Voltage
0,0.0,0.000104904
1,0.0002,0.00209332
2,0.0004,0.00404835
3,0.0006,0.00597239
4,0.0008,0.00794649
5,0.001,0.00983477
