,Current,Voltage
0,0.0,0.000164509
1,0.0002,0.00211477
2,0.0004,0.00401258
3,0.0006,0.00595331
4,0.0008,0.00787973
5,0.001,0.00977039
