,Current,Voltage
0,0.0,0.000116825
1,0.0002,0.00214577
2,0.0004,0.00413895
3,0.0006,0.00607729
4,0.0008,0.00805378
5,0.001,0.00999212
