,Current,Voltage
0,0.0,0.00015974
1,0.0002,0.00206232
2,0.0004,0.00396729
3,0.0006,0.00579119
4,0.0008,0.00768185
5,0.001,0.00957251
