,Current,Voltage
0,0.0,0.000121593
1,0.0002,0.00188828
2,0.0004,0.00366211
3,0.0006,0.00537872
4,0.0008,0.00711918
5,0.001,0.00885963
