{
  "mapping_offsets": [
    0.0,
    1.0,
    2.0,
    3.0,
    4.0,
    5.0,
    6.0
  ],
  "flir_offsets": [
    0,
    15,
    30
  ],
  "spin_speed": {
    "min": 100.0,
    "max": 3800.0,
    "value": {
      "0": 1000,
      "1": 1000,
      "2": 1000,
      "3": 1000,
      "4": 1000,
      "5": 1000,
      "6": 1000,
      "7": 1000,
      "8": 1000,
      "9": 1000,
      "10": 1000,
      "11": 1000,
      "12": 1000,
      "13": 1000,
      "14": 1000,
      "15": 1000,
      "16": 1000,
      "17": 1000,
      "18": 1000,
      "19": 1000,
      "20": 1000,
      "21": 1000,
      "22": 1000,
      "23": 1000
    },
    "units": "RPM",
    "optimize_with_chem_os": false
  },
  "spin_time": {
    "min": 10.0,
    "max": 120.0,
    "value": {
      "0": 60,
      "1": 60,
      "2": 60,
      "3": 60,
      "4": 60,
      "5": 60,
      "6": 60,
      "7": 60,
      "8": 60,
      "9": 60,
      "10": 60,
      "11": 60,
      "12": 60,
      "13": 60,
      "14": 60,
      "15": 60,
      "16": 60,
      "17": 60,
      "18": 60,
      "19": 60,
      "20": 60,
      "21": 60,
      "22": 60,
      "23": 60
    },
    "units": "s",
    "optimize_with_chem_os": false
  },
  "dispense_volume": {
    "min": 0.001,
    "max": 1.0,
    "value": 0.1,
    "units": "mL",
    "optimize_with_chem_os": false
  },
  "campaign_dispensed_amounts": {
    "spiro": {
      "chemical_name": "Spiro",
      "varied": false,
      "value": 0.11519999999999975,
      "units": "mg",
      "metadata": {
        "molar_weight_ mg": 1225.43,
        "concentration_mg_ml": 50,
        "requested_param": null,
        "requested_vol": 0.14511948528160945
      }
    },
    "cobalt": {
      "chemical_name": "FK102",
      "varied": true,
      "value": 0.04719999999999969,
      "units": "mg",
      "metadata": {
        "molar_weight_ mg": 1334.86,
        "concentration_mg_ml": 50,
        "requested_param": null,
        "requested_vol": 0.06321384805172388
      }
    },
    "tbp": {
      "chemical_name": "tBP",
      "varied": false,
      "value": 0.02959999999999985,
      "units": "mg",
      "metadata": {
        "molar_weight_ mg": 135.21,
        "concentration_mg_ml": 50,
        "requested_param": null,
        "requested_vol": 0.04166666666666667
      }
    },
    "annealing": {
      "varied": true,
      "value": 72.3773717880249,
      "units": "s",
      "metadata": {}
    }
  },
  "properties": {
    "measurement_0": 2.4502919269513437e-07,
    "measurement_1": 8.53161980018671e-08,
    "measurement_2": 2.433555402077089e-07,
    "measurement_3": 2.443368941536461e-07,
    "measurement_4": 2.4088142605209465e-07,
    "measurement_5": 2.3259494172092917e-07,
    "measurement_6": 2.3405449855302667e-07,
    "measurement_mean": 2.1793838448348666e-07
  },
  "active_parameters_pickle_file": {
    "filename": "not yet defined"
  },
  "processes": {
    "x0": 0.9746038144814716,
    "x1": 0.3678424656391144
  },
  "chemOS": {
    "requested_params": {
      "x0": 0.3998888432979584,
      "x1": 0.30157238245010376
    },
    "output_for_previous": {
      "campaign_name": "pseudomobility",
      "session_id": "9d97a479-d129-410e-a3ee-9c638411253c",
      "experiment_id": "1bd92344-0afc-4db9-99d2-0aba8d53c5f9",
      "execution_id": "d836e624",
      "robot_id": "7fed69c8",
      "processes": {
        "x0": 0.9746038144814716,
        "x1": 0.3678424656391144
      },
      "properties": {
        "measurement_0": 2.4502919269513437e-07,
        "measurement_1": 8.53161980018671e-08,
        "measurement_2": 2.433555402077089e-07,
        "measurement_3": 2.443368941536461e-07,
        "measurement_4": 2.4088142605209465e-07,
        "measurement_5": 2.3259494172092917e-07,
        "measurement_6": 2.3405449855302667e-07,
        "measurement_mean": 2.1793838448348666e-07
      }
    }
  },
  "operator_name": "Ray",
  "operator_comment": "chemos optimization Co anneal mean Ps"
}