,Current,Voltage
0,0.0,0.00457954
1,8e-10,0.0157201
2,1.6e-09,0.0268369
3,2.4e-09,0.0379715
4,3.2e-09,0.0490992
5,4e-09,0.0602205
