,Current,Voltage
0,0.0,0.0120397
1,8e-10,0.0324636
2,1.6e-09,0.0528512
3,2.4e-09,0.0731816
4,3.2e-09,0.0934787
5,4e-09,0.113755
