,Current,Voltage
0,0.0,0.00502992
1,8e-10,0.0141973
2,1.6e-09,0.0233879
3,2.4e-09,0.032568
4,3.2e-09,0.0417454
5,4e-09,0.0509062
