,Current,Voltage
0,0.0,0.00503993
1,8e-10,0.0140524
2,1.6e-09,0.0230634
3,2.4e-09,0.0320568
4,3.2e-09,0.0410426
5,4e-09,0.0500431
