,Current,Voltage
0,0.0,0.00396562
1,8e-10,0.010438
2,1.6e-09,0.0168798
3,2.4e-09,0.0233207
4,3.2e-09,0.0297804
5,4e-09,0.0362337
