,Current,Voltage
0,0.0,0.00620794
1,8e-10,0.0154519
2,1.6e-09,0.0245671
3,2.4e-09,0.033653
4,3.2e-09,0.0426238
5,4e-09,0.0516911
