,Current,Voltage
0,0.0,0.00559759
1,8e-10,0.0400364
2,1.6e-09,0.0740042
3,2.4e-09,0.107855
4,3.2e-09,0.141592
5,4e-09,0.175296
