,Current,Voltage
0,0.0,0.0327985
1,8e-10,0.360343
2,1.6e-09,0.563283
3,2.4e-09,0.755843
4,3.2e-09,0.947498
5,4e-09,1.13974
