,Current,Voltage
0,0.0,0.00873446
1,8e-10,0.0254683
2,1.6e-09,0.0421941
3,2.4e-09,0.0588989
4,3.2e-09,0.0755661
5,4e-09,0.0922289
