,Current,Voltage
0,0.0,0.00394177
1,8e-10,0.010294
2,1.6e-09,0.0166094
3,2.4e-09,0.0229743
4,3.2e-09,0.0293045
5,4e-09,0.0356219
