,Current,Voltage
0,0.0,0.00015974
1,0.0002,0.00226736
2,0.0004,0.00428438
3,0.0006,0.00631332
4,0.0008,0.00839472
5,0.001,0.0103951
