,Current,Voltage
0,0.0,0.000197887
1,0.0002,0.00436544
2,0.0004,0.00849724
3,0.0006,0.0126433
4,0.0008,0.0167775
5,0.001,0.0209022
