,Current,Voltage
0,0.0,0.000193119
1,0.0002,0.00393391
2,0.0004,0.00764132
3,0.0006,0.0113177
4,0.0008,0.0150061
5,0.001,0.0186992
