,Current,Voltage
0,0.0,0.00023365
1,0.0002,0.00664234
2,0.0004,0.0129867
3,0.0006,0.0192881
4,0.0008,0.0256133
5,0.001,0.0318909
