,Current,Voltage
0,0.0,0.000209808
1,0.0002,0.0049305
2,0.0004,0.00964165
3,0.0006,0.0142717
4,0.0008,0.0189734
5,0.001,0.023582
