,Current,Voltage
0,0.0,0.000166893
1,0.0002,0.00172853
2,0.0004,0.00331879
3,0.0006,0.00490665
4,0.0008,0.00645638
5,0.001,0.00800848
