,Current,Voltage
0,0.0,0.000171661
1,0.0002,0.00416994
2,0.0004,0.00815868
3,0.0006,0.0120831
4,0.0008,0.0160193
5,0.001,0.0199723
