,Current,Voltage
0,0.0,0.00138283
1,0.0002,0.0508022
2,0.0004,0.100513
3,0.0006,0.149839
4,0.0008,0.199037
5,0.001,0.247884
