,Current,Voltage
0,0.0,0.000133514
1,0.0002,0.00194788
2,0.0004,0.00363588
3,0.0006,0.00532866
4,0.0008,0.00704765
5,0.001,0.00875711
