,Current,Voltage
0,0.0,0.000185966
1,0.0002,0.00495434
2,0.0004,0.00968933
3,0.0006,0.0143909
4,0.0008,0.0190902
5,0.001,0.0238013
