,Current,Voltage
0,0.0,0.000140667
1,0.0002,0.00292063
2,0.0004,0.00570774
3,0.0006,0.00846386
4,0.0008,0.0112009
5,0.001,0.0139594
