,Current,Voltage
0,0.0,0.000178814
1,0.0002,0.00312328
2,0.0004,0.00602484
3,0.0006,0.00888824
4,0.0008,0.011797
5,0.001,0.0146627
