,Current,Voltage
0,0.0,0.000157356
1,0.0002,0.00345469
2,0.0004,0.00674725
3,0.0006,0.0100279
4,0.0008,0.0133324
5,0.001,0.0165701
