,Current,Voltage
0,0.0,0.000157356
1,0.0002,0.00280619
2,0.0004,0.00537157
3,0.0006,0.0079155
4,0.0008,0.0104403
5,0.001,0.0127316
