,Current,Voltage
0,0.0,0.000236034
1,0.0002,0.00458717
2,0.0004,0.00893354
3,0.0006,0.0132108
4,0.0008,0.0175333
5,0.001,0.0218153
