,Current,Voltage
0,0.0,0.000448227
1,0.0002,0.0129867
2,0.0004,0.025506
3,0.0006,0.0379705
4,0.0008,0.050509
5,0.001,0.062964
