,Current,Voltage
0,0.0,0.000219345
1,0.0002,0.00599146
2,0.0004,0.0117564
3,0.0006,0.0174952
4,0.0008,0.0232553
5,0.001,0.028975
