,Current,Voltage
0,0.0,0.000174046
1,0.0002,0.00202656
2,0.0004,0.00386238
3,0.0006,0.00566721
4,0.0008,0.00749111
5,0.001,0.00931501
