,Current,Voltage
0,0.0,0.000171661
1,0.0002,0.00254393
2,0.0004,0.00492096
3,0.0006,0.00728846
4,0.0008,0.00967503
5,0.001,0.012033
