,Current,Voltage
0,0.0,0.000193119
1,0.0002,0.00319004
2,0.0004,0.00615835
3,0.0006,0.00911713
4,0.0008,0.0121069
5,0.001,0.015049
