,Current,Voltage
0,0.0,0.000181198
1,0.0002,0.00179291
2,0.0004,0.00328541
3,0.0006,0.0048399
4,0.0008,0.00638485
5,0.001,0.00792742
