,Current,Voltage
0,0.0,0.000154972
1,0.0002,0.00257015
2,0.0004,0.0049901
3,0.0006,0.00743389
4,0.0008,0.00982046
5,0.001,0.0122046
