,Current,Voltage
0,0.0,0.000398159
1,0.0002,0.0111127
2,0.0004,0.0218129
3,0.0006,0.0323963
4,0.0008,0.043149
5,0.001,0.0537348
