,Current,Voltage
0,0.0,0.000245571
1,0.0002,0.00571251
2,0.0004,0.0111961
3,0.0006,0.016644
4,0.0008,0.0221038
5,0.001,0.027535
