,Current,Voltage
0,0.0,0.000140667
1,0.0002,0.00181675
2,0.0004,0.00347614
3,0.0006,0.00510216
4,0.0008,0.0067234
5,0.001,0.00837803
