,Current,Voltage
0,0.0,0.000271797
1,0.0002,0.00823021
2,0.0004,0.0161147
3,0.0006,0.0240302
4,0.0008,0.0318837
5,0.001,0.0397158
