,Current,Voltage
0,0.0,0.000243187
1,0.0002,0.00463724
2,0.0004,0.00901699
3,0.0006,0.0133443
4,0.0008,0.0177073
5,0.001,0.0220275
