,Current,Voltage
0,0.0,0.00627041
1,0.0002,0.186026
2,0.0004,0.367067
3,0.0006,0.546446
4,0.0008,0.727003
5,0.001,0.9059
