,Current,Voltage
0,0.0,0.000193119
1,0.0002,0.00277519
2,0.0004,0.00531197
3,0.0006,0.00782013
4,0.0008,0.0103831
5,0.001,0.0128841
