,Current,Voltage
0,0.0,0.000469685
1,0.0002,0.00262976
2,0.0004,10.0022
3,0.0006,10.0022
4,0.0008,10.002
5,0.001,10.002
