,Current,Voltage
0,0.0,0.00015974
1,0.0002,0.00388622
2,0.0004,0.00751972
3,0.0006,0.0111008
4,0.0008,0.014782
5,0.001,0.0183654
