,Current,Voltage
0,0.0,0.00015974
1,0.0002,0.0023365
2,0.0004,0.00447989
3,0.0006,0.0065589
4,0.0008,0.00861883
5,0.001,0.0106812
