,Current,Voltage
0,0.0,0.000178814
1,0.0002,0.0036788
2,0.0004,0.00718117
3,0.0006,0.0106001
4,0.0008,0.0141001
5,0.001,0.0175858
