,Current,Voltage
0,0.0,0.000135899
1,0.0002,0.00279665
2,0.0004,0.00545502
3,0.0006,0.00809431
4,0.0008,0.0107312
5,0.001,0.0133395
