,Current,Voltage
0,0.0,0.00015974
1,0.0002,0.00336647
2,0.0004,0.00654459
3,0.0006,0.00968933
4,0.0008,0.0128937
5,0.001,0.0160527
