,Current,Voltage
0,0.0,0.000209808
1,0.0002,0.00230789
2,0.0004,0.00436306
3,0.0006,0.00637054
4,0.0008,0.00843763
5,0.001,0.0105071
