,Current,Voltage
0,0.0,0.000169277
1,0.0002,0.00210285
2,0.0004,0.00401258
3,0.0006,0.00590563
4,0.0008,0.00785112
5,0.001,0.00971079
