,Current,Voltage
0,0.0,0.000276566
1,0.0002,0.00760317
2,0.0004,0.014925
3,0.0006,0.0221801
4,0.0008,0.0295234
5,0.001,0.036757
