,Current,Voltage
0,0.0,0.00638008
1,0.0002,0.0901055
2,0.0004,0.174394
3,0.0006,0.257854
4,0.0008,0.341938
5,0.001,0.425255
