,Current,Voltage
0,0.0,0.00020504
1,0.0002,0.00559568
2,0.0004,0.0109363
3,0.0006,0.0162768
4,0.0008,0.0215983
5,0.001,0.0269198
