,Current,Voltage
0,0.0,0.000128746
1,0.0002,0.00165701
2,0.0004,0.0031209
3,0.0006,0.00456333
4,0.0008,0.00603437
5,0.001,0.00751019
