,Current,Voltage
0,0.0,0.000288486
1,0.0002,0.00710487
2,0.0004,0.0138545
3,0.0006,0.0206447
4,0.0008,0.0274086
5,0.001,0.0341201
