,Current,Voltage
0,0.0,0.000236034
1,0.0002,0.00607729
2,0.0004,0.01194
3,0.0006,0.0177526
4,0.0008,0.0235939
5,0.001,0.029397
