,Current,Voltage
0,0.0,0.000116825
1,0.0002,0.00179529
2,0.0004,0.00344038
3,0.0006,0.00508308
4,0.0008,0.00671148
5,0.001,0.00835419
