,Current,Voltage
0,0.0,0.000123978
1,0.0002,0.00155687
2,0.0004,0.00294209
3,0.0006,0.00432491
4,0.0008,0.00570536
5,0.001,0.00708342
