,Current,Voltage
0,0.0,0.000226498
1,0.0002,0.00485897
2,0.0004,0.00947237
3,0.0006,0.0140357
4,0.0008,0.0186515
5,0.001,0.0232267
