,Current,Voltage
0,0.0,0.000181198
1,0.0002,6.45727
2,0.0004,2.33804
3,0.0006,6.64266
4,0.0008,10.0019
5,0.001,10.0018
