,Current,Voltage
0,0.0,-1.83938
1,0.0002,-1.45034
2,0.0004,-1.06151
3,0.0006,-0.683625
4,0.0008,-0.29835
5,0.001,0.0843334
