,Current,Voltage
0,0.0,9.53674e-05
1,0.0002,-3.33786e-05
2,0.0004,-0.00025034
3,0.0006,-0.000436306
4,0.0008,-0.000669956
5,0.001,-0.000844002
