,Current,Voltage
0,0.0,0.000534058
1,0.0002,0.0192976
2,0.0004,0.0381923
3,0.0006,0.0569487
4,0.0008,0.0758529
5,0.001,0.0945425
