,Current,Voltage
0,0.0,9.29832e-05
1,0.0002,-0.0015521
2,0.0004,-0.00317574
3,0.0006,-0.00474215
4,0.0008,-0.00635147
5,0.001,-0.00781536
