,Current,Voltage
0,0.0,0.00728607
1,0.0002,0.0587606
2,0.0004,0.107977
3,0.0006,0.15336
4,0.0008,0.193655
5,0.001,0.22661
