,Current,Voltage
0,0.0,0.00120163
1,0.0002,0.0459242
2,0.0004,0.0909758
3,0.0006,0.135629
4,0.0008,0.180705
5,0.001,0.225327
