,Current,Voltage
0,0.0,0.0129914
1,0.0002,0.562437
2,0.0004,1.11747
3,0.0006,1.66929
4,0.0008,2.22871
5,0.001,2.71111
