,Current,Voltage
0,0.0,0.000479221
1,0.0002,0.0167489
2,0.0004,0.033102
3,0.0006,0.04915
4,0.0008,0.0653148
5,0.001,0.0812364
