,Current,Voltage
0,0.0,0.000126362
1,0.0002,0.0013113
2,0.0004,0.00248432
3,0.0006,0.0035429
4,0.0008,0.00463486
5,0.001,0.00571966
