,Current,Voltage
0,0.0,0.00385761
1,0.0002,0.157874
2,0.0004,0.313179
3,0.0006,0.467556
4,0.0008,0.622878
5,0.001,0.778005
