,Current,Voltage
0,0.0,0.00273705
1,0.0002,0.108211
2,0.0004,0.214891
3,0.0006,0.320623
4,0.0008,0.427766
5,0.001,0.533509
