,Current,Voltage
0,0.0,0.000596046
1,0.0002,0.020802
2,0.0004,0.0411034
3,0.0006,0.0612092
4,0.0008,0.0815415
5,0.001,0.10164
