,Current,Voltage
0,0.0,0.0138187
1,0.0002,0.606699
2,0.0004,1.20532
3,0.0006,1.79806
4,0.0008,2.3948
5,0.001,2.98603
