,Current,Voltage
0,0.0,0.000348091
1,0.0002,0.00961065
2,0.0004,0.0188494
3,0.0006,0.0279927
4,0.0008,0.0372767
5,0.001,0.0464702
