,Current,Voltage
0,0.0,0.00309706
1,0.0002,0.107872
2,0.0004,0.212269
3,0.0006,0.313516
4,0.0008,0.411093
5,0.001,0.508268
