,Current,Voltage
0,0.0,0.0182199
1,0.0002,0.755584
2,0.0004,1.50174
3,0.0006,2.24546
4,0.0008,3.00269
5,0.001,3.74834
