,Current,Voltage
0,0.0,0.000748634
1,0.0002,0.0276208
2,0.0004,0.0546765
3,0.0006,0.0814867
4,0.0008,0.108511
5,0.001,0.135303
