,Current,Voltage
0,0.0,0.000238419
1,0.0002,0.00468493
2,0.0004,0.00911951
3,0.0006,0.0135088
4,0.0008,0.0179195
5,0.001,0.0222826
