,Current,Voltage
0,0.0,0.000197887
1,0.0002,0.00482082
2,0.0004,0.00936508
3,0.0006,0.0139403
4,0.0008,0.018487
5,0.001,0.023005
