,Current,Voltage
0,0.0,0.0188947
1,0.0002,0.751271
2,0.0004,1.48829
3,0.0006,1.06368
4,0.0008,2.9265
5,0.001,0.471048
