,Current,Voltage
0,0.0,0.0160789
1,0.0002,0.474913
2,0.0004,0.699761
3,0.0006,1.0183
4,0.0008,1.23923
5,0.001,1.45544
