,Current,Voltage
0,0.0,0.000522137
1,0.0002,0.018661
2,0.0004,0.036993
3,0.0006,0.0551319
4,0.0008,0.0733709
5,0.001,0.0915265
