,Current,Voltage
0,0.0,0.000348091
1,0.0002,0.0114989
2,0.0004,0.0226808
3,0.0006,0.0338006
4,0.0008,0.04493
5,0.001,0.0560069
