,Current,Voltage
0,0.0,0.010469
1,0.0002,0.402272
2,0.0004,0.798817
3,0.0006,1.19536
4,0.0008,1.6049
5,0.001,2.02244
