,Current,Voltage
0,0.0,-1.30267
1,0.0002,-0.341952
2,0.0004,0.546944
3,0.0006,-0.115969
4,0.0008,0.770669
5,0.001,2.38499
