,Current,Voltage
0,0.0,0.0103402
1,0.0002,0.391665
2,0.0004,0.777438
3,0.0006,1.17009
4,0.0008,1.56788
5,0.001,1.9463
