,Current,Voltage
0,0.0,0.000398159
1,0.0002,0.0128555
2,0.0004,0.0253606
3,0.0006,0.0377369
4,0.0008,0.0502753
5,0.001,0.0626445
