,Current,Voltage
0,0.0,0.0144482
1,0.0002,0.606763
2,0.0004,1.20457
3,0.0006,1.79707
4,0.0008,2.39453
5,0.001,2.9861
