,Current,Voltage
0,0.0,0.0134468
1,0.0002,0.540738
2,0.0004,1.07339
3,0.0006,1.60258
4,0.0008,2.13735
5,0.001,2.66904
