,Current,Voltage
0,0.0,-1.39587
1,0.0002,0.753684
2,0.0004,1.85452
3,0.0006,2.25779
4,0.0008,2.3736
5,0.001,2.71092
