,Current,Voltage
0,0.0,0.0140071
1,0.0002,0.331707
2,0.0004,1.01777
3,0.0006,1.69136
4,0.0008,0.401466
5,0.001,2.20448
