,Current,Voltage
0,0.0,0.00309467
1,0.0002,0.135958
2,0.0004,0.269647
3,0.0006,0.403011
4,0.0008,0.537007
5,0.001,1.69866
