,Current,Voltage
0,0.0,5.24521e-05
1,0.0002,-0.00147343
2,0.0004,-0.00304699
3,0.0006,-0.00465155
4,0.0008,-0.0062108
5,0.001,-0.00783205
