,Current,Voltage
0,0.0,0.000145435
1,0.0002,0.00388861
2,0.0004,0.00760794
3,0.0006,0.0112891
4,0.0008,0.0150013
5,0.001,0.0187016
