,Current,Voltage
0,0.0,5.72205e-05
1,0.0002,-0.00187159
2,0.0004,-0.00385523
3,0.0006,-0.00586748
4,0.0008,-0.00789881
5,0.001,-0.00993729
