,Current,Voltage
0,0.0,0.000119209
1,0.0002,0.000231266
2,0.0004,0.000290871
3,0.0006,0.000352859
4,0.0008,0.000436306
5,0.001,0.000469685
