,Current,Voltage
0,0.0,0.000100136
1,0.0002,0.000426769
2,0.0004,0.000646114
3,0.0006,0.000844002
4,0.0008,0.00107527
5,0.001,0.00128984
