,Current,Voltage
0,0.0,0.011909
1,0.0002,0.489204
2,0.0004,0.97261
3,0.0006,1.45616
4,0.0008,1.94921
5,0.001,2.44933
