,Current,Voltage
0,0.0,7.15256e-05
1,0.0002,-0.00123501
2,0.0004,10.002
3,0.0006,10.0021
4,0.0008,10.0019
5,0.001,10.0019
