,Current,Voltage
0,0.0,0.0914359
1,0.0002,0.00332832
2,0.0004,0.00644445
3,0.0006,0.0494647
4,0.0008,0.417144
5,0.001,0.0109148
