,Current,Voltage
0,0.0,0.000104904
1,0.0002,0.000193119
2,0.0004,0.000188351
3,0.0006,0.000183582
4,0.0008,10.0019
5,0.001,10.002
