,Current,Voltage
0,0.0,-1.45629
1,0.0002,-0.429566
2,0.0004,0.587964
3,0.0006,1.5987
4,0.0008,2.61675
5,0.001,3.62563
