,Current,Voltage
0,0.0,0.000243187
1,0.0002,0.00420332
2,0.0004,0.00813007
3,0.0006,0.0119948
4,0.0008,0.015974
5,0.001,0.0198603
