,Current,Voltage
0,0.0,0.000534058
1,0.0002,0.0172019
2,0.0004,0.033989
3,0.0006,0.0505972
4,0.0008,0.0673532
5,0.001,0.0839329
