,Current,Voltage
0,0.0,0.0639105
1,0.0002,0.00788689
2,0.0004,0.0154257
3,0.0006,0.0228715
4,0.0008,0.0304508
5,0.001,0.0379205
