,Current,Voltage
0,0.0,-0.151293
1,0.0002,0.827799
2,0.0004,-2.44856
3,0.0006,-1.91944
4,0.0008,-1.44055
5,0.001,-0.973084
