,Current,Voltage
0,0.0,0.000169277
1,0.0002,0.00320435
2,0.0004,0.00616074
3,0.0006,0.00915766
4,0.0008,0.0120926
5,0.001,0.0150728
