,Current,Voltage
0,0.0,0.00313997
1,0.0002,0.129118
2,0.0004,0.256226
3,0.0006,0.382218
4,0.0008,0.509336
5,0.001,0.635684
