,Current,Voltage
0,0.0,-0.00543118
1,0.0002,0.0493121
2,0.0004,-0.00164509
3,0.0006,0.0018549
4,0.0008,0.00176907
5,0.001,-0.00020504
