,Current,Voltage
0,0.0,0.00457597
1,8e-10,0.0120573
2,1.6e-09,0.0195687
3,2.4e-09,0.0270994
4,3.2e-09,0.0346279
5,4e-09,0.0421586
