,Current,Voltage
0,0.0,0.000183582
1,0.0002,0.00221729
2,0.0004,0.00427008
3,0.0006,0.00621796
4,0.0008,0.00823736
5,0.001,0.0102234
