,Current,Voltage
0,0.0,0.000178814
1,0.0002,0.00215292
2,0.0004,0.00410557
3,0.0006,0.00598907
4,0.0008,0.00794888
5,0.001,0.00986338
