,Current,Voltage
0,0.0,0.00014782
1,0.0002,0.0017643
2,0.0004,0.00332594
3,0.0006,0.00485897
4,0.0008,0.00641108
5,0.001,0.00794411
