,Current,Voltage
0,0.0,0.000152588
1,0.0002,0.00170469
2,0.0004,0.00330448
3,0.0006,0.00482321
4,0.0008,0.00630856
5,0.001,0.00784636
