,Current,Voltage
0,0.0,0.000152588
1,0.0002,0.00135422
2,0.0004,0.00256538
3,0.0006,0.00370741
4,0.0008,0.00486135
5,0.001,0.00603199
