,Current,Voltage
0,0.0,0.000121593
1,0.0002,0.00180721
2,0.0004,0.00346422
3,0.0006,0.00511885
4,0.0008,0.00674725
5,0.001,0.00840902
