,Current,Voltage
0,0.0,0.000212193
1,0.0002,0.00217199
2,0.0004,0.00415087
3,0.0006,0.00605106
4,0.0008,0.00801325
5,0.001,0.00994205
