,Current,Voltage
0,0.0,0.000166893
1,0.0002,0.00177145
2,0.0004,0.00338793
3,0.0006,0.00501156
4,0.0008,0.00659704
5,0.001,0.00818729
