,Current,Voltage
0,0.0,0.000140667
1,0.0002,0.00172138
2,0.0004,0.00328779
3,0.0006,0.00477314
4,0.0008,0.00631571
5,0.001,0.00781775
