,Current,Voltage
0,0.0,0.000145435
1,0.0002,0.00179768
2,0.0004,0.00338078
3,0.0006,0.00503778
4,0.0008,0.0066185
5,0.001,0.00823975
