,Current,Voltage
0,0.0,0.000174046
1,0.0002,0.00269651
2,0.0004,0.00521898
3,0.0006,0.00773191
4,0.0008,0.0101781
5,0.001,0.0126863
