,Current,Voltage
0,0.0,0.000169277
1,0.0002,0.00206709
2,0.0004,0.0039196
3,0.0006,0.00580072
4,0.0008,0.00765324
5,0.001,0.00948429
