,Current,Voltage
0,0.0,0.000178814
1,0.0002,0.00187397
2,0.0004,0.00362635
3,0.0006,0.00530958
4,0.0008,0.00695705
5,0.001,0.00865221
