,Current,Voltage
0,0.0,0.000150204
1,0.0002,0.00266075
2,0.0004,0.00508785
3,0.0006,0.00751972
4,0.0008,0.00992775
5,0.001,0.0123858
