,Current,Voltage
0,0.0,0.000209808
1,0.0002,0.00241756
2,0.0004,0.00460625
3,0.0006,0.006814
4,0.0008,0.00904083
5,0.001,0.0112081
