,Current,Voltage
0,0.0,0.000157356
1,0.0002,0.00205278
2,0.0004,0.00384808
3,0.0006,0.00561953
4,0.0008,0.00741005
5,0.001,0.00921249
