,Current,Voltage
0,0.0,0.00015974
1,0.0002,0.0018549
2,0.0004,0.00349998
3,0.0006,0.00510931
4,0.0008,0.00676632
5,0.001,0.00837564
