,Current,Voltage
0,0.0,0.000183582
1,0.0002,0.00202894
2,0.0004,0.00382662
3,0.0006,0.00566721
4,0.0008,0.00744343
5,0.001,0.0092864
