,Current,Voltage
0,0.0,0.000135899
1,0.0002,0.00136614
2,0.0004,0.00258446
3,0.0006,0.00379801
4,0.0008,0.00504494
5,0.001,0.00623465
