,Current,Voltage
0,0.0,0.000152588
1,0.0002,0.00174761
2,0.0004,0.00329971
3,0.0006,0.00482082
4,0.0008,0.00638485
5,0.001,0.00793934
