,Current,Voltage
0,0.0,0.000126362
1,0.0002,0.00187874
2,0.0004,0.00359297
3,0.0006,0.00528574
4,0.0008,0.00696898
5,0.001,0.00869513
