,Current,Voltage
0,0.0,0.000171661
1,0.0002,0.0020504
2,0.0004,0.00389099
3,0.0006,0.00574112
4,0.0008,0.00761509
5,0.001,0.00944138
