,Current,Voltage
0,0.0,0.000157356
1,0.0002,0.00210285
2,0.0004,0.00401497
3,0.0006,0.00595093
4,0.0008,0.00789404
5,0.001,0.00976086
