,Current,Voltage
0,0.0,0.000126362
1,0.0002,0.00174284
2,0.0004,0.00328541
3,0.0006,0.00484943
4,0.0008,0.00638247
5,0.001,0.00795126
