,Current,Voltage
0,0.0,0.000171661
1,0.0002,0.00213623
2,0.0004,0.00407457
3,0.0006,0.00592947
4,0.0008,0.00790596
5,0.001,0.00977039
