,Current,Voltage
0,0.0,0.000119209
1,0.0002,0.00162363
2,0.0004,0.00312328
3,0.0006,0.00450611
4,0.0008,0.00597239
5,0.001,0.00744343
