,Current,Voltage
0,0.0,0.000157356
1,0.0002,0.00225306
2,0.0004,0.00433207
3,0.0006,0.00634432
4,0.0008,0.00838995
5,0.001,0.010438
