,Current,Voltage
0,0.0,0.000183582
1,0.0002,0.0023818
2,0.0004,0.00454664
3,0.0006,0.00668526
4,0.0008,0.0088644
5,0.001,0.0110173
