,Current,Voltage
0,0.0,0.000150204
1,0.0002,0.00235081
2,0.0004,0.00442505
3,0.0006,0.00656605
4,0.0008,0.00865221
5,0.001,0.0107169
