,Current,Voltage
0,0.0,0.000181198
1,0.0002,0.00221252
2,0.0004,0.00422955
3,0.0006,0.00618935
4,0.0008,0.0082159
5,0.001,0.0101948
