,Current,Voltage
0,0.0,0.000123978
1,0.0002,0.00198126
2,0.0004,0.00383139
3,0.0006,0.00562668
4,0.0008,0.00744104
5,0.001,0.00929594
