,Current,Voltage
0,0.0,0.000143051
1,0.0002,0.00274181
2,0.0004,0.00532866
3,0.0006,0.00781298
4,0.0008,0.0103831
5,0.001,0.0129032
