,Current,Voltage
0,0.0,0.000135899
1,0.0002,0.00183821
2,0.0004,0.00347614
3,0.0006,0.00513792
4,0.0008,0.00674248
5,0.001,0.0083828
