,Current,Voltage
0,0.0,0.000166893
1,0.0002,0.00199318
2,0.0004,0.00376463
3,0.0006,0.005548
4,0.0008,0.00727654
5,0.001,0.00905752
