,Current,Voltage
0,0.0,0.000157356
1,0.0002,0.0018549
2,0.0004,0.00354528
3,0.0006,0.00518322
4,0.0008,0.00683546
5,0.001,0.00849962
