,Current,Voltage
0,0.0,0.000178814
1,0.0002,0.00246763
2,0.0004,0.00474453
3,0.0006,0.00698328
4,0.0008,0.00924826
5,0.001,0.0114632
