,Current,Voltage
0,0.0,0.000114441
1,0.0002,0.00180721
2,0.0004,0.00349522
3,0.0006,0.00512362
4,0.0008,0.0067544
5,0.001,0.00839472
