,Current,Voltage
0,0.0,0.00014782
1,0.0002,0.00190496
2,0.0004,0.00361443
3,0.0006,0.00533104
4,0.0008,0.00705481
5,0.001,0.00871897
