,Current,Voltage
0,0.0,0.000121593
1,0.0002,0.00202656
2,0.0004,0.00379562
3,0.0006,0.005548
4,0.0008,0.00736952
5,0.001,0.00912189
