,Current,Voltage
0,0.0,0.00010252
1,0.0002,0.00139952
2,0.0004,0.00267267
3,0.0006,0.00387192
4,0.0008,0.00516653
5,0.001,0.00634909
