,Current,Voltage
0,0.0,0.000164509
1,0.0002,0.00164747
2,0.0004,0.00313044
3,0.0006,0.00453949
4,0.0008,0.00597477
5,0.001,0.00741243
