,Current,Voltage
0,0.0,0.000104904
1,0.0002,0.00133753
2,0.0004,0.00255585
3,0.0006,0.0037837
4,0.0008,0.00498772
5,0.001,0.00621319
