,Current,Voltage
0,0.0,0.004915
1,8e-10,0.0134954
2,1.6e-09,0.022073
3,2.4e-09,0.0306692
4,3.2e-09,0.0392346
5,4e-09,0.0478096
