,Current,Voltage
0,0.0,0.00395012
1,8e-10,0.011529
2,1.6e-09,0.0191512
3,2.4e-09,0.0267694
4,3.2e-09,0.0343935
5,4e-09,0.0420041
