,Current,Voltage
0,0.0,0.000143051
1,0.0002,0.00117302
2,0.0004,0.00221014
3,0.0006,0.00318766
4,0.0008,0.00417471
5,0.001,0.00519276
