,Current,Voltage
0,0.0,0.00013113
1,0.0002,0.00126362
2,0.0004,0.00243902
3,0.0006,0.00356197
4,0.0008,0.00468016
5,0.001,0.00578165
