,Current,Voltage
0,0.0,0.000150204
1,0.0002,0.00136614
2,0.0004,0.00254393
3,0.0006,0.00372887
4,0.0008,0.00491381
5,0.001,0.00605106
