,Current,Voltage
0,0.0,0.000169277
1,0.0002,0.00230789
2,0.0004,0.00444651
3,0.0006,0.0065136
4,0.0008,0.00864744
5,0.001,0.0107479
