,Current,Voltage
0,0.0,0.000126362
1,0.0002,0.00133753
2,0.0004,0.00245571
3,0.0006,0.00358105
4,0.0008,0.00473261
5,0.001,0.00580311
