,Current,Voltage
0,0.0,0.000164509
1,0.0002,0.0025177
2,0.0004,0.00481606
3,0.0006,0.00715256
4,0.0008,0.00929356
5,0.001,0.0110221
