,Current,Voltage
0,0.0,0.000281334
1,0.0002,0.00731945
2,0.0004,0.0143909
3,0.0006,0.0213861
4,0.0008,0.0284338
5,0.001,0.0354028
