,Current,Voltage
0,0.0,0.000104904
1,0.0002,0.000326633
2,0.0004,0.000491142
3,0.0006,0.000679493
4,0.0008,0.000815392
5,0.001,0.00100136
