,Current,Voltage
0,0.0,0.000162125
1,0.0002,0.00232935
2,0.0004,0.0044322
3,0.0006,0.00654697
4,0.0008,0.00869036
5,0.001,0.0107455
