,Current,Voltage
0,0.0,0.000157356
1,0.0002,0.00306606
2,0.0004,0.00591278
3,0.0006,0.00868082
4,0.0008,0.0114894
5,0.001,0.0143218
