,Current,Voltage
0,0.0,0.000157356
1,0.0002,0.00159264
2,0.0004,0.00305653
3,0.0006,0.00449657
4,0.0008,0.0059247
5,0.001,0.00737429
