,Current,Voltage
0,0.0,0.00013113
1,0.0002,0.00218868
2,0.0004,0.00422955
3,0.0006,0.00622988
4,0.0008,0.00822306
5,0.001,0.0102115
