,Current,Voltage
0,0.0,0.000135899
1,0.0002,0.00331163
2,0.0004,0.006423
3,0.0006,0.00951767
4,0.0008,0.0126004
5,0.001,0.0157046
