,Current,Voltage
0,0.0,0.000224113
1,0.0002,0.0043416
2,0.0004,0.00848293
3,0.0006,0.012548
4,0.0008,0.0166416
5,0.001,0.0207281
