,Current,Voltage
0,0.0,0.000135899
1,0.0002,0.00165224
2,0.0004,0.00309229
3,0.0006,0.00457048
4,0.0008,0.00599623
5,0.001,0.00742435
