,Current,Voltage
0,0.0,0.00584126
1,0.0002,0.2163
2,0.0004,0.428975
3,0.0006,0.639839
4,0.0008,0.852978
5,0.001,1.06441
