,Current,Voltage
0,0.0,8.82149e-05
1,0.0002,0.00154257
2,0.0004,0.00287771
3,0.0006,0.004251
4,0.0008,0.00563383
5,0.001,0.00701904
