,Current,Voltage
0,0.0,0.000219345
1,0.0002,0.00608444
2,0.0004,0.0119042
3,0.0006,0.0177145
4,0.0008,0.0235558
5,0.001,0.0293064
