,Current,Voltage
0,0.0,0.000121593
1,0.0002,0.00213385
2,0.0004,0.00400305
3,0.0006,0.00596046
4,0.0008,0.00787735
5,0.001,0.00978231
