,Current,Voltage
0,0.0,0.000135899
1,0.0002,0.00135899
2,0.0004,0.00255346
3,0.0006,0.00375032
4,0.0008,0.00491381
5,0.001,0.00608444
