,Current,Voltage
0,0.0,0.000104904
1,0.0002,0.00161648
2,0.0004,0.00306129
3,0.0006,0.00449419
4,0.0008,0.00594854
5,0.001,0.00741005
