,Current,Voltage
0,0.0,0.000135899
1,0.0002,0.00145912
2,0.0004,0.00270605
3,0.0006,0.00393629
4,0.0008,0.0051856
5,0.001,0.00640631
