,Current,Voltage
0,0.0,0.00014782
1,0.0002,0.0031352
2,0.0004,0.00608921
3,0.0006,0.00895023
4,0.0008,0.011909
5,0.001,0.0148201
