,Current,Voltage
0,0.0,0.000243187
1,0.0002,0.0066185
2,0.0004,0.0129676
3,0.0006,0.0192285
4,0.0008,0.0255728
5,0.001,0.0318575
