,Current,Voltage
0,0.0,0.00010252
1,0.0002,0.00129461
2,0.0004,0.00247955
3,0.0006,0.00362396
4,0.0008,0.00481606
5,0.001,0.0059557
