,Current,Voltage
0,0.0,0.00010252
1,0.0002,0.00210285
2,0.0004,0.00406504
3,0.0006,0.00595331
4,0.0008,0.00792265
5,0.001,0.00980377
