,Current,Voltage
0,0.0,0.000157356
1,0.0002,0.00188828
2,0.0004,0.00362635
3,0.0006,0.00534296
4,0.0008,0.00702858
5,0.001,0.00870466
