,Current,Voltage
0,0.0,0.000145435
1,0.0002,0.00355244
2,0.0004,0.00686169
3,0.0006,0.0101829
4,0.0008,0.0135183
5,0.001,0.0168562
