,Current,Voltage
0,0.0,0.000116825
1,0.0002,0.00160933
2,0.0004,0.00304222
3,0.0006,0.00446558
4,0.0008,0.00588179
5,0.001,0.00729799
