,Current,Voltage
0,0.0,0.000169277
1,0.0002,0.00163794
2,0.0004,0.00308275
3,0.0006,0.00451803
4,0.0008,0.00594139
5,0.001,0.00738382
