,Current,Voltage
0,0.0,0.000171661
1,0.0002,0.00273705
2,0.0004,0.00530005
3,0.0006,0.00780821
4,0.0008,0.0103807
5,0.001,0.0128913
