,Current,Voltage
0,0.0,0.00013113
1,0.0002,0.00172377
2,0.0004,0.00322342
3,0.0006,0.00475645
4,0.0008,0.00627518
5,0.001,0.00775337
