,Current,Voltage
0,0.0,0.000114441
1,0.0002,0.00161886
2,0.0004,0.00307322
3,0.0006,0.00455856
4,0.0008,0.00598192
5,0.001,0.00740528
