,Current,Voltage
0,0.0,0.00010252
1,0.0002,0.00150919
2,0.0004,0.00289679
3,0.0006,0.00427723
4,0.0008,0.00565529
5,0.001,0.00703573
