,Current,Voltage
0,0.0,0.000140667
1,0.0002,0.00353813
2,0.0004,0.00691891
3,0.0006,0.0102711
4,0.0008,0.0136304
5,0.001,0.0169611
