,Current,Voltage
0,0.0,0.000174046
1,0.0002,0.00189304
2,0.0004,0.00363111
3,0.0006,0.00535727
4,0.0008,0.00709295
5,0.001,0.00877857
