,Current,Voltage
0,0.0,0.000157356
1,0.0002,0.00267267
2,0.0004,0.00511408
3,0.0006,0.00756502
4,0.0008,0.010016
5,0.001,0.0124836
