,Current,Voltage
0,0.0,-1.4104
1,0.0002,-1.19635
2,0.0004,-0.970366
3,0.0006,-0.746601
4,0.0008,-0.521924
5,0.001,-0.299845
