,Current,Voltage
0,0.0,0.000193119
1,0.0002,0.00179052
2,0.0004,0.0033927
3,0.0006,0.00500202
4,0.0008,0.00658751
5,0.001,0.00815868
