,Current,Voltage
0,0.0,0.000164509
1,0.0002,0.00307798
2,0.0004,0.0059104
3,0.0006,0.00874519
4,0.0008,0.0115681
5,0.001,0.0144172
