,Current,Voltage
0,0.0,0.000133514
1,0.0002,0.00164509
2,0.0004,0.00315189
3,0.0006,0.00456333
4,0.0008,0.0060606
5,0.001,0.00751019
