,Current,Voltage
0,0.0,0.000214577
1,0.0002,0.00378847
2,0.0004,0.0073576
3,0.0006,0.010879
4,0.0008,0.0144649
5,0.001,0.0180006
