,Current,Voltage
0,0.0,0.000181198
1,0.0002,0.00150681
2,0.0004,0.00281811
3,0.0006,0.00411034
4,0.0008,0.0054121
5,0.001,0.00674725
