,Current,Voltage
0,0.0,0.000152588
1,0.0002,0.00307798
2,0.0004,0.00595331
3,0.0006,0.00881433
4,0.0008,0.0117064
5,0.001,0.0145245
