,Current,Voltage
0,0.0,9.77516e-05
1,0.0002,0.00115156
2,0.0004,0.00215054
3,0.0006,0.0031662
4,0.0008,0.00420094
5,0.001,0.00523567
