,Current,Voltage
0,0.0,0.00013113
1,0.0002,0.00209093
2,0.0004,0.00397921
3,0.0006,0.00586748
4,0.0008,0.0077796
5,0.001,0.00968456
