,Current,Voltage
0,0.0,0.000123978
1,0.0002,0.00184298
2,0.0004,0.00355244
3,0.0006,0.00517607
4,0.0008,0.00686646
5,0.001,0.0085187
