,Current,Voltage
0,0.0,0.000116825
1,0.0002,0.00153542
2,0.0004,0.00285625
3,0.0006,0.00424385
4,0.0008,0.00555515
5,0.001,0.00690699
