,Current,Voltage
0,0.0,9.29832e-05
1,0.0002,0.00156641
2,0.0004,0.00298738
3,0.0006,0.00435591
4,0.0008,0.00579357
5,0.001,0.0071764
