,Current,Voltage
0,0.0,0.000157356
1,0.0002,0.00318527
2,0.0004,0.00617504
3,0.0006,0.00915766
4,0.0008,0.0121236
5,0.001,0.0151134
