,Current,Voltage
0,0.0,9.29832e-05
1,0.0002,0.00214577
2,0.0004,0.00414133
3,0.0006,0.00612497
4,0.0008,0.00813246
5,0.001,0.0100803
