,Current,Voltage
0,0.0,0.000126362
1,0.0002,0.00169277
2,0.0004,0.00315905
3,0.0006,0.00460625
4,0.0008,0.00609875
5,0.001,0.0075841
