,Current,Voltage
0,0.0,8.34465e-05
1,0.0002,0.00166416
2,0.0004,0.00320673
3,0.0006,0.00468254
4,0.0008,0.00624895
5,0.001,0.00777006
