,Current,Voltage
0,0.0,0.000133514
1,0.0002,0.00212669
2,0.0004,0.00407219
3,0.0006,0.00599146
4,0.0008,0.00795841
5,0.001,0.00986576
