,Current,Voltage
0,0.0,0.000207424
1,0.0002,0.0047493
2,0.0004,0.00927687
3,0.0006,0.0137568
4,0.0008,0.0182843
5,0.001,0.0227332
