,Current,Voltage
0,0.0,0.000100136
1,0.0002,0.00128508
2,0.0004,0.00240803
3,0.0006,0.00350952
4,0.0008,0.00462294
5,0.001,0.00575066
