,Current,Voltage
0,0.0,9.77516e-05
1,0.0002,0.00227213
2,0.0004,0.00434399
3,0.0006,0.00642776
4,0.0008,0.0085187
5,0.001,0.010612
