,Current,Voltage
0,0.0,0.000150204
1,0.0002,0.00274658
2,0.0004,0.00534296
3,0.0006,0.00783443
4,0.0008,0.0103831
5,0.001,0.0129485
