,Current,Voltage
0,0.0,0.000157356
1,0.0002,0.0032568
2,0.0004,0.00632286
3,0.0006,0.00937223
4,0.0008,0.0124025
5,0.001,0.0154352
