,Current,Voltage
0,0.0,0.000143051
1,0.0002,0.00266314
2,0.0004,0.00510216
3,0.0006,0.0075078
4,0.0008,0.0100017
5,0.001,0.012393
