,Current,Voltage
0,0.0,0.000360012
1,0.0002,0.00972033
2,0.0004,0.0191379
3,0.0006,0.0285101
4,0.0008,0.0379348
5,0.001,0.0472689
