,Current,Voltage
0,0.0,0.000114441
1,0.0002,0.00178814
2,0.0004,0.00340939
3,0.0006,0.00500679
4,0.0008,0.00664949
5,0.001,0.00830412
