,Current,Voltage
0,0.0,0.00819135
1,8e-10,0.0220792
2,1.6e-09,0.0358732
3,2.4e-09,0.049679
4,3.2e-09,0.0634696
5,4e-09,0.0772634
