,Current,Voltage
0,0.0,0.00509858
1,8e-10,0.0147026
2,1.6e-09,0.0242889
3,2.4e-09,0.0338781
4,3.2e-09,0.043457
5,4e-09,0.053031
