,Current,Voltage
0,0.0,0.000313282
1,8e-10,0.0253072
2,1.6e-09,0.0502627
3,2.4e-09,0.0514903
4,3.2e-09,0.12579
5,4e-09,0.203287
