{
  "mapping_offsets": [
    0.0,
    1.0,
    2.0,
    3.0,
    4.0,
    5.0,
    6.0
  ],
  "flir_offsets": [
    0,
    15,
    30
  ],
  "spin_speed": {
    "min": 100.0,
    "max": 3800.0,
    "value": {
      "0": 1000,
      "1": 1000,
      "2": 1000,
      "3": 1000,
      "4": 1000,
      "5": 1000,
      "6": 1000,
      "7": 1000,
      "8": 1000,
      "9": 1000,
      "10": 1000,
      "11": 1000,
      "12": 1000,
      "13": 1000,
      "14": 1000,
      "15": 1000
    },
    "units": "RPM",
    "optimize_with_chem_os": false
  },
  "spin_time": {
    "min": 10.0,
    "max": 120.0,
    "value": {
      "0": 60,
      "1": 60,
      "2": 60,
      "3": 60,
      "4": 60,
      "5": 60,
      "6": 60,
      "7": 60,
      "8": 60,
      "9": 60,
      "10": 60,
      "11": 60,
      "12": 60,
      "13": 60,
      "14": 60,
      "15": 60
    },
    "units": "s",
    "optimize_with_chem_os": false
  },
  "dispense_volume": {
    "min": 0.001,
    "max": 1.0,
    "value": 0.1,
    "units": "mL",
    "optimize_with_chem_os": false
  },
  "campaign_dispensed_amounts": {
    "spiro": {
      "chemical_name": "Spiro",
      "varied": false,
      "value": 0.1080000000000001,
      "units": "mg",
      "metadata": {
        "molar_weight_ mg": 1225.43,
        "concentration_mg_ml": 50,
        "requested_param": null,
        "requested_vol": 0.13509339339043278
      }
    },
    "cobalt": {
      "chemical_name": "FK102",
      "varied": true,
      "value": 0.05779999999999985,
      "units": "mg",
      "metadata": {
        "molar_weight_ mg": 1334.86,
        "concentration_mg_ml": 50,
        "requested_param": null,
        "requested_vol": 0.07323993994290058
      }
    },
    "tbp": {
      "chemical_name": "tBP",
      "varied": false,
      "value": 0.030100000000000016,
      "units": "mg",
      "metadata": {
        "molar_weight_ mg": 135.21,
        "concentration_mg_ml": 50,
        "requested_param": null,
        "requested_vol": 0.04166666666666668
      }
    },
    "annealing": {
      "varied": true,
      "value": 0.3704456426203251,
      "units": "s",
      "metadata": {}
    }
  },
  "properties": {
    "measurement_0": 5.767424712159998e-07,
    "measurement_1": 5.911197639669665e-07,
    "measurement_2": 5.956234463646753e-07,
    "measurement_3": 5.729096986590791e-07,
    "measurement_4": 5.660208863667216e-07,
    "measurement_5": 5.617119391165249e-07,
    "measurement_6": 5.533165024543989e-07,
    "measurement_mean": 5.739206725920524e-07
  },
  "active_parameters_pickle_file": {
    "filename": "not yet defined"
  },
  "processes": {
    "x0": 0.5347520081554352,
    "x1": 0.18025317788124084
  },
  "chemOS": {
    "requested_params": {
      "x0": 0.4976988732814789,
      "x1": 0.0015435235109180212
    },
    "output_for_previous": {
      "campaign_name": "pseudomobility",
      "session_id": "dbad41d5-017b-4f35-b430-6be3f655fdb0",
      "experiment_id": "05a48b3d-4806-41d3-83a1-e5e1cb4fe55c",
      "execution_id": "387c318b",
      "robot_id": "e0c4ac82",
      "processes": {
        "x0": 0.5347520081554352,
        "x1": 0.18025317788124084
      },
      "properties": {
        "measurement_0": 5.767424712159998e-07,
        "measurement_1": 5.911197639669665e-07,
        "measurement_2": 5.956234463646753e-07,
        "measurement_3": 5.729096986590791e-07,
        "measurement_4": 5.660208863667216e-07,
        "measurement_5": 5.617119391165249e-07,
        "measurement_6": 5.533165024543989e-07,
        "measurement_mean": 5.739206725920524e-07
      }
    }
  },
  "operator_name": "Thomas",
  "operator_comment": "chemOS optimization of pseudomobility over cobalt annealing space"
}