,Current,Voltage
0,0.0,8.34465e-05
1,0.0002,0.0015521
2,0.0004,0.00293493
3,0.0006,0.00429869
4,0.0008,0.00565052
5,0.001,0.00702381
