,Current,Voltage
0,0.0,4.52995e-05
1,0.0002,0.000824928
2,0.0004,0.00156403
3,0.0006,0.00226498
4,0.0008,0.00299692
5,0.001,0.0036931
