,Current,Voltage
0,0.0,0.000123978
1,0.0002,0.00204563
2,0.0004,0.00390291
3,0.0006,0.00575304
4,0.0008,0.00761271
5,0.001,0.00947714
