,Current,Voltage
0,0.0,8.58307e-05
1,0.0002,0.00329733
2,0.0004,0.00650167
3,0.0006,0.00962973
4,0.0008,0.0127578
5,0.001,0.0159335
