,Current,Voltage
0,0.0,0.000240803
1,0.0002,0.00734329
2,0.0004,0.0144434
3,0.0006,0.0215006
4,0.0008,0.0286031
5,0.001,0.0356007
