,Current,Voltage
0,0.0,9.53674e-05
1,0.0002,0.00183105
2,0.0004,0.00355482
3,0.0006,0.00524044
4,0.0008,0.00688553
5,0.001,0.00852585
