,Current,Voltage
0,0.0,0.000138283
1,0.0002,0.00247717
2,0.0004,0.00482559
3,0.0006,0.00715256
4,0.0008,0.0094986
5,0.001,0.0118256
