,Current,Voltage
0,0.0,0.00170231
1,0.0002,0.0711036
2,0.0004,0.141003
3,0.0006,0.210378
4,0.0008,0.280292
5,0.001,0.349617
