,Current,Voltage
0,0.0,0.000455379
1,0.0002,0.0181103
2,0.0004,0.0359154
3,0.0006,0.0535083
4,0.0008,0.0712562
5,0.001,0.0888777
