,Current,Voltage
0,0.0,5.96046e-05
1,0.0002,0.00246048
2,0.0004,0.00483036
3,0.0006,0.00715017
4,0.0008,0.00947952
5,0.001,0.0118399
