,Current,Voltage
0,0.0,-1.38518
1,0.0002,-1.31521
2,0.0004,-1.26395
3,0.0006,-1.21299
4,0.0008,-1.16233
5,0.001,-1.11212
