,Current,Voltage
0,0.0,7.15256e-05
1,0.0002,0.000743866
2,0.0004,0.00135183
3,0.0006,0.00198126
4,0.0008,0.00260353
5,0.001,0.00320435
