,Current,Voltage
0,0.0,0.00026226
1,0.0002,0.00827074
2,0.0004,0.0162745
3,0.0006,0.0242066
4,0.0008,0.0322032
5,0.001,0.0401783
