,Current,Voltage
0,0.0,5.00679e-05
1,0.0002,0.00104189
2,0.0004,0.0019455
3,0.0006,0.00285625
4,0.0008,0.00374794
5,0.001,0.00468016
