,Current,Voltage
0,0.0,0.00099659
1,0.0002,0.039072
2,0.0004,0.0774384
3,0.0006,0.115433
4,0.0008,0.153852
5,0.001,0.191782
