,Current,Voltage
0,0.0,5.24521e-05
1,0.0002,0.000736713
2,0.0004,0.0013876
3,0.0006,0.00196457
4,0.0008,0.00259638
5,0.001,0.00322342
