,Current,Voltage
0,0.0,0.000128746
1,0.0002,0.00229597
2,0.0004,0.0044179
3,0.0006,0.00652313
4,0.0008,0.00861883
5,0.001,0.0107217
