,Current,Voltage
0,0.0,0.000157356
1,0.0002,0.00339985
2,0.0004,0.00660181
3,0.0006,0.00979424
4,0.0008,0.0130177
5,0.001,0.016191
