,Current,Voltage
0,0.0,8.10623e-05
1,0.0002,0.00238657
2,0.0004,0.00464201
3,0.0006,0.00690937
4,0.0008,0.00913143
5,0.001,0.0113583
