,Current,Voltage
0,0.0,0.00020504
1,0.0002,0.00619888
2,0.0004,0.0121593
3,0.0006,0.0181055
4,0.0008,0.0240731
5,0.001,0.0299954
