,Current,Voltage
0,0.0,9.53674e-05
1,0.0002,0.000896454
2,0.0004,0.00161886
3,0.0006,0.00235558
4,0.0008,0.00305176
5,0.001,0.00378847
