,Current,Voltage
0,0.0,8.82149e-05
1,0.0002,0.0031352
2,0.0004,0.00607014
3,0.0006,0.00904799
4,0.0008,0.0120163
5,0.001,0.0149226
