,Current,Voltage
0,0.0,0.000283718
1,0.0002,0.007689
2,0.0004,0.0150561
3,0.0006,0.0223851
4,0.0008,0.0298142
5,0.001,0.0371146
