,Current,Voltage
0,0.0,8.58307e-05
1,0.0002,0.000333786
2,0.0004,0.000503063
3,0.0006,0.000650883
4,0.0008,0.000836849
5,0.001,0.00100851
