,Current,Voltage
0,0.0,0.000443459
1,0.0002,0.0148082
2,0.0004,0.0292349
3,0.0006,0.0435042
4,0.0008,0.0579572
5,0.001,0.0722218
