,Current,Voltage
0,0.0,0.000138283
1,0.0002,0.00137806
2,0.0004,0.00261545
3,0.0006,0.0037837
4,0.0008,0.00495434
5,0.001,0.00617266
