,Current,Voltage
0,0.0,0.00010252
1,0.0002,0.00294685
2,0.0004,0.00568867
3,0.0006,0.00843525
4,0.0008,0.0112033
5,0.001,0.0139356
