,Current,Voltage
0,0.0,0.000104904
1,0.0002,0.00295401
2,0.0004,0.00575066
3,0.0006,0.0085187
4,0.0008,0.0113273
5,0.001,0.01405
