,Current,Voltage
0,0.0,0.000138283
1,0.0002,0.004673
2,0.0004,0.00912905
3,0.0006,0.0135231
4,0.0008,0.0180149
5,0.001,0.02244
