,Current,Voltage
0,0.0,4.05312e-05
1,0.0002,0.000448227
2,0.0004,0.000705719
3,0.0006,0.00112772
4,0.0008,0.00145912
5,0.001,0.00186205
