,Current,Voltage
0,0.0,0.000264645
1,0.0002,0.00878811
2,0.0004,0.01724
3,0.0006,0.0256276
4,0.0008,0.0341153
5,0.001,0.042522
