,Current,Voltage
0,0.0,0.029633
1,0.0002,0.124733
2,0.0004,0.219638
3,0.0006,0.312726
4,0.0008,0.405817
5,0.001,0.497193
