,Current,Voltage
0,0.0,0.000145435
1,0.0002,0.00293732
2,0.0004,0.00571012
3,0.0006,0.00847816
4,0.0008,0.0112295
5,0.001,0.0140023
