,Current,Voltage
0,0.0,0.00191927
1,0.0002,0.0829935
2,0.0004,0.164738
3,0.0006,0.245812
4,0.0008,0.327523
5,0.001,0.408573
