,Current,Voltage
0,0.0,6.91414e-05
1,0.0002,0.000975132
2,0.0004,0.00186682
3,0.0006,0.00270844
4,0.0008,0.00360012
5,0.001,0.00440836
