,Current,Voltage
0,0.0,0.000104904
1,0.0002,0.00232935
2,0.0004,0.00448942
3,0.0006,0.00667334
4,0.0008,0.00880957
5,0.001,0.0109529
