,Current,Voltage
0,0.0,0.000109673
1,0.0002,0.00271797
2,0.0004,0.00531673
3,0.0006,0.00787973
4,0.0008,0.0104713
5,0.001,0.01302
