,Current,Voltage
0,0.0,0.000281334
1,0.0002,0.00928402
2,0.0004,0.0182605
3,0.0006,0.0271893
4,0.0008,0.0361943
5,0.001,0.0451851
