,Current,Voltage
0,0.0,7.86781e-05
1,0.0002,0.00178814
2,0.0004,0.00343323
3,0.0006,0.00510693
4,0.0008,0.00677347
5,0.001,0.00839233
