,Current,Voltage
0,0.0,5.72205e-05
1,0.0002,0.000607967
2,0.0004,0.00110865
3,0.0006,0.0016427
4,0.0008,0.00214338
5,0.001,0.00263691
