,Current,Voltage
0,0.0,0.000622272
1,0.0002,0.0211906
2,0.0004,0.0418782
3,0.0006,0.0624061
4,0.0008,0.0831032
5,0.001,0.103605
