,Current,Voltage
0,0.0,0.000343323
1,0.0002,0.0115204
2,0.0004,0.0226545
3,0.0006,0.0337219
4,0.0008,0.0449038
5,0.001,0.0559735
