,Current,Voltage
0,0.0,0.000197887
1,0.0002,0.00669479
2,0.0004,0.0131798
3,0.0006,0.0196338
4,0.0008,0.0261474
5,0.001,0.032568
