,Current,Voltage
0,0.0,8.10623e-05
1,0.0002,0.00129461
2,0.0004,0.00248909
3,0.0006,0.00368118
4,0.0008,0.00483513
5,0.001,0.00602245
