,Current,Voltage
0,0.0,0.0554466
1,0.0002,0.130439
2,0.0004,0.20457
3,0.0006,0.276687
4,0.0008,0.348067
5,0.001,0.417545
