,Current,Voltage
0,0.0,0.000193119
1,0.0002,0.00482798
2,0.0004,0.00949621
3,0.0006,0.0141072
4,0.0008,0.0187731
5,0.001,0.0233674
