,Current,Voltage
0,0.0,8.10623e-05
1,0.0002,0.00216961
2,0.0004,0.00420332
3,0.0006,0.00620365
4,0.0008,0.00827789
5,0.001,0.0102401
