,Current,Voltage
0,0.0,-1.39599
1,0.0002,-1.31241
2,0.0004,-1.25208
3,0.0006,-1.19147
4,0.0008,-1.13046
5,0.001,-1.07214
