,Current,Voltage
0,0.0,0.000109673
1,0.0002,0.00220537
2,0.0004,0.00414848
3,0.0006,0.00614643
4,0.0008,0.00816345
5,0.001,0.0101709
