,Current,Voltage
0,0.0,0.000145435
1,0.0002,0.00381947
2,0.0004,0.00742912
3,0.0006,0.0110292
4,0.0008,0.0146174
5,0.001,0.0182152
