,Current,Voltage
0,0.0,0.000140667
1,0.0002,0.00380516
2,0.0004,0.00737906
3,0.0006,0.0109291
4,0.0008,0.0145459
5,0.001,0.0181222
