,Current,Voltage
0,0.0,0.000143051
1,0.0002,0.00358105
2,0.0004,0.00690937
3,0.0006,0.0102544
4,0.0008,0.0136471
5,0.001,0.0169683
