,Current,Voltage
0,0.0,0.000114441
1,0.0002,0.00203848
2,0.0004,0.00394583
3,0.0006,0.0057888
4,0.0008,0.007658
5,0.001,0.00950336
