,Current,Voltage
0,0.0,0.000169277
1,0.0002,0.00521421
2,0.0004,0.0102448
3,0.0006,0.0152159
4,0.0008,0.0202703
5,0.001,0.0252008
