,Current,Voltage
0,0.0,0.00030756
1,0.0002,0.0090456
2,0.0004,0.0177693
3,0.0006,0.0264359
4,0.0008,0.0351715
5,0.001,0.0437593
