,Current,Voltage
0,0.0,0.000121593
1,0.0002,0.00179529
2,0.0004,0.00341177
3,0.0006,0.0050354
4,0.0008,0.00665665
5,0.001,0.00825167
