,Current,Voltage
0,0.0,0.0206971
1,0.0002,0.0354695
2,0.0004,0.049932
3,0.0006,0.0640273
4,0.0008,0.0780129
5,0.001,0.0916576
