,Current,Voltage
0,0.0,0.00971079
1,0.0002,0.03438
2,0.0004,0.0589585
3,0.0006,0.0832415
4,0.0008,0.107646
5,0.001,0.131683
