,Current,Voltage
0,0.0,0.009202
1,8e-10,0.0269299
2,1.6e-09,0.0448349
3,2.4e-09,0.0625153
4,3.2e-09,0.0802922
5,4e-09,0.0981128
