,Current,Voltage
0,0.0,0.00999498
1,8e-10,0.0275371
2,1.6e-09,0.0449989
3,2.4e-09,0.0624821
4,3.2e-09,0.0799677
5,4e-09,0.0974169
