,Current,Voltage
0,0.0,0.00497127
1,8e-10,0.012738
2,1.6e-09,0.0204813
3,2.4e-09,0.0282381
4,3.2e-09,0.0359836
5,4e-09,0.0437222
