,Current,Voltage
0,0.0,0.00329113
1,8e-10,0.00955915
2,1.6e-09,0.0158226
3,2.4e-09,0.0220773
4,3.2e-09,0.0283349
5,4e-09,0.03458
