,Current,Voltage
0,0.0,0.000109673
1,0.0002,0.000982285
2,0.0004,0.00182867
3,0.0006,0.00263929
4,0.0008,0.00343084
5,0.001,0.00422001
