,Current,Voltage
0,0.0,0.05301
1,0.0002,0.0738358
2,0.0004,0.0933361
3,0.0006,0.111451
4,0.0008,0.128787
5,0.001,0.145106
