,Current,Voltage
0,0.0,0.000145435
1,0.0002,0.00189066
2,0.0004,0.00352144
3,0.0006,0.00516415
4,0.0008,0.00678062
5,0.001,0.00840425
