,Current,Voltage
0,0.0,0.00110388
1,0.0002,0.0394344
2,0.0004,0.0781322
3,0.0006,0.116458
4,0.0008,0.155067
5,0.001,0.193369
