,Current,Voltage
0,0.0,0.000679493
1,0.0002,0.0205564
2,0.0004,0.0405526
3,0.0006,0.0604415
4,0.0008,0.08044
5,0.001,0.100329
