,Current,Voltage
0,0.0,0.00015974
1,0.0002,0.00261307
2,0.0004,0.00503063
3,0.0006,0.00743628
4,0.0008,0.00984192
5,0.001,0.0121999
