,Current,Voltage
0,0.0,0.000238419
1,0.0002,0.00623703
2,0.0004,0.0123167
3,0.0006,0.018239
4,0.0008,0.0242376
5,0.001,0.0302315
