,Current,Voltage
0,0.0,0.000169277
1,0.0002,0.00175476
2,0.0004,0.00329494
3,0.0006,0.00477791
4,0.0008,0.00632286
5,0.001,0.00783682
