,Current,Voltage
0,0.0,0.000119209
1,0.0002,0.0015521
2,0.0004,0.00295162
3,0.0006,0.00433922
4,0.0008,0.00569344
5,0.001,0.00708818
