,Current,Voltage
0,0.0,0.000154972
1,0.0002,0.0016427
2,0.0004,0.00317574
3,0.0006,0.00462532
4,0.0008,0.00611544
5,0.001,0.00759125
