,Current,Voltage
0,0.0,0.000150204
1,0.0002,0.00160694
2,0.0004,0.00304461
3,0.0006,0.00442266
4,0.0008,0.00583172
5,0.001,0.00719309
