,Current,Voltage
0,0.0,0.000135899
1,0.0002,0.000638962
2,0.0004,0.0011158
3,0.0006,0.00156879
4,0.0008,0.00200272
5,0.001,0.0024581
