,Current,Voltage
0,0.0,0.000874996
1,0.0002,0.0307012
2,0.0004,0.0589061
3,0.0006,0.0875306
4,0.0008,0.11673
5,0.001,0.145166
