,Current,Voltage
0,0.0,0.000145435
1,0.0002,0.00152588
2,0.0004,0.00288248
3,0.0006,0.00422955
4,0.0008,0.00556469
5,0.001,0.00689983
