,Current,Voltage
0,0.0,0.00238419
1,0.0002,0.0915194
2,0.0004,0.181506
3,0.0006,0.270786
4,0.0008,0.361068
5,0.001,0.450475
