,Current,Voltage
0,0.0,0.000164509
1,0.0002,0.00183105
2,0.0004,0.00344515
3,0.0006,0.00505924
4,0.0008,0.00668526
5,0.001,0.00833273
