,Current,Voltage
0,0.0,0.000116825
1,0.0002,0.000200272
2,0.0004,0.000224113
3,0.0006,0.000286102
4,0.0008,0.00030756
5,0.001,0.000362396
