,Current,Voltage
0,0.0,0.000538826
1,0.0002,0.016942
2,0.0004,0.0335288
3,0.0006,0.0499082
4,0.0008,0.0664377
5,0.001,0.082829
