,Current,Voltage
0,0.0,0.00737667
1,0.0002,0.27986
2,0.0004,0.554862
3,0.0006,0.827603
4,0.0008,1.10323
5,0.001,1.37694
