,Current,Voltage
0,0.0,0.000429153
1,0.0002,0.0114202
2,0.0004,0.0224781
3,0.0006,0.0334501
4,0.0008,0.0444961
5,0.001,0.0554132
