,Current,Voltage
0,0.0,0.00602484
1,0.0002,0.231524
2,0.0004,0.459092
3,0.0006,0.684867
4,0.0008,0.912964
5,0.001,1.13963
