,Current,Voltage
0,0.0,0.000293255
1,0.0002,0.0057435
2,0.0004,0.0112486
3,0.0006,0.0167108
4,0.0008,0.0222945
5,0.001,0.02774
