,Current,Voltage
0,0.0,0.000174046
1,0.0002,0.00263691
2,0.0004,0.00500679
3,0.0006,0.00741243
4,0.0008,0.00983238
5,0.001,0.0122118
