,Current,Voltage
0,0.0,0.000202656
1,0.0002,0.00243187
2,0.0004,0.00463724
3,0.0006,0.00685453
4,0.0008,0.00910282
5,0.001,0.0112724
