,Current,Voltage
0,0.0,0.000197887
1,0.0002,0.00349045
2,0.0004,0.00669718
3,0.0006,0.00993729
4,0.0008,0.0131607
5,0.001,0.016377
