,Current,Voltage
0,0.0,0.000207424
1,0.0002,0.00202417
2,0.0004,0.00386477
3,0.0006,0.00567675
4,0.0008,0.00751257
5,0.001,0.00931263
