,Current,Voltage
0,0.0,0.000720024
1,0.0002,0.0239444
2,0.0004,0.0473475
3,0.0006,0.0704956
4,0.0008,0.0939608
5,0.001,0.198293
