,Current,Voltage
0,0.0,0.00397205
1,0.0002,0.16623
2,0.0004,0.329893
3,0.0006,0.492556
4,0.0008,0.656934
5,0.001,0.820317
