,Current,Voltage
0,0.0,0.000386238
1,0.0002,0.011375
2,0.0004,0.0223613
3,0.0006,0.0332904
4,0.0008,0.0442839
5,0.001,0.0551319
