,Current,Voltage
0,0.0,0.000240803
1,0.0002,0.00607014
2,0.0004,0.011878
3,0.0006,0.0176573
4,0.0008,0.0234318
5,0.001,0.0291657
