,Current,Voltage
0,0.0,0.000157356
1,0.0002,0.00183344
2,0.0004,0.00339746
3,0.0006,0.0050211
4,0.0008,0.00660419
5,0.001,0.0082469
