,Current,Voltage
0,0.0,0.000157356
1,0.0002,0.00203609
2,0.0004,0.00384569
3,0.0006,0.00568867
4,0.0008,0.00751972
5,0.001,0.00932217
