,Current,Voltage
0,0.0,0.00169992
1,0.0002,0.0584507
2,0.0004,0.115645
3,0.0006,0.172369
4,0.0008,0.229616
5,0.001,0.286305
