,Current,Voltage
0,0.0,0.000185966
1,0.0002,0.00225544
2,0.0004,0.00430822
3,0.0006,0.00633001
4,0.0008,0.00838757
5,0.001,0.0104022
