,Current,Voltage
0,0.0,8.58307e-05
1,0.0002,-4.76837e-06
2,0.0004,-0.000257492
3,0.0006,-0.000474453
4,0.0008,-0.000669956
5,0.001,-0.000886917
