,Current,Voltage
0,0.0,0.000188351
1,0.0002,0.00234127
2,0.0004,0.00447989
3,0.0006,0.0065732
4,0.0008,0.00869513
5,0.001,0.0108242
