,Current,Voltage
0,0.0,0.00013113
1,0.0002,0.00161648
2,0.0004,0.00311852
3,0.0006,0.00457764
4,0.0008,0.00602484
5,0.001,0.00751495
