,Current,Voltage
0,0.0,0.00516653
1,0.0002,0.215323
2,0.0004,0.427699
3,0.0006,0.638502
4,0.0008,0.851095
5,0.001,1.06246
