,Current,Voltage
0,0.0,0.00030756
1,0.0002,0.00618935
2,0.0004,0.0120354
3,0.0006,0.0178432
4,0.0008,0.023756
5,0.001,0.0295496
