,Current,Voltage
0,0.0,0.000200272
1,0.0002,0.00333786
2,0.0004,0.00645161
3,0.0006,0.00954628
4,0.0008,0.0127029
5,0.001,0.0158167
