,Current,Voltage
0,0.0,0.00036478
1,0.0002,0.010345
2,0.0004,0.0203037
3,0.0006,0.0301313
4,0.0008,0.0400519
5,0.001,0.050137
