,Current,Voltage
0,0.0,0.00017643
1,0.0002,0.00268459
2,0.0004,0.00510931
3,0.0006,0.00753164
4,0.0008,0.00997782
5,0.001,0.0123811
