,Current,Voltage
0,0.0,0.000462532
1,0.0002,0.014987
2,0.0004,0.0295472
3,0.0006,0.043993
4,0.0008,0.0585866
5,0.001,0.0730324
