,Current,Voltage
0,0.0,0.000128746
1,0.0002,0.00187397
2,0.0004,0.00358343
3,0.0006,0.00531197
4,0.0008,0.00701189
5,0.001,0.00873566
