,Current,Voltage
0,0.0,0.000238419
1,0.0002,0.00607252
2,0.0004,0.011816
3,0.0006,0.0175428
4,0.0008,0.0233197
5,0.001,0.0290227
