,Current,Voltage
0,0.0,0.000355244
1,0.0002,0.00836849
2,0.0004,0.0164032
3,0.0006,0.0243735
4,0.0008,0.0324011
5,0.001,0.0403857
