,Current,Voltage
0,0.0,0.000152588
1,0.0002,0.0017786
2,0.0004,0.00335455
3,0.0006,0.0048852
4,0.0008,0.00649691
5,0.001,0.00808239
