,Current,Voltage
0,0.0,0.000224113
1,0.0002,0.0041914
2,0.0004,0.00816345
3,0.0006,0.0120592
4,0.0008,0.0159693
5,0.001,0.0199032
