,Current,Voltage
0,0.0,0.000612736
1,0.0002,0.0210381
2,0.0004,0.0415444
3,0.0006,0.0619149
4,0.0008,0.0824738
5,0.001,0.10278
