,Current,Voltage
0,0.0,0.000157356
1,0.0002,0.0018096
2,0.0004,0.00345945
3,0.0006,0.00504255
4,0.0008,0.00665188
5,0.001,0.00825882
