,Current,Voltage
0,0.0,0.000538826
1,0.0002,0.0163126
2,0.0004,0.0321198
3,0.0006,0.0478196
4,0.0008,0.0636172
5,0.001,0.0793219
