,Current,Voltage
0,0.0,0.00349331
1,8e-10,0.0106535
2,1.6e-09,0.0177903
3,2.4e-09,0.0249543
4,3.2e-09,0.0320852
5,4e-09,0.0392308
