,Current,Voltage
0,0.0,0.00356054
1,8e-10,0.00990009
2,1.6e-09,0.0162594
3,2.4e-09,0.0225976
4,3.2e-09,0.0289335
5,4e-09,0.0352752
