,Current,Voltage
0,0.0,0.00634861
1,8e-10,0.0214791
2,1.6e-09,0.0365577
3,2.4e-09,0.0516572
4,3.2e-09,0.0667515
5,4e-09,0.0818872
