,Current,Voltage
0,0.0,0.0128748
1,8e-10,0.0349951
2,1.6e-09,0.0570021
3,2.4e-09,0.0790551
4,3.2e-09,0.101044
5,4e-09,0.123064
