,Current,Voltage
0,0.0,0.00831342
1,8e-10,0.0253077
2,1.6e-09,0.0422752
3,2.4e-09,0.0592263
4,3.2e-09,0.0761588
5,4e-09,0.0931337
