,Current,Voltage
0,0.0,0.000228882
1,0.0002,0.00597954
2,0.0004,0.0117183
3,0.0006,0.0173974
4,0.0008,0.0231099
5,0.001,0.0288081
