,Current,Voltage
0,0.0,0.000219345
1,0.0002,0.00305891
2,0.0004,0.00591516
3,0.0006,0.00875473
4,0.0008,0.0115991
5,0.001,0.0143909
