,Current,Voltage
0,0.0,0.000214577
1,0.0002,0.00621796
2,0.0004,0.0121164
3,0.0006,0.0180531
4,0.0008,0.0239921
5,0.001,0.0298572
