,Current,Voltage
0,0.0,0.000212193
1,0.0002,0.00348806
2,0.0004,0.0067544
3,0.0006,0.0099802
4,0.0008,0.0132251
5,0.001,0.016427
