,Current,Voltage
0,0.0,0.000255108
1,0.0002,0.00410557
2,0.0004,0.00792742
3,0.0006,0.0117254
4,0.0008,0.0155759
5,0.001,0.019362
