,Current,Voltage
0,0.0,0.00020504
1,0.0002,0.00436544
2,0.0004,0.00850677
3,0.0006,0.0126362
4,0.0008,0.016737
5,0.001,0.0208807
