,Current,Voltage
0,0.0,0.000245571
1,0.0002,0.00589371
2,0.0004,0.0115776
3,0.0006,0.01719
4,0.0008,0.0228882
5,0.001,0.0284648
