,Current,Voltage
0,0.0,0.000224113
1,0.0002,0.00385761
2,0.0004,0.00746965
3,0.0006,0.0110602
4,0.0008,0.0146675
5,0.001,0.0182748
