,Current,Voltage
0,0.0,0.000185966
1,0.0002,0.00368834
2,0.0004,0.00713587
3,0.0006,0.0106096
4,0.0008,0.0140429
5,0.001,0.0174856
