,Current,Voltage
0,0.0,0.000135899
1,0.0002,0.00303745
2,0.0004,0.00585794
3,0.0006,0.00863075
4,0.0008,0.0114536
5,0.001,0.0142288
