,Current,Voltage
0,0.0,0.000121593
1,0.0002,0.00340223
2,0.0004,0.00658989
3,0.0006,0.00976086
4,0.0008,0.01297
5,0.001,0.0161386
