,Current,Voltage
0,0.0,0.00014782
1,0.0002,0.00328302
2,0.0004,0.00635624
3,0.0006,0.00937939
4,0.0008,0.0124955
5,0.001,0.0155544
