,Current,Voltage
0,0.0,0.000228882
1,0.0002,0.00378609
2,0.0004,0.0072813
3,0.0006,0.0107837
4,0.0008,0.0142932
5,0.001,0.0178218
