,Current,Voltage
0,0.0,0.000119209
1,0.0002,0.00285387
2,0.0004,0.00558853
3,0.0006,0.0082612
4,0.0008,0.0109506
5,0.001,0.0136495
