,Current,Voltage
0,0.0,0.000171661
1,0.0002,0.00367165
2,0.0004,0.00716925
3,0.0006,0.0105834
4,0.0008,0.0140285
5,0.001,0.0174451
