,Current,Voltage
0,0.0,0.00023365
1,0.0002,0.00409842
2,0.0004,0.00797987
3,0.0006,0.0118232
4,0.0008,0.0157118
5,0.001,0.0195694
