,Current,Voltage
0,0.0,0.000207424
1,0.0002,0.00510931
2,0.0004,0.0100088
3,0.0006,0.0148273
4,0.0008,0.0197029
5,0.001,0.024538
