,Current,Voltage
0,0.0,0.000224113
1,0.0002,0.00370979
2,0.0004,0.00719547
3,0.0006,0.0106311
4,0.0008,0.0141382
5,0.001,0.017581
