,Current,Voltage
0,0.0,0.000219345
1,0.0002,0.00403166
2,0.0004,0.00779152
3,0.0006,0.0115681
4,0.0008,0.0153255
5,0.001,0.0190902
