,Current,Voltage
0,0.0,0.000219345
1,0.0002,0.00326872
2,0.0004,0.00628471
3,0.0006,0.00926495
4,0.0008,0.0122881
5,0.001,0.0152993
