,Current,Voltage
0,0.0,0.000200272
1,0.0002,0.00406265
2,0.0004,0.00791311
3,0.0006,0.0117135
4,0.0008,0.0155735
5,0.001,0.019362
