,Current,Voltage
0,0.0,-6.67572e-05
1,0.0002,3.56016
2,0.0004,6.70662
3,0.0006,9.98549
4,0.0008,10.0019
5,0.001,10.0019
