,Current,Voltage
0,0.0,0.000169277
1,0.0002,0.00440836
2,0.0004,0.00868559
3,0.0006,0.0128078
4,0.0008,0.0170112
5,0.001,0.0211859
