,Current,Voltage
0,0.0,0.000128746
1,0.0002,0.77306
2,0.0004,4.21418
3,0.0006,7.78898
4,0.0008,10.002
5,0.001,10.002
