,Current,Voltage
0,0.0,0.000169277
1,0.0002,0.00475883
2,0.0004,0.00930309
3,0.0006,0.0138307
4,0.0008,0.0183678
5,0.001,0.0228977
