,Current,Voltage
0,0.0,0.000200272
1,0.0002,0.00515699
2,0.0004,0.0100636
3,0.0006,0.0149083
4,0.0008,0.0198483
5,0.001,0.0247383
