,Current,Voltage
0,0.0,0.000135899
1,0.0002,3.12467
2,0.0004,8.05113
3,0.0006,10.0021
4,0.0008,10.002
5,0.001,10.0019
