,Current,Voltage
0,0.0,0.000314713
1,0.0002,0.00941753
2,0.0004,0.0185633
3,0.0006,0.0276256
4,0.0008,0.0367689
5,0.001,0.0458145
