,Current,Voltage
0,0.0,0.000145435
1,0.0002,0.00371695
2,0.0004,0.00720978
3,0.0006,0.0106812
4,0.0008,0.0141716
5,0.001,0.0176477
