,Current,Voltage
0,0.0,0.000183582
1,0.0002,0.00367165
2,0.0004,0.00711441
3,0.0006,0.0104833
4,0.0008,0.0138974
5,0.001,0.0173354
