,Current,Voltage
0,0.0,0.000181198
1,0.0002,0.00359058
2,0.0004,0.00689745
3,0.0006,0.0102234
4,0.0008,0.013597
5,0.001,0.0169253
