,Current,Voltage
0,0.0,0.00020504
1,0.0002,0.0041008
2,0.0004,0.00801325
3,0.0006,0.0118375
4,0.0008,0.0157475
5,0.001,0.0195861
