,Current,Voltage
0,0.0,0.000193119
1,0.0002,0.00467062
2,0.0004,0.00913143
3,0.0006,0.0135136
4,0.0008,0.0179887
5,0.001,0.0223756
