,Current,Voltage
0,0.0,0.000188351
1,0.0002,0.0047183
2,0.0004,0.00924826
3,0.0006,0.0137186
4,0.0008,0.0181937
5,0.001,0.0226855
