,Current,Voltage
0,0.0,0.00020504
1,0.0002,0.00398159
2,0.0004,0.00773907
3,0.0006,0.0114727
4,0.0008,0.0151825
5,0.001,0.0189114
