,Current,Voltage
0,0.0,0.000126362
1,0.0002,0.00332832
2,0.0004,0.0064683
3,0.0006,0.00956774
4,0.0008,0.012722
5,0.001,0.0158215
