,Current,Voltage
0,0.0,0.000121593
1,0.0002,0.00287294
2,0.0004,0.0055933
3,0.0006,0.00833273
4,0.0008,0.0109696
5,0.001,0.0136852
