,Current,Voltage
0,0.0,0.000214577
1,0.0002,0.00391483
2,0.0004,0.00758171
3,0.0006,0.0112247
4,0.0008,0.014894
5,0.001,0.0185728
