,Current,Voltage
0,0.0,0.000193119
1,0.0002,0.00597477
2,0.0004,0.0117278
3,0.0006,0.0174022
4,0.0008,0.0231552
5,0.001,0.0288892
