,Current,Voltage
0,0.0,0.000190735
1,0.0002,0.00459671
2,0.0004,0.00898838
3,0.0006,0.0133467
4,0.0008,0.0177479
5,0.001,0.0220728
