,Current,Voltage
0,0.0,0.000174046
1,0.0002,0.0048852
2,0.0004,0.00957966
3,0.0006,0.0141883
4,0.0008,0.0188756
5,0.001,0.0235224
