,Current,Voltage
0,0.0,0.000247955
1,0.0002,0.00632286
2,0.0004,0.0124264
3,0.0006,0.0184822
4,0.0008,0.0246215
5,0.001,0.0306392
