,Current,Voltage
0,0.0,0.000174046
1,0.0002,0.00327826
2,0.0004,0.00643969
3,0.0006,0.00952005
4,0.0008,0.0126052
5,0.001,0.0157142
