,Current,Voltage
0,0.0,0.000195503
1,0.0002,0.00403881
2,0.0004,0.00786066
3,0.0006,0.0116563
4,0.0008,0.0154638
5,0.001,0.0191975
