,Current,Voltage
0,0.0,0.000190735
1,0.0002,0.00375748
2,0.0004,0.00734329
3,0.0006,0.0108147
4,0.0008,0.0143576
5,0.001,0.0178123
