,Current,Voltage
0,0.0,0.000202656
1,0.0002,0.00370026
2,0.0004,0.00716209
3,0.0006,0.0105929
4,0.0008,0.0140858
5,0.001,0.0174809
