,Current,Voltage
0,0.0,0.000133514
1,0.0002,1.13448
2,0.0004,4.77678
3,0.0006,8.62458
4,0.0008,10.002
5,0.001,10.0019
