,Current,Voltage
0,0.0,0.000216961
1,0.0002,0.00365734
2,0.0004,0.00709772
3,0.0006,0.0104737
4,0.0008,0.0139451
5,0.001,0.0173235
