,Current,Voltage
0,0.0,0.000185966
1,0.0002,0.00299931
2,0.0004,0.00581741
3,0.0006,0.00858784
4,0.0008,0.0113773
5,0.001,0.0141335
