,Current,Voltage
0,0.0,0.000226498
1,0.0002,0.00311375
2,0.0004,0.00592232
3,0.0006,0.00879288
4,0.0008,0.0116038
5,0.001,0.0144529
