,Current,Voltage
0,0.0,0.0119493
1,8e-10,0.0189135
2,1.6e-09,0.025687
3,2.4e-09,0.0324893
4,3.2e-09,0.0392313
5,4e-09,0.0459929
