,Current,Voltage
0,0.0,0.0737143
1,0.0002,0.102255
2,0.0004,0.123792
3,0.0006,0.139952
4,0.0008,0.153589
5,0.001,0.165124
