,Current,Voltage
0,0.0,0.000576973
1,0.0002,0.0206065
2,0.0004,0.040791
3,0.0006,0.0606894
4,0.0008,0.0808334
5,0.001,0.100749
