,Current,Voltage
0,0.0,0.000126362
1,0.0002,0.00398874
2,0.0004,0.00777483
3,0.0006,0.0115442
4,0.0008,0.0153589
5,0.001,0.0191259
