,Current,Voltage
0,0.0,0.000152588
1,0.0002,0.00237465
2,0.0004,0.00457525
3,0.0006,0.00674486
4,0.0008,0.00893831
5,0.001,0.0111341
