,Current,Voltage
0,0.0,0.000193119
1,0.0002,0.0045681
2,0.0004,0.00894308
3,0.0006,0.0132847
4,0.0008,0.0176573
5,0.001,0.0219703
