,Current,Voltage
0,0.0,0.000145435
1,0.0002,0.00341892
2,0.0004,0.00665665
3,0.0006,0.00988722
4,0.0008,0.0131249
5,0.001,0.0162983
