,Current,Voltage
0,0.0,0.000123978
1,0.0002,0.00213146
2,0.0004,0.00407934
3,0.0006,0.00603914
4,0.0008,0.00796795
5,0.001,0.00990391
