,Current,Voltage
0,0.0,0.000202656
1,0.0002,0.00524759
2,0.0004,0.0102568
3,0.0006,10.0021
4,0.0008,10.0021
5,0.001,10.0019
