,Current,Voltage
0,0.0,9.77516e-05
1,0.0002,0.00123978
2,0.0004,0.00231266
3,0.0006,0.00337124
4,0.0008,0.0044322
5,0.001,0.00551224
