,Current,Voltage
0,0.0,0.000133514
1,0.0002,0.00153542
2,0.0004,0.00284195
3,0.0006,0.0041461
4,0.0008,0.00550508
5,0.001,0.00681639
