,Current,Voltage
0,0.0,0.000188351
1,0.0002,0.00140667
2,0.0004,0.00259161
3,0.0006,0.0037837
4,0.0008,0.0049758
5,0.001,0.0061512
