,Current,Voltage
0,0.0,0.000107288
1,0.0002,0.00111818
2,0.0004,0.00211239
3,0.0006,0.0030756
4,0.0008,0.00403643
5,0.001,0.00501633
