,Current,Voltage
0,0.0,0.000112057
1,0.0002,0.00142097
2,0.0004,0.00268221
3,0.0006,0.00390768
4,0.0008,0.00518799
5,0.001,0.00641823
