,Current,Voltage
0,0.0,0.000121593
1,0.0002,0.00156403
2,0.0004,0.00296116
3,0.0006,0.00436544
4,0.0008,0.00571489
5,0.001,0.00710487
