,Current,Voltage
0,0.0,0.000152588
1,0.0002,0.00219584
2,0.0004,0.00424147
3,0.0006,0.00620842
4,0.0008,0.00823736
5,0.001,0.0102568
