,Current,Voltage
0,0.0,0.000126362
1,0.0002,0.00157595
2,0.0004,0.00300407
3,0.0006,0.00439882
4,0.0008,0.00581503
5,0.001,0.00721216
