,Current,Voltage
0,0.0,0.000162125
1,0.0002,0.00151396
2,0.0004,0.00280142
3,0.0006,0.00408411
4,0.0008,0.00544786
5,0.001,0.00669479
