,Current,Voltage
0,0.0,0.000152588
1,0.0002,0.00143528
2,0.0004,0.0026679
3,0.0006,0.00390768
4,0.0008,0.00517607
5,0.001,0.00639439
