,Current,Voltage
0,0.0,0.000138283
1,0.0002,0.00184059
2,0.0004,0.00354767
3,0.0006,0.00525236
4,0.0008,0.00692368
5,0.001,0.00857592
