,Current,Voltage
0,0.0,0.000140667
1,0.0002,0.00150204
2,0.0004,0.00286341
3,0.0006,0.00422001
4,0.0008,0.00549793
5,0.001,0.00682354
