,Current,Voltage
0,0.0,0.000162125
1,0.0002,0.00145912
2,0.0004,0.00271559
3,0.0006,0.00397921
4,0.0008,0.00524998
5,0.001,0.00655651
