,Current,Voltage
0,0.0,0.000162125
1,0.0002,0.00118017
2,0.0004,0.00218391
3,0.0006,0.0031662
4,0.0008,0.00418425
5,0.001,0.00515938
