,Current,Voltage
0,0.0,0.000114441
1,0.0002,0.00141859
2,0.0004,0.00257492
3,0.0006,0.00378609
4,0.0008,0.0049305
5,0.001,0.0061512
