,Current,Voltage
0,0.0,0.000126362
1,0.0002,0.00198126
2,0.0004,0.0037241
3,0.0006,0.00550747
4,0.0008,0.0072813
5,0.001,0.00905514
