,Current,Voltage
0,0.0,0.000169277
1,0.0002,0.00151873
2,0.0004,0.00281096
3,0.0006,0.00415087
4,0.0008,0.00542641
5,0.001,0.00674248
