,Current,Voltage
0,0.0,0.000107288
1,0.0002,0.00163317
2,0.0004,0.00311613
3,0.0006,0.00457287
4,0.0008,0.0061059
5,0.001,0.00752211
