,Current,Voltage
0,0.0,0.00014782
1,0.0002,0.00147343
2,0.0004,0.00268936
3,0.0006,0.00391722
4,0.0008,0.00518084
5,0.001,0.00638962
