,Current,Voltage
0,0.0,0.000143051
1,0.0002,0.00333786
2,0.0004,0.0064683
3,0.0006,0.00956535
4,0.0008,0.0127053
5,0.001,0.0157928
