,Current,Voltage
0,0.0,8.10623e-05
1,0.0002,0.00119925
2,0.0004,0.00221252
3,0.0006,0.00324965
4,0.0008,0.00428438
5,0.001,0.00533342
