,Current,Voltage
0,0.0,0.000116825
1,0.0002,0.00112534
2,0.0004,0.00210285
3,0.0006,0.00304222
4,0.0008,0.00400782
5,0.001,0.00494242
