,Current,Voltage
0,0.0,9.77516e-05
1,0.0002,0.00165939
2,0.0004,0.00316381
3,0.0006,0.00464439
4,0.0008,0.00614166
5,0.001,0.00765562
