,Current,Voltage
0,0.0,0.000104904
1,0.0002,0.00111818
2,0.0004,0.00200987
3,0.0006,0.00297785
4,0.0008,0.00389338
5,0.001,0.00480413
