,Current,Voltage
0,0.0,0.000178814
1,0.0002,0.00141621
2,0.0004,0.00264883
3,0.0006,0.0038743
4,0.0008,0.00507593
5,0.001,0.00631332
