,Current,Voltage
0,0.0,0.000140667
1,0.0002,0.00142574
2,0.0004,0.00270605
3,0.0006,0.00392437
4,0.0008,0.00519037
5,0.001,0.00642538
