,Current,Voltage
0,0.0,0.000133514
1,0.0002,0.00147343
2,0.0004,0.00279427
3,0.0006,0.00408649
4,0.0008,0.00539064
5,0.001,0.00669003
