,Current,Voltage
0,0.0,0.000171661
1,0.0002,0.00135899
2,0.0004,0.00257015
3,0.0006,0.00373125
4,0.0008,0.00491142
5,0.001,0.00609636
