,Current,Voltage
0,0.0,0.000121593
1,0.0002,0.00142813
2,0.0004,0.00267267
3,0.0006,0.00397444
4,0.0008,0.00519276
5,0.001,0.00643969
