,Current,Voltage
0,0.0,0.00017643
1,0.0002,0.00182867
2,0.0004,0.00350475
3,0.0006,0.00516176
4,0.0008,0.00679731
5,0.001,0.00844717
