,Current,Voltage
0,0.0,0.000157356
1,0.0002,0.001297
2,0.0004,0.00240564
3,0.0006,0.00349522
4,0.0008,0.0046134
5,0.001,0.00569105
