,Current,Voltage
0,0.0,9.05991e-05
1,0.0002,0.00142574
2,0.0004,0.00267744
3,0.0006,0.00392675
4,0.0008,0.00520229
5,0.001,0.00646591
