,Current,Voltage
0,0.0,0.00013113
1,0.0002,0.00116825
2,0.0004,0.0021553
3,0.0006,0.00314474
4,0.0008,0.00410557
5,0.001,0.00505686
