,Current,Voltage
0,0.0,0.000166893
1,0.0002,0.0023675
2,0.0004,0.00453949
3,0.0006,0.00667572
4,0.0008,0.0088644
5,0.001,0.0110054
