,Current,Voltage
0,0.0,0.000119209
1,0.0002,0.000958443
2,0.0004,0.0017643
3,0.0006,0.002563
4,0.0008,0.00333786
5,0.001,0.00416279
