,Current,Voltage
0,0.0,0.000174046
1,0.0002,0.00147104
2,0.0004,0.00276327
3,0.0006,0.00400066
4,0.0008,0.00532866
5,0.001,0.00657797
