,Current,Voltage
0,0.0,0.000145435
1,0.0002,0.00175714
2,0.0004,0.00330925
3,0.0006,0.00488997
4,0.0008,0.00642776
5,0.001,0.00796318
