,Current,Voltage
0,0.0,0.000143051
1,0.0002,0.00139475
2,0.0004,0.00259161
3,0.0006,0.00377655
4,0.0008,0.00498772
5,0.001,0.00615358
