,Current,Voltage
0,0.0,0.000162125
1,0.0002,0.00436068
2,0.0004,0.00852823
3,0.0006,0.0126266
4,0.0008,0.0167942
5,0.001,0.0209045
