,Current,Voltage
0,0.0,9.29832e-05
1,0.0002,0.00147581
2,0.0004,0.00279903
3,0.0006,0.00409126
4,0.0008,0.00544786
5,0.001,0.00674009
