,Current,Voltage
0,0.0,0.000145435
1,0.0002,0.00133753
2,0.0004,0.00249863
3,0.0006,0.00366449
4,0.0008,0.00482559
5,0.001,0.00599146
