,Current,Voltage
0,0.0,0.000126362
1,0.0002,0.00163317
2,0.0004,0.00302076
3,0.0006,0.00447035
4,0.0008,0.00590801
5,0.001,0.00731945
