,Current,Voltage
0,0.0,0.00014782
1,0.0002,0.001297
2,0.0004,0.00239849
3,0.0006,0.00348806
4,0.0008,0.00460863
5,0.001,0.00564814
