,Current,Voltage
0,0.0,0.000114441
1,0.0002,0.00138998
2,0.0004,0.00264883
3,0.0006,0.0039196
4,0.0008,0.00515699
5,0.001,0.00641584
