,Current,Voltage
0,0.0,0.000157356
1,0.0002,0.00199318
2,0.0004,0.00379324
3,0.0006,0.0055933
4,0.0008,0.00739098
5,0.001,0.00920057
