,Current,Voltage
0,0.0,0.000152588
1,0.0002,0.00142336
2,0.0004,0.0026536
3,0.0006,0.00388622
4,0.0008,0.00513077
5,0.001,0.00639439
