,Current,Voltage
0,0.0,0.000138283
1,0.0002,0.0022006
2,0.0004,0.00421286
3,0.0006,0.00618458
4,0.0008,0.00821114
5,0.001,0.0102019
