,Current,Voltage
0,0.0,0.000154972
1,0.0002,0.00232697
2,0.0004,0.00443459
3,0.0006,0.00649214
4,0.0008,0.00860691
5,0.001,0.0107074
