,Current,Voltage
0,0.0,0.000154972
1,0.0002,0.00111341
2,0.0004,0.0019908
3,0.0006,0.00288725
4,0.0008,0.00377655
5,0.001,0.00469923
