,Current,Voltage
0,0.0,0.000143051
1,0.0002,0.00200033
2,0.0004,0.00380516
3,0.0006,0.00559568
4,0.0008,0.00738382
5,0.001,0.00916481
