,Current,Voltage
0,0.0,0.00013113
1,0.0002,0.00123501
2,0.0004,0.00233889
3,0.0006,0.00335693
4,0.0008,0.0044179
5,0.001,0.00545979
