,Current,Voltage
0,0.0,0.000171661
1,0.0002,0.000851154
2,0.0004,0.00145674
3,0.0006,0.00212193
4,0.0008,0.0027585
5,0.001,0.00338078
