,Current,Voltage
0,0.0,0.00721574
1,8e-10,0.0211084
2,1.6e-09,0.0349851
3,2.4e-09,0.0488696
4,3.2e-09,0.0627301
5,4e-09,0.0766218
