,Current,Voltage
0,0.0,0.000128746
1,0.0002,0.00115395
2,0.0004,0.0021553
3,0.0006,0.00315428
4,0.0008,0.00413656
5,0.001,0.005126
