,Current,Voltage
0,0.0,0.000143051
1,0.0002,0.00132322
2,0.0004,0.00247717
3,0.0006,0.00356674
4,0.0008,0.0047493
5,0.001,0.00582933
