,Current,Voltage
0,0.0,0.000114441
1,0.0002,0.00108004
2,0.0004,0.00201464
3,0.0006,0.00290394
4,0.0008,0.00381947
5,0.001,0.0047183
