,Current,Voltage
0,0.0,0.000154972
1,0.0002,0.0012207
2,0.0004,0.00223398
3,0.0006,0.00323057
4,0.0008,0.00429392
5,0.001,0.00528812
