,Current,Voltage
0,0.0,0.000135899
1,0.0002,0.000984669
2,0.0004,0.0018692
3,0.0006,0.00265837
4,0.0008,0.00348568
5,0.001,0.00435114
