,Current,Voltage
0,0.0,0.000100136
1,0.0002,0.00147104
2,0.0004,0.00277281
3,0.0006,0.00405788
4,0.0008,0.00536203
5,0.001,0.00666618
