,Current,Voltage
0,0.0,9.77516e-05
1,0.0002,0.0015974
2,0.0004,0.00307083
3,0.0006,0.00446081
4,0.0008,0.00590801
5,0.001,0.00734568
