,Current,Voltage
0,0.0,6.67572e-05
1,0.0002,0.0011158
2,0.0004,0.00209332
3,0.0006,0.0030899
4,0.0008,0.00403881
5,0.001,0.00505686
