,Current,Voltage
0,0.0,0.000112057
1,0.0002,0.00144243
2,0.0004,0.00271797
3,0.0006,0.00395298
4,0.0008,0.0052166
5,0.001,0.00648737
