,Current,Voltage
0,0.0,0.000116825
1,0.0002,0.00103235
2,0.0004,0.00192165
3,0.0006,0.0027585
4,0.0008,0.00365734
5,0.001,0.0045681
