,Current,Voltage
0,0.0,0.000114441
1,0.0002,0.00114918
2,0.0004,0.00213623
3,0.0006,0.00309944
4,0.0008,0.00410318
5,0.001,0.00506639
