,Current,Voltage
0,0.0,0.000112057
1,0.0002,0.00153542
2,0.0004,0.00290394
3,0.0006,0.0042963
4,0.0008,0.00562429
5,0.001,0.00697613
