,Current,Voltage
0,0.0,0.000133514
1,0.0002,0.00234127
2,0.0004,0.00455856
3,0.0006,0.00674248
4,0.0008,0.0089097
5,0.001,0.0111008
