,Current,Voltage
0,0.0,7.62939e-05
1,0.0002,0.00123978
2,0.0004,0.00233173
3,0.0006,0.00344515
4,0.0008,0.00448465
5,0.001,0.00555515
