,Current,Voltage
0,0.0,9.29832e-05
1,0.0002,0.00104189
2,0.0004,0.00195503
3,0.0006,0.00280857
4,0.0008,0.00365496
5,0.001,0.00452995
