,Current,Voltage
0,0.0,0.000143051
1,0.0002,0.00102997
2,0.0004,0.0018549
3,0.0006,0.00272036
4,0.0008,0.00356913
5,0.001,0.00442266
