,Current,Voltage
0,0.0,8.34465e-05
1,0.0002,0.00145674
2,0.0004,0.00272989
3,0.0006,0.00398874
4,0.0008,0.00530243
5,0.001,0.00656128
