,Current,Voltage
0,0.0,7.39098e-05
1,0.0002,0.00118256
2,0.0004,0.00227213
3,0.0006,0.00332117
4,0.0008,0.00437498
5,0.001,0.00540018
