,Current,Voltage
0,0.0,0.000143051
1,0.0002,0.00115395
2,0.0004,0.00205755
3,0.0006,0.00297308
4,0.0008,0.00393152
5,0.001,0.00481844
