,Current,Voltage
0,0.0,0.000100136
1,0.0002,0.001297
2,0.0004,0.0024271
3,0.0006,0.00362635
4,0.0008,0.00470161
5,0.001,0.0058198
