,Current,Voltage
0,0.0,0.000109673
1,0.0002,0.00108242
2,0.0004,0.00201702
3,0.0006,0.0028801
4,0.0008,0.00381947
5,0.001,0.00473022
