,Current,Voltage
0,0.0,0.00014782
1,0.0002,0.00154972
2,0.0004,0.00287056
3,0.0006,0.00421524
4,0.0008,0.00557899
5,0.001,0.00694513
