,Current,Voltage
0,0.0,0.000138283
1,0.0002,0.00227451
2,0.0004,0.00429869
3,0.0006,0.00633478
4,0.0008,0.00843763
5,0.001,0.0104237
