,Current,Voltage
0,0.0,9.29832e-05
1,0.0002,0.0010705
2,0.0004,0.00196934
3,0.0006,0.00290394
4,0.0008,0.00381231
5,0.001,0.00468493
