,Current,Voltage
0,0.0,7.39098e-05
1,0.0002,0.0010848
2,0.0004,0.00207186
3,0.0006,0.00298977
4,0.0008,0.00394821
5,0.001,0.00490904
