,Current,Voltage
0,0.0,0.000123978
1,0.0002,0.00182629
2,0.0004,0.0034833
3,0.0006,0.00511169
4,0.0008,0.00676632
5,0.001,0.00840902
