,Current,Voltage
0,0.0,0.000128746
1,0.0002,0.00123978
2,0.0004,0.00232697
3,0.0006,0.00337601
4,0.0008,0.00444889
5,0.001,0.00555038
