,Current,Voltage
0,0.0,5.48363e-05
1,0.0002,0.00127316
2,0.0004,0.00239134
3,0.0006,0.00349998
4,0.0008,0.00464201
5,0.001,0.00576973
