,Current,Voltage
0,0.0,0.00010252
1,0.0002,0.00158072
2,0.0004,0.00300169
3,0.0006,0.00445604
4,0.0008,0.00583172
5,0.001,0.00727654
