,Current,Voltage
0,0.0,0.000152588
1,0.0002,0.00147104
2,0.0004,0.00277519
3,0.0006,0.00400066
4,0.0008,0.00525713
5,0.001,0.00655174
