,Current,Voltage
0,0.0,7.39098e-05
1,0.0002,0.00140905
2,0.0004,0.00265121
3,0.0006,0.00385523
4,0.0008,0.00512123
5,0.001,0.00637054
