,Current,Voltage
0,0.0,0.000114441
1,0.0002,0.00124931
2,0.0004,0.0023222
3,0.0006,0.00335217
4,0.0008,0.00442266
5,0.001,0.00546455
