,Current,Voltage
0,0.0,0.000107288
1,0.0002,0.00118971
2,0.0004,0.00225782
3,0.0006,0.00325203
4,0.0008,0.00424862
5,0.001,0.00530005
