,Current,Voltage
0,0.0,0.000114441
1,0.0002,0.00107288
2,0.0004,0.00195265
3,0.0006,0.00283003
4,0.0008,0.00369549
5,0.001,0.00459909
