,Current,Voltage
0,0.0,0.000104904
1,0.0002,0.00136852
2,0.0004,0.00253439
3,0.0006,0.00368118
4,0.0008,0.00487328
5,0.001,0.00602007
