,Current,Voltage
0,0.0,9.05991e-05
1,0.0002,0.00102997
2,0.0004,0.00186205
3,0.0006,0.00267744
4,0.0008,0.00352383
5,0.001,0.00436544
