,Current,Voltage
0,0.0,0.00013113
1,0.0002,0.00110626
2,0.0004,0.00204325
3,0.0006,0.00295639
4,0.0008,0.00385523
5,0.001,0.00477314
