,Current,Voltage
0,0.0,8.82149e-05
1,0.0002,0.00148296
2,0.0004,0.00281096
3,0.0006,0.00416756
4,0.0008,0.00549793
5,0.001,0.00682116
