,Current,Voltage
0,0.0,8.82149e-05
1,0.0002,0.00110149
2,0.0004,0.00210524
3,0.0006,0.00304699
4,0.0008,0.00406742
5,0.001,0.00502348
