,Current,Voltage
0,0.0,0.000116825
1,0.0002,0.00111341
2,0.0004,0.00202894
3,0.0006,0.00296593
4,0.0008,0.00388145
5,0.001,0.00479698
