,Current,Voltage
0,0.0,0.000119209
1,0.0002,0.0009799
2,0.0004,0.00185966
3,0.0006,0.00271082
4,0.0008,0.00360966
5,0.001,0.00444889
