,Current,Voltage
0,0.0,0.000116825
1,0.0002,0.000965595
2,0.0004,0.00174046
3,0.0006,0.00257015
4,0.0008,0.0033474
5,0.001,0.00411987
