,Current,Voltage
0,0.0,0.000116825
1,0.0002,0.00147581
2,0.0004,0.00272274
3,0.0006,0.00397682
4,0.0008,0.00521421
5,0.001,0.0064826
