,Current,Voltage
0,0.0,0.000140667
1,0.0002,0.00118494
2,0.0004,0.00215769
3,0.0006,0.00314951
4,0.0008,0.0041914
5,0.001,0.0051403
