,Current,Voltage
0,0.0,4.29153e-05
1,0.0002,0.00101328
2,0.0004,0.00198364
3,0.0006,0.00282526
4,0.0008,0.00378609
5,0.001,0.00469208
