,Current,Voltage
0,0.0,0.000226498
1,0.0002,0.00489712
2,0.0004,0.00954866
3,0.0006,0.0141406
4,0.0008,0.0187683
5,0.001,0.0233722
