,Current,Voltage
0,0.0,0.00010252
1,0.0002,0.00154734
2,0.0004,0.00287771
3,0.0006,0.00424147
4,0.0008,0.00559807
5,0.001,0.00696182
