,Current,Voltage
0,0.0,0.000154972
1,0.0002,0.0011754
2,0.0004,0.00212193
3,0.0006,0.00306129
4,0.0008,0.00403881
5,0.001,0.00497818
