,Current,Voltage
0,0.0,0.000140667
1,0.0002,0.00176907
2,0.0004,0.00338316
3,0.0006,0.00495195
4,0.0008,0.00656128
5,0.001,0.00813246
