,Current,Voltage
0,0.0,0.00015974
1,0.0002,0.00233173
2,0.0004,0.00443935
3,0.0006,0.00657558
4,0.0008,0.00866175
5,0.001,0.0107312
