,Current,Voltage
0,0.0,0.00025034
1,0.0002,0.00682116
2,0.0004,0.0133085
3,0.0006,0.0198102
4,0.0008,0.0263047
5,0.001,0.0327659
