,Current,Voltage
0,0.0,8.82149e-05
1,0.0002,0.00180244
2,0.0004,0.00340223
3,0.0006,0.00500917
4,0.0008,0.00660181
5,0.001,0.00823259
