,Current,Voltage
0,0.0,8.82149e-05
1,0.0002,-0.00030756
2,0.0004,-0.000748634
3,0.0006,0.883577
4,0.0008,2.28674
5,0.001,3.79353
