,Current,Voltage
0,0.0,0.00015974
1,0.0002,0.00259399
2,0.0004,0.00500679
3,0.0006,0.0074172
4,0.0008,0.00977993
5,0.001,0.0121856
