,Current,Voltage
0,0.0,0.000121593
1,0.0002,0.00204563
2,0.0004,0.00398636
3,0.0006,0.00582457
4,0.0008,0.00775337
5,0.001,0.00959158
