,Current,Voltage
0,0.0,0.000188351
1,0.0002,0.00290632
2,0.0004,0.00561953
3,0.0006,0.00827551
4,0.0008,0.0109625
5,0.001,0.0136352
