,Current,Voltage
0,0.0,0.00077486
1,0.0002,0.0284743
2,0.0004,0.0563264
3,0.0006,0.0840092
4,0.0008,0.112572
5,0.001,0.123637
