,Current,Voltage
0,0.0,0.000114441
1,0.0002,0.00194788
2,0.0004,0.00375748
3,0.0006,0.00552893
4,0.0008,0.00728369
5,0.001,0.00905275
