,Current,Voltage
0,0.0,0.000138283
1,0.0002,0.00217915
2,0.0004,0.00414848
3,0.0006,0.00612497
4,0.0008,0.008111
5,0.001,0.0100446
