,Current,Voltage
0,0.0,0.000112057
1,0.0002,0.00183582
2,0.0004,0.00353575
3,0.0006,0.0052166
4,0.0008,0.00688314
5,0.001,0.00856638
