,Current,Voltage
0,0.0,0.000174046
1,0.0002,0.00283718
2,0.0004,0.00543118
3,0.0006,0.00804186
4,0.0008,0.0106168
5,0.001,0.0131965
