,Current,Voltage
0,0.0,0.000269413
1,0.0002,0.00750065
2,0.0004,0.0146794
3,0.0006,0.0218153
4,0.0008,0.0290298
5,0.001,0.0361371
