,Current,Voltage
0,0.0,0.000104904
1,0.0002,0.00172615
2,0.0004,0.00332832
3,0.0006,0.00481844
4,0.0008,0.00643492
5,0.001,0.00794888
