,Current,Voltage
0,0.0,0.000126362
1,0.0002,0.00189543
2,0.0004,0.00361204
3,0.0006,0.00531435
4,0.0008,0.00703335
5,0.001,0.0087142
