,Current,Voltage
0,0.0,0.000171661
1,0.0002,0.00111341
2,0.0004,0.00198841
3,0.0006,0.00294209
4,0.0008,0.00381947
5,0.001,0.0047183
