,Current,Voltage
0,0.0,0.000121593
1,0.0002,0.00184059
2,0.0004,0.00351191
3,0.0006,0.0051856
4,0.0008,0.00685453
5,0.001,10.0022
