,Current,Voltage
0,0.0,0.000164509
1,0.0002,0.00281811
2,0.0004,0.00536442
3,0.0006,0.00795126
4,0.0008,0.0104976
5,0.001,0.0130653
