,Current,Voltage
0,0.0,0.000164509
1,0.0002,0.00168085
2,0.0004,0.00313282
3,0.0006,0.00460386
4,0.0008,0.00604868
5,0.001,0.0074935
