,Current,Voltage
0,0.0,0.000166893
1,0.0002,0.00402689
2,0.0004,0.00782013
3,0.0006,0.0115871
4,0.0008,0.0154185
5,0.001,0.0191808
