,Current,Voltage
0,0.0,0.000152588
1,0.0002,0.00155449
2,0.0004,0.00295162
3,0.0006,0.00436306
4,0.0008,0.00573874
5,0.001,0.00713348
