,Current,Voltage
0,0.0,0.000112057
1,0.0002,0.00159502
2,0.0004,0.00302553
3,0.0006,0.00442266
4,0.0008,0.00578165
5,0.001,0.00720739
