,Current,Voltage
0,0.0,0.000126362
1,0.0002,0.0021863
2,0.0004,0.00419378
3,0.0006,0.00617743
4,0.0008,0.00822783
5,0.001,0.0101376
