,Current,Voltage
0,0.0,0.000140667
1,0.0002,0.00213385
2,0.0004,0.00411034
3,0.0006,0.00605583
4,0.0008,0.00799417
5,0.001,0.00995159
