,Current,Voltage
0,0.0,0.00017643
1,0.0002,0.00369072
2,0.0004,0.00722885
3,0.0006,0.0106597
4,0.0008,0.0141668
5,0.001,0.0176191
