,Current,Voltage
0,0.0,0.000953674
1,0.0002,0.00340462
2,0.0004,0.00660658
3,0.0006,0.00976801
4,0.0008,0.0129557
5,0.001,0.0161099
