,Current,Voltage
0,0.0,0.00020504
1,0.0002,0.00403881
2,0.0004,0.00792742
3,0.0006,0.0116944
4,0.0008,0.0155139
5,0.001,0.0192857
