,Current,Voltage
0,0.0,0.000226498
1,0.0002,0.00323534
2,0.0004,0.00620604
3,0.0006,0.0091362
4,0.0008,0.0121307
5,0.001,0.0150418
