,Current,Voltage
0,0.0,0.000154972
1,0.0002,0.00231743
2,0.0004,0.00449419
3,0.0006,0.00657797
4,0.0008,0.00873327
5,0.001,0.010879
