,Current,Voltage
0,0.0,0.00010252
1,0.0002,-0.000145435
2,0.0004,-0.000431538
3,0.0006,-0.000760555
4,0.0008,-0.00100136
5,0.001,-0.0013423
