,Current,Voltage
0,0.0,0.000190735
1,0.0002,0.00347376
2,0.0004,0.00669956
3,0.0006,0.00989676
4,0.0008,0.0131488
5,0.001,0.0163507
