,Current,Voltage
0,0.0,0.000119209
1,0.0002,0.00175476
2,0.0004,0.0033164
3,0.0006,0.00485659
4,0.0008,0.00640631
5,0.001,0.00800371
