,Current,Voltage
0,0.0,0.000150204
1,0.0002,0.00183344
2,0.0004,0.00353336
3,0.0006,0.00518084
4,0.0008,0.00681162
5,0.001,0.00850677
