,Current,Voltage
0,0.0,0.000190735
1,0.0002,0.00288248
2,0.0004,0.00559568
3,0.0006,0.00821114
4,0.0008,0.0108576
5,0.001,0.0135469
