,Current,Voltage
0,0.0,0.00013113
1,0.0002,0.00038147
2,0.0004,0.000560284
3,0.0006,0.000748634
4,0.0008,0.000944138
5,0.001,0.00112534
