,Current,Voltage
0,0.0,0.000164509
1,0.0002,0.00196218
2,0.0004,0.00373363
3,0.0006,0.0054884
4,0.0008,0.00726461
5,0.001,0.00901699
