,Current,Voltage
0,0.0,0.000209808
1,0.0002,0.00311852
2,0.0004,0.00597954
3,0.0006,0.0088501
4,0.0008,0.0117207
5,0.001,0.0145864
