,Current,Voltage
0,0.0,0.000171661
1,0.0002,0.00353575
2,0.0004,0.00683784
3,0.0006,0.0100994
4,0.0008,0.0134492
5,0.001,0.016706
