,Current,Voltage
0,0.0,9.77516e-05
1,0.0002,0.00218391
2,0.0004,0.00422955
3,0.0006,0.0062108
4,0.0008,0.00823736
5,0.001,0.0102544
