,Current,Voltage
0,0.0,0.000476837
1,0.0002,0.0163388
2,0.0004,0.0322795
3,0.0006,0.0481153
4,0.0008,0.0640488
5,0.001,0.0798178
