{
  "mapping_offsets": [
    0.0,
    1.0,
    2.0,
    3.0,
    4.0,
    5.0,
    6.0
  ],
  "flir_offsets": [
    0,
    15,
    30
  ],
  "spin_speed": {
    "min": 100.0,
    "max": 3800.0,
    "value": {
      "0": 1000,
      "1": 1000,
      "2": 1000,
      "3": 1000,
      "4": 1000,
      "5": 1000,
      "6": 1000,
      "7": 1000,
      "8": 1000,
      "9": 1000
    },
    "units": "RPM",
    "optimize_with_chem_os": false
  },
  "spin_time": {
    "min": 10.0,
    "max": 120.0,
    "value": {
      "0": 60,
      "1": 60,
      "2": 60,
      "3": 60,
      "4": 60,
      "5": 60,
      "6": 60,
      "7": 60,
      "8": 60,
      "9": 60
    },
    "units": "s",
    "optimize_with_chem_os": false
  },
  "dispense_volume": {
    "min": 0.001,
    "max": 1.0,
    "value": 0.1,
    "units": "mL",
    "optimize_with_chem_os": false
  },
  "campaign_dispensed_amounts": {
    "spiro": {
      "chemical_name": "Spiro",
      "varied": false,
      "value": 0.07800000000000029,
      "units": "mg",
      "metadata": {
        "molar_weight_ mg": 1225.43,
        "concentration_mg_ml": 50,
        "requested_param": null,
        "requested_vol": 0.10057917469317255
      }
    },
    "cobalt": {
      "chemical_name": "FK102",
      "varied": true,
      "value": 0.08330000000000037,
      "units": "mg",
      "metadata": {
        "molar_weight_ mg": 1334.86,
        "concentration_mg_ml": 50,
        "requested_param": null,
        "requested_vol": 0.10775415864016083
      }
    },
    "tbp": {
      "chemical_name": "tBP",
      "varied": false,
      "value": 0.02939999999999987,
      "units": "mg",
      "metadata": {
        "molar_weight_ mg": 135.21,
        "concentration_mg_ml": 50,
        "requested_param": null,
        "requested_vol": 0.04166666666666667
      }
    },
    "annealing": {
      "varied": true,
      "value": 1.7501543462276459,
      "units": "s",
      "metadata": {}
    }
  },
  "properties": {
    "measurement_0": 2.276301516298578e-07,
    "measurement_1": 4.2615714520028286e-07,
    "measurement_2": 1.6025453250028675e-07,
    "measurement_3": 6.980742367684851e-07,
    "measurement_4": 1.3501015735528273e-07,
    "measurement_5": 3.039218449094366e-08,
    "measurement_6": 6.145645289329826e-09,
    "measurement_mean": 2.405234361763527e-07
  },
  "active_parameters_pickle_file": {
    "filename": "not yet defined"
  },
  "processes": {
    "x0": 0.9671384322275834,
    "x1": 0.8854154944419861
  },
  "chemOS": {
    "requested_params": {
      "x0": 0.9835099577903748,
      "x1": 0.0072923097759485245
    },
    "output_for_previous": {
      "campaign_name": "pseudomobility",
      "session_id": "dbad41d5-017b-4f35-b430-6be3f655fdb0",
      "experiment_id": "f4dba2b5-55b9-4896-98f8-50e2bfb11348",
      "execution_id": "31f4e035",
      "robot_id": "e0c4ac82",
      "processes": {
        "x0": 0.9671384322275834,
        "x1": 0.8854154944419861
      },
      "properties": {
        "measurement_0": 2.276301516298578e-07,
        "measurement_1": 4.2615714520028286e-07,
        "measurement_2": 1.6025453250028675e-07,
        "measurement_3": 6.980742367684851e-07,
        "measurement_4": 1.3501015735528273e-07,
        "measurement_5": 3.039218449094366e-08,
        "measurement_6": 6.145645289329826e-09,
        "measurement_mean": 2.405234361763527e-07
      }
    }
  },
  "operator_name": "Thomas",
  "operator_comment": "chemOS optimization of pseudomobility over cobalt annealing space"
}