,Current,Voltage
0,0.0,0.0028348
1,0.0002,0.369153
2,0.0004,2.33374
3,0.0006,4.04134
4,0.0008,5.81228
5,0.001,7.66031
