,Current,Voltage
0,0.0,0.0055933
1,0.0002,0.226445
2,0.0004,0.449359
3,0.0006,0.670362
4,0.0008,0.893707
5,0.001,1.11501
