,Current,Voltage
0,0.0,0.000431538
1,0.0002,0.013144
2,0.0004,0.0259089
3,0.0006,0.0385094
4,0.0008,0.0513029
5,0.001,0.0639844
