,Current,Voltage
0,0.0,0.000257492
1,0.0002,0.00620365
2,0.0004,0.0120497
3,0.0006,0.0182295
4,0.0008,0.0242043
5,0.001,0.0301218
