,Current,Voltage
0,0.0,0.00373602
1,0.0002,5.68251
2,0.0004,7.01745
3,0.0006,10.0022
4,0.0008,10.0021
5,0.001,10.002
