,Current,Voltage
0,0.0,0.00132084
1,0.0002,0.0511217
2,0.0004,0.100527
3,0.0006,0.14982
4,0.0008,0.19963
5,0.001,0.249
