,Current,Voltage
0,0.0,0.000803471
1,0.0002,0.0312448
2,0.0004,0.061965
3,0.0006,0.0923681
4,0.0008,0.123019
5,0.001,0.153461
