,Current,Voltage
0,0.0,0.0218439
1,0.0002,0.958259
2,0.0004,4.96572
3,0.0006,8.98169
4,0.0008,10.002
5,0.001,10.002
