,Current,Voltage
0,0.0,0.0045681
1,0.0002,0.170085
2,0.0004,10.002
3,0.0006,10.0022
4,0.0008,10.002
5,0.001,10.002
