,Current,Voltage
0,0.0,0.000581741
1,0.0002,0.022347
2,0.0004,0.0439215
3,0.0006,0.0655055
4,0.0008,0.0873566
5,0.001,0.111814
