,Current,Voltage
0,0.0,0.00410557
1,0.0002,0.160425
2,0.0004,0.318084
3,0.0006,0.474396
4,0.0008,0.735712
5,0.001,1.80769
