,Current,Voltage
0,0.0,0.000300407
1,0.0002,0.00992298
2,0.0004,0.0195241
3,0.0006,0.0290537
4,0.0008,0.038662
5,0.001,0.0482869
