,Current,Voltage
0,0.0,0.00286818
1,0.0002,0.224352
2,0.0004,3.68175
3,0.0006,7.12648
4,0.0008,10.0021
5,0.001,10.002
