,Current,Voltage
0,0.0,0.00285625
1,0.0002,0.116794
2,0.0004,0.567801
3,0.0006,3.38398
4,0.0008,6.03659
5,0.001,8.36158
