,Current,Voltage
0,0.0,0.000154972
1,0.0002,0.00183344
2,0.0004,0.00345469
3,0.0006,0.00509977
4,0.0008,0.0067091
5,0.001,0.00829697
