,Current,Voltage
0,0.0,0.480847
1,0.0002,0.0197434
2,0.0004,0.0386953
3,0.0006,0.0575233
4,0.0008,0.076561
5,0.001,0.0953412
