,Current,Voltage
0,0.0,0.000164509
1,0.0002,0.0020051
2,0.0004,0.0037837
3,0.0006,0.00559807
4,0.0008,0.00741959
5,0.001,0.00916958
