,Current,Voltage
0,0.0,0.000121593
1,0.0002,0.00160217
2,0.0004,0.00301838
3,0.0006,0.0044322
4,0.0008,0.00588894
5,0.001,0.00726461
