,Current,Voltage
0,0.0,0.000178814
1,0.0002,0.00260592
2,0.0004,0.0049758
3,0.0006,0.00734329
4,0.0008,0.00971556
5,0.001,0.0120401
