,Current,Voltage
0,0.0,0.00014782
1,0.0002,0.00176907
2,0.0004,0.00334024
3,0.0006,0.00492334
4,0.0008,0.00648975
5,0.001,0.00803947
