,Current,Voltage
0,0.0,0.000154972
1,0.0002,0.00142813
2,0.0004,0.00269651
3,0.0006,0.00392914
4,0.0008,0.00516415
5,0.001,0.00638723
