,Current,Voltage
0,0.0,0.000157356
1,0.0002,0.00237226
2,0.0004,0.00451326
3,0.0006,0.00665665
4,0.0008,0.00882626
5,0.001,0.0109529
