,Current,Voltage
0,0.0,0.00015974
1,0.0002,0.00189781
2,0.0004,0.00359535
3,0.0006,0.00529528
4,0.0008,0.0069809
5,0.001,0.00868797
