,Current,Voltage
0,0.0,0.000989437
1,0.0002,0.0274324
2,0.0004,0.0540137
3,0.0006,0.0804782
4,0.0008,0.107112
5,0.001,0.133517
