,Current,Voltage
0,0.0,0.000133514
1,0.0002,0.00142813
2,0.0004,0.00270605
3,0.0006,0.00394821
4,0.0008,0.00519753
5,0.001,0.00643492
