,Current,Voltage
0,0.0,0.000128746
1,0.0002,0.00169277
2,0.0004,0.00320196
3,0.0006,0.00470877
4,0.0008,0.00621319
5,0.001,0.00769377
