,Current,Voltage
0,0.0,0.000128746
1,0.0002,0.00143528
2,0.0004,0.00269651
3,0.0006,0.00395298
4,0.0008,0.00519514
5,0.001,0.00647068
