,Current,Voltage
0,0.0,0.000126362
1,0.0002,0.0020504
2,0.0004,0.00387192
3,0.0006,0.0056982
4,0.0008,0.00754118
5,0.001,0.00938416
