,Current,Voltage
0,0.0,0.000126362
1,0.0002,0.00245333
2,0.0004,0.0047493
3,0.0006,0.00704765
4,0.0008,0.00930309
5,0.001,0.0115395
