,Current,Voltage
0,0.0,0.000128746
1,0.0002,0.00252485
2,0.0004,0.0048089
3,0.0006,0.00710726
4,0.0008,0.00942707
5,0.001,0.0116897
