,Current,Voltage
0,0.0,0.000164509
1,0.0002,0.00218153
2,0.0004,0.00416994
3,0.0006,0.00616074
4,0.0008,0.00813961
5,0.001,0.010078
