,Current,Voltage
0,0.0,0.000145435
1,0.0002,0.00175476
2,0.0004,0.00332117
3,0.0006,0.00481367
4,0.0008,0.00635862
5,0.001,0.00788212
