,Current,Voltage
0,0.0,0.000143051
1,0.0002,0.00169039
2,0.0004,0.0031352
3,0.0006,0.00458479
4,0.0008,0.00609398
5,0.001,0.00752926
