,Current,Voltage
0,0.0,0.000126362
1,0.0002,0.00159502
2,0.0004,0.00308275
3,0.0006,0.00446081
4,0.0008,0.00592232
5,0.001,0.00739098
