,Current,Voltage
0,0.0,0.000143051
1,0.0002,0.00228882
2,0.0004,0.00433683
3,0.0006,0.00641823
4,0.0008,0.00847578
5,0.001,0.0105357
