,Current,Voltage
0,0.0,0.000126362
1,0.0002,0.00202894
2,0.0004,0.00392437
3,0.0006,0.00574589
4,0.0008,0.00763416
5,0.001,0.0094676
