,Current,Voltage
0,0.0,0.00014782
1,0.0002,0.00184298
2,0.0004,0.00351667
3,0.0006,0.00516415
4,0.0008,0.00676632
5,0.001,0.00839233
