,Current,Voltage
0,0.0,0.000145435
1,0.0002,0.00151873
2,0.0004,0.00282288
3,0.0006,0.00415564
4,0.0008,0.00543118
5,0.001,0.00673532
