,Current,Voltage
0,0.0,0.000185966
1,0.0002,0.00246763
2,0.0004,0.00473022
3,0.0006,0.00704765
4,0.0008,0.00933409
5,0.001,0.0115442
