,Current,Voltage
0,0.0,0.000104904
1,0.0002,0.00153542
2,0.0004,0.00293016
3,0.0006,0.00429869
4,0.0008,0.00566006
5,0.001,0.00702858
