,Current,Voltage
0,0.0,0.000128746
1,0.0002,0.00169277
2,0.0004,0.00325918
3,0.0006,0.00475168
4,0.0008,0.0063324
5,0.001,0.00786304
