,Current,Voltage
0,0.0,0.000123978
1,0.0002,0.00155449
2,0.0004,0.00294447
3,0.0006,0.00425577
4,0.0008,0.00561714
5,0.001,0.00695705
