,Current,Voltage
0,0.0,0.00828791
1,8e-10,0.0245526
2,1.6e-09,0.0408037
3,2.4e-09,0.056994
4,3.2e-09,0.0732472
5,4e-09,0.0894744
