,Current,Voltage
0,0.0,0.0268469
1,8e-10,0.28264
2,1.6e-09,0.447937
3,2.4e-09,0.607145
4,3.2e-09,0.76568
5,4e-09,0.925421
