,Current,Voltage
0,0.0,0.00343966
1,8e-10,0.00945544
2,1.6e-09,0.0154834
3,2.4e-09,0.021507
4,3.2e-09,0.027529
5,4e-09,0.033545
