,Current,Voltage
0,0.0,0.000178814
1,0.0002,0.00298977
2,0.0004,0.00580788
3,0.0006,0.00852108
4,0.0008,0.011301
5,0.001,0.0140381
