,Current,Voltage
0,0.0,0.00014782
1,0.0002,0.00259399
2,0.0004,0.00498295
3,0.0006,0.00731707
4,0.0008,0.00967503
5,0.001,0.0120091
