,Current,Voltage
0,0.0,0.000426769
1,0.0002,0.0110006
2,0.0004,0.0223732
3,0.0006,0.0362754
4,0.0008,0.0484729
5,0.001,0.0565529
