,Current,Voltage
0,0.0,8.82149e-05
1,0.0002,0.0009799
2,0.0004,0.00182152
3,0.0006,0.0026679
4,0.0008,0.00348091
5,0.001,0.0042963
