,Current,Voltage
0,0.0,0.000164509
1,0.0002,0.00133038
2,0.0004,0.00239611
3,0.0006,0.00352621
4,0.0008,0.00465155
5,0.001,0.00570059
