,Current,Voltage
0,0.0,0.000145435
1,0.0002,0.00168324
2,0.0004,0.00313997
3,0.0006,0.00455618
4,0.0008,0.00602007
5,0.001,0.00747442
