,Current,Voltage
0,0.0,0.000252724
1,0.0002,0.00491381
2,0.0004,0.00954866
3,0.0006,0.0141454
4,0.0008,0.0187922
5,0.001,0.0234222
