,Current,Voltage
0,0.0,-0.08219
1,0.0002,-0.0207973
2,0.0004,0.036912
3,0.0006,0.0919175
4,0.0008,0.14539
5,0.001,0.196319
