,Current,Voltage
0,0.0,0.000104904
1,0.0002,0.00121593
2,0.0004,0.00224829
3,0.0006,0.00327349
4,0.0008,0.0043273
5,0.001,0.00534773
