,Current,Voltage
0,0.0,0.000209808
1,0.0002,0.00366688
2,0.0004,0.00707865
3,0.0006,0.0104403
4,0.0008,0.0138187
5,0.001,0.0171876
