,Current,Voltage
0,0.0,0.000185966
1,0.0002,0.0019908
2,0.0004,0.00374556
3,0.0006,0.00547409
4,0.0008,0.00725746
5,0.001,0.00900507
