,Current,Voltage
0,0.0,0.000264645
1,0.0002,0.00577688
2,0.0004,0.0113416
3,0.0006,0.0168133
4,0.0008,0.0223446
5,0.001,0.0278473
