,Current,Voltage
0,0.0,0.000174046
1,0.0002,0.00302315
2,0.0004,0.00582457
3,0.0006,0.00857115
4,0.0008,0.011375
5,0.001,0.0141358
