,Current,Voltage
0,0.0,0.000119209
1,0.0002,0.00133991
2,0.0004,0.00252008
3,0.0006,0.00365257
4,0.0008,0.00483513
5,0.001,0.00597
