,Current,Voltage
0,0.0,0.000545979
1,0.0002,0.0161433
2,0.0004,0.0318551
3,0.0006,0.0474501
4,0.0008,0.0631857
5,0.001,0.0787807
