,Current,Voltage
0,0.0,0.00439429
1,8e-10,0.0125978
2,1.6e-09,0.020792
3,2.4e-09,0.0290062
4,3.2e-09,0.0372176
5,4e-09,0.0454197
