,Current,Voltage
0,0.0,9.29832e-05
1,0.0002,0.00138998
2,0.0004,0.00262022
3,0.0006,0.00379562
4,0.0008,0.00503302
5,0.001,0.00624895
