,Current,Voltage
0,0.0,6.67572e-05
1,0.0002,0.00077486
2,0.0004,0.00149965
3,0.0006,0.00216484
4,0.0008,0.00286818
5,0.001,0.00358582
