,Current,Voltage
0,0.0,0.000181198
1,0.0002,0.00206232
2,0.0004,0.00390768
3,0.0006,0.00574827
4,0.0008,0.00760078
5,0.001,0.00940084
