,Current,Voltage
0,0.0,0.00010252
1,0.0002,0.00112057
2,0.0004,0.00202417
3,0.0006,0.00294924
4,0.0008,0.0038743
5,0.001,0.00480652
