,Current,Voltage
0,0.0,0.000119209
1,0.0002,0.00316381
2,0.0004,0.00612974
3,0.0006,0.00911951
4,0.0008,0.0120997
5,0.001,0.0150537
