,Current,Voltage
0,0.0,0.000188351
1,0.0002,4.0054
2,0.0004,9.29391
3,0.0006,10.0019
4,0.0008,10.0018
5,0.001,10.0018
