,Current,Voltage
0,0.0,0.000154972
1,0.0002,0.002563
2,0.0004,0.0048995
3,0.0006,0.00713587
4,0.0008,0.00950336
5,0.001,0.0120163
