,Current,Voltage
0,0.0,9.77516e-05
1,0.0002,0.00195026
2,0.0004,0.00373363
3,0.0006,0.00550032
4,0.0008,0.00730038
5,0.001,0.00910044
