,Current,Voltage
0,0.0,0.000174046
1,0.0002,0.00444651
2,0.0004,0.00863552
3,0.0006,0.0127673
4,0.0008,0.0169468
5,0.001,0.0211382
