,Current,Voltage
0,0.0,0.000152588
1,0.0002,0.0015378
2,0.0004,0.00293255
3,0.0006,0.00422001
4,0.0008,0.00561237
5,0.001,0.00696659
