,Current,Voltage
0,0.0,0.000100136
1,0.0002,0.00184536
2,0.0004,0.00356674
3,0.0006,0.00526428
4,0.0008,0.00697851
5,0.001,0.00866652
