,Current,Voltage
0,0.0,0.000138283
1,0.0002,0.00152111
2,0.0004,0.00289202
3,0.0006,0.00429153
4,0.0008,0.00559807
5,0.001,0.00699282
