,Current,Voltage
0,0.0,0.000128746
1,0.0002,0.00115156
2,0.0004,0.00209332
3,0.0006,0.00303984
4,0.0008,0.00403404
5,0.001,0.00493288
