,Current,Voltage
0,0.0,0.000145435
1,0.0002,0.00406265
2,0.0004,0.0079608
3,0.0006,0.0117874
4,0.0008,0.0157022
5,0.001,0.0195193
