,Current,Voltage
0,0.0,0.000238419
1,0.0002,0.00349045
2,0.0004,0.0067687
3,0.0006,0.00997305
4,0.0008,0.0133085
5,0.001,0.0165129
