,Current,Voltage
0,0.0,0.00013113
1,0.0002,0.00210047
2,0.0004,0.00400066
3,0.0006,0.00592232
4,0.0008,0.00787973
5,0.001,0.00973701
