,Current,Voltage
0,0.0,0.000143051
1,0.0002,0.00265837
2,0.0004,0.00513554
3,0.0006,0.00756025
4,0.0008,0.0100517
5,0.001,0.0124907
