,Current,Voltage
0,0.0,-0.0778437
1,0.0002,0.179825
2,0.0004,0.358667
3,0.0006,0.530894
4,0.0008,0.704215
5,0.001,0.876274
