,Current,Voltage
0,0.0,0.000174046
1,0.0002,0.00196218
2,0.0004,0.00374556
3,0.0006,0.00550508
4,0.0008,0.00732899
5,0.001,0.00908613
