,Current,Voltage
0,0.0,0.000162125
1,0.0002,0.00208855
2,0.0004,0.00397682
3,0.0006,0.00587225
4,0.0008,0.0077796
5,0.001,0.00965595
