,Current,Voltage
0,0.0,0.000128746
1,0.0002,0.00226498
2,0.0004,0.00435591
3,0.0006,0.00644445
4,0.0008,0.00854015
5,0.001,0.0105786
