,Current,Voltage
0,0.0,8.34465e-05
1,0.0002,0.00193596
2,0.0004,0.00364542
3,0.0006,0.00540733
4,0.0008,0.00715017
5,0.001,0.00893116
