,Current,Voltage
0,0.0,0.000123978
1,0.0002,0.00138521
2,0.0004,0.00257015
3,0.0006,0.00379086
4,0.0008,0.00499487
5,0.001,0.00617027
