,Current,Voltage
0,0.0,9.53674e-05
1,0.0002,0.00170946
2,0.0004,0.00324965
3,0.0006,0.00478029
4,0.0008,0.00629425
5,0.001,0.00779152
