,Current,Voltage
0,0.0,0.000166893
1,0.0002,0.00249863
2,0.0004,0.00480175
3,0.0006,0.00712395
4,0.0008,0.00943422
5,0.001,0.0117207
