,Current,Voltage
0,0.0,0.000119209
1,0.0002,0.00295639
2,0.0004,0.00576973
3,0.0006,0.00850916
4,0.0008,0.0112987
5,0.001,0.0140691
