,Current,Voltage
0,0.0,0.000119209
1,0.0002,0.00145197
2,0.0004,0.0027895
3,0.0006,0.00411987
4,0.0008,0.00543118
5,0.001,0.00675917
