,Current,Voltage
0,0.0,0.000140667
1,0.0002,0.00288725
2,0.0004,0.00552893
3,0.0006,0.00823975
4,0.0008,0.0167346
5,0.001,10.002
