,Current,Voltage
0,0.0,0.000171661
1,0.0002,0.00324965
2,0.0004,0.00636816
3,0.0006,0.00945091
4,0.0008,0.0125122
5,0.001,0.0155687
