,Current,Voltage
0,0.0,0.000104904
1,0.0002,0.00127077
2,0.0004,0.00237226
3,0.0006,0.00347614
4,0.0008,0.00460386
5,0.001,0.00570059
