,Current,Voltage
0,0.0,0.000178814
1,0.0002,0.00151873
2,0.0004,0.00281334
3,0.0006,0.00412703
4,0.0008,0.0054121
5,0.001,0.00670433
