,Current,Voltage
0,0.0,0.000195503
1,0.0002,0.00606775
2,0.0004,0.0118971
3,0.0006,0.0177217
4,0.0008,0.0235987
5,0.001,0.0293994
