,Current,Voltage
0,0.0,0.000166893
1,0.0002,0.00509024
2,0.0004,0.0100017
3,0.0006,0.0149131
4,0.0008,0.019815
5,0.001,0.0246501
