,Current,Voltage
0,0.0,0.000314713
1,0.0002,0.0107574
2,0.0004,0.0211859
3,0.0006,0.0315309
4,0.0008,0.0420189
5,0.001,0.0523353
