,Current,Voltage
0,0.0,0.000240803
1,0.0002,0.00551701
2,0.0004,0.0107527
3,0.0006,0.015974
4,0.0008,0.0212169
5,0.001,0.0264049
