,Current,Voltage
0,0.0,0.000209808
1,0.0002,0.00454903
2,0.0004,0.00891924
3,0.0006,0.0132322
4,0.0008,0.0175762
5,0.001,0.0218964
