,Current,Voltage
0,0.0,0.000216961
1,0.0002,0.00392199
2,0.0004,0.0075531
3,0.0006,0.0112152
4,0.0008,0.0148988
5,0.001,0.0184965
