,Current,Voltage
0,0.0,0.00390029
1,8e-10,0.0116935
2,1.6e-09,0.0194895
3,2.4e-09,0.0272908
4,3.2e-09,0.0350862
5,4e-09,0.0428727
