,Current,Voltage
0,0.0,0.00983167
1,8e-10,0.0271707
2,1.6e-09,0.0444651
3,2.4e-09,0.0617774
4,3.2e-09,0.0790901
5,4e-09,0.0963831
