,Current,Voltage
0,0.0,0.000109673
1,0.0002,0.00114679
2,0.0004,0.00216246
3,0.0006,0.00315666
4,0.0008,0.00417948
5,0.001,0.00515938
