,Current,Voltage
0,0.0,0.00015974
1,0.0002,0.00186443
2,0.0004,0.00356436
3,0.0006,0.00523567
4,0.0008,0.00690222
5,0.001,0.00858784
