,Current,Voltage
0,0.0,0.000114441
1,0.0002,0.00151396
2,0.0004,0.00288486
3,0.0006,0.00425816
4,0.0008,0.00563383
5,0.001,0.00694513
