,Current,Voltage
0,0.0,0.000164509
1,0.0002,0.00165701
2,0.0004,0.0030756
3,0.0006,0.00450134
4,0.0008,0.00595808
5,0.001,0.00741005
