,Current,Voltage
0,0.0,0.00010252
1,0.0002,0.000655651
2,0.0004,0.00117064
3,0.0006,0.00165939
4,0.0008,0.0021553
5,0.001,0.00268698
