,Current,Voltage
0,0.0,0.000112057
1,0.0002,0.00155687
2,0.0004,0.00296831
3,0.0006,0.0043726
4,0.0008,0.00572681
5,0.001,0.00711679
