,Current,Voltage
0,0.0,0.000166893
1,0.0002,0.00163555
2,0.0004,0.00308275
3,0.0006,0.00449181
4,0.0008,0.00591755
5,0.001,0.00734329
