,Current,Voltage
0,0.0,0.000200272
1,0.0002,0.0018096
2,0.0004,0.00344038
3,0.0006,0.00501156
4,0.0008,0.00659227
5,0.001,0.00818491
