,Current,Voltage
0,0.0,0.000185966
1,0.0002,0.00138521
2,0.0004,0.00254869
3,0.0006,0.00367403
4,0.0008,0.00483513
5,0.001,0.00595808
