,Current,Voltage
0,0.0,0.000138283
1,0.0002,0.00139952
2,0.0004,0.00264406
3,0.0006,0.00387907
4,0.0008,0.00510931
5,0.001,0.00630856
