,Current,Voltage
0,0.0,0.000112057
1,0.0002,0.00133753
2,0.0004,0.00251055
3,0.0006,0.00367641
4,0.0008,0.00483751
5,0.001,0.00603199
