,Current,Voltage
0,0.0,0.000185966
1,0.0002,0.00150681
2,0.0004,0.00274897
3,0.0006,0.00402927
4,0.0008,0.00526428
5,0.001,0.00654459
