,Current,Voltage
0,0.0,0.000150204
1,0.0002,0.00179052
2,0.0004,0.00339508
3,0.0006,0.00498295
4,0.0008,0.00656605
5,0.001,0.00816107
