,Current,Voltage
0,0.0,0.000171661
1,0.0002,0.00277996
2,0.0004,0.0053525
3,0.0006,0.00784874
4,0.0008,0.0103831
5,0.001,0.0128984
