,Current,Voltage
0,0.0,0.000162125
1,0.0002,0.00120878
2,0.0004,0.00222921
3,0.0006,0.00319242
4,0.0008,0.0042057
5,0.001,0.00516653
