,Current,Voltage
0,0.0,0.000121593
1,0.0002,0.00235081
2,0.0004,0.00454903
3,0.0006,0.00668287
4,0.0008,0.00884295
5,0.001,0.0110149
