,Current,Voltage
0,0.0,0.000157356
1,0.0002,0.00112772
2,0.0004,0.00208378
3,0.0006,0.00302553
4,0.0008,0.00395298
5,0.001,0.00490904
