,Current,Voltage
0,0.0,0.000185966
1,0.0002,0.0019002
2,0.0004,0.00360966
3,0.0006,0.00532866
4,0.0008,0.00703573
5,0.001,0.00872374
