,Current,Voltage
0,0.0,0.000181198
1,0.0002,0.00124693
2,0.0004,0.00236988
3,0.0006,0.00338793
4,0.0008,0.00445127
5,0.001,0.00549316
