,Current,Voltage
0,0.0,0.00015974
1,0.0002,0.00173807
2,0.0004,0.00329018
3,0.0006,0.00481844
4,0.0008,0.00639677
5,0.001,0.00791788
