,Current,Voltage
0,0.0,0.000193119
1,0.0002,0.00160217
2,0.0004,0.0029707
3,0.0006,0.00432491
4,0.0008,0.00573397
5,0.001,0.00707626
