,Current,Voltage
0,0.0,0.000135899
1,0.0002,0.00204086
2,0.0004,0.00392199
3,0.0006,0.00576019
4,0.0008,0.00762939
5,0.001,0.00947952
