,Current,Voltage
0,0.0,0.000140667
1,0.0002,0.00142574
2,0.0004,0.00264168
3,0.0006,0.00383139
4,0.0008,0.00508308
5,0.001,0.00623465
