,Current,Voltage
0,0.0,0.000143051
1,0.0002,0.00205517
2,0.0004,0.00395536
3,0.0006,0.0058341
4,0.0008,0.0077486
5,0.001,0.00959396
