,Current,Voltage
0,0.0,0.000164509
1,0.0002,0.00139236
2,0.0004,0.00257015
3,0.0006,0.0037694
4,0.0008,0.00498295
5,0.001,0.00612497
