,Current,Voltage
0,0.0,0.000128746
1,0.0002,0.00173807
2,0.0004,0.00329494
3,0.0006,0.00483513
4,0.0008,0.00636339
5,0.001,0.00789642
