,Current,Voltage
0,0.0,0.000178814
1,0.0002,0.00150681
2,0.0004,0.00279188
3,0.0006,0.00404596
4,0.0008,0.00532389
5,0.001,0.00659943
