,Current,Voltage
0,0.0,0.000143051
1,0.0002,0.00151634
2,0.0004,0.0028491
3,0.0006,0.00412464
4,0.0008,0.00545025
5,0.001,0.00680208
