,Current,Voltage
0,0.0,0.000181198
1,0.0002,0.0013113
2,0.0004,0.00238419
3,0.0006,0.00350714
4,0.0008,0.00458717
5,0.001,0.00570774
