,Current,Voltage
0,0.0,0.00015974
1,0.0002,0.0016427
2,0.0004,0.00309467
3,0.0006,0.0045681
4,0.0008,0.00601292
5,0.001,0.00741482
