,Current,Voltage
0,0.0,0.00010252
1,0.0002,0.00142813
2,0.0004,0.00272989
3,0.0006,0.00396729
4,0.0008,0.00524044
5,0.001,0.00651121
