,Current,Voltage
0,0.0,0.000121593
1,0.0002,0.00118494
2,0.0004,0.00220776
3,0.0006,0.00326872
4,0.0008,0.00426769
5,0.001,0.00531673
