,Current,Voltage
0,0.0,0.000166893
1,0.0002,0.0013876
2,0.0004,0.00252962
3,0.0006,0.00375748
4,0.0008,0.00494957
5,0.001,0.0060606
