,Current,Voltage
0,0.0,0.000123978
1,0.0002,0.00178099
2,0.0004,0.00334501
3,0.0006,0.0048995
4,0.0008,0.0064826
5,0.001,0.00802755
