,Current,Voltage
0,0.0,0.000154972
1,0.0002,0.00163317
2,0.0004,0.00310898
3,0.0006,0.00459433
4,0.0008,0.00601768
5,0.001,0.00752211
