,Current,Voltage
0,0.0,8.34465e-05
1,0.0002,0.00177145
2,0.0004,0.00340939
3,0.0006,0.00504017
4,0.0008,0.00666618
5,0.001,0.00829935
