,Current,Voltage
0,0.0,0.000123978
1,0.0002,0.00148535
2,0.0004,0.00278473
3,0.0006,0.00406504
4,0.0008,0.00538111
5,0.001,0.00669718
