,Current,Voltage
0,0.0,0.000195503
1,0.0002,0.00169754
2,0.0004,0.00319242
3,0.0006,0.00465393
4,0.0008,0.00614643
5,0.001,0.0076437
