,Current,Voltage
0,0.0,0.000140667
1,0.0002,0.00151634
2,0.0004,0.00277281
3,0.0006,0.00409365
4,0.0008,0.00538349
5,0.001,0.00662088
