,Current,Voltage
0,0.0,0.000126362
1,0.0002,0.00141382
2,0.0004,0.00265121
3,0.0006,0.00387192
4,0.0008,0.00507116
5,0.001,0.00629425
