,Current,Voltage
0,0.0,0.000152588
1,0.0002,0.00121832
2,0.0004,0.00224113
3,0.0006,0.00328779
4,0.0008,0.00426769
5,0.001,0.00529051
