,Current,Voltage
0,0.0,0.000116825
1,0.0002,0.0011158
2,0.0004,0.00204325
3,0.0006,0.00296354
4,0.0008,0.00389338
5,0.001,0.00486374
