,Current,Voltage
0,0.0,0.000193119
1,0.0002,0.0019145
2,0.0004,0.00366688
3,0.0006,0.00532627
4,0.0008,0.00706911
5,0.001,0.00877619
