,Current,Voltage
0,0.0,0.00611567
1,8e-10,0.0163028
2,1.6e-09,0.0264556
3,2.4e-09,0.0366485
4,3.2e-09,0.046742
5,4e-09,0.0569015
