,Current,Voltage
0,0.0,0.00535011
1,0.0002,0.227222
2,0.0004,0.451176
3,0.0006,0.673513
4,0.0008,0.897851
5,0.001,1.12023
