,Current,Voltage
0,0.0,0.000400543
1,0.0002,0.0120473
2,0.0004,0.0237584
3,0.0006,0.0353456
4,0.0008,0.0470853
5,0.001,0.0586843
