,Current,Voltage
0,0.0,0.000243187
1,0.0002,0.00495195
2,0.0004,0.00965595
3,0.0006,0.0149226
4,0.0008,0.0195146
5,0.001,0.0238276
