,Current,Voltage
0,0.0,-1.43895
1,0.0002,-0.866983
2,0.0004,-0.222895
3,0.0006,0.102003
4,0.0008,0.585971
5,0.001,1.07797
