,Current,Voltage
0,0.0,-1.5428
1,0.0002,4.30372
2,0.0004,6.03615
3,0.0006,8.89303
4,0.0008,10.0018
5,0.001,10.0018
