,Current,Voltage
0,0.0,0.000627041
1,0.0002,0.0221491
2,0.0004,0.0438404
3,0.0006,0.0653172
4,0.0008,0.0869489
5,0.001,0.108411
