,Current,Voltage
0,0.0,5.03319
1,0.0002,2.18822
2,0.0004,4.74934
3,0.0006,6.69438
4,0.0008,8.94907
5,0.001,10.0016
