,Current,Voltage
0,0.0,0.0158691
1,0.0002,0.276093
2,0.0004,0.538442
3,0.0006,0.801167
4,0.0008,1.06806
5,0.001,1.33689
