,Current,Voltage
0,0.0,0.000240803
1,0.0002,0.00741005
2,0.0004,0.0144768
3,0.0006,0.0215173
4,0.0008,0.0285888
5,0.001,0.035615
