,Current,Voltage
0,0.0,0.000231266
1,0.0002,0.00732899
2,0.0004,0.0144386
3,0.0006,0.0214577
4,0.0008,0.0285697
5,0.001,0.0355649
