,Current,Voltage
0,0.0,0.0158095
1,0.0002,0.199597
2,0.0004,0.379686
3,0.0006,0.552983
4,0.0008,0.72278
5,0.001,0.885839
