,Current,Voltage
0,0.0,0.000324249
1,0.0002,0.00978231
2,0.0004,0.0192642
3,0.0006,0.0286555
4,0.0008,0.0381231
5,0.001,0.047543
