,Current,Voltage
0,0.0,0.000684261
1,0.0002,0.0237203
2,0.0004,0.0468922
3,0.0006,0.069921
4,0.0008,0.0931191
5,0.001,0.116062
