,Current,Voltage
0,0.0,-0.0404334
1,0.0002,0.299704
2,0.0004,0.639467
3,0.0006,0.973344
4,0.0008,1.30742
5,0.001,1.63594
