,Current,Voltage
0,0.0,0.0104284
1,0.0002,0.198507
2,0.0004,0.386932
3,0.0006,0.571141
4,0.0008,0.753937
5,0.001,0.929511
