,Current,Voltage
0,0.0,0.000460148
1,0.0002,0.0155592
2,0.0004,0.0307226
3,0.0006,0.0457311
4,0.0008,0.0609183
5,0.001,0.0759268
