,Current,Voltage
0,0.0,0.00038147
1,0.0002,0.0128508
2,0.0004,0.0252557
3,0.0006,0.0375772
4,0.0008,0.0499749
5,0.001,0.0622272
