,Current,Voltage
0,0.0,7.62939e-05
1,0.0002,0.000548363
2,0.0004,0.000982285
3,0.0006,0.0014019
4,0.0008,0.00180483
5,0.001,0.00226736
