,Current,Voltage
0,0.0,0.000271797
1,0.0002,0.00804663
2,0.0004,0.0158143
3,0.0006,0.0235176
4,0.0008,0.0312972
5,0.001,0.03896
