,Current,Voltage
0,0.0,0.000493526
1,0.0002,0.0162697
2,0.0004,0.0320578
3,0.0006,0.0477791
4,0.0008,0.0636339
5,0.001,0.0793219
