,Current,Voltage
0,0.0,0.000257492
1,0.0002,0.00607491
2,0.0004,0.0117922
3,0.0006,0.0175333
4,0.0008,0.0233102
5,0.001,0.0290227
