,Current,Voltage
0,0.0,0.000505447
1,0.0002,0.0148559
2,0.0004,0.171916
3,0.0006,3.42228
4,0.0008,5.69412
5,0.001,10.002
