,Current,Voltage
0,0.0,-1.38497
1,0.0002,-1.24069
2,0.0004,-1.08644
3,0.0006,-0.935478
4,0.0008,-0.785644
5,0.001,-0.638108
