,Current,Voltage
0,0.0,0.000326633
1,0.0002,0.00971794
2,0.0004,0.0193238
3,0.0006,0.0296164
4,0.0008,10.0021
5,0.001,10.0021
