,Current,Voltage
0,0.0,0.000164509
1,0.0002,0.002985
2,0.0004,0.00569105
3,0.0006,0.00842094
4,0.0008,0.0111723
5,0.001,0.0139189
