,Current,Voltage
0,0.0,0.000228882
1,0.0002,0.00592947
2,0.0004,0.0116229
3,0.0006,0.0172305
4,0.0008,0.0229549
5,0.001,0.0285316
