,Current,Voltage
0,0.0,0.011158
1,0.0002,0.399795
2,0.0004,0.792391
3,0.0006,1.18179
4,0.0008,1.57429
5,0.001,0.220587
