,Current,Voltage
0,0.0,-1.37743
1,0.0002,-0.991554
2,0.0004,-0.601885
3,0.0006,-0.215833
4,0.0008,0.172882
5,0.001,0.558801
