,Current,Voltage
0,0.0,6.67572e-05
1,0.0002,0.000190735
2,0.0004,0.000238419
3,0.0006,0.000288486
4,0.0008,0.000331402
5,0.001,0.000386238
