,Current,Voltage
0,0.0,0.000360012
1,0.0002,0.0121856
2,0.0004,0.0240445
3,0.0006,0.0357699
4,0.0008,0.0476122
5,0.001,0.0593615
