,Current,Voltage
0,0.0,0.000133514
1,0.0002,0.00105381
2,0.0004,0.215151
3,0.0006,10.0022
4,0.0008,10.0021
5,0.001,10.002
