,Current,Voltage
0,0.0,0.00389981
1,8e-10,0.0115983
2,1.6e-09,0.0192664
3,2.4e-09,0.0269511
4,3.2e-09,0.0346365
5,4e-09,0.0423076
