,Current,Voltage
0,0.0,0.000221729
1,0.0002,0.00317097
2,0.0004,0.00610113
3,0.0006,0.00899076
4,0.0008,0.0119185
5,0.001,0.0147724
