,Current,Voltage
0,0.0,0.000140667
1,0.0002,0.000135899
2,0.0004,0.000171661
3,0.0006,0.000200272
4,0.0008,0.000214577
5,0.001,0.000238419
