,Current,Voltage
0,0.0,0.000107288
1,0.0002,0.00116825
2,0.0004,0.00213385
3,0.0006,0.00311375
4,0.0008,0.00407696
5,0.001,0.00506639
