,Current,Voltage
0,0.0,-0.0977159
1,0.0002,0.0482655
2,0.0004,0.295072
3,0.0006,0.407429
4,0.0008,0.491171
5,0.001,0.573034
