,Current,Voltage
0,0.0,0.00015974
1,0.0002,0.00291348
2,0.0004,0.00555515
3,0.0006,0.00823736
4,0.0008,0.01091
5,0.001,0.0135756
