,Current,Voltage
0,0.0,0.000109673
1,0.0002,0.000679493
2,0.0004,0.00118256
3,0.0006,0.00172138
4,0.0008,0.00221014
5,0.001,0.00272036
