,Current,Voltage
0,0.0,0.00116825
1,0.0002,0.0464463
2,0.0004,0.0921202
3,0.0006,0.137386
4,0.0008,0.183065
5,0.001,0.228283
