,Current,Voltage
0,0.0,0.00132561
1,0.0002,0.052259
2,0.0004,0.1036
3,0.0006,0.153887
4,0.0008,0.20534
5,0.001,0.255568
