,Current,Voltage
0,0.0,0.000181198
1,0.0002,0.00344038
2,0.0004,0.00666142
3,0.0006,0.00986576
4,0.0008,0.0131369
5,0.001,0.0163269
