,Current,Voltage
0,0.0,0.000123978
1,0.0002,0.000538826
2,0.0004,0.000939369
3,0.0006,0.00133514
4,0.0008,0.00170946
5,0.001,0.0020957
