,Current,Voltage
0,0.0,0.00129461
1,0.0002,0.0475645
2,0.0004,0.093832
3,0.0006,0.139499
4,0.0008,0.185637
5,0.001,0.231516
