,Current,Voltage
0,0.0,0.000181198
1,0.0002,0.0024724
2,0.0004,0.00470161
3,0.0006,0.00696659
4,0.0008,0.00921488
5,0.001,0.0114346
