,Current,Voltage
0,0.0,0.00017643
1,0.0002,0.00336647
2,0.0004,0.00655651
3,0.0006,0.00970125
4,0.0008,0.0128579
5,0.001,0.0159764
