,Current,Voltage
0,0.0,0.000181198
1,0.0002,0.00250816
2,0.0004,0.00483513
3,0.0006,0.00715256
4,0.0008,0.0094533
5,0.001,0.0117874
