,Current,Voltage
0,0.0,0.00014782
1,0.0002,0.00262976
2,0.0004,0.00506401
3,0.0006,0.00745296
4,0.0008,0.00984907
5,0.001,0.0122666
