,Current,Voltage
0,0.0,0.000281334
1,0.0002,0.00834465
2,0.0004,0.0164175
3,0.0006,0.0243735
4,0.0008,0.0324488
5,0.001,0.0404263
