,Current,Voltage
0,0.0,0.00250816
1,0.0002,0.0970459
2,0.0004,0.192389
3,0.0006,0.286989
4,0.0008,0.382361
5,0.001,0.476875
