,Current,Voltage
0,0.0,0.00418663
1,0.0002,0.0575805
2,0.0004,0.11081
3,0.0006,0.163109
4,0.0008,0.215442
5,0.001,0.265026
