,Current,Voltage
0,0.0,-1.30527
1,0.0002,-0.946617
2,0.0004,-0.584211
3,0.0006,-0.231512
4,0.0008,0.117877
5,0.001,0.471239
