,Current,Voltage
0,0.0,9.29832e-05
1,0.0002,0.000700951
2,0.0004,0.00125885
3,0.0006,0.00182867
4,0.0008,0.00237465
5,0.001,0.002985
