,Current,Voltage
0,0.0,0.000386238
1,0.0002,0.0118756
2,0.0004,0.0233626
3,0.0006,0.0349379
4,0.0008,0.0461149
5,0.001,0.0560236
