,Current,Voltage
0,0.0,-1.33508
1,0.0002,-1.26825
2,0.0004,-1.18982
3,0.0006,-1.11198
4,0.0008,-1.03393
5,0.001,-0.956275
