,Current,Voltage
0,0.0,0.000252724
1,0.0002,0.00605822
2,0.0004,0.0117993
3,0.0006,0.0175953
4,0.0008,0.0233436
5,0.001,0.0290632
