,Current,Voltage
0,0.0,0.00430822
1,0.0002,0.163321
2,0.0004,0.323985
3,0.0006,0.483215
4,0.0008,0.643661
5,0.001,0.802851
