,Current,Voltage
0,0.0,0.000183582
1,0.0002,0.00379086
2,0.0004,0.00733614
3,0.0006,0.0109005
4,0.0008,0.0145292
5,0.001,0.0178552
