,Current,Voltage
0,0.0,0.000946522
1,0.0002,0.00511646
2,0.0004,0.00998974
3,0.0006,0.0147772
4,0.0008,0.0196528
5,0.001,0.0244808
