,Current,Voltage
0,0.0,0.000166893
1,0.0002,0.0016737
2,0.0004,0.00312328
3,0.0006,0.00451326
4,0.0008,0.00595331
5,0.001,0.00738621
