,Current,Voltage
0,0.0,0.000169277
1,0.0002,0.00300169
2,0.0004,0.00582218
3,0.0006,0.00859976
4,0.0008,0.0114298
5,0.001,0.0141883
