,Current,Voltage
0,0.0,0.0575876
1,0.0002,0.0961542
2,0.0004,0.133698
3,0.0006,0.170422
4,0.0008,0.206993
5,0.001,0.242758
