,Current,Voltage
0,0.0,0.00107288
1,0.0002,0.0381446
2,0.0004,0.0754809
3,0.0006,0.112529
4,0.0008,0.149853
5,0.001,0.186872
