,Current,Voltage
0,0.0,0.000486374
1,0.0002,0.017786
2,0.0004,0.0351954
3,0.0006,0.0524116
4,0.0008,0.0698042
5,0.001,0.0870347
