,Current,Voltage
0,0.0,0.000646114
1,0.0002,0.00381947
2,0.0004,0.00732899
3,0.0006,0.0108242
4,0.0008,0.0143671
5,0.001,0.017879
