,Current,Voltage
0,0.0,0.000197887
1,0.0002,0.00413895
2,0.0004,0.00809193
3,0.0006,0.0119686
4,0.0008,0.0158787
5,0.001,0.0198078
