,Current,Voltage
0,0.0,0.000166893
1,0.0002,0.00377893
2,0.0004,0.00734091
3,0.0006,0.0108671
4,0.0008,0.0144458
5,0.001,0.0179815
