,Current,Voltage
0,0.0,0.00298023
1,0.0002,0.120206
2,0.0004,0.238459
3,0.0006,0.355873
4,0.0008,0.474157
5,0.001,0.591376
