,Current,Voltage
0,0.0,0.000107288
1,0.0002,0.00150204
2,0.0004,0.0028038
3,0.0006,0.00406981
4,0.0008,0.0053525
5,0.001,0.0066638
