,Current,Voltage
0,0.0,0.000169277
1,0.0002,0.00432491
2,0.0004,0.00837088
3,0.0006,0.0123882
4,0.0008,0.0164747
5,0.001,0.0205112
