,Current,Voltage
0,0.0,0.000157356
1,0.0002,0.00251532
2,0.0004,0.00484228
3,0.0006,0.00714779
4,0.0008,0.00951529
5,0.001,0.0118065
