,Current,Voltage
0,0.0,0.0049758
1,0.0002,0.212655
2,0.0004,0.42217
3,0.0006,0.630019
4,0.0008,0.839715
5,0.001,1.04759
