,Current,Voltage
0,0.0,-0.0842524
1,0.0002,0.0463343
2,0.0004,0.169971
3,0.0006,0.28574
4,0.0008,0.395844
5,0.001,0.498002
