,Current,Voltage
0,0.0,-1.32535
1,0.0002,-1.16386
2,0.0004,-0.990682
3,0.0006,-0.819793
4,0.0008,-0.649006
5,0.001,-0.480239
