,Current,Voltage
0,0.0,-0.00119448
1,0.0002,-0.0492764
2,0.0004,-0.097537
3,0.0006,-0.14554
4,0.0008,-0.19398
5,0.001,-0.241983
