,Current,Voltage
0,0.0,0.0428629
1,0.0002,0.107977
2,0.0004,0.172684
3,0.0006,0.235999
4,0.0008,0.299282
5,0.001,0.361171
