,Current,Voltage
0,0.0,0.000610352
1,0.0002,0.0217533
2,0.0004,0.0429773
3,0.0006,0.0640035
4,0.0008,0.0852108
5,0.001,0.106254
