,Current,Voltage
0,0.0,0.000135899
1,0.0002,0.00202417
2,0.0004,0.00387907
3,0.0006,0.00571489
4,0.0008,0.00756264
5,0.001,0.00937223
