,Current,Voltage
0,0.0,0.000157356
1,0.0002,0.00272751
2,0.0004,0.00522375
3,0.0006,0.00771761
4,0.0008,0.0102758
5,0.001,0.0127363
