,Current,Voltage
0,0.0,0.000169277
1,0.0002,0.00285149
2,0.0004,0.0055027
3,0.0006,0.008111
4,0.0008,0.010736
5,0.001,0.0133204
