,Current,Voltage
0,0.0,0.000123978
1,0.0002,0.00248671
2,0.0004,0.00483036
3,0.0006,0.00709534
4,0.0008,0.00943661
5,0.001,0.0117421
