,Current,Voltage
0,0.0,0.000181198
1,0.0002,0.00353813
2,0.0004,0.00689268
3,0.0006,0.0101638
4,0.0008,0.0134802
5,0.001,0.0167942
