,Current,Voltage
0,0.0,0.000169277
1,0.0002,0.00247478
2,0.0004,0.00473738
3,0.0006,0.00704288
4,0.0008,0.00927448
5,0.001,0.0115061
