,Current,Voltage
0,0.0,-1.37148
1,0.0002,-1.2443
2,0.0004,-1.13287
3,0.0006,-1.02349
4,0.0008,-0.914872
5,0.001,-0.807943
