,Current,Voltage
0,0.0,0.00010252
1,0.0002,0.000441074
2,0.0004,0.000722408
3,0.0006,0.000963211
4,0.0008,0.00121832
5,0.001,0.00142336
