,Current,Voltage
0,0.0,0.000226498
1,0.0002,0.00457287
2,0.0004,0.00889301
3,0.0006,0.0131345
4,0.0008,0.0174308
5,0.001,0.0216866
