,Current,Voltage
0,0.0,0.000166893
1,0.0002,0.00258207
2,0.0004,0.00499249
3,0.0006,0.00740528
4,0.0008,0.00980616
5,0.001,0.0121379
