,Current,Voltage
0,0.0,0.00132799
1,0.0002,0.0509477
2,0.0004,0.100851
3,0.0006,0.150423
4,0.0008,0.200295
5,0.001,0.24971
