,Current,Voltage
0,0.0,0.000121593
1,0.0002,0.00115871
2,0.0004,0.00209808
3,0.0006,0.00309229
4,0.0008,0.00409603
5,0.001,0.00507593
