,Current,Voltage
0,0.0,0.000162125
1,0.0002,0.00368595
2,0.0004,0.00714302
3,0.0006,0.010612
4,0.0008,0.0140429
5,0.001,0.0175047
