,Current,Voltage
0,0.0,0.000519753
1,0.0002,0.0180483
2,0.0004,0.0357103
3,0.0006,0.053196
4,0.0008,0.0708556
5,0.001,0.0883842
