,Current,Voltage
0,0.0,0.000145435
1,0.0002,0.00282526
2,0.0004,0.00547886
3,0.0006,0.00810862
4,0.0008,0.0107217
5,0.001,0.0133729
