,Current,Voltage
0,0.0,0.000195503
1,0.0002,0.00271082
2,0.0004,0.00525951
3,0.0006,0.00781059
4,0.0008,0.0103235
5,0.001,0.012846
