,Current,Voltage
0,0.0,0.000493526
1,0.0002,0.0172591
2,0.0004,0.0340819
3,0.0006,0.0507665
4,0.0008,0.0675726
5,0.001,0.0842762
