,Current,Voltage
0,0.0,0.000231266
1,0.0002,0.00380278
2,0.0004,0.0073576
3,0.0006,0.010922
4,0.0008,0.0144887
5,0.001,0.0179863
