,Current,Voltage
0,0.0,0.000195503
1,0.0002,0.00335217
2,0.0004,0.00643253
3,0.0006,0.00954628
4,0.0008,0.012629
5,0.001,0.0156879
