,Current,Voltage
0,0.0,0.000171661
1,0.0002,0.00304699
2,0.0004,0.00588417
3,0.0006,0.00863314
4,0.0008,0.0114465
5,0.001,0.0142264
