,Current,Voltage
0,0.0,0.000171661
1,0.0002,0.0031352
2,0.0004,0.00604868
3,0.0006,0.00891209
4,0.0008,0.0118375
5,0.001,0.0147629
