,Current,Voltage
0,0.0,0.000190735
1,0.0002,0.00387192
2,0.0004,0.00755072
3,0.0006,0.0111771
4,0.0008,0.0148058
5,0.001,0.0184369
