,Current,Voltage
0,0.0,0.000202656
1,0.0002,0.00324965
2,0.0004,0.00628233
3,0.0006,0.00925064
4,0.0008,0.0122023
5,0.001,0.0151873
