,Current,Voltage
0,0.0,0.000357628
1,0.0002,0.0101542
2,0.0004,0.0199556
3,0.0006,0.0297189
4,0.0008,0.0395465
5,0.001,0.0492597
