,Current,Voltage
0,0.0,0.000188351
1,0.0002,0.00380754
2,0.0004,0.00739098
3,0.0006,0.0109005
4,0.0008,0.014472
5,0.001,0.0180101
