,Current,Voltage
0,0.0,0.000169277
1,0.0002,0.00289917
2,0.0004,0.0056076
3,0.0006,0.00829935
4,0.0008,0.010972
5,0.001,0.0136232
