,Current,Voltage
0,0.0,0.000166893
1,0.0002,0.00250816
2,0.0004,0.00482798
3,0.0006,0.00711679
4,0.0008,0.00943661
5,0.001,0.0117302
