,Current,Voltage
0,0.0,0.000162125
1,0.0002,0.00273228
2,0.0004,0.00527859
3,0.0006,0.00776768
4,0.0008,0.010345
5,0.001,0.0128436
