,Current,Voltage
0,0.0,0.00015974
1,0.0002,0.00272036
2,0.0004,0.0052619
3,0.0006,0.00772238
4,0.0008,0.0102186
5,0.001,0.0127053
