,Current,Voltage
0,0.0,0.00025034
1,0.0002,0.00635386
2,0.0004,0.0124669
3,0.0006,0.0184965
4,0.0008,0.0246334
5,0.001,0.0306559
