,Current,Voltage
0,0.0,0.000133514
1,0.0002,0.00277042
2,0.0004,0.00534534
3,0.0006,0.00787973
4,0.0008,0.0104022
5,0.001,0.0129604
