,Current,Voltage
0,0.0,0.000109673
1,0.0002,0.00137091
2,0.0004,0.00259161
3,0.0006,0.00377655
4,0.0008,0.00494003
5,0.001,0.00615597
