,Current,Voltage
0,0.0,0.000123978
1,0.0002,0.00242949
2,0.0004,0.004704
3,0.0006,0.00692606
4,0.0008,0.00917196
5,0.001,0.0114012
