,Current,Voltage
0,0.0,0.000207424
1,0.0002,0.00655413
2,0.0004,0.0129247
3,0.0006,0.019207
4,0.0008,0.0255847
5,0.001,0.0318146
