,Current,Voltage
0,0.0,0.000152588
1,0.0002,0.00280619
2,0.0004,0.00542641
3,0.0006,0.00803709
4,0.0008,0.010643
5,0.001,0.013237
