,Current,Voltage
0,0.0,0.000114441
1,0.0002,0.00223398
2,0.0004,0.00435591
3,0.0006,0.00638962
4,0.0008,0.00849485
5,0.001,0.0105047
