,Current,Voltage
0,0.0,0.000183582
1,0.0002,0.00251532
2,0.0004,0.00483274
3,0.0006,0.00711918
4,0.0008,0.00941038
5,0.001,0.0117111
