,Current,Voltage
0,0.0,0.000123978
1,0.0002,0.00307798
2,0.0004,0.0059247
3,0.0006,0.00876188
4,0.0008,0.0116563
5,0.001,0.0145245
