,Current,Voltage
0,0.0,0.000174046
1,0.0002,0.00280857
2,0.0004,0.0053978
3,0.0006,0.0079608
4,0.0008,0.0105381
5,0.001,0.0131083
