,Current,Voltage
0,0.0,0.000140667
1,0.0002,0.00245333
2,0.0004,0.0046587
3,0.0006,0.00688314
4,0.0008,0.00911713
5,0.001,0.0113177
