,Current,Voltage
0,0.0,0.000174046
1,0.0002,0.00358582
2,0.0004,0.00698566
3,0.0006,0.0103521
4,0.0008,0.0136995
5,0.001,0.0170827
