,Current,Voltage
0,0.0,0.00020504
1,0.0002,0.00223637
2,0.0004,0.00430346
3,0.0006,0.00628948
4,0.0008,0.00833273
5,0.001,0.0103354
