,Current,Voltage
0,0.0,0.000219345
1,0.0002,0.00252962
2,0.0004,0.00478983
3,0.0006,0.00701666
4,0.0008,0.00924826
5,0.001,0.0115156
