,Current,Voltage
0,0.0,0.000154972
1,0.0002,0.00201464
2,0.0004,0.00383377
3,0.0006,0.00558853
4,0.0008,0.0074029
5,0.001,0.00922441
