,Current,Voltage
0,0.0,0.000200272
1,0.0002,0.00375748
2,0.0004,0.00722885
3,0.0006,0.0106525
4,0.0008,0.0141335
5,0.001,0.0175881
