,Current,Voltage
0,0.0,0.000209808
1,0.0002,0.00475883
2,0.0004,0.00926733
3,0.0006,0.0137591
4,0.0008,0.0182533
5,0.001,0.0227237
