,Current,Voltage
0,0.0,0.000154972
1,0.0002,0.00281572
2,0.0004,0.00547171
3,0.0006,0.00807762
4,0.0008,0.0107217
5,0.001,0.0133181
