,Current,Voltage
0,0.0,0.000166893
1,0.0002,0.0023222
2,0.0004,0.00445127
3,0.0006,0.0065589
4,0.0008,0.00868797
5,0.001,0.0108099
