,Current,Voltage
0,0.0,0.00015974
1,0.0002,0.00312328
2,0.0004,0.00605583
3,0.0006,0.00894308
4,0.0008,0.0119615
5,0.001,0.0148582
