,Current,Voltage
0,0.0,0.00015974
1,0.0002,0.00309944
2,0.0004,0.00602484
3,0.0006,0.00887394
4,0.0008,0.0117826
5,0.001,0.0146365
