,Current,Voltage
0,0.0,0.000166893
1,0.0002,0.00359774
2,0.0004,0.00705242
3,0.0006,0.0104189
4,0.0008,0.013814
5,0.001,0.0171757
