,Current,Voltage
0,0.0,0.000114441
1,0.0002,0.0023818
2,0.0004,0.0046587
3,0.0006,0.00689507
4,0.0008,0.00909328
5,0.001,0.0113416
