,Current,Voltage
0,0.0,0.000202656
1,0.0002,0.00273943
2,0.0004,0.00526428
3,0.0006,0.00772953
4,0.0008,0.0102329
5,0.001,0.0127363
