,Current,Voltage
0,0.0,0.000202656
1,0.0002,0.00265837
2,0.0004,0.00506878
3,0.0006,0.00745535
4,0.0008,0.0098896
5,0.001,0.0122666
