,Current,Voltage
0,0.0,0.000228882
1,0.0002,0.00298738
2,0.0004,0.00574112
3,0.0006,0.00849485
4,0.0008,0.0112438
5,0.001,0.0140071
