,Current,Voltage
0,0.0,0.000171661
1,0.0002,0.00483513
2,0.0004,0.00946999
3,0.0006,0.0140166
4,0.0008,0.0186396
5,0.001,0.0232697
