,Current,Voltage
0,0.0,0.00604153
1,0.0002,0.0612521
2,0.0004,0.115657
3,0.0006,0.168469
4,0.0008,0.221064
5,0.001,0.271952
