,Current,Voltage
0,0.0,0.000216961
1,0.0002,0.00526428
2,0.0004,0.0102448
3,0.0006,0.0152063
4,0.0008,0.0202465
5,0.001,0.0252128
