,Current,Voltage
0,0.0,0.000157356
1,0.0002,0.00239134
2,0.0004,0.00460148
3,0.0006,0.00678062
4,0.0008,0.00903606
5,0.001,0.0112033
