,Current,Voltage
0,0.0,0.0173075
1,8e-10,0.293104
2,1.6e-09,0.477718
3,2.4e-09,0.644358
4,3.2e-09,0.797442
5,4e-09,0.96759
