,Current,Voltage
0,0.0,0.0049963
1,8e-10,0.0140636
2,1.6e-09,0.0231059
3,2.4e-09,0.0321584
4,3.2e-09,0.0412114
5,4e-09,0.0502608
