,Current,Voltage
0,0.0,0.00345993
1,8e-10,0.00981069
2,1.6e-09,0.016165
3,2.4e-09,0.0225239
4,3.2e-09,0.0288885
5,4e-09,0.0352347
