,Current,Voltage
0,0.0,0.000243187
1,0.0002,0.00667095
2,0.0004,0.0130749
3,0.0006,0.0194216
4,0.0008,0.0258684
5,0.001,0.0321984
