,Current,Voltage
0,0.0,0.000174046
1,0.0002,0.00684977
2,0.0004,0.0135064
3,0.0006,0.0200725
4,0.0008,0.0267267
5,0.001,0.0332904
