,Current,Voltage
0,0.0,4.25236
1,0.0002,-1.64372
2,0.0004,-1.21495
3,0.0006,-0.834792
4,0.0008,-0.491009
5,0.001,-0.181403
