,Current,Voltage
0,0.0,9.05991e-05
1,0.0002,0.00105858
2,0.0004,0.00203609
3,0.0006,0.00293255
4,0.0008,0.00387192
5,0.001,0.00478506
