,Current,Voltage
0,0.0,0.000374317
1,0.0002,0.0114536
2,0.0004,0.0225616
3,0.0006,0.0335813
4,0.0008,0.0446606
5,0.001,0.0556731
