,Current,Voltage
0,0.0,-9.53674e-06
1,0.0002,0.00126362
2,0.0004,0.0023365
3,0.0006,0.00339985
4,0.0008,0.00441551
5,0.001,0.00550508
