,Current,Voltage
0,0.0,0.000314713
1,0.0002,0.00928879
2,0.0004,0.0183058
3,0.0006,0.0272226
4,0.0008,0.0362563
5,0.001,0.0451708
