,Current,Voltage
0,0.0,0.00440598
1,0.0002,0.170722
2,0.0004,0.326791
3,0.0006,0.478303
4,0.0008,0.628684
5,0.001,0.777361
