,Current,Voltage
0,0.0,-0.320103
1,0.0002,0.047574
2,0.0004,0.111368
3,0.0006,0.141885
4,0.0008,0.159903
5,0.001,0.170262
