,Current,Voltage
0,0.0,0.00038147
1,0.0002,0.0131965
2,0.0004,0.0260615
3,0.0006,0.0387907
4,0.0008,0.0516486
5,0.001,0.0644135
