,Current,Voltage
0,0.0,0.000119209
1,0.0002,0.00210047
2,0.0004,0.00404596
3,0.0006,0.00599623
4,0.0008,0.00792503
5,0.001,0.00985146
