,Current,Voltage
0,0.0,0.000298023
1,0.0002,0.00711203
2,0.0004,0.0138927
3,0.0006,0.0206923
4,0.0008,0.0274897
5,0.001,0.0342846
