,Current,Voltage
0,0.0,0.000116825
1,0.0002,0.000543594
2,0.0004,0.000896454
3,0.0006,0.00123024
4,0.0008,0.00160217
5,0.001,0.00194788
