,Current,Voltage
0,0.0,0.00203848
1,0.0002,0.0828695
2,0.0004,0.16439
3,0.0006,0.245183
4,0.0008,0.326726
5,0.001,0.40755
