,Current,Voltage
0,0.0,-1.3623
1,0.0002,-0.333028
2,0.0004,0.712368
3,0.0006,1.76607
4,0.0008,2.85219
5,0.001,3.8845
