,Current,Voltage
0,0.0,0.000228882
1,0.0002,0.00421762
2,0.0004,0.00822783
3,0.0006,0.0121808
4,0.0008,0.0162292
5,0.001,0.0201464
