,Current,Voltage
0,0.0,0.000524521
1,0.0002,0.0176191
2,0.0004,0.0348163
3,0.0006,0.0519204
4,0.0008,0.0691414
5,0.001,0.0861835
