,Current,Voltage
0,0.0,0.000679493
1,0.0002,0.0262427
2,0.0004,0.0519609
3,0.0006,0.0774026
4,0.0008,0.103228
5,0.001,0.128708
