,Current,Voltage
0,0.0,0.000627041
1,0.0002,0.023458
2,0.0004,0.046556
3,0.0006,0.0694442
4,0.0008,0.0925183
5,0.001,0.115361
