,Current,Voltage
0,0.0,0.000154972
1,0.0002,0.00415802
2,0.0004,0.00764132
3,0.0006,0.0111055
4,0.0008,0.0149274
5,0.001,0.0186348
