,Current,Voltage
0,0.0,0.000112057
1,0.0002,0.00230074
2,0.0004,0.0044179
3,0.0006,0.0065279
4,0.0008,0.00866652
5,0.001,0.0107622
