,Current,Voltage
0,0.0,-0.000267029
1,0.0002,-0.0171232
2,0.0004,-0.0341678
3,0.0006,-0.0511289
4,0.0008,-0.0682068
5,0.001,-0.0851154
