,Current,Voltage
0,0.0,0.000154972
1,0.0002,0.00318527
2,0.0004,0.00614166
3,0.0006,0.00907898
4,0.0008,0.0120568
5,0.001,0.0149369
