,Current,Voltage
0,0.0,0.000219345
1,0.0002,0.00417233
2,0.0004,0.00816584
3,0.0006,0.0120759
4,0.0008,0.0160193
5,0.001,0.0199389
