,Current,Voltage
0,0.0,0.000145435
1,0.0002,0.00201941
2,0.0004,0.00384569
3,0.0006,0.00577211
4,0.0008,0.0629711
5,0.001,0.0784802
