,Current,Voltage
0,0.0,0.00139952
1,0.0002,0.0547576
2,0.0004,0.108578
3,0.0006,0.161138
4,0.0008,0.214789
5,0.001,0.261614
