,Current,Voltage
0,0.0,0.000269413
1,0.0002,0.00480413
2,0.0004,0.00932217
3,0.0006,0.0138211
4,0.0008,0.0183725
5,0.001,0.0228548
