,Current,Voltage
0,0.0,0.000815392
1,0.0002,0.0318074
2,0.0004,0.0630212
3,0.0006,0.0939655
4,0.0008,0.12517
5,0.001,0.15609
