,Current,Voltage
0,0.0,0.00010252
1,0.0002,0.00151873
2,0.0004,0.00296354
3,0.0006,0.00439167
4,0.0008,0.0264025
5,0.001,0.034163
