,Current,Voltage
0,0.0,0.00130892
1,0.0002,0.0519228
2,0.0004,0.102923
3,0.0006,0.153551
4,0.0008,0.204592
5,0.001,0.255146
