,Current,Voltage
0,0.0,0.00202894
1,0.0002,0.0812769
2,0.0004,0.161221
3,0.0006,0.240505
4,0.0008,0.320349
5,0.001,0.399592
