,Current,Voltage
0,0.0,0.00048399
1,0.0002,0.0154901
2,0.0004,0.0306177
3,0.0006,0.0455403
4,0.0008,0.060637
5,0.001,0.0755835
