,Current,Voltage
0,0.0,0.00132084
1,0.0002,0.0534821
2,0.0004,0.106094
3,0.0006,0.158243
4,0.0008,0.210795
5,0.001,0.262916
