,Current,Voltage
0,0.0,0.000786781
1,0.0002,0.0305247
2,0.0004,0.0608253
3,0.0006,0.0947642
4,0.0008,1.2507
5,0.001,2.47757
