,Current,Voltage
0,0.0,0.000348091
1,0.0002,0.0126195
2,0.0004,0.0249124
3,0.0006,0.0371361
4,0.0008,0.0481844
5,0.001,0.414526
