,Current,Voltage
0,0.0,0.000638962
1,0.0002,0.0258255
2,0.0004,0.0511765
3,0.0006,0.0762677
4,0.0008,0.101526
5,0.001,0.126584
