,Current,Voltage
0,0.0,0.0345302
1,0.0002,0.763118
2,0.0004,1.49822
3,0.0006,2.23095
4,0.0008,2.97365
5,0.001,3.71576
