,Current,Voltage
0,0.0,0.0104189
1,0.0002,0.0943851
2,0.0004,0.179029
3,0.0006,0.262825
4,0.0008,0.346956
5,0.001,0.42908
