,Current,Voltage
0,0.0,0.000653267
1,0.0002,0.0225091
2,0.0004,0.0445557
3,0.0006,0.0663447
4,0.0008,0.0882912
5,0.001,0.109942
