,Current,Voltage
0,0.0,0.000324249
1,0.0002,0.00824451
2,0.0004,0.0161481
3,0.0006,0.0240803
4,0.0008,0.0319719
5,0.001,0.0398159
