,Current,Voltage
0,0.0,0.00054121
1,0.0002,0.0183225
2,0.0004,0.0362349
3,0.0006,0.0539994
4,0.0008,0.0718951
5,0.001,0.0896525
