,Current,Voltage
0,0.0,0.000319481
1,0.0002,0.00948191
2,0.0004,0.0186682
3,0.0006,0.0277781
4,0.0008,0.0369835
5,0.001,0.0460911
