,Current,Voltage
0,0.0,0.000331402
1,0.0002,0.0110698
2,0.0004,0.021832
3,0.0006,0.0325131
4,0.0008,0.0432801
5,0.001,0.053947
