,Current,Voltage
0,0.0,0.000970364
1,0.0002,0.00275612
2,0.0004,0.00530958
3,0.0006,0.00787735
4,0.0008,0.010407
5,0.001,0.0129461
