,Current,Voltage
0,0.0,0.000333786
1,0.0002,0.0101066
2,0.0004,0.0199103
3,0.0006,0.0296187
4,0.0008,0.0393248
5,0.001,0.0489616
