,Current,Voltage
0,0.0,-1.30566
1,0.0002,-0.945158
2,0.0004,-0.543709
3,0.0006,-0.170326
4,0.0008,0.229969
5,0.001,0.626352
