,Current,Voltage
0,0.0,0.000915527
1,0.0002,0.0336337
2,0.0004,0.0666094
3,0.0006,0.0993133
4,0.0008,0.132272
5,0.001,0.164943
