,Current,Voltage
0,0.0,0.000436306
1,0.0002,0.0154471
2,0.0004,0.0305605
3,0.0006,0.0454807
4,0.0008,0.0605989
5,0.001,0.0754857
