,Current,Voltage
0,0.0,0.000259876
1,0.0002,0.00514507
2,0.0004,0.0100446
3,0.0006,0.0148582
4,0.0008,0.0197506
5,0.001,0.0246286
