,Current,Voltage
0,0.0,9.29832e-05
1,0.0002,0.000252724
2,0.0004,0.000393391
3,0.0006,0.000503063
4,0.0008,0.000619888
5,0.001,0.000712872
