,Current,Voltage
0,0.0,0.445325
1,0.0002,0.000178814
2,0.0004,0.000157356
3,0.0006,0.00015974
4,0.0008,0.000195503
5,0.001,0.000174046
