,Current,Voltage
0,0.0,0.000829697
1,0.0002,0.0325274
2,0.0004,0.0644422
3,0.0006,0.0961137
4,0.0008,0.128002
5,0.001,0.159597
