,Current,Voltage
0,0.0,0.000722408
1,0.0002,0.0236893
2,0.0004,0.0467396
3,0.0006,0.0695992
4,0.0008,0.0927043
5,0.001,0.115561
