,Current,Voltage
0,0.0,0.0196671
1,0.0002,0.821121
2,0.0004,1.63172
3,0.0006,2.4371
4,0.0008,3.25738
5,0.001,4.07449
