,Current,Voltage
0,0.0,0.000183582
1,0.0002,0.00458717
2,0.0004,0.00895023
3,0.0006,0.0132942
4,0.0008,0.0177383
5,0.001,0.0220633
