,Current,Voltage
0,0.0,0.000481606
1,0.0002,0.0183034
2,0.0004,0.0362349
3,0.0006,0.0539684
4,0.0008,0.0718737
5,0.001,0.0896502
