,Current,Voltage
0,0.0,0.00125885
1,0.0002,0.0478673
2,0.0004,0.0947309
3,0.0006,0.141294
4,0.0008,0.188267
5,0.001,0.23484
