,Current,Voltage
0,0.0,0.000457764
1,0.0002,0.0152659
2,0.0004,0.0301576
3,0.0006,0.044868
4,0.0008,0.0597882
5,0.001,0.074532
