,Current,Voltage
0,0.0,-0.0229454
1,0.0002,0.0235796
2,0.0004,0.07025
3,0.0006,0.115819
4,0.0008,0.160437
5,0.001,0.204434
