,Current,Voltage
0,0.0,0.000157356
1,0.0002,0.00304699
2,0.0004,0.00583887
3,0.0006,0.00865698
4,0.0008,0.0114989
5,0.001,0.0143147
