,Current,Voltage
0,0.0,0.000517368
1,0.0002,0.0199842
2,0.0004,0.0395894
3,0.0006,0.0590301
4,0.0008,0.0786161
5,0.001,0.0980306
