,Current,Voltage
0,0.0,0.000333786
1,0.0002,0.0116348
2,0.0004,0.0229144
3,0.0006,0.034132
4,0.0008,0.0454473
5,0.001,0.0566602
