,Current,Voltage
0,0.0,0.00010252
1,0.0002,-2.14577e-05
2,0.0004,-0.000135899
3,0.0006,-0.000259876
4,0.0008,-0.000369549
5,0.001,-0.000216961
