,Current,Voltage
0,0.0,0.000281334
1,0.0002,0.00602484
2,0.0004,0.011766
3,0.0006,0.0173569
4,0.0008,0.0229216
5,0.001,0.0284767
