,Current,Voltage
0,0.0,0.000171661
1,0.0002,0.00222921
2,0.0004,0.00426531
3,0.0006,0.00627756
4,0.0008,0.00828028
5,0.001,0.010283
