,Current,Voltage
0,0.0,0.000798702
1,0.0002,0.0301576
2,0.0004,0.0596976
3,0.0006,0.0889897
4,0.0008,0.118556
5,0.001,0.147834
