,Current,Voltage
0,0.0,0.000197887
1,0.0002,0.0041008
2,0.0004,0.00798225
3,0.0006,0.0118017
4,0.0008,0.0156736
5,0.001,0.0194716
