,Current,Voltage
0,0.0,0.00764132
1,0.0002,0.308723
2,0.0004,0.612631
3,0.0006,0.913916
4,0.0008,1.21778
5,0.001,1.51898
