,Current,Voltage
0,0.0,0.00026226
1,0.0002,0.00790119
2,0.0004,0.0154829
3,0.0006,0.0230622
4,0.0008,0.0306821
5,0.001,0.038271
