,Current,Voltage
0,0.0,8.58307e-05
1,0.0002,0.00064373
2,0.0004,0.00115156
3,0.0006,0.00161409
4,0.0008,0.00211
5,0.001,0.00260353
