,Current,Voltage
0,0.0,0.0225544
1,0.0002,0.98603
2,0.0004,1.9654
3,0.0006,2.9524
4,0.0008,3.96992
5,0.001,4.98967
