,Current,Voltage
0,0.0,0.000393391
1,0.0002,0.01261
2,0.0004,0.0248051
3,0.0006,0.036931
4,0.0008,0.0491476
5,0.001,0.061276
