,Current,Voltage
0,0.0,0.000443459
1,0.0002,0.0124168
2,0.0004,0.0244212
3,0.0006,0.0363183
4,0.0008,0.048368
5,0.001,0.0603294
