,Current,Voltage
0,0.0,0.000514984
1,0.0002,0.0186849
2,0.0004,0.0369358
3,0.0006,0.0550246
4,0.0008,0.0732803
5,0.001,0.0913453
