,Current,Voltage
0,0.0,0.000119209
1,0.0002,0.00170231
2,0.0004,0.00318766
3,0.0006,0.00469208
4,0.0008,0.00618458
5,0.001,0.00772953
