,Current,Voltage
0,0.0,0.000212193
1,0.0002,0.00359535
2,0.0004,0.00701666
3,0.0006,0.0103688
4,0.0008,0.0137472
5,0.001,0.0171161
