,Current,Voltage
0,0.0,0.000531673
1,0.0002,0.0155306
2,0.0004,0.0307274
3,0.0006,0.0454617
4,0.0008,0.0622702
5,0.001,0.0752211
