,Current,Voltage
0,0.0,0.000121593
1,0.0002,0.00187159
2,0.0004,0.00355482
3,0.0006,0.00524759
4,0.0008,0.00693321
5,0.001,0.00868559
