,Current,Voltage
0,0.0,0.000367165
1,0.0002,0.0101399
2,0.0004,0.0199175
3,0.0006,0.0295639
4,0.0008,0.0392413
5,0.001,0.0489473
