,Current,Voltage
0,0.0,0.000374317
1,0.0002,0.0118208
2,0.0004,0.0233126
3,0.0006,0.0346446
4,0.0008,0.0461173
5,0.001,0.0574851
