,Current,Voltage
0,0.0,0.00010252
1,0.0002,0.000736713
2,0.0004,0.00138521
3,0.0006,0.0022006
4,0.0008,0.00429392
5,0.001,0.00418901
