,Current,Voltage
0,0.0,0.00569344
1,0.0002,0.223155
2,0.0004,0.442879
3,0.0006,0.660667
4,0.0008,0.880361
5,0.001,1.0983
