,Current,Voltage
0,0.0,0.000355244
1,0.0002,0.0103188
2,0.0004,0.0203419
3,0.0006,0.0303578
4,0.0008,0.0404334
5,0.001,0.0504351
