,Current,Voltage
0,0.0,0.00188112
1,0.0002,0.0819898
2,0.0004,0.162776
3,0.0006,0.242851
4,0.0008,0.323634
5,0.001,0.403676
