,Current,Voltage
0,0.0,0.000100136
1,0.0002,0.00217676
2,0.0004,0.0041604
3,0.0006,0.00614882
4,0.0008,0.00813246
5,0.001,0.0101566
