,Current,Voltage
0,0.0,0.000178814
1,0.0002,0.00488043
2,0.0004,0.00952244
3,0.0006,0.014143
4,0.0008,0.0187826
5,0.001,0.0233865
