,Current,Voltage
0,0.0,0.000245571
1,0.0002,0.00763416
2,0.0004,0.0149608
3,0.0006,0.0222635
4,0.0008,0.0296235
5,0.001,0.0369406
