,Current,Voltage
0,0.0,0.000188351
1,0.0002,0.00283003
2,0.0004,0.00548601
3,0.0006,0.00808716
4,0.0008,0.0106859
5,0.001,0.0132942
