,Current,Voltage
0,0.0,0.000317097
1,0.0002,0.00921726
2,0.0004,0.0180364
3,0.0006,0.0268579
4,0.0008,0.035758
5,0.001,0.0445437
