,Current,Voltage
0,0.0,0.000195503
1,0.0002,0.00370026
2,0.0004,0.00716925
3,0.0006,0.0105762
4,0.0008,0.0140834
5,0.001,0.0174904
