,Current,Voltage
0,0.0,0.000164509
1,0.0002,0.0022459
2,0.0004,0.00424147
3,0.0006,0.0062418
4,0.0008,0.00826359
5,0.001,0.0102448
