,Current,Voltage
0,0.0,0.000226498
1,0.0002,0.00385046
2,0.0004,0.0074935
3,0.0006,0.0110555
4,0.0008,0.0147223
5,0.001,0.0182915
