,Current,Voltage
0,0.0,0.000164509
1,0.0002,0.00238419
2,0.0004,0.0045085
3,0.0006,0.0066781
4,0.0008,0.00883579
5,0.001,0.0109577
