,Current,Voltage
0,0.0,0.000195503
1,0.0002,0.00313759
2,0.0004,0.00602007
3,0.0006,0.00889063
4,0.0008,0.0117922
5,0.001,0.0146556
