,Current,Voltage
0,0.0,0.000135899
1,0.0002,0.00297546
2,0.0004,0.00579357
3,0.0006,0.00858545
4,0.0008,0.0113845
5,0.001,0.0141954
