,Current,Voltage
0,0.0,0.000288486
1,0.0002,0.00667334
2,0.0004,0.0129819
3,0.0006,0.0192738
4,0.0008,0.0256419
5,0.001,0.0318813
