,Current,Voltage
0,0.0,0.00015974
1,0.0002,0.00275612
2,0.0004,0.00531435
3,0.0006,0.00781536
4,0.0008,0.0103331
5,0.001,0.0128365
