,Current,Voltage
0,0.0,0.000150204
1,0.0002,0.00239611
2,0.0004,0.00451326
3,0.0006,0.00667572
4,0.0008,0.00884533
5,0.001,0.0109625
