,Current,Voltage
0,0.0,0.000162125
1,0.0002,0.0018239
2,0.0004,0.00339508
3,0.0006,0.0049758
4,0.0008,0.00655413
5,0.001,0.00814438
