,Current,Voltage
0,0.0,0.000457764
1,0.0002,0.0142622
2,0.0004,0.0281405
3,0.0006,0.0418782
4,0.0008,0.0557661
5,0.001,0.0695109
