,Current,Voltage
0,0.0,0.000228882
1,0.0002,0.00340939
2,0.0004,0.00663996
3,0.0006,0.00977278
4,0.0008,0.0129938
5,0.001,0.0161433
