,Current,Voltage
0,0.0,0.000181198
1,0.0002,0.00301361
2,0.0004,0.00579596
3,0.0006,0.00854015
4,0.0008,0.0113392
5,0.001,0.0140548
