,Current,Voltage
0,0.0,0.000360012
1,0.0002,0.011313
2,0.0004,0.0223017
3,0.0006,0.0332284
4,0.0008,0.044229
5,0.001,0.0551248
