,Current,Voltage
0,0.0,0.00014782
1,0.0002,0.00196457
2,0.0004,0.00377417
3,0.0006,0.00557661
4,0.0008,0.00749588
5,0.001,0.00916481
