,Current,Voltage
0,0.0,0.000166893
1,0.0002,0.0030756
2,0.0004,0.00594616
3,0.0006,0.00876904
4,0.0008,0.0116301
5,0.001,0.0144649
