,Current,Voltage
0,0.0,0.000190735
1,0.0002,0.00271082
2,0.0004,0.00523806
3,0.0006,0.00771999
4,0.0008,0.0102425
5,0.001,0.0126791
