,Current,Voltage
0,0.0,0.000202656
1,0.0002,0.00344753
2,0.0004,0.00665903
3,0.0006,0.00983477
4,0.0008,0.013063
5,0.001,0.0162268
