,Current,Voltage
0,0.0,0.000185966
1,0.0002,0.00365019
2,0.0004,0.00708103
3,0.0006,0.0104213
4,0.0008,0.013845
5,0.001,0.0172758
