,Current,Voltage
0,0.0,0.000171661
1,0.0002,0.00277042
2,0.0004,0.00533342
3,0.0006,0.00788689
4,0.0008,0.0104547
5,0.001,0.0130081
