,Current,Voltage
0,0.0,0.000143051
1,0.0002,0.00293493
2,0.0004,0.00566959
3,0.0006,0.00838041
4,0.0008,0.011127
5,0.001,0.013814
