,Current,Voltage
0,0.0,0.000202656
1,0.0002,0.00318766
2,0.0004,0.00619173
3,0.0006,0.00910044
4,0.0008,0.0120616
5,0.001,0.0150156
