,Current,Voltage
0,0.0,0.000755787
1,0.0002,0.0266147
2,0.0004,0.0526381
3,0.0006,0.0784278
4,0.0008,0.104461
5,0.001,0.130274
