,Current,Voltage
0,0.0,0.000185966
1,0.0002,0.00310898
2,0.0004,0.00597239
3,0.0006,0.0087595
4,0.0008,0.0116253
5,0.001,0.014534
