,Current,Voltage
0,0.0,0.00017643
1,0.0002,0.00285387
2,0.0004,0.00551462
3,0.0006,0.00817776
4,0.0008,0.0108147
5,0.001,0.0134778
