,Current,Voltage
0,0.0,0.000231266
1,0.0002,0.00443935
2,0.0004,0.00862122
3,0.0006,0.0127482
4,0.0008,0.0169945
5,0.001,0.0210953
