,Current,Voltage
0,0.0,0.000181198
1,0.0002,0.00279903
2,0.0004,0.00533819
3,0.0006,0.00786781
4,0.0008,0.0104499
5,0.001,0.0129509
