,Current,Voltage
0,0.0,0.000212193
1,0.0002,0.00300407
2,0.0004,0.00575781
3,0.0006,0.00850677
4,0.0008,0.0112391
5,0.001,0.0139928
