,Current,Voltage
0,0.0,0.00017643
1,0.0002,0.0047636
2,0.0004,0.00932693
3,0.0006,0.013907
4,0.0008,0.0184417
5,0.001,0.0229669
