,Current,Voltage
0,0.0,0.000185966
1,0.0002,0.00476837
2,0.0004,0.00933647
3,0.0006,0.0138783
4,0.0008,0.0184512
5,0.001,0.0229454
