,Current,Voltage
0,0.0,0.000221729
1,0.0002,0.00532866
2,0.0004,0.010438
3,0.0006,0.0154948
4,0.0008,0.0206161
5,0.001,0.0256872
