,Current,Voltage
0,0.0,0.000181198
1,0.0002,0.0023675
2,0.0004,0.00451565
3,0.0006,0.00667095
4,0.0008,0.00880957
5,0.001,0.0109577
