,Current,Voltage
0,0.0,0.000188351
1,0.0002,0.00419378
2,0.0004,0.008111
3,0.0006,0.0119829
4,0.0008,0.0158882
5,0.001,0.0198054
