,Current,Voltage
0,0.0,0.00014782
1,0.0002,0.0022459
2,0.0004,0.00427485
3,0.0006,0.00625849
4,0.0008,0.00828028
5,0.001,0.0103045
