,Current,Voltage
0,0.0,0.00014782
1,0.0002,0.00336885
2,0.0004,0.00662088
3,0.0006,0.00977039
4,0.0008,0.0129414
5,0.001,0.0161505
