,Current,Voltage
0,0.0,0.00017643
1,0.0002,0.00337362
2,0.0004,0.00649691
3,0.0006,0.00962257
4,0.0008,0.0127721
5,0.001,0.0158978
