,Current,Voltage
0,0.0,0.000228882
1,0.0002,0.00375509
2,0.0004,0.00732183
3,0.0006,0.0108218
4,0.0008,0.0144124
5,0.001,0.01791
