,Current,Voltage
0,0.0,0.000190735
1,0.0002,0.00384808
2,0.0004,0.00748873
3,0.0006,0.0110888
4,0.0008,0.014708
5,0.001,0.0182819
