,Current,Voltage
0,0.0,0.000290871
1,0.0002,0.00828981
2,0.0004,0.0163126
3,0.0006,0.024271
4,0.0008,0.0322437
5,0.001,0.0401592
