,Current,Voltage
0,0.0,0.000183582
1,0.0002,0.0049901
2,0.0004,0.00972271
3,0.0006,0.0144339
4,0.0008,0.0191736
5,0.001,0.0238776
