,Current,Voltage
0,0.0,0.00500584
1,8e-10,0.0139842
2,1.6e-09,0.0229814
3,2.4e-09,0.0319715
4,3.2e-09,0.0409677
5,4e-09,0.0499561
