,Current,Voltage
0,0.0,0.00354362
1,8e-10,0.0103583
2,1.6e-09,0.0172005
3,2.4e-09,0.0240269
4,3.2e-09,0.0308683
5,4e-09,0.037715
