,Current,Voltage
0,0.0,0.000224829
1,8e-10,0.0216296
2,1.6e-09,0.0429983
3,2.4e-09,0.0419507
4,3.2e-09,0.112434
5,4e-09,0.186044
