,Current,Voltage
0,0.0,0.000550747
1,0.0002,0.0178909
2,0.0004,0.0353551
3,0.0006,0.0526309
4,0.0008,0.0701022
5,0.001,0.0873899
