,Current,Voltage
0,0.0,0.000302792
1,0.0002,0.0083971
2,0.0004,0.0164557
3,0.0006,0.0244951
4,0.0008,0.0325966
5,0.001,0.0406003
