,Current,Voltage
0,0.0,0.000128746
1,0.0002,-0.00134945
2,0.0004,-0.0029707
3,0.0006,-0.0045228
4,0.0008,-0.00609636
5,0.001,10.0023
