,Current,Voltage
0,0.0,0.00109434
1,0.0002,0.0393987
2,0.0004,0.0780821
3,0.0006,0.116384
4,0.0008,0.154982
5,0.001,0.193288
