,Current,Voltage
0,0.0,0.000386238
1,0.0002,0.0124002
2,0.0004,0.0243902
3,0.0006,0.0362635
4,0.0008,0.0482607
5,0.001,0.0601387
