,Current,Voltage
0,0.0,0.00291109
1,0.0002,0.00614643
2,0.0004,0.00917196
3,0.0006,0.0121999
4,0.0008,0.0155759
5,0.001,0.0183439
