,Current,Voltage
0,0.0,0.000491142
1,0.0002,0.0168467
2,0.0004,0.033288
3,0.0006,0.0495553
4,0.0008,0.065968
5,0.001,0.0822258
