,Current,Voltage
0,0.0,0.000548363
1,0.0002,0.0166965
2,0.0004,0.032928
3,0.0006,0.0490642
4,0.0008,0.0652528
5,0.001,0.0813675
