,Current,Voltage
0,0.0,-1.41898
1,0.0002,-1.07766
2,0.0004,-0.754025
3,0.0006,-0.449979
4,0.0008,-0.158207
5,0.001,0.118029
