,Current,Voltage
0,0.0,0.000288486
1,0.0002,0.00703335
2,0.0004,0.00849009
3,0.0006,0.118494
4,0.0008,2.32481
5,0.001,2.8593
