,Current,Voltage
0,0.0,0.000772476
1,0.0002,0.0264406
2,0.0004,0.0521445
3,0.0006,0.0777125
4,0.0008,0.103462
5,0.001,0.128949
