,Current,Voltage
0,0.0,0.000514984
1,0.0002,0.0169349
2,0.0004,0.0334263
3,0.0006,0.0498104
4,0.0008,0.0663638
5,0.001,0.0827146
