,Current,Voltage
0,0.0,0.00589132
1,0.0002,0.246956
2,0.0004,0.490301
3,0.0006,0.731645
4,0.0008,0.97502
5,0.001,1.21584
