,Current,Voltage
0,0.0,0.000274181
1,0.0002,0.00592709
2,0.0004,0.0115395
3,0.0006,0.017159
4,0.0008,0.0227904
5,0.001,0.0283909
