,Current,Voltage
0,0.0,0.000469685
1,0.0002,0.0139165
2,0.0004,0.0273967
3,0.0006,0.0408244
4,0.0008,0.0542665
5,0.001,0.0676656
