,Current,Voltage
0,0.0,0.000207424
1,0.0002,0.00471354
2,0.0004,0.00916719
3,0.0006,0.0135922
4,0.0008,0.0180912
5,0.001,0.022471
