,Current,Voltage
0,0.0,-1.41683
1,0.0002,-1.23314
2,0.0004,-1.05322
3,0.0006,-0.874565
4,0.0008,-0.694976
5,0.001,-0.51677
