,Current,Voltage
0,0.0,0.000526905
1,0.0002,0.0159955
2,0.0004,0.0310969
3,0.0006,0.0444603
4,0.0008,10.0022
5,0.001,10.0022
