,Current,Voltage
0,0.0,0.000243187
1,0.0002,0.00564337
2,0.0004,0.0110126
3,0.0006,0.0163388
4,0.0008,0.0217581
5,0.001,0.0272298
