,Current,Voltage
0,0.0,0.000972748
1,0.0002,0.0323367
2,0.0004,0.988984
3,0.0006,3.07775
4,0.0008,4.86201
5,0.001,6.64761
