,Current,Voltage
0,0.0,0.000550747
1,0.0002,1.88663
2,0.0004,9.36036
3,0.0006,10.0021
4,0.0008,10.002
5,0.001,10.002
