,Current,Voltage
0,0.0,0.000724792
1,0.0002,0.0229263
2,0.0004,0.0452542
3,0.0006,0.0674152
4,0.0008,0.0897574
5,0.001,0.111876
