,Current,Voltage
0,0.0,0.000729561
1,0.0002,0.0225496
2,0.0004,0.0445795
3,0.0006,0.0663614
4,0.0008,0.0883675
5,0.001,0.110173
