,Current,Voltage
0,0.0,0.00178576
1,0.0002,0.0689721
2,0.0004,0.136635
3,0.0006,0.203786
4,0.0008,0.271494
5,0.001,0.33855
