,Current,Voltage
0,0.0,0.00020504
1,0.0002,0.00603914
2,0.0004,0.0117946
3,0.0006,0.0175571
4,0.0008,0.0233006
5,0.001,0.0290489
