,Current,Voltage
0,0.0,-1.15453
1,0.0002,4.96531
2,0.0004,9.1901
3,0.0006,10.0021
4,0.0008,10.002
5,0.001,5.46879
