,Current,Voltage
0,0.0,0.00107765
1,0.0002,4.37933
2,0.0004,2.87429
3,0.0006,6.80472
4,0.0008,10.0021
5,0.001,10.002
