,Current,Voltage
0,0.0,0.00457287
1,0.0002,0.158978
2,0.0004,0.314536
3,0.0006,0.46896
4,0.0008,0.624588
5,0.001,0.778956
