,Current,Voltage
0,0.0,0.000286102
1,0.0002,0.00873566
2,0.0004,0.0171614
3,0.0006,0.0255203
4,0.0008,0.0339341
5,0.001,0.0422573
