,Current,Voltage
0,0.0,0.000255108
1,0.0002,0.00660419
2,0.0004,0.0128889
3,0.0006,0.019114
4,0.0008,0.0254178
5,0.001,0.0316191
