,Current,Voltage
0,0.0,0.000422001
1,0.0002,0.0106645
2,0.0004,0.0209141
3,0.0006,0.0311112
4,0.0008,0.0413489
5,0.001,0.0515079
