,Current,Voltage
0,0.0,0.00166416
1,0.0002,0.0601172
2,0.0004,0.119164
3,0.0006,0.177586
4,0.0008,0.236585
5,0.001,0.295062
