,Current,Voltage
0,0.0,0.00197649
1,0.0002,0.0674605
2,0.0004,0.133574
3,0.0006,0.199087
4,0.0008,0.265172
5,0.001,0.330508
