,Current,Voltage
0,0.0,0.00054121
1,0.0002,0.0180364
2,0.0004,0.0356388
3,0.0006,0.053072
4,0.0008,0.0706911
5,0.001,0.0881577
