,Current,Voltage
0,0.0,0.000593662
1,0.0002,0.0197315
2,0.0004,0.0389791
3,0.0006,0.0581241
4,0.0008,0.0773573
5,0.001,0.096426
