,Current,Voltage
0,0.0,0.000305176
1,0.0002,0.00926018
2,0.0004,0.0181627
3,0.0006,0.0270176
4,0.0008,0.035944
5,0.001,0.0448132
