,Current,Voltage
0,0.0,0.000474453
1,0.0002,0.0136971
2,0.0004,0.0269413
3,0.0006,0.0400972
4,0.0008,0.0533819
5,0.001,0.0665259
