,Current,Voltage
0,0.0,0.000464916
1,0.0002,0.0138497
2,0.0004,0.027256
3,0.0006,0.0402021
4,0.0008,0.0533915
5,0.001,0.0665593
