,Current,Voltage
0,0.0,-1.35332
1,0.0002,-1.23628
2,0.0004,-1.12348
3,0.0006,-1.01149
4,0.0008,-0.898969
5,0.001,-0.787117
