,Current,Voltage
0,0.0,0.00110865
1,0.0002,0.0406313
2,0.0004,0.0804925
3,0.0006,0.120034
4,0.0008,0.159879
5,0.001,0.199466
