,Current,Voltage
0,0.0,0.000553131
1,0.0002,0.0184274
2,0.0004,0.0363064
3,0.0006,0.0540471
4,0.0008,0.0729585
5,0.001,0.0942087
