,Current,Voltage
0,0.0,0.00114441
1,0.0002,0.0369692
2,0.0004,0.0730634
3,0.0006,0.108926
4,0.0008,0.145056
5,0.001,0.180836
