,Current,Voltage
0,0.0,0.000977516
1,0.0002,0.0148463
2,0.0004,2.87464
3,0.0006,7.18101
4,0.0008,10.002
5,0.001,10.002
