,Current,Voltage
0,0.0,0.000977516
1,0.0002,0.0372386
2,0.0004,0.0737476
3,0.0006,0.10998
4,0.0008,0.146518
5,0.001,0.18266
