,Current,Voltage
0,0.0,0.000271797
1,0.0002,0.00694752
2,0.0004,0.0136042
3,0.0006,0.0202465
4,0.0008,0.0269032
5,0.001,0.033493
