,Current,Voltage
0,0.0,-1.39125
1,0.0002,-1.2614
2,0.0004,-1.11931
3,0.0006,-0.978422
4,0.0008,-0.836895
5,0.001,-0.696375
