,Current,Voltage
0,0.0,0.000431538
1,0.0002,0.0126171
2,0.0004,0.0248051
3,0.0006,0.036881
4,0.0008,0.049026
5,0.001,0.0610781
