,Current,Voltage
0,0.0,0.000655651
1,0.0002,0.0241971
2,0.0004,0.0478053
3,0.0006,0.0712442
4,0.0008,0.0948405
5,0.001,0.118251
