,Current,Voltage
0,0.0,-1.40875
1,0.0002,2.41062
2,0.0004,4.14017
3,0.0006,6.16371
4,0.0008,8.87668
5,0.001,10.002
