,Current,Voltage
0,0.0,0.000209808
1,0.0002,0.00481129
2,0.0004,2.34628
3,0.0006,5.81876
4,0.0008,7.89999
5,0.001,10.0019
