,Current,Voltage
0,0.0,0.00342155
1,8e-10,0.0098753
2,1.6e-09,0.016377
3,2.4e-09,0.0227785
4,3.2e-09,0.0291927
5,4e-09,0.0356963
