,Current,Voltage
0,0.0,0.00386548
1,8e-10,0.0100148
2,1.6e-09,0.0161643
3,2.4e-09,0.0223141
4,3.2e-09,0.0284517
5,4e-09,0.0346181
