,Current,Voltage
0,0.0,0.00675821
1,8e-10,0.0196164
2,1.6e-09,0.0324509
3,2.4e-09,0.0453107
4,3.2e-09,0.0581515
5,4e-09,0.0709825
