,Current,Voltage
0,0.0,0.00760698
1,8e-10,0.0202208
2,1.6e-09,0.0328677
3,2.4e-09,0.0455129
4,3.2e-09,0.0581293
5,4e-09,0.0707631
