,Current,Voltage
0,0.0,0.0209761
1,8e-10,0.204237
2,1.6e-09,0.232255
3,2.4e-09,0.246969
4,3.2e-09,0.256902
5,4e-09,0.265808
