,Current,Voltage
0,0.0,0.0019145
1,0.0002,2.34313
2,0.0004,6.82088
3,0.0006,10.0023
4,0.0008,10.002
5,0.001,10.002
