,Current,Voltage
0,0.0,0.000703335
1,0.0002,0.0232458
2,0.0004,0.0458932
3,0.0006,0.068357
4,0.0008,0.0910258
5,0.001,0.113513
