,Current,Voltage
0,0.0,0.000560284
1,0.0002,0.0158167
2,0.0004,0.57251
3,0.0006,2.35445
4,0.0008,4.36922
5,0.001,10.0021
