,Current,Voltage
0,0.0,0.000422001
1,0.0002,0.0125813
2,0.0004,0.0248051
3,0.0006,0.0369668
4,0.0008,0.0491667
5,0.001,0.0613093
