,Current,Voltage
0,0.0,0.00608444
1,0.0002,0.251491
2,0.0004,0.498915
3,0.0006,1.35394
4,0.0008,2.91589
5,0.001,4.68851
