,Current,Voltage
0,0.0,0.00680447
1,0.0002,0.264645
2,0.0004,0.524333
3,0.0006,0.783694
4,0.0008,1.04534
5,0.001,1.3006
