,Current,Voltage
0,0.0,0.0004673
1,0.0002,0.0126052
2,0.0004,0.0248146
3,0.0006,0.0368714
4,0.0008,0.0490832
5,0.001,0.0611567
