,Current,Voltage
0,0.0,0.0218964
1,0.0002,0.921414
2,0.0004,1.82886
3,0.0006,2.72903
4,0.0008,3.63576
5,0.001,4.53498
