,Current,Voltage
0,0.0,0.000340939
1,0.0002,0.0104547
2,0.0004,0.0205135
3,0.0006,0.0305223
4,0.0008,0.0406289
5,0.001,0.0506258
