,Current,Voltage
0,0.0,0.000495911
1,0.0002,0.0168252
2,0.0004,0.0331688
3,0.0006,0.0494862
4,0.0008,0.0658607
5,0.001,0.0821018
