,Current,Voltage
0,0.0,0.00345469
1,0.0002,0.137053
2,0.0004,0.271935
3,0.0006,0.405533
4,0.0008,0.540354
5,0.001,0.673864
