,Current,Voltage
0,0.0,0.000553131
1,0.0002,0.0191879
2,0.0004,0.0379419
3,0.0006,0.0565577
4,0.0008,0.0752735
5,0.001,0.0938821
