,Current,Voltage
0,0.0,0.000748634
1,0.0002,0.0271344
2,0.0004,1.104
3,0.0006,4.69696
4,0.0008,7.19728
5,0.001,9.76744
