,Current,Voltage
0,0.0,0.00277281
1,0.0002,0.108662
2,0.0004,0.215559
3,0.0006,0.321405
4,0.0008,0.752654
5,0.001,1.77978
