,Current,Voltage
0,0.0,0.00110388
1,0.0002,0.039978
2,0.0004,0.079155
3,0.0006,0.117996
4,0.0008,0.157185
5,0.001,0.196028
