,Current,Voltage
0,0.0,0.00149727
1,0.0002,0.0520635
2,0.0004,0.10304
3,0.0006,0.423021
4,0.0008,1.76941
5,0.001,3.25153
