,Current,Voltage
0,0.0,0.00139952
1,0.0002,0.0509644
2,0.0004,0.100858
3,0.0006,0.150344
4,0.0008,0.200245
5,0.001,0.249748
