,Current,Voltage
0,0.0,0.00160456
1,0.0002,0.0630426
2,0.0004,0.124979
3,0.0006,0.186396
4,0.0008,0.248332
5,0.001,0.309646
