,Current,Voltage
0,0.0,0.000395775
1,0.0002,0.0128341
2,0.0004,0.0253057
3,0.0006,0.0376463
4,0.0008,0.0501299
5,0.001,0.0624585
