,Current,Voltage
0,0.0,0.00443339
1,8e-10,0.0128069
2,1.6e-09,0.021163
3,2.4e-09,0.0295463
4,3.2e-09,0.037915
5,4e-09,0.0462763
