,Current,Voltage
0,0.0,0.00396609
1,8e-10,0.0102112
2,1.6e-09,0.0164573
3,2.4e-09,0.0226812
4,3.2e-09,0.0289104
5,4e-09,0.0351393
