,Current,Voltage
0,0.0,0.00663996
1,8e-10,0.0193775
2,1.6e-09,0.0320957
3,2.4e-09,0.0448244
4,3.2e-09,0.0575323
5,4e-09,0.0702479
