,Current,Voltage
0,0.0,0.000126362
1,0.0002,0.00253677
2,0.0004,0.00487328
3,0.0006,0.00719309
4,0.0008,0.00956297
5,0.001,0.0118995
