,Current,Voltage
0,0.0,0.00027895
1,0.0002,0.00605822
2,0.0004,0.0118017
3,0.0006,0.0174785
4,0.0008,0.0232077
5,0.001,0.028913
