,Current,Voltage
0,0.0,0.000193119
1,0.0002,0.00379801
2,0.0004,0.00734806
3,0.0006,0.010848
4,0.0008,0.0143909
5,0.001,0.0178933
