,Current,Voltage
0,0.0,0.000207424
1,0.0002,0.00344276
2,0.0004,0.00667334
3,0.0006,0.00985861
4,0.0008,0.0130463
5,0.001,0.0162959
