,Current,Voltage
0,0.0,0.000326633
1,0.0002,0.00847816
2,0.0004,0.0166368
3,0.0006,0.0247741
4,0.0008,0.0329471
5,0.001,0.0410867
