,Current,Voltage
0,0.0,0.00026226
1,0.0002,0.00756741
2,0.0004,0.0148582
3,0.0006,0.0220919
4,0.0008,0.0294018
5,0.001,0.036602
