,Current,Voltage
0,0.0,0.000386238
1,0.0002,0.0119257
2,0.0004,0.0234723
3,0.0006,0.0349545
4,0.0008,0.0465536
5,0.001,0.0580215
