,Current,Voltage
0,0.0,0.000193119
1,0.0002,0.0037241
2,0.0004,0.00724792
3,0.0006,0.0107026
4,0.0008,0.0141883
5,0.001,0.0176573
