,Current,Voltage
0,0.0,0.000133514
1,0.0002,0.0011754
2,0.0004,0.00216961
3,0.0006,0.314674
4,0.0008,1.59541
5,0.001,3.04323
