,Current,Voltage
0,0.0,0.000219345
1,0.0002,0.00356197
2,0.0004,0.00691414
3,0.0006,0.0101805
4,0.0008,0.0135255
5,0.001,0.0167942
