,Current,Voltage
0,0.0,0.000202656
1,0.0002,0.00399828
2,0.0004,0.00776291
3,0.0006,0.0114608
4,0.0008,0.0152397
5,0.001,0.0188994
