,Current,Voltage
0,0.0,0.000247955
1,0.0002,0.00542402
2,0.0004,0.0105619
3,0.0006,0.0156784
4,0.0008,0.0208044
5,0.001,0.0259042
