,Current,Voltage
0,0.0,0.000138283
1,0.0002,0.00141621
2,0.0004,0.352449
3,0.0006,2.28196
4,0.0008,4.35416
5,0.001,6.40361
