,Current,Voltage
0,0.0,0.000183582
1,0.0002,0.00407457
2,0.0004,0.0079608
3,0.0006,0.0117803
4,0.0008,0.015645
5,0.001,0.0194645
