,Current,Voltage
0,0.0,0.000214577
1,0.0002,0.00397921
2,0.0004,0.00774384
3,0.0006,0.0114489
4,0.0008,0.0151992
5,0.001,0.0189519
