,Current,Voltage
0,0.0,0.000245571
1,0.0002,0.00546694
2,0.0004,0.0106716
3,0.0006,0.0158191
4,0.0008,0.0209975
5,0.001,0.0261784
