,Current,Voltage
0,0.0,0.00023365
1,0.0002,0.00453949
2,0.0004,0.0087595
3,0.0006,0.0130272
4,0.0008,0.0173616
5,0.001,0.572543
