,Current,Voltage
0,0.0,0.000193119
1,0.0002,0.0036025
2,0.0004,0.00704288
3,0.0006,0.0103974
4,0.0008,0.0137973
5,0.001,0.0171351
