,Current,Voltage
0,0.0,0.000324249
1,0.0002,0.00901222
2,0.0004,0.0177002
3,0.0006,0.0263286
4,0.0008,0.0350356
5,0.001,0.0436664
