,Current,Voltage
0,0.0,0.000188351
1,0.0002,0.00437498
2,0.0004,0.00847101
3,0.0006,0.0125694
4,0.0008,0.0166869
5,0.001,0.0207853
