,Current,Voltage
0,0.0,0.00015974
1,0.0002,0.00353813
2,0.0004,0.00688791
3,0.0006,0.0102186
4,0.0008,0.0135875
5,0.001,0.0168872
