,Current,Voltage
0,0.0,0.000181198
1,0.0002,0.00327826
2,0.0004,0.00635147
3,0.0006,0.00940323
4,0.0008,0.0124907
5,0.001,0.0155282
