,Current,Voltage
0,0.0,0.000166893
1,0.0002,0.00352621
2,0.0004,0.00686646
3,0.0006,0.0101447
4,0.0008,0.0134635
5,0.001,0.0167036
