,Current,Voltage
0,0.0,0.000162125
1,0.0002,0.00355721
2,0.0004,0.00692606
3,0.0006,0.0102186
4,0.0008,0.0135851
5,0.001,0.0168777
