,Current,Voltage
0,0.0,0.000183582
1,0.0002,0.0041461
2,0.0004,0.00806808
3,0.0006,0.0119996
4,0.0008,0.0159049
5,0.001,0.0198245
