,Current,Voltage
0,0.0,0.000450611
1,0.0002,0.0144458
2,0.0004,0.0284719
3,0.0006,0.0424266
4,0.0008,0.056417
5,0.001,0.0703502
