,Current,Voltage
0,0.0,0.000216961
1,0.0002,0.00531673
2,0.0004,0.0103831
3,0.0006,0.015378
4,0.0008,0.0204349
5,0.001,0.0254393
