,Current,Voltage
0,0.0,0.000190735
1,0.0002,0.00441074
2,0.0004,0.00860214
3,0.0006,0.0127125
4,0.0008,0.0168586
5,0.001,0.0209999
