,Current,Voltage
0,0.0,0.000274181
1,0.0002,0.00831127
2,0.0004,0.0163341
3,0.0006,0.0242782
4,0.0008,0.0323629
5,0.001,0.040288
