,Current,Voltage
0,0.0,0.000200272
1,0.0002,0.00420094
2,0.0004,0.00815868
3,0.0006,0.0120807
4,0.0008,0.0160527
5,0.001,0.019989
