,Current,Voltage
0,0.0,0.000193119
1,0.0002,0.00293016
2,0.0004,0.00565767
3,0.0006,0.00840425
4,0.0008,0.0110888
5,0.001,0.0138092
