,Current,Voltage
0,0.0,0.000309944
1,0.0002,0.0090766
2,0.0004,0.0178075
3,0.0006,0.0264812
4,0.0008,0.035305
5,0.001,0.0439715
