,Current,Voltage
0,0.0,0.000252724
1,0.0002,0.00436068
2,0.0004,0.00849962
3,0.0006,0.0125885
4,0.0008,0.0166917
5,0.001,0.0207877
