,Current,Voltage
0,0.0,0.000288486
1,0.0002,0.0054431
2,0.0004,0.0105619
3,0.0006,0.0157213
4,0.0008,0.0208783
5,0.001,0.02599
