,Current,Voltage
0,0.0,0.000290871
1,0.0002,0.00744581
2,0.0004,0.0146222
3,0.0006,0.0217009
4,0.0008,0.0288701
5,0.001,0.0359273
