,Current,Voltage
0,0.0,0.0682497
1,0.0002,0.00708103
2,0.0004,2.93742
3,0.0006,5.89263
4,0.0008,8.91379
5,0.001,10.0019
