,Current,Voltage
0,0.0,0.000188351
1,0.0002,0.00405788
2,0.0004,0.00791788
3,0.0006,0.0117826
4,0.0008,0.0156069
5,0.001,0.0194597
