,Current,Voltage
0,0.0,0.000214577
1,0.0002,0.00449419
2,0.0004,0.00873566
3,0.0006,0.0129247
4,0.0008,0.0171947
5,0.001,0.0213838
