,Current,Voltage
0,0.0,0.00017643
1,0.0002,0.00338554
2,0.0004,0.00654697
3,0.0006,0.00962973
4,0.0008,0.0127864
5,0.001,0.0159359
