,Current,Voltage
0,0.0,0.000185966
1,0.0002,0.00378609
2,0.0004,0.00738621
3,0.0006,0.0109458
4,0.0008,0.0144863
5,0.001,0.0180221
