,Current,Voltage
0,0.0,0.000209808
1,0.0002,0.00441551
2,0.0004,0.00864267
3,0.0006,0.0127673
4,0.0008,0.0169396
5,0.001,0.0211167
