,Current,Voltage
0,0.0,0.000200272
1,0.0002,0.00346661
2,0.0004,0.00677586
3,0.0006,0.0100136
4,0.0008,0.013299
5,0.001,0.0165796
