,Current,Voltage
0,0.0,0.000193119
1,0.0002,0.00370979
2,0.0004,0.0071311
3,0.0006,0.0105453
4,0.0008,0.0146985
5,0.001,0.777161
