,Current,Voltage
0,0.0,0.000329018
1,0.0002,0.00786066
2,0.0004,0.0153542
3,0.0006,0.0228477
4,0.0008,0.030365
5,0.001,0.0378442
