,Current,Voltage
0,0.0,0.000197887
1,0.0002,0.00413656
2,0.0004,0.0080061
3,0.0006,0.0118589
4,0.0008,0.0157571
5,0.001,0.0195956
