,Current,Voltage
0,0.0,0.000188351
1,0.0002,0.00355721
2,0.0004,0.0069046
3,0.0006,0.0102401
4,0.0008,0.0136018
5,0.001,0.0169039
