,Current,Voltage
0,0.0,0.0052619
1,8e-10,0.0167146
2,1.6e-09,0.0282259
3,2.4e-09,0.0397105
4,3.2e-09,0.0512285
5,4e-09,0.0627432
