,Current,Voltage
0,0.0,0.000224113
1,0.0002,0.00555754
2,0.0004,0.0108552
3,0.0006,0.0160766
4,0.0008,0.0213456
5,0.001,0.0266075
