,Current,Voltage
0,0.0,0.000174046
1,0.0002,0.00520945
2,0.0004,0.0101852
3,0.0006,0.0151467
4,0.0008,0.0201488
5,0.001,0.0250983
