,Current,Voltage
0,0.0,0.00023365
1,0.0002,0.00438213
2,0.0004,0.00856638
3,0.0006,0.01266
4,0.0008,0.0168252
5,0.001,0.0209451
