,Current,Voltage
0,0.0,0.000209808
1,0.0002,0.00460386
2,0.0004,0.00899076
3,0.0006,0.0132966
4,0.0008,0.0176954
5,0.001,0.0220108
