,Current,Voltage
0,0.0,0.000221729
1,0.0002,0.00305891
2,0.0004,0.00588894
3,0.0006,0.00870705
4,0.0008,0.0115156
5,0.001,0.0143456
