,Current,Voltage
0,0.0,0.00017643
1,0.0002,0.00329018
2,0.0004,0.00632048
3,0.0006,0.00942469
4,0.0008,0.0124717
5,0.001,0.0154805
