,Current,Voltage
0,0.0,0.000255108
1,0.0002,0.00468016
2,0.0004,0.00910997
3,0.0006,0.0134826
4,0.0008,0.0179148
5,0.001,0.0223374
