,Current,Voltage
0,0.0,0.000259876
1,0.0002,0.00640392
2,0.0004,0.0124764
3,0.0006,0.0185204
4,0.0008,0.0246143
5,0.001,0.0306559
