,Current,Voltage
0,0.0,0.000212193
1,0.0002,0.00546217
2,0.0004,0.0107193
3,0.0006,0.0158572
4,0.0008,0.0211477
5,0.001,0.0262952
