,Current,Voltage
0,0.0,0.00026226
1,0.0002,0.00528097
2,0.0004,0.0102878
3,0.0006,0.0152636
4,0.0008,0.0202513
5,0.001,0.0252056
