,Current,Voltage
0,0.0,0.00023365
1,0.0002,0.00422955
2,0.0004,0.00821829
3,0.0006,0.0122094
4,0.0008,0.0161767
5,0.001,0.0201607
