,Current,Voltage
0,0.0,0.000216961
1,0.0002,0.00499964
2,0.0004,0.00977516
3,0.0006,0.0145221
4,0.0008,0.0193286
5,0.001,0.0240517
