,Current,Voltage
0,0.0,0.000166893
1,0.0002,0.00361681
2,0.0004,0.00699997
3,0.0006,0.0103998
4,0.0008,0.0137901
5,0.001,0.0171542
