,Current,Voltage
0,0.0,0.000257492
1,0.0002,0.00540257
2,0.0004,0.0105357
3,0.0006,0.0155687
4,0.0008,0.0206828
5,0.001,0.025773
