,Current,Voltage
0,0.0,0.000216961
1,0.0002,0.00459433
2,0.0004,0.00895262
3,0.0006,0.013268
4,0.0008,0.0176358
5,0.001,0.0219464
