,Current,Voltage
0,0.0,0.000247955
1,0.0002,0.00603914
2,0.0004,0.0117636
3,0.0006,0.0174785
4,0.0008,0.0232458
5,0.001,0.0289202
