,Current,Voltage
0,0.0,0.000243187
1,0.0002,0.00573397
2,0.0004,0.0112343
3,0.0006,0.0166225
4,0.0008,0.0221062
5,0.001,0.0275064
