,Current,Voltage
0,0.0,0.000164509
1,0.0002,0.0032568
2,0.0004,0.00627518
3,0.0006,0.00934124
4,0.0008,0.0123358
5,0.001,0.0153518
