,Current,Voltage
0,0.0,0.000169277
1,0.0002,0.00405312
2,0.0004,0.00786066
3,0.0006,0.0116515
4,0.0008,0.015521
5,0.001,0.0192666
