,Current,Voltage
0,0.0,0.000219345
1,0.0002,0.00288486
2,0.0004,0.00546932
3,0.0006,0.00805855
4,0.0008,0.0106525
5,0.001,0.013237
