,Current,Voltage
0,0.0,0.000224113
1,0.0002,0.00427246
2,0.0004,0.00831842
3,0.0006,0.0122905
4,0.0008,0.0163364
5,0.001,0.0203347
