,Current,Voltage
0,0.0,0.000212193
1,0.0002,0.00515223
2,0.0004,0.0100636
3,0.0006,0.0149536
4,0.0008,0.0198722
5,0.001,0.0247622
