,Current,Voltage
0,0.0,0.000166893
1,0.0002,0.00357628
2,0.0004,0.00700235
3,0.0006,0.0103664
4,0.0008,0.0137067
5,0.001,0.0170755
