,Current,Voltage
0,0.0,0.000214577
1,0.0002,0.00303507
2,0.0004,0.00587702
3,0.0006,0.00863075
4,0.0008,0.0113964
5,0.001,0.0141501
