,Current,Voltage
0,0.0,0.000145435
1,0.0002,0.00326395
2,0.0004,0.00626802
3,0.0006,0.00931025
4,0.0008,0.0123286
5,0.001,0.0153518
