,Current,Voltage
0,0.0,0.000197887
1,0.0002,0.00386477
2,0.0004,0.00743866
3,0.0006,0.0110102
4,0.0008,0.0145912
5,0.001,0.0181961
