,Current,Voltage
0,0.0,0.000193119
1,0.0002,0.00323534
2,0.0004,0.00628471
3,0.0006,0.00927925
4,0.0008,0.0123334
5,0.001,0.0153065
