,Current,Voltage
0,0.0,0.000255108
1,0.0002,0.00589371
2,0.0004,0.0114918
3,0.0006,0.0170255
4,0.0008,0.0226402
5,0.001,0.0282097
