,Current,Voltage
0,0.0,0.000193119
1,0.0002,0.00569582
2,0.0004,0.011158
3,0.0006,0.0165939
4,0.0008,0.0220656
5,0.001,0.0274849
