,Current,Voltage
0,0.0,0.000185966
1,0.0002,0.00381947
2,0.0004,0.00741005
3,0.0006,0.011003
4,0.0008,0.0146008
5,0.001,0.018189
