,Current,Voltage
0,0.0,0.00023365
1,0.0002,0.00521898
2,0.0004,0.0102019
3,0.0006,0.0150967
4,0.0008,0.0200438
5,0.001,0.0249696
