,Current,Voltage
0,0.0,0.000188351
1,0.0002,0.00390291
2,0.0004,0.00755548
3,0.0006,0.0111699
4,0.0008,0.0148535
5,0.001,0.0184798
