,Current,Voltage
0,0.0,0.000264645
1,0.0002,0.00571728
2,0.0004,0.0111699
3,0.0006,0.0166035
4,0.0008,0.0220275
5,0.001,0.0274348
