,Current,Voltage
0,0.0,0.000247955
1,0.0002,0.00713825
2,0.0004,0.014019
3,0.0006,0.0208926
4,0.0008,0.0277758
5,0.001,0.0346065
