,Current,Voltage
0,0.0,0.000271797
1,0.0002,0.00626564
2,0.0004,0.0122285
3,0.0006,0.0181007
4,0.0008,0.0240564
5,0.001,0.0300121
