,Current,Voltage
0,0.0,0.000193119
1,0.0002,0.00541687
2,0.0004,0.0105405
3,0.0006,0.0156808
4,0.0008,0.0208282
5,0.001,0.0259686
