,Current,Voltage
0,0.0,0.00026226
1,0.0002,0.00578165
2,0.0004,0.0113463
3,0.0006,0.0168061
4,0.0008,0.022378
5,0.001,0.0278449
