,Current,Voltage
0,0.0,0.000231266
1,0.0002,0.00490427
2,0.0004,0.00953674
3,0.0006,0.0141525
4,0.0008,0.0187683
5,0.001,0.0233674
