,Current,Voltage
0,0.0,0.000202656
1,0.0002,0.00594139
2,0.0004,0.0116086
3,0.0006,0.0172853
4,0.0008,0.0229931
5,0.001,0.0286055
