,Current,Voltage
0,0.0,0.000276566
1,0.0002,0.00609636
2,0.0004,0.0118971
3,0.0006,0.017612
4,0.0008,0.0234437
5,0.001,0.0291419
