,Current,Voltage
0,0.0,0.000224113
1,0.0002,0.00504017
2,0.0004,0.00979662
3,0.0006,0.0145245
4,0.0008,0.0193071
5,0.001,0.0240588
