,Current,Voltage
0,0.0,0.000209808
1,0.0002,0.00506163
2,0.0004,0.00988483
3,0.0006,0.0146699
4,0.0008,0.0194883
5,0.001,0.0242543
