,Current,Voltage
0,0.0,0.000152588
1,0.0002,0.00216484
2,0.0004,0.00418901
3,0.0006,0.0061202
4,0.0008,0.00816345
5,0.001,0.010078
