,Current,Voltage
0,0.0,0.000238419
1,0.0002,0.00473738
2,0.0004,0.00925541
3,0.0006,0.0136733
4,0.0008,0.018189
5,0.001,0.0226259
