,Current,Voltage
0,0.0,0.000202656
1,0.0002,0.00422239
2,0.0004,0.00819683
3,0.0006,0.0121284
4,0.0008,0.0161219
5,0.001,0.0200701
