,Current,Voltage
0,0.0,0.000267029
1,0.0002,0.00600576
2,0.0004,0.0117421
3,0.0006,0.0174212
4,0.0008,0.02316
5,0.001,0.0288248
