,Current,Voltage
0,0.0,0.000231266
1,0.0002,0.00427961
2,0.0004,0.00826359
3,0.0006,0.012269
4,0.0008,0.0162673
5,0.001,0.0202775
