,Current,Voltage
0,0.0,0.000245571
1,0.0002,0.00470161
2,0.0004,0.00915289
3,0.0006,0.0135469
4,0.0008,0.0179911
5,0.001,0.0223851
