,Current,Voltage
0,0.0,0.000219345
1,0.0002,0.00533104
2,0.0004,0.0104308
3,0.0006,0.0154901
4,0.0008,0.0205421
5,0.001,0.0256157
