,Current,Voltage
0,0.0,0.000207424
1,0.0002,0.00453711
2,0.0004,0.00884056
3,0.0006,0.0130606
4,0.0008,0.0173402
5,0.001,0.0216317
