,Current,Voltage
0,0.0,0.000221729
1,0.0002,0.00471115
2,0.0004,0.00914335
3,0.0006,0.0135779
4,0.0008,0.018034
5,0.001,0.0224257
