,Current,Voltage
0,0.0,0.000298023
1,0.0002,0.00572681
2,0.0004,0.0111794
3,0.0006,0.0165534
4,0.0008,0.021975
5,0.001,0.0273633
