,Current,Voltage
0,0.0,0.000226498
1,0.0002,0.00650167
2,0.0004,0.0127506
3,0.0006,0.0189233
4,0.0008,0.0251627
5,0.001,0.0313568
