,Current,Voltage
0,0.0,0.000128746
1,0.0002,0.00251055
2,0.0004,0.0048542
3,0.0006,0.00721216
4,0.0008,0.00953197
5,0.001,0.0118637
