,Current,Voltage
0,0.0,0.000314713
1,0.0002,0.0106907
2,0.0004,0.0211358
3,0.0006,0.031445
4,0.0008,0.0418687
5,0.001,0.0521612
