,Current,Voltage
0,0.0,0.000209808
1,0.0002,0.00701904
2,0.0004,0.0137901
3,0.0006,0.0204802
4,0.0008,0.0273085
5,0.001,0.0339603
