,Current,Voltage
0,0.0,0.000209808
1,0.0002,0.00504255
2,0.0004,0.00986576
3,0.0006,0.0146556
4,0.0008,0.0195074
5,0.001,0.0242591
