,Current,Voltage
0,0.0,0.000352859
1,0.0002,0.0111437
2,0.0004,0.0219679
3,0.0006,0.0327325
4,0.0008,0.0435495
5,0.001,0.0542426
