,Current,Voltage
0,0.0,0.00038147
1,0.0002,0.0144529
2,0.0004,0.0285411
3,0.0006,0.0425076
4,0.0008,0.0566077
5,0.001,0.0705695
