,Current,Voltage
0,0.0,0.000178814
1,0.0002,0.00500679
2,0.0004,0.00983
3,0.0006,0.0145578
4,0.0008,0.0193572
5,0.001,0.024128
