,Current,Voltage
0,0.0,0.000195503
1,0.0002,0.00439644
2,0.0004,0.00859261
3,0.0006,0.0127339
4,0.0008,0.0168872
5,0.001,0.021019
