,Current,Voltage
0,0.0,0.000202656
1,0.0002,0.00394344
2,0.0004,0.00769138
3,0.0006,0.0113559
4,0.0008,0.0150847
5,0.001,0.0188351
