,Current,Voltage
0,0.0,0.000283718
1,0.0002,0.0083375
2,0.0004,0.0163627
3,0.0006,0.0243402
4,0.0008,0.0323439
5,0.001,0.040288
