,Current,Voltage
0,0.0,0.000126362
1,0.0002,0.00184774
2,0.0004,0.00351667
3,0.0006,0.0051713
4,0.0008,0.00682592
5,0.001,0.00848055
