,Current,Voltage
0,0.0,0.0127029
1,0.0002,0.0661659
2,0.0004,0.119841
3,0.0006,0.173028
4,0.0008,0.226581
5,0.001,0.279634
