,Current,Voltage
0,0.0,0.000202656
1,0.0002,0.00379562
2,0.0004,0.00737667
3,0.0006,0.0109482
4,0.0008,0.0145221
5,0.001,0.018065
