,Current,Voltage
0,0.0,0.000193119
1,0.0002,0.00539303
2,0.0004,0.0105667
3,0.0006,0.0156593
4,0.0008,0.0208354
5,0.001,0.0259614
