,Current,Voltage
0,0.0,0.000164509
1,0.0002,0.0027442
2,0.0004,0.00532389
3,0.0006,0.00787973
4,0.0008,0.0104284
5,0.001,0.0129533
