,Current,Voltage
0,0.0,0.000143051
1,0.0002,0.00216007
2,0.0004,0.0041461
3,0.0006,0.00608444
4,0.0008,0.00808477
5,0.001,0.0100327
