,Current,Voltage
0,0.0,0.000355244
1,0.0002,0.00843763
2,0.0004,0.0165653
3,0.0006,0.0245976
4,0.0008,0.0327277
5,0.001,0.0407934
