,Current,Voltage
0,0.0,0.000267029
1,0.0002,0.0075841
2,0.0004,0.014863
3,0.0006,0.0220728
4,0.0008,0.0293374
5,0.001,0.0365019
