,Current,Voltage
0,0.0,0.000188351
1,0.0002,0.00332355
2,0.0004,0.00648022
3,0.0006,0.00961781
4,0.0008,0.0127339
5,0.001,0.0158691
