,Current,Voltage
0,0.0,0.000107288
1,0.0002,0.00147343
2,0.0004,0.00280142
3,0.0006,0.0041604
4,0.0008,0.00546455
5,0.001,0.00675917
