,Current,Voltage
0,0.0,0.000128746
1,0.0002,0.00208139
2,0.0004,0.00403404
3,0.0006,0.00592709
4,0.0008,0.00783682
5,0.001,0.00970364
