,Current,Voltage
0,0.0,0.000178814
1,0.0002,0.00184774
2,0.0004,0.00350952
3,0.0006,0.00513792
4,0.0008,0.00676155
5,0.001,0.00841141
