,Current,Voltage
0,0.0,0.00015974
1,0.0002,0.00400305
2,0.0004,0.0078249
3,0.0006,0.0115585
4,0.0008,0.0153565
5,0.001,0.0191307
