,Current,Voltage
0,0.0,0.000164509
1,0.0002,0.00282049
2,0.0004,0.0055027
3,0.0006,0.00808954
4,0.0008,0.010736
5,0.001,0.0133586
