,Current,Voltage
0,0.0,0.000154972
1,0.0002,0.00290632
2,0.0004,0.00561476
3,0.0006,0.00831604
4,0.0008,0.0110459
5,0.001,0.0136971
