,Current,Voltage
0,0.0,0.000138283
1,0.0002,0.00324488
2,0.0004,0.00627995
3,0.0006,0.00931501
4,0.0008,0.0123858
5,0.001,0.0153947
