,Current,Voltage
0,0.0,0.000178814
1,0.0002,0.003829
2,0.0004,0.0074482
3,0.0006,0.0110388
4,0.0008,0.0146365
5,0.001,0.018208
