,Current,Voltage
0,0.0,9.29832e-05
1,0.0002,0.00121593
2,0.0004,0.00223398
3,0.0006,0.00328779
4,0.0008,0.00434637
5,0.001,0.00535727
