,Current,Voltage
0,0.0,0.00013113
1,0.0002,0.00223875
2,0.0004,0.00431538
3,0.0006,0.00634432
4,0.0008,0.00841856
5,0.001,0.0104547
