,Current,Voltage
0,0.0,0.00100851
1,0.0002,0.0317836
2,0.0004,0.0630355
3,0.0006,0.093801
4,0.0008,0.124798
5,0.001,0.155387
