,Current,Voltage
0,0.0,0.000245571
1,0.0002,0.00647068
2,0.0004,0.0126696
3,0.0006,0.0188017
4,0.0008,0.0250077
5,0.001,0.0311923
