,Current,Voltage
0,0.0,0.000104904
1,0.0002,0.00206947
2,0.0004,0.00399113
3,0.0006,0.00588655
4,0.0008,0.00779867
5,0.001,0.0097084
