,Current,Voltage
0,0.0,0.000178814
1,0.0002,0.00323534
2,0.0004,0.00626087
3,0.0006,0.00928164
4,0.0008,0.0122905
5,0.001,0.0153184
