,Current,Voltage
0,0.0,0.000190735
1,0.0002,0.00462294
2,0.0004,0.00906706
3,0.0006,0.013504
4,0.0008,0.0179243
5,0.001,0.0223446
