,Current,Voltage
0,0.0,0.000207424
1,0.0002,0.00524998
2,0.0004,0.0102663
3,0.0006,0.0152278
4,0.0008,0.0202274
5,0.001,0.0252223
