,Current,Voltage
0,0.0,9.29832e-05
1,0.0002,0.00197649
2,0.0004,0.0038147
3,0.0006,0.0056529
4,0.0008,0.00747204
5,0.001,0.0092721
