,Current,Voltage
0,0.0,0.000181198
1,0.0002,0.00190973
2,0.0004,0.00364304
3,0.0006,0.00530005
4,0.0008,0.00701666
5,0.001,0.00871897
