,Current,Voltage
0,0.0,0.000178814
1,0.0002,0.00191927
2,0.0004,0.00358105
3,0.0006,0.00528574
4,0.0008,0.00697374
5,0.001,0.00865221
