,Current,Voltage
0,0.0,0.000154972
1,0.0002,0.00292778
2,0.0004,0.00547171
3,0.0006,0.00814438
4,0.0008,0.0108385
5,0.001,0.0135064
