,Current,Voltage
0,0.0,0.000157356
1,0.0002,0.00276804
2,0.0004,0.00537634
3,0.0006,0.00796795
4,0.0008,0.0105548
5,0.001,0.0131583
