,Current,Voltage
0,0.0,0.000145435
1,0.0002,1.57613
2,0.0004,5.58423
3,0.0006,9.85504
4,0.0008,10.0019
5,0.001,10.0019
