,Current,Voltage
0,0.0,0.00043869
1,0.0002,0.0130415
2,0.0004,0.0266075
3,0.0006,0.0413156
4,0.0008,0.0562906
5,0.001,0.071013
