,Current,Voltage
0,0.0,0.00745535
1,0.0002,0.301888
2,0.0004,0.598755
3,0.0006,0.893431
4,0.0008,1.19057
5,0.001,1.48512
