,Current,Voltage
0,0.0,0.000171661
1,0.0002,0.000164509
2,0.0004,0.000286102
3,0.0006,0.000391006
4,0.0008,0.000498295
5,0.001,0.000607967
