,Current,Voltage
0,0.0,0.00285864
1,0.0002,0.121527
2,0.0004,0.241277
3,0.0006,0.360084
4,0.0008,0.479932
5,0.001,0.598772
