,Current,Voltage
0,0.0,0.00038147
1,0.0002,0.0123978
2,0.0004,0.0244617
3,0.0006,0.0363874
4,0.0008,0.0484586
5,0.001,0.06037
