,Current,Voltage
0,0.0,0.00056982
1,0.0002,0.0190234
2,0.0004,0.0376225
3,0.0006,0.056107
4,0.0008,0.658705
5,0.001,1.65924
