,Current,Voltage
0,0.0,0.000891685
1,0.0002,0.0326586
2,0.0004,0.0648403
3,0.0006,0.102017
4,0.0008,0.145583
5,0.001,0.201702
