,Current,Voltage
0,0.0,0.00531912
1,0.0002,0.220716
2,0.0004,0.438068
3,0.0006,0.653734
4,0.0008,0.871158
5,0.001,1.0869
