,Current,Voltage
0,0.0,-1.4535
1,0.0002,-1.32984
2,0.0004,-1.22863
3,0.0006,-1.12907
4,0.0008,-1.03031
5,0.001,-0.933425
