,Current,Voltage
0,0.0,0.0310898
1,0.0002,0.188222
2,0.0004,0.278573
3,0.0006,0.333433
4,0.0008,0.37231
5,0.001,0.400171
