,Current,Voltage
0,0.0,0.00776291
1,0.0002,0.329313
2,0.0004,0.653808
3,0.0006,0.975487
4,0.0008,1.30024
5,0.001,1.62239
