,Current,Voltage
0,0.0,0.000391006
1,0.0002,0.000696182
2,0.0004,0.00127792
3,0.0006,0.00169277
4,0.0008,0.00221014
5,0.001,0.00274897
