,Current,Voltage
0,0.0,0.00499725
1,0.0002,0.208881
2,0.0004,0.41472
3,0.0006,0.618799
4,0.0008,0.824933
5,0.001,1.02918
