,Current,Voltage
0,0.0,0.00240088
1,0.0002,0.104549
2,0.0004,0.207608
3,0.0006,0.309756
4,0.0008,0.41292
5,0.001,0.515163
