,Current,Voltage
0,0.0,0.0665331
1,0.0002,0.700016
2,0.0004,1.33972
3,0.0006,1.97296
4,0.0008,2.60904
5,0.001,0.924017
