,Current,Voltage
0,0.0,0.00517869
1,8e-10,0.0173614
2,1.6e-09,0.0295463
3,2.4e-09,0.0418727
4,3.2e-09,0.053982
5,4e-09,0.0663545
