,Current,Voltage
0,0.0,0.000114441
1,0.0002,0.00205994
2,0.0004,0.00399351
3,0.0006,0.00589371
4,0.0008,0.0078249
5,0.001,0.00970364
