,Current,Voltage
0,0.0,0.000121593
1,0.0002,0.00213146
2,0.0004,0.00404835
3,0.0006,0.00600338
4,0.0008,0.00793457
5,0.001,0.00987053
