,Current,Voltage
0,0.0,0.000116825
1,0.0002,0.0016284
2,0.0004,0.0031209
3,0.0006,0.00456095
4,0.0008,0.00602245
5,0.001,0.00749588
