,Current,Voltage
0,0.0,0.000140667
1,0.0002,0.00190735
2,0.0004,0.00361681
3,0.0006,0.00528097
4,0.0008,0.00694275
5,0.001,0.00864506
