,Current,Voltage
0,0.0,0.000114441
1,0.0002,0.00160456
2,0.0004,0.00299692
3,0.0006,0.00431538
4,0.0008,0.00570774
5,0.001,0.00708342
