,Current,Voltage
0,0.0,0.000281334
1,0.0002,0.00870943
2,0.0004,0.0171351
3,0.0006,0.0255275
4,0.0008,0.0339127
5,0.001,0.0422478
