,Current,Voltage
0,0.0,0.000126362
1,0.0002,0.00230312
2,0.0004,0.00442505
3,0.0006,0.00654459
4,0.0008,0.00872135
5,0.001,0.0108075
