,Current,Voltage
0,0.0,-1.34564
1,0.0002,-1.29862
2,0.0004,-1.24048
3,0.0006,-1.18289
4,0.0008,-1.12476
5,0.001,-1.06678
