,Current,Voltage
0,0.0,0.000312328
1,0.0002,0.00969887
2,0.0004,0.0190544
3,0.0006,0.0283504
4,0.0008,0.0377798
5,0.001,0.0470543
