,Current,Voltage
0,0.0,0.000128746
1,0.0002,0.00239134
2,0.0004,0.00458717
3,0.0006,0.00673771
4,0.0008,0.00899076
5,0.001,0.0111461
