,Current,Voltage
0,0.0,0.000126362
1,0.0002,0.00182867
2,0.0004,0.00344753
3,0.0006,0.00506163
4,0.0008,0.00672579
5,0.001,0.00836849
