,Current,Voltage
0,0.0,-1.82919
1,0.0002,-1.7481
2,0.0004,-1.65509
3,0.0006,-1.56273
4,0.0008,-1.46999
5,0.001,-1.37783
