,Current,Voltage
0,0.0,-0.00507832
1,0.0002,0.0162911
2,0.0004,0.0375199
3,0.0006,0.0585055
4,0.0008,0.0796604
5,0.001,0.100636
