,Current,Voltage
0,0.0,0.000164509
1,0.0002,0.00337839
2,0.0004,0.00659704
3,0.0006,0.00974655
4,0.0008,0.0129294
5,0.001,0.0161266
