,Current,Voltage
0,0.0,0.000371933
1,0.0002,0.0124979
2,0.0004,0.0246596
3,0.0006,0.0367069
4,0.0008,0.0488424
5,0.001,0.0608635
