,Current,Voltage
0,0.0,0.000197887
1,0.0002,0.00459194
2,0.0004,0.00887156
3,0.0006,0.0131512
4,0.0008,9.24414
5,0.001,10.002
