,Current,Voltage
0,0.0,-0.00852346
1,0.0002,0.019362
2,0.0004,0.0468373
3,0.0006,0.0733733
4,0.0008,0.102115
5,0.001,0.131965
