,Current,Voltage
0,0.0,0.000157356
1,0.0002,0.00198364
2,0.0004,0.00378847
3,0.0006,0.00560522
4,0.0008,0.00739813
5,0.001,0.00917673
