,Current,Voltage
0,0.0,-1.58591
1,0.0002,-1.52794
2,0.0004,-1.46058
3,0.0006,-1.39366
4,0.0008,-1.32665
5,0.001,-1.2601
