,Current,Voltage
0,0.0,0.000145435
1,0.0002,0.0023365
2,0.0004,0.00451088
3,0.0006,0.0066638
4,0.0008,0.00882387
5,0.001,0.0109649
