,Current,Voltage
0,0.0,0.00015974
1,0.0002,0.00221014
2,0.0004,0.00423193
3,0.0006,0.00621557
4,0.0008,0.00823259
5,0.001,0.0102019
