,Current,Voltage
0,0.0,0.000112057
1,0.0002,0.00265598
2,0.0004,0.00515461
3,0.0006,0.00762701
4,0.0008,0.0101399
5,0.001,0.01261
