,Current,Voltage
0,0.0,0.000197887
1,0.0002,0.00475883
2,0.0004,0.00925779
3,0.0006,0.0136995
4,0.0008,0.0181651
5,0.001,0.0226569
