,Current,Voltage
0,0.0,0.000560284
1,0.0002,0.0187302
2,0.0004,0.0370431
3,0.0006,0.0552273
4,0.0008,0.0735068
5,0.001,0.0916553
