,Current,Voltage
0,0.0,0.00014782
1,0.0002,0.00241995
2,0.0004,0.00462055
3,0.0006,0.00676632
4,0.0008,0.00893831
5,0.001,0.0111103
