,Current,Voltage
0,0.0,-1.44783
1,0.0002,-1.15884
2,0.0004,-0.883398
3,0.0006,-0.609241
4,0.0008,-0.333636
5,0.001,-0.0603557
