,Current,Voltage
0,0.0,0.000119209
1,0.0002,0.00198126
2,0.0004,0.00385284
3,0.0006,0.00566006
4,0.0008,0.00746012
5,0.001,0.00931263
