,Current,Voltage
0,0.0,0.00010252
1,0.0002,0.00172138
2,0.0004,0.0032568
3,0.0006,0.00477076
4,0.0008,0.00633478
5,0.001,0.00789881
