,Current,Voltage
0,0.0,0.000197887
1,0.0002,0.00308514
2,0.0004,0.00596046
3,0.0006,0.00880957
4,0.0008,0.0116801
5,0.001,0.0145555
