,Current,Voltage
0,0.0,0.000166893
1,0.0002,0.00326395
2,0.0004,0.00627041
3,0.0006,0.00928164
4,0.0008,0.012331
5,0.001,0.0153232
