,Current,Voltage
0,0.0,0.000343323
1,0.0002,0.0107098
2,0.0004,0.0211048
3,0.0006,0.0313663
4,0.0008,0.041697
5,0.001,0.0518703
