,Current,Voltage
0,0.0,0.000174046
1,0.0002,0.00383615
2,0.0004,0.0074935
3,0.0006,0.0111032
4,0.0008,0.014739
5,0.001,0.0183797
