,Current,Voltage
0,0.0,0.000219345
1,0.0002,0.00607252
2,0.0004,0.0119019
3,0.0006,0.0176787
4,0.0008,0.0235248
5,0.001,0.0293207
