,Current,Voltage
0,0.0,0.000162125
1,0.0002,0.00148535
2,0.0004,0.00278234
3,0.0006,0.00406265
4,0.0008,0.00539064
5,0.001,0.00665903
