,Current,Voltage
0,0.0,0.000188351
1,0.0002,0.00331402
2,0.0004,0.00641584
3,0.0006,0.00946045
4,0.0008,0.0125813
5,0.001,0.0156331
