,Current,Voltage
0,0.0,0.00013113
1,0.0002,0.00184298
2,0.0004,0.0034523
3,0.0006,0.00506401
4,0.0008,0.00662565
5,0.001,0.00822306
