,Current,Voltage
0,0.0,0.000195503
1,0.0002,0.00576258
2,0.0004,0.0113273
3,0.0006,0.0168133
4,0.0008,0.0223923
5,0.001,0.0279045
