,Current,Voltage
0,0.0,0.000188351
1,0.0002,0.00277996
2,0.0004,0.00532866
3,0.0006,0.00785828
4,0.0008,0.010407
5,0.001,0.0129771
