,Current,Voltage
0,0.0,0.000135899
1,0.0002,0.00131607
2,0.0004,0.00242949
3,0.0006,0.0035882
4,0.0008,0.004704
5,0.001,0.00583172
