,Current,Voltage
0,0.0,0.000150204
1,0.0002,0.00239134
2,0.0004,0.00462532
3,0.0006,0.00681877
4,0.0008,0.00903368
5,0.001,0.0112343
