,Current,Voltage
0,0.0,0.000135899
1,0.0002,0.00166416
2,0.0004,0.00318289
3,0.0006,0.00463724
4,0.0008,0.00614166
5,0.001,0.00761271
