,Current,Voltage
0,0.0,0.000138283
1,0.0002,0.00140429
2,0.0004,0.00261784
3,0.0006,0.00379801
4,0.0008,0.00499487
5,0.001,0.00620604
