,Current,Voltage
0,0.0,0.000166893
1,0.0002,0.00128508
2,0.0004,0.00239849
3,0.0006,0.00350714
4,0.0008,0.00459194
5,0.001,0.00569344
