,Current,Voltage
0,0.0,0.000150204
1,0.0002,0.000934601
2,0.0004,0.00174999
3,0.0006,0.00253201
4,0.0008,0.00330448
5,0.001,0.00411034
