,Current,Voltage
0,0.0,0.000128746
1,0.0002,0.00184536
2,0.0004,0.00352144
3,0.0006,0.00514269
4,0.0008,0.00678062
5,0.001,0.00847816
