,Current,Voltage
0,0.0,0.000183582
1,0.0002,0.00190496
2,0.0004,0.00359774
3,0.0006,0.00529289
4,0.0008,0.00699282
5,0.001,0.0086832
