,Current,Voltage
0,0.0,0.000143051
1,0.0002,0.000910759
2,0.0004,0.00162601
3,0.0006,0.00234842
4,0.0008,0.00311375
5,0.001,0.00380993
