,Current,Voltage
0,0.0,0.000150204
1,0.0002,0.00120163
2,0.0004,0.00216007
3,0.0006,0.0031352
4,0.0008,0.00411272
5,0.001,0.00505447
