,Current,Voltage
0,0.0,0.000157356
1,0.0002,0.000989437
2,0.0004,0.00179052
3,0.0006,0.00262022
4,0.0008,0.003407
5,0.001,0.00418663
