,Current,Voltage
0,0.0,0.00017643
1,0.0002,0.00247002
2,0.0004,0.00467539
3,0.0006,0.00683308
4,0.0008,0.00906944
5,0.001,0.0112104
