,Current,Voltage
0,0.0,0.000166893
1,0.0002,0.00257254
2,0.0004,0.00494242
3,0.0006,0.00727177
4,0.0008,0.00965834
5,0.001,0.0119925
