,Current,Voltage
0,0.0,0.000152588
1,0.0002,0.00289917
2,0.0004,0.00565767
3,0.0006,0.00834465
4,0.0008,0.0110149
5,0.001,0.0137067
