,Current,Voltage
0,0.0,0.000100136
1,0.0002,0.000476837
2,0.0004,0.000803471
3,0.0006,0.00112534
4,0.0008,0.00144482
5,0.001,0.00174046
