,Current,Voltage
0,0.0,0.000154972
1,0.0002,0.00206232
2,0.0004,0.00393867
3,0.0006,0.00579834
4,0.0008,0.00763893
5,0.001,0.00947952
