,Current,Voltage
0,0.0,0.000181198
1,0.0002,0.00187159
2,0.0004,0.00359058
3,0.0006,0.0053072
4,0.0008,0.00697374
5,0.001,0.00864983
