,Current,Voltage
0,0.0,0.000162125
1,0.0002,0.00231028
2,0.0004,0.00436783
3,0.0006,0.00646114
4,0.0008,0.00855684
5,0.001,0.0106263
