,Current,Voltage
0,0.0,0.000238419
1,0.0002,0.00579596
2,0.0004,0.0113297
3,0.0006,0.0168228
4,0.0008,0.0223875
5,0.001,0.0278521
