,Current,Voltage
0,0.0,0.000197887
1,0.0002,0.00253677
2,0.0004,0.00487328
3,0.0006,0.00711918
4,0.0008,0.00942945
5,0.001,0.0117016
