,Current,Voltage
0,0.0,0.000190735
1,0.0002,0.00205994
2,0.0004,0.00390053
3,0.0006,0.00570059
4,0.0008,0.00749111
5,0.001,0.00934362
