,Current,Voltage
0,0.0,0.000112057
1,0.0002,0.00138998
2,0.0004,0.00259638
3,0.0006,0.00383139
4,0.0008,0.00506878
5,0.001,0.00629663
