,Current,Voltage
0,0.0,0.000100136
1,0.0002,0.00193596
2,0.0004,0.00366926
3,0.0006,0.00540972
4,0.0008,0.00716686
5,0.001,0.00888586
