,Current,Voltage
0,0.0,0.000135899
1,0.0002,0.00169516
2,0.0004,0.00317574
3,0.0006,0.004673
4,0.0008,0.00615597
5,0.001,0.00764608
