,Current,Voltage
0,0.0,0.000190735
1,0.0002,0.00142574
2,0.0004,0.0026679
3,0.0006,0.00387669
4,0.0008,0.00509024
5,0.001,0.00631571
