,Current,Voltage
0,0.0,0.000178814
1,0.0002,0.00147581
2,0.0004,0.00276089
3,0.0006,0.00399828
4,0.0008,0.00524521
5,0.001,0.00648737
