,Current,Voltage
0,0.0,0.000162125
1,0.0002,0.00184059
2,0.0004,0.00341654
3,0.0006,0.00505209
4,0.0008,0.00664949
5,0.001,0.0082612
