,Current,Voltage
0,0.0,0.00013113
1,0.0002,0.00103235
2,0.0004,0.00185966
3,0.0006,0.00269651
4,0.0008,0.00355005
5,0.001,0.00437975
