,Current,Voltage
0,0.0,0.000128746
1,0.0002,0.00188589
2,0.0004,0.00355721
3,0.0006,0.00522137
4,0.0008,0.00693321
5,0.001,0.00861406
