,Current,Voltage
0,0.0,0.0106096
1,0.0002,0.017674
2,0.0004,0.0246215
3,0.0006,0.0314593
4,0.0008,0.0383854
5,0.001,0.0452662
