,Current,Voltage
0,0.0,0.000171661
1,0.0002,0.00137091
2,0.0004,0.00253439
3,0.0006,0.00366688
4,0.0008,0.00481367
5,0.001,0.00595093
