,Current,Voltage
0,0.0,0.000143051
1,0.0002,0.00211239
2,0.0004,0.00404119
3,0.0006,0.00596523
4,0.0008,0.00783682
5,0.001,0.00975609
