,Current,Voltage
0,0.0,0.00017643
1,0.0002,0.00178099
2,0.0004,0.00338554
3,0.0006,0.00498772
4,0.0008,0.00657082
5,0.001,0.0081563
