,Current,Voltage
0,0.0,0.000140667
1,0.0002,0.00205755
2,0.0004,0.00385523
3,0.0006,0.00571728
4,0.0008,0.00749111
5,0.001,0.00931501
