,Current,Voltage
0,0.0,0.000140667
1,0.0002,0.00101566
2,0.0004,0.00177383
3,0.0006,0.00255585
4,0.0008,0.00337124
5,0.001,0.00412464
