,Current,Voltage
0,0.0,0.000197887
1,0.0002,0.00295401
2,0.0004,0.00568867
3,0.0006,0.00840187
4,0.0008,0.0110817
5,0.001,0.0137901
