,Current,Voltage
0,0.0,0.00017643
1,0.0002,0.00136852
2,0.0004,0.00252008
3,0.0006,0.00366449
4,0.0008,0.00482559
5,0.001,0.00597477
