,Current,Voltage
0,0.0,0.000183582
1,0.0002,0.00283718
2,0.0004,0.00549555
3,0.0006,0.00809431
4,0.0008,0.0107217
5,0.001,0.0133038
