,Current,Voltage
0,0.0,0.000166893
1,0.0002,0.00243187
2,0.0004,0.00455379
3,0.0006,0.0067091
4,0.0008,0.00895023
5,0.001,0.0110722
