,Current,Voltage
0,0.0,0.000200272
1,0.0002,0.00273466
2,0.0004,0.00525713
3,0.0006,0.00776529
4,0.0008,0.0102973
5,0.001,0.0128317
