,Current,Voltage
0,0.0,0.000128746
1,0.0002,0.0013566
2,0.0004,0.00255346
3,0.0006,0.00371218
4,0.0008,0.0048852
5,0.001,0.00604391
