,Current,Voltage
0,0.0,0.000135899
1,0.0002,0.00110149
2,0.0004,0.00207186
3,0.0006,0.00298977
4,0.0008,0.00395775
5,0.001,0.00486374
