,Current,Voltage
0,0.0,0.000135899
1,0.0002,0.00118017
2,0.0004,0.00219822
3,0.0006,0.0032568
4,0.0008,0.00427008
5,0.001,0.00524521
