,Current,Voltage
0,0.0,0.000154972
1,0.0002,0.00277281
2,0.0004,0.00531435
3,0.0006,0.00784874
4,0.0008,0.0104308
5,0.001,0.0129318
