,Current,Voltage
0,0.0,0.000169277
1,0.0002,0.00154495
2,0.0004,0.00291824
3,0.0006,0.00424385
4,0.0008,0.0055933
5,0.001,0.0069356
