,Current,Voltage
0,0.0,0.000174046
1,0.0002,0.0016427
2,0.0004,0.00307798
3,0.0006,0.00453472
4,0.0008,0.00591993
5,0.001,0.0073719
