,Current,Voltage
0,0.0,0.000183582
1,0.0002,0.00239372
2,0.0004,0.00454426
3,0.0006,0.00665426
4,0.0008,0.00882387
5,0.001,0.010972
