,Current,Voltage
0,0.0,0.000143051
1,0.0002,0.00129223
2,0.0004,0.00240564
3,0.0006,0.00348091
4,0.0008,0.00457764
5,0.001,0.00566244
