,Current,Voltage
0,0.0,0.000202656
1,0.0002,0.00328302
2,0.0004,0.0063467
3,0.0006,0.00935793
4,0.0008,0.0124311
5,0.001,0.01544
