,Current,Voltage
0,0.0,0.000112057
1,0.0002,0.00111818
2,0.0004,0.00200748
3,0.0006,0.00290871
4,0.0008,0.00383139
5,0.001,0.00476837
