,Current,Voltage
0,0.0,0.000126362
1,0.0002,0.00291348
2,0.0004,0.00567436
3,0.0006,0.00836372
4,0.0008,0.0110888
5,0.001,0.0137949
