,Current,Voltage
0,0.0,0.00015974
1,0.0002,0.000908375
2,0.0004,0.00166655
3,0.0006,0.00239134
4,0.0008,0.00308514
5,0.001,0.00386
