,Current,Voltage
0,0.0,0.00355172
1,8e-10,0.0101252
2,1.6e-09,0.016715
3,2.4e-09,0.0233145
4,3.2e-09,0.0298996
5,4e-09,0.0364974
