{
  "results": {
    "fuel_oxidizer_ratio": [
      2.3120159198661647,
      0.4760779084075356,
      2.06649948516957,
      0.5809064846459454,
      1.0014959168585797,
      0.545190181124557,
      1.180697057281613,
      1.9290329357291052,
      1.3341058644876205,
      1.674706919753092,
      1.0282961497778431,
      0.6452136388437372,
      0.17336365472451393,
      1.2406769928337964,
      0.8152226454050628,
      1.3845162503480504,
      2.0941323625990234,
      0.944585707793592,
      0.3921738108584888,
      0.8476334559733119,
      1.0628781397119968,
      1.0508060880032328,
      1.763791611456933,
      1.6500829281379457,
      1.6312391146780674,
      0.8636334285769811,
      0.9572675309658347,
      1.2051416428220987,
      1.798591394197721,
      0.22379283541591743,
      0.3393128028427282,
      1.7660653359377714,
      0.9900452600337256,
      0.753038230264995,
      0.9178364863775802,
      0.7396215230359218,
      1.8759134342987214,
      0.41708367073648944,
      0.100708986203099,
      1.391718211982676,
      0.7282953955441686,
      0.30589326470662487,
      1.4433258542319352,
      0.29135677698275425,
      1.438724235870677,
      0.6447589777048057,
      0.8641247279596597,
      0.9582177880058991,
      0.8255257269221654,
      1.1495121350357709,
      1.474650128024213,
      0.676296824373651,
      1.1703854647507697
    ],
    "acac_amount": [
      0.5180244972036533,
      0.6665852711027156,
      1.0,
      0.0,
      0.12820862409890546,
      0.6367573950518375,
      0.8388393814360828,
      1.0,
      0.7737148022660747,
      0.6841313849680494,
      0.38608033211095943,
      0.011178907126504357,
      0.019415474663390938,
      0.9836896583563421,
      0.7914589896444978,
      0.23643772735376153,
      0.13234564372199553,
      0.007982340566448433,
      0.5063462187842515,
      0.04651922589220343,
      0.4211705514771816,
      0.9461780117909829,
      0.013988510540355452,
      0.4819745511103814,
      0.6245790031480124,
      0.5700251763650646,
      0.5703800507544642,
      0.5420777601532766,
      0.5233461359873346,
      0.15130610534567787,
      0.4189584574635216,
      0.7525945324864363,
      0.37567166886645337,
      0.41246729280341526,
      0.604432207378639,
      0.3959023760614581,
      0.678002237373724,
      0.7184887999325112,
      0.1049392431694812,
      0.3321105350647942,
      0.037614839295238844,
      0.7173170429793552,
      0.2875961864731428,
      0.5855464778280166,
      0.314662047083663,
      0.9649681656590933,
      0.26199814154775297,
      0.7917284688802617,
      0.7685915807611866,
      0.8822352949075607,
      0.8748109072534347,
      0.5722787724171804,
      0.8961407798217134
    ],
    "concentration": [
      0.0058131992659517535,
      0.011920879380418603,
      0.011851456161076602,
      0.005917024845260163,
      0.011394504344554291,
      0.011120457995820794,
      0.005791496681547923,
      0.011410295144428498,
      0.010409561847565597,
      0.010234083968788577,
      0.006415627218232941,
      0.006409696801310352,
      0.006752833503509609,
      0.007490167990292096,
      0.006114038432686801,
      0.006117746431006453,
      0.01002517796207375,
      0.010539466942366349,
      0.009020071481798788,
      0.007485153799340342,
      0.009839548868641303,
      0.009919132140173596,
      0.0074790914218995945,
      0.00932554852334889,
      0.009587372016685532,
      0.009101661054736405,
      0.006259418245753018,
      0.008186934259582836,
      0.006535287523580906,
      0.008887417558660366,
      0.009331201074151961,
      0.00960334486341982,
      0.006665024584549331,
      0.010677343938128596,
      0.007845174898386056,
      0.010964814185425753,
      0.00729809705129709,
      0.007400458143021679,
      0.006850047137647752,
      0.009561656814577586,
      0.007334585894930406,
      0.010536530561973855,
      0.006983073466216231,
      0.010538602450383235,
      0.008001724499757395,
      0.007454770988177571,
      0.006614368169357695,
      0.006994204945948965,
      0.00627515801902417,
      0.009970764036697848,
      0.010690291242219197,
      0.00861088085797125,
      0.00595532244372701
    ],
    "anneal_temperature": [
      220.0,
      260.0,
      200.0,
      220.0,
      260.0,
      200.0,
      220.0,
      260.0,
      192.4252471923828,
      190.64280700683594,
      203.1641845703125,
      195.52264404296875,
      223.2492218017578,
      207.5825958251953,
      226.48399353027344,
      221.90789794921875,
      181.17393493652344,
      184.88221740722656,
      180.9746856689453,
      203.1106719970703,
      263.54913330078125,
      268.66552734375,
      189.9866943359375,
      242.27291870117188,
      204.20494079589844,
      223.5924835205078,
      260.1452941894531,
      216.8784942626953,
      185.0791015625,
      219.84620666503906,
      218.6456298828125,
      232.6373748779297,
      181.48265075683594,
      252.29083251953125,
      192.7153778076172,
      205.5094451904297,
      240.7494659423828,
      214.9920654296875,
      247.42330932617188,
      186.16893005371094,
      190.24488830566406,
      206.26528930664062,
      210.4904327392578,
      219.05838012695312,
      224.25927734375,
      253.4886016845703,
      267.8675537109375,
      245.9988250732422,
      212.7899932861328,
      210.9781494140625,
      241.06472778320312,
      230.32672119140625,
      226.46768188476562
    ],
    "y": [
      {
        "condxrfman_avg": 1.7559422733929412e-07,
        "anneal_temperature": 220.0
      },
      {
        "condxrfman_avg": 3.224657552684232e-07,
        "anneal_temperature": 260.0
      },
      {
        "condxrfman_avg": 7.485956218134814e-08,
        "anneal_temperature": 200.0
      },
      {
        "condxrfman_avg": 5.246772463488111e-07,
        "anneal_temperature": 220.0
      },
      {
        "condxrfman_avg": 3.241739089073449e-07,
        "anneal_temperature": 260.0
      },
      {
        "condxrfman_avg": 1.5888142644341823e-08,
        "anneal_temperature": 200.0
      },
      {
        "condxrfman_avg": 4.99095781380586e-07,
        "anneal_temperature": 220.0
      },
      {
        "condxrfman_avg": 5.1235028973889456e-08,
        "anneal_temperature": 260.0
      },
      {
        "condxrfman_avg": 0.0,
        "anneal_temperature": 192.4252471923828
      },
      {
        "condxrfman_avg": 0.0,
        "anneal_temperature": 190.64280700683594
      },
      {
        "condxrfman_avg": 0.0,
        "anneal_temperature": 203.1641845703125
      },
      {
        "condxrfman_avg": 0.0,
        "anneal_temperature": 195.52264404296875
      },
      {
        "condxrfman_avg": 2.795299757556312e-07,
        "anneal_temperature": 223.2492218017578
      },
      {
        "condxrfman_avg": 1.821394898326932e-07,
        "anneal_temperature": 207.5825958251953
      },
      {
        "condxrfman_avg": 4.394536171801776e-07,
        "anneal_temperature": 226.48399353027344
      },
      {
        "condxrfman_avg": 2.842862232904764e-07,
        "anneal_temperature": 221.90789794921875
      },
      {
        "condxrfman_avg": 0.0,
        "anneal_temperature": 181.17393493652344
      },
      {
        "condxrfman_avg": 0.0,
        "anneal_temperature": 184.88221740722656
      },
      {
        "condxrfman_avg": 0.0,
        "anneal_temperature": 180.9746856689453
      },
      {
        "condxrfman_avg": 0.0,
        "anneal_temperature": 203.1106719970703
      },
      {
        "condxrfman_avg": 3.2792426796014245e-07,
        "anneal_temperature": 263.54913330078125
      },
      {
        "condxrfman_avg": 1.3308243272769885e-07,
        "anneal_temperature": 268.66552734375
      },
      {
        "condxrfman_avg": 0.0,