,Current,Voltage
0,0.0,0.00517368
1,0.0002,0.207582
2,0.0004,0.411613
3,0.0006,0.613885
4,0.0008,0.817289
5,0.001,1.01843
