,Current,Voltage
0,0.0,0.000751019
1,0.0002,0.029192
2,0.0004,0.0577497
3,0.0006,0.0861669
4,0.0008,0.114691
5,0.001,0.143008
