,Current,Voltage
0,0.0,0.0112391
1,0.0002,0.0781631
2,0.0004,0.145552
3,0.0006,0.212255
4,0.0008,0.279512
5,0.001,0.346174
