,Current,Voltage
0,0.0,0.000269413
1,0.0002,0.00723362
2,0.0004,0.0142193
3,0.0006,0.0211
4,0.0008,0.0280333
5,0.001,0.0349593
