,Current,Voltage
0,0.0,0.000224113
1,0.0002,0.00447273
2,0.0004,0.00870466
3,0.0006,0.0128531
4,0.0008,0.0171089
5,0.001,0.021348
