,Current,Voltage
0,0.0,-0.520728
1,0.0002,-0.315144
2,0.0004,-0.184782
3,0.0006,-0.0649023
4,0.0008,0.0489831
5,0.001,0.155444
