,Current,Voltage
0,0.0,0.000441074
1,0.0002,0.0132918
2,0.0004,0.0262475
3,0.0006,0.039134
4,0.0008,0.0521088
5,0.001,0.0651383
