,Current,Voltage
0,0.0,0.000374317
1,0.0002,0.0114989
2,0.0004,0.0226259
3,0.0006,0.0337029
4,0.0008,0.245235
5,0.001,1.15899
