,Current,Voltage
0,0.0,0.000174046
1,0.0002,0.00255108
2,0.0004,0.00495911
3,0.0006,0.00733137
4,0.0008,0.00967503
5,0.001,0.0122046
