,Current,Voltage
0,0.0,0.000331402
1,0.0002,0.0103903
2,0.0004,0.0204563
3,0.0006,0.0304246
4,0.0008,0.0404453
5,0.001,0.0504565
