,Current,Voltage
0,0.0,0.000345707
1,0.0002,0.0094223
2,0.0004,0.0187683
3,0.0006,0.0280213
4,0.0008,0.0374365
5,0.001,10.002
