,Current,Voltage
0,0.0,0.00550985
1,0.0002,0.22521
2,0.0004,0.446529
3,0.0006,0.66613
4,0.0008,0.886683
5,0.001,1.10697
