,Current,Voltage
0,0.0,0.000257492
1,0.0002,0.00671625
2,0.0004,0.0131273
3,0.0006,0.0195217
4,0.0008,0.0259161
5,0.001,0.0322938
