,Current,Voltage
0,0.0,0.00146627
1,0.0002,0.0587106
2,0.0004,0.116343
3,0.0006,0.173559
4,0.0008,0.231254
5,0.001,0.28837
