,Current,Voltage
0,0.0,0.000112057
1,0.0002,0.00013113
2,0.0004,0.000145435
3,0.0006,0.000221729
4,0.0008,0.000224113
5,0.001,0.000441074
