,Current,Voltage
0,0.0,0.00106335
1,0.0002,0.0431442
2,0.0004,0.0854945
3,0.0006,0.127528
4,0.0008,0.169876
5,0.001,0.211866
