,Current,Voltage
0,0.0,-9.53674e-06
1,0.0002,3.76122
2,0.0004,9.30842
3,0.0006,10.0021
4,0.0008,10.002
5,0.001,10.002
