,Current,Voltage
0,0.0,0.0005126
1,0.0002,0.0153208
2,0.0004,0.0301933
3,0.0006,0.0449705
4,0.0008,0.0598145
5,0.001,0.0745726
