,Current,Voltage
0,0.0,0.000402927
1,0.0002,0.0126457
2,0.0004,0.024929
3,0.0006,0.0371671
4,0.0008,0.0494504
5,0.001,0.0616336
