,Current,Voltage
0,0.0,0.000460148
1,0.0002,0.0145555
2,0.0004,0.0286913
3,0.0006,0.0427723
4,0.0008,0.0568962
5,0.001,0.0709653
