,Current,Voltage
0,0.0,-0.0702047
1,0.0002,1.77964
2,0.0004,1.80905
3,0.0006,2.5033
4,0.0008,2.81588
5,0.001,3.19319
