,Current,Voltage
0,0.0,0.00531912
1,0.0002,0.209301
2,0.0004,0.414927
3,0.0006,0.617969
4,0.0008,0.823908
5,0.001,1.02621
