,Current,Voltage
0,0.0,-1.9928
1,0.0002,-1.72359
2,0.0004,-1.45942
3,0.0006,-1.1972
4,0.0008,-0.934017
5,0.001,-0.674119
