,Current,Voltage
0,0.0,0.00095129
1,0.0002,0.0388098
2,0.0004,0.0768805
3,0.0006,0.114682
4,0.0008,0.152771
5,0.001,0.190575
