,Current,Voltage
0,0.0,0.000162125
1,0.0002,0.00133991
2,0.0004,0.00253916
3,0.0006,0.00365734
4,0.0008,0.00487328
5,0.001,0.00597715
