,Current,Voltage
0,0.0,0.000824928
1,0.0002,0.0295782
2,0.0004,0.058465
3,0.0006,0.087142
4,0.0008,0.116091
5,0.001,0.144761
