,Current,Voltage
0,0.0,0.00355554
1,8e-10,0.00957608
2,1.6e-09,0.0155942
3,2.4e-09,0.0216303
4,3.2e-09,0.0276411
5,4e-09,0.0336704
