,Current,Voltage
0,0.0,0.000965595
1,0.0002,0.001266
2,0.0004,0.00230789
3,0.0006,3.11872
4,0.0008,6.36469
5,0.001,9.63377
