,Current,Voltage
0,0.0,0.000128746
1,0.0002,0.00271082
2,0.0004,0.0052166
3,0.0006,0.00769138
4,0.0008,0.0102448
5,0.001,0.0127077
