,Current,Voltage
0,0.0,0.000119209
1,0.0002,0.00187397
2,0.0004,0.0036478
3,0.0006,0.00533819
4,0.0008,0.00706196
5,0.001,0.00878811
