,Current,Voltage
0,0.0,0.000119209
1,0.0002,0.00179768
2,0.0004,0.00334978
3,0.0006,0.00492573
4,0.0008,0.00650406
5,0.001,0.00808716
