,Current,Voltage
0,0.0,0.00027895
1,0.0002,0.00855207
2,0.0004,0.0167608
3,0.0006,0.0249577
4,0.0008,0.033226
5,0.001,0.0413966
