,Current,Voltage
0,0.0,0.000128746
1,0.0002,0.00221252
2,0.0004,0.00423193
3,0.0006,0.00624895
4,0.0008,0.0082922
5,0.001,0.0102854
