,Current,Voltage
0,0.0,0.00010252
1,0.0002,0.001719
2,0.0004,0.00325441
3,0.0006,0.00482321
4,0.0008,0.00635386
5,0.001,0.00789881
