,Current,Voltage
0,0.0,0.000133514
1,0.0002,0.0014472
2,0.0004,1.21879
3,0.0006,5.17103
4,0.0008,9.24713
5,0.001,10.0019
