,Current,Voltage
0,0.0,0.00014782
1,0.0002,0.002985
2,0.0004,0.00575781
3,0.0006,0.00853777
4,0.0008,0.0113463
5,0.001,0.0141072
