,Current,Voltage
0,0.0,0.000145435
1,0.0002,0.00175953
2,0.0004,0.00338078
3,0.0006,0.00498533
4,0.0008,0.00653982
5,0.001,0.00815868
