,Current,Voltage
0,0.0,0.000152588
1,0.0002,0.00228405
2,0.0004,0.00442743
3,0.0006,0.00648737
4,0.0008,0.00859022
5,0.001,0.0106716
