,Current,Voltage
0,0.0,0.000133514
1,0.0002,0.00249863
2,0.0004,0.00476599
3,0.0006,0.00706911
4,0.0008,0.00938654
5,0.001,0.0116682
