,Current,Voltage
0,0.0,0.000128746
1,0.0002,0.00237226
2,0.0004,0.00459433
3,0.0006,0.00681877
4,0.0008,0.00898838
5,0.001,0.0112104
