,Current,Voltage
0,0.0,0.000178814
1,0.0002,0.00261068
2,0.0004,0.0050354
3,0.0006,0.00744343
4,0.0008,0.00985384
5,0.001,0.0122547
