,Current,Voltage
0,0.0,0.00015974
1,0.0002,0.00189543
2,0.0004,0.00359535
3,0.0006,0.00529289
4,0.0008,0.00699997
5,0.001,0.00865459
