,Current,Voltage
0,0.0,0.000140667
1,0.0002,0.00184774
2,0.0004,0.00350714
3,0.0006,0.00510931
4,0.0008,0.00674486
5,0.001,0.00838518
