,Current,Voltage
0,0.0,0.00020504
1,0.0002,0.00237465
2,0.0004,0.0045228
3,0.0006,0.00666618
4,0.0008,0.00880718
5,0.001,0.0109339
