,Current,Voltage
0,0.0,0.000116825
1,0.0002,0.00255346
2,0.0004,0.00494003
3,0.0006,0.00729084
4,0.0008,0.00967026
5,0.001,0.0120187
