,Current,Voltage
0,0.0,0.000119209
1,0.0002,0.00292301
2,0.0004,0.00564337
3,0.0006,0.00841379
4,0.0008,0.0111365
5,0.001,0.0138879
