,Current,Voltage
0,0.0,0.000112057
1,0.0002,0.00261784
2,0.0004,0.00504255
3,0.0006,0.00750065
4,0.0008,0.00993013
5,0.001,0.0123429
