,Current,Voltage
0,0.0,0.00863028
1,8e-10,0.0243359
2,1.6e-09,0.0399883
3,2.4e-09,0.0556383
4,3.2e-09,0.0713179
5,4e-09,0.0870006
