,Current,Voltage
0,0.0,0.00334167
1,8e-10,0.00953388
2,1.6e-09,0.0157561
3,2.4e-09,0.0219727
4,3.2e-09,0.0281987
5,4e-09,0.0344162
