{
  "mapping_offsets": [
    0.0,
    1.0,
    2.0,
    3.0,
    4.0,
    5.0,
    6.0
  ],
  "flir_offsets": [
    0,
    15,
    30
  ],
  "spin_speed": {
    "min": 100.0,
    "max": 3800.0,
    "value": {
      "0": 1000,
      "1": 1000,
      "2": 1000,
      "3": 1000,
      "4": 1000,
      "5": 1000,
      "6": 1000,
      "7": 1000,
      "8": 1000,
      "9": 1000,
      "10": 1000,
      "11": 1000,
      "12": 1000,
      "13": 1000,
      "14": 1000,
      "15": 1000,
      "16": 1000,
      "17": 1000,
      "18": 1000,
      "19": 1000,
      "20": 1000
    },
    "units": "RPM",
    "optimize_with_chem_os": false
  },
  "spin_time": {
    "min": 10.0,
    "max": 120.0,
    "value": {
      "0": 60,
      "1": 60,
      "2": 60,
      "3": 60,
      "4": 60,
      "5": 60,
      "6": 60,
      "7": 60,
      "8": 60,
      "9": 60,
      "10": 60,
      "11": 60,
      "12": 60,
      "13": 60,
      "14": 60,
      "15": 60,
      "16": 60,
      "17": 60,
      "18": 60,
      "19": 60,
      "20": 60
    },
    "units": "s",
    "optimize_with_chem_os": false
  },
  "dispense_volume": {
    "min": 0.001,
    "max": 1.0,
    "value": 0.1,
    "units": "mL",
    "optimize_with_chem_os": false
  },
  "campaign_dispensed_amounts": {
    "spiro": {
      "chemical_name": "Spiro",
      "varied": false,
      "value": 0.11029999999999962,
      "units": "mg",
      "metadata": {
        "molar_weight_ mg": 1225.43,
        "concentration_mg_ml": 50,
        "requested_param": null,
        "requested_vol": 0.13637955079054437
      }
    },
    "cobalt": {
      "chemical_name": "FK102",
      "varied": true,
      "value": 0.05579999999999963,
      "units": "mg",
      "metadata": {
        "molar_weight_ mg": 1334.86,
        "concentration_mg_ml": 50,
        "requested_param": null,
        "requested_vol": 0.07195378254278897
      }
    },
    "tbp": {
      "chemical_name": "tBP",
      "varied": false,
      "value": 0.029799999999999827,
      "units": "mg",
      "metadata": {
        "molar_weight_ mg": 135.21,
        "concentration_mg_ml": 50,
        "requested_param": null,
        "requested_vol": 0.04166666666666668
      }
    },
    "annealing": {
      "varied": true,
      "value": 47.16472864151001,
      "units": "s",
      "metadata": {}
    }
  },
  "properties": {
    "measurement_0": 0.0,
    "measurement_1": 0.0,
    "measurement_2": 0.0,
    "measurement_3": 0.0,
    "measurement_4": 0.0,
    "measurement_5": 0.0,
    "measurement_6": 0.0,
    "measurement_mean": 0.0
  },
  "active_parameters_pickle_file": {
    "filename": "not yet defined"
  },
  "processes": {
    "x0": 0.5080062050861881,
    "x1": 0.9723964333534241
  },
  "chemOS": {
    "requested_params": {
      "x0": 0.4843476116657257,
      "x1": 0.19651970267295837
    },
    "output_for_previous": {
      "campaign_name": "pseudomobility",
      "session_id": "dbad41d5-017b-4f35-b430-6be3f655fdb0",
      "experiment_id": "8018b5f7-f48d-4d54-af57-f1418d636559",
      "execution_id": "20afc0a0",
      "robot_id": "e0c4ac82",
      "processes": {
        "x0": 0.5080062050861881,
        "x1": 0.9723964333534241
      },
      "properties": {
        "measurement_0": 0.0,
        "measurement_1": 0.0,
        "measurement_2": 0.0,
        "measurement_3": 0.0,
        "measurement_4": 0.0,
        "measurement_5": 0.0,
        "measurement_6": 0.0,
        "measurement_mean": 0.0
      }
    }
  },
  "operator_name": "Thomas",
  "operator_comment": "chemOS optimization of pseudomobility over cobalt annealing space"
}