,Current,Voltage
0,0.0,-1.41144
1,0.0002,-1.35612
2,0.0004,-1.28933
3,0.0006,-1.22287
4,0.0008,-1.15643
5,0.001,-1.0903
