,Current,Voltage
0,0.0,-2.27301
1,0.0002,1.74222
2,0.0004,4.53915
3,0.0006,7.23102
4,0.0008,9.90585
5,0.001,10.0018
