,Current,Voltage
0,0.0,0.00102282
1,0.0002,0.00402689
2,0.0004,0.00781775
3,0.0006,0.0115681
4,0.0008,0.0153375
5,0.001,0.0191092
