,Current,Voltage
0,0.0,0.0241137
1,0.0002,1.16197
2,0.0004,2.2768
3,0.0006,3.35299
4,0.0008,4.41264
5,0.001,5.43914
