,Current,Voltage
0,0.0,0.000326633
1,0.0002,0.0106454
2,0.0004,0.0210166
3,0.0006,0.0313044
4,0.0008,0.0416851
5,0.001,0.0519061
