,Current,Voltage
0,0.0,0.000367165
1,0.0002,0.0109529
2,0.0004,0.0216269
3,0.0006,0.0321865
4,0.0008,0.0428629
5,0.001,0.053401
