,Current,Voltage
0,0.0,-1.39098
1,0.0002,-0.781097
2,0.0004,-0.300243
3,0.0006,0.134878
4,0.0008,0.539284
5,0.001,0.91229
