,Current,Voltage
0,0.0,0.00064373
1,0.0002,0.0210738
2,0.0004,0.0415969
3,0.0006,0.0619483
4,0.0008,0.0824523
5,0.001,0.102823
