,Current,Voltage
0,0.0,0.000858307
1,0.0002,0.030601
2,0.0004,0.0605321
3,0.0006,0.0902247
4,0.0008,0.120213
5,0.001,0.149968
