,Current,Voltage
0,0.0,0.000154972
1,0.0002,0.00340939
2,0.0004,0.00662565
3,0.0006,0.00974417
4,0.0008,0.0129485
5,0.001,0.016129
