,Current,Voltage
0,0.0,0.00010252
1,0.0002,0.00160694
2,0.0004,0.00297785
3,0.0006,0.00433683
4,0.0008,0.0057435
5,0.001,0.00711679
