,Current,Voltage
0,0.0,0.000154972
1,0.0002,0.0021553
2,0.0004,0.00409365
3,0.0006,0.00602961
4,0.0008,0.00797987
5,0.001,0.00993013
