,Current,Voltage
0,0.0,0.000109673
1,0.0002,0.00174284
2,0.0004,0.00329733
3,0.0006,0.00484467
4,0.0008,0.00640631
5,0.001,0.0079298
