,Current,Voltage
0,0.0,0.000143051
1,0.0002,0.00172853
2,0.0004,0.0032568
3,0.0006,0.00477552
4,0.0008,0.00626087
5,0.001,0.00779629
