,Current,Voltage
0,0.0,0.000183582
1,0.0002,0.00168562
2,0.0004,0.0032258
3,0.0006,0.00473738
4,0.0008,0.0062561
5,0.001,0.00776768
