,Current,Voltage
0,0.0,0.000121593
1,0.0002,0.00149012
2,0.0004,0.00278234
3,0.0006,0.00409603
4,0.0008,0.00539064
5,0.001,0.0066638
