,Current,Voltage
0,0.0,0.000116825
1,0.0002,0.00163078
2,0.0004,0.0030899
3,0.0006,0.00460148
4,0.0008,0.00605583
5,0.001,0.00747204
