,Current,Voltage
0,0.0,0.000181198
1,0.0002,0.00230074
2,0.0004,0.00439405
3,0.0006,0.00646114
4,0.0008,0.00854254
5,0.001,0.0106239
