,Current,Voltage
0,0.0,0.00010252
1,0.0002,0.00230074
2,0.0004,0.00440598
3,0.0006,0.00649691
4,0.0008,0.00857115
5,0.001,0.0106907
