,Current,Voltage
0,0.0,0.000104904
1,0.0002,0.00184774
2,0.0004,0.00356674
3,0.0006,0.00523567
4,0.0008,0.00694752
5,0.001,0.00861645
