,Current,Voltage
0,0.0,0.000150204
1,0.0002,0.00174999
2,0.0004,0.00329018
3,0.0006,0.00477076
4,0.0008,0.00632048
5,0.001,0.0078702
