,Current,Voltage
0,0.0,0.000140667
1,0.0002,0.00146151
2,0.0004,0.00272512
3,0.0006,0.0039959
4,0.0008,0.00528574
5,0.001,0.0065589
