,Current,Voltage
0,0.0,0.000100136
1,0.0002,0.00173807
2,0.0004,0.00334501
3,0.0006,0.00492573
4,0.0008,0.0065136
5,0.001,0.00815392
