,Current,Voltage
0,0.0,0.000116825
1,0.0002,0.00205755
2,0.0004,0.0039196
3,0.0006,0.00581264
4,0.0008,0.00767231
5,0.001,0.00952482
