,Current,Voltage
0,0.0,0.000116825
1,0.0002,0.00184536
2,0.0004,0.00359297
3,0.0006,0.00528812
4,0.0008,0.00701189
5,0.001,0.0087142
