,Current,Voltage
0,0.0,0.000116825
1,0.0002,0.00178814
2,0.0004,0.00341654
3,0.0006,0.00504971
4,0.0008,0.00662327
5,0.001,0.00825882
