,Current,Voltage
0,0.0,0.000166893
1,0.0002,0.00302792
2,0.0004,0.00588655
3,0.0006,0.00866413
4,0.0008,0.011487
5,0.001,0.0142932
