,Current,Voltage
0,0.0,9.53674e-05
1,0.0002,0.00194073
2,0.0004,0.00375509
3,0.0006,0.00555277
4,0.0008,0.00737906
5,0.001,0.00915289
