,Current,Voltage
0,0.0,0.000133514
1,0.0002,0.00200033
2,0.0004,0.00376701
3,0.0006,0.00555992
4,0.0008,0.00737429
5,0.001,0.00916004
