,Current,Voltage
0,0.0,0.000157356
1,0.0002,0.00174046
2,0.0004,0.00334978
3,0.0006,0.00490665
4,0.0008,0.00648499
5,0.001,0.00808239
