,Current,Voltage
0,0.0,0.000162125
1,0.0002,0.00168324
2,0.0004,0.00317812
3,0.0006,0.00465155
4,0.0008,0.00614882
5,0.001,0.00765085
