,Current,Voltage
0,0.0,0.000150204
1,0.0002,0.00325203
2,0.0004,0.00628948
3,0.0006,0.00932217
4,0.0008,0.0123262
5,0.001,0.0153565
