,Current,Voltage
0,0.0,0.000123978
1,0.0002,0.00174046
2,0.0004,0.00331879
3,0.0006,0.00486612
4,0.0008,0.00642061
5,0.001,0.00797749
