,Current,Voltage
0,0.0,0.000135899
1,0.0002,0.00185013
2,0.0004,0.00355721
3,0.0006,0.00520945
4,0.0008,0.00686884
5,0.001,0.008564
