,Current,Voltage
0,0.0,0.000150204
1,0.0002,0.00216007
2,0.0004,0.00410557
3,0.0006,0.00607729
4,0.0008,0.00804186
5,0.001,0.00998974
