,Current,Voltage
0,0.0,0.000114441
1,0.0002,0.00170946
2,0.0004,0.00324488
3,0.0006,0.00478029
4,0.0008,0.00630617
5,0.001,0.00782013
