,Current,Voltage
0,0.0,0.000166893
1,0.0002,0.00161409
2,0.0004,0.00304222
3,0.0006,0.00445127
4,0.0008,0.00588179
5,0.001,0.0073266
