,Current,Voltage
0,0.0,0.000145435
1,0.0002,0.00183344
2,0.0004,0.00346661
3,0.0006,0.00507832
4,0.0008,0.00671387
5,0.001,0.00834227
