,Current,Voltage
0,0.0,0.000133514
1,0.0002,0.00233173
2,0.0004,0.00449419
3,0.0006,0.00663519
4,0.0008,0.0088048
5,0.001,0.0109196
