,Current,Voltage
0,0.0,0.000109673
1,0.0002,0.00189066
2,0.0004,0.00364304
3,0.0006,0.00535488
4,0.0008,0.00708103
5,0.001,0.00879765
