,Current,Voltage
0,0.0,0.000128746
1,0.0002,0.00221491
2,0.0004,0.00422239
3,0.0006,0.00620842
4,0.0008,0.00822783
5,0.001,0.0102162
