,Current,Voltage
0,0.0,8.34465e-05
1,0.0002,0.0015831
2,0.0004,0.00299215
3,0.0006,0.00441551
4,0.0008,0.00579834
5,0.001,0.00720024
