,Current,Voltage
0,0.0,0.000126362
1,0.0002,0.00192165
2,0.0004,0.00370026
3,0.0006,0.00546694
4,0.0008,0.00725269
5,0.001,0.00899792
