,Current,Voltage
0,0.0,0.000128746
1,0.0002,0.00204325
2,0.0004,0.00389099
3,0.0006,0.00570297
4,0.0008,0.0075388
5,0.001,0.009408
