,Current,Voltage
0,0.0,0.000138283
1,0.0002,0.00218153
2,0.0004,0.00418901
3,0.0006,0.00615835
4,0.0008,0.00818253
5,0.001,0.0101805
