,Current,Voltage
0,0.0,0.000123978
1,0.0002,0.00183105
2,0.0004,0.0034833
3,0.0006,0.00514507
4,0.0008,0.00678778
5,0.001,0.00842571
