,Current,Voltage
0,0.0,0.000166893
1,0.0002,0.00290871
2,0.0004,0.00560045
3,0.0006,0.00828981
4,0.0008,0.0109601
5,0.001,0.0136399
