,Current,Voltage
0,0.0,0.000145435
1,0.0002,0.00174999
2,0.0004,0.0032711
3,0.0006,0.0048399
4,0.0008,0.00635147
5,0.001,0.00790358
