,Current,Voltage
0,0.0,0.000104904
1,0.0002,0.00179291
2,0.0004,0.00334263
3,0.0006,0.00493765
4,0.0008,0.00653028
5,0.001,0.00811338
