,Current,Voltage
0,0.0,8.58307e-05
1,0.0002,0.000479221
2,0.0004,0.000853539
3,0.0006,0.00124454
4,0.0008,0.00157356
5,0.001,0.00196457
