,Current,Voltage
0,0.0,8.58307e-05
1,0.0002,0.00162363
2,0.0004,0.00310659
3,0.0006,0.00454426
4,0.0008,0.00600338
5,0.001,0.00748873
