,Current,Voltage
0,0.0,0.000286102
1,0.0002,0.00684977
2,0.0004,0.0133514
3,0.0006,0.0198722
4,0.0008,0.0264096
5,0.001,0.0328898
