,Current,Voltage
0,0.0,0.00054121
1,0.0002,0.0175619
2,0.0004,0.0347328
3,0.0006,0.0517583
4,0.0008,0.0689292
5,0.001,0.0859857
