,Current,Voltage
0,0.0,0.000128746
1,0.0002,0.000779629
2,0.0004,0.00142336
3,0.0006,0.00203848
4,0.0008,0.00269651
5,0.001,0.00333786
