,Current,Voltage
0,0.0,0.00013113
1,0.0002,0.00280857
2,0.0004,0.00541687
3,0.0006,0.00800371
4,0.0008,0.0106287
5,0.001,0.0132179
