,Current,Voltage
0,0.0,9.05991e-05
1,0.0002,0.00023365
2,0.0004,0.000398159
3,0.0006,0.000462532
4,0.0008,0.000591278
5,0.001,0.000677109
