,Current,Voltage
0,0.0,0.00017643
1,0.0002,0.00363111
2,0.0004,0.00704288
3,0.0006,0.0104928
4,0.0008,0.013895
5,0.001,0.0172973
