,Current,Voltage
0,0.0,0.00010252
1,0.0002,0.00251293
2,0.0004,0.00482321
3,0.0006,0.00713348
4,0.0008,0.00949621
5,0.001,0.0118375
