,Current,Voltage
0,0.0,0.000112057
1,0.0002,0.00219107
2,0.0004,0.00417471
3,0.0006,0.00619411
4,0.0008,0.00824213
5,0.001,0.0101924
