,Current,Voltage
0,0.0,0.000174046
1,0.0002,0.00470877
2,0.0004,0.00919104
3,0.0006,0.0136566
4,0.0008,0.0181746
5,0.001,0.0226021
