,Current,Voltage
0,0.0,0.000169277
1,0.0002,0.00282526
2,0.0004,0.00550508
3,0.0006,0.00809908
4,0.0008,0.0107241
5,0.001,0.0133133
