,Current,Voltage
0,0.0,9.53674e-05
1,0.0002,0.000886917
2,0.0004,0.00163555
3,0.0006,0.00236034
4,0.0008,0.00306368
5,0.001,0.00375986
