,Current,Voltage
0,0.0,0.000195503
1,0.0002,0.00360727
2,0.0004,0.00692368
3,0.0006,0.0102425
4,0.0008,0.0135994
5,0.001,0.0169539
