,Current,Voltage
0,0.0,0.000123978
1,0.0002,0.00272274
2,0.0004,0.00524521
3,0.0006,0.00779152
4,0.0008,0.0103259
5,0.001,0.0128436
