,Current,Voltage
0,0.0,0.000133514
1,0.0002,0.00303268
2,0.0004,0.00588655
3,0.0006,0.00874996
4,0.0008,0.0116396
5,0.001,0.0144386
