,Current,Voltage
0,0.0,6.4373e-05
1,0.0002,0.000281334
2,0.0004,0.000445843
3,0.0006,0.000624657
4,0.0008,0.000758171
5,0.001,0.000896454
