,Current,Voltage
0,0.0,0.00017643
1,0.0002,0.00332832
2,0.0004,0.00644684
3,0.0006,0.0095129
4,0.0008,0.0126171
5,0.001,0.0156927
