,Current,Voltage
0,0.0,6.4373e-05
1,0.0002,0.000841618
2,0.0004,0.00159264
3,0.0006,0.00231504
4,0.0008,0.00299215
5,0.001,0.00368357
