,Current,Voltage
0,0.0,0.00026226
1,0.0002,0.00617981
2,0.0004,0.012126
3,0.0006,0.0180006
4,0.0008,0.0240088
5,0.001,0.0298643
