,Current,Voltage
0,0.0,0.00027895
1,0.0002,0.00867128
2,0.0004,0.0170994
3,0.0006,0.0254154
4,0.0008,0.0337815
5,0.001,0.0421214
