,Current,Voltage
0,0.0,0.000112057
1,0.0002,0.00179052
2,0.0004,0.00340462
3,0.0006,0.00497818
4,0.0008,0.0065732
5,0.001,0.00818253
