,Current,Voltage
0,0.0,0.000152588
1,0.0002,0.00129938
2,0.0004,0.00234604
3,0.0006,0.00346422
4,0.0008,0.00454664
5,0.001,0.00559092
