,Current,Voltage
0,0.0,0.00017643
1,0.0002,0.00242233
2,0.0004,0.00457048
3,0.0006,0.00670433
4,0.0008,0.00892401
5,0.001,0.0110507
