,Current,Voltage
0,0.0,0.00014782
1,0.0002,0.00356436
2,0.0004,0.00688076
3,0.0006,0.0101852
4,0.0008,0.013566
5,0.001,0.016849
