,Current,Voltage
0,0.0,0.000498295
1,0.0002,0.0180221
2,0.0004,0.0356412
3,0.0006,0.0530958
4,0.0008,0.0706935
5,0.001,0.0881433
