,Current,Voltage
0,0.0,0.000166893
1,0.0002,0.00350714
2,0.0004,0.00678539
3,0.0006,0.0100851
4,0.0008,0.0133657
5,0.001,0.0166035
