,Current,Voltage
0,0.0,0.000152588
1,0.0002,0.00272512
2,0.0004,0.00525713
3,0.0006,0.00776291
4,0.0008,0.0102901
5,0.001,0.0128126
