,Current,Voltage
0,0.0,0.000152588
1,0.0002,0.00317812
2,0.0004,0.00619888
3,0.0006,0.00920296
4,0.0008,0.0121832
5,0.001,0.0151467
