,Current,Voltage
0,0.0,0.000135899
1,0.0002,0.00190973
2,0.0004,0.00366926
3,0.0006,0.00542164
4,0.0008,0.0071764
5,0.001,0.00889778
