,Current,Voltage
0,0.0,0.000121593
1,0.0002,0.000622272
2,0.0004,0.00113964
3,0.0006,0.0015831
4,0.0008,0.00210047
5,0.001,0.00256062
