,Current,Voltage
0,0.0,0.000145435
1,0.0002,0.00228643
2,0.0004,0.00440836
3,0.0006,0.00649691
4,0.0008,0.00859976
5,0.001,0.0107002
