,Current,Voltage
0,0.0,0.00017643
1,0.0002,0.0043726
2,0.0004,0.00852346
3,0.0006,0.0126672
4,0.0008,0.0168276
5,0.001,0.0209737
