,Current,Voltage
0,0.0,9.77516e-05
1,0.0002,0.00187397
2,0.0004,9.99939
3,0.0006,10.0021
4,0.0008,10.0019
5,0.001,10.0019
