,Current,Voltage
0,0.0,0.000152588
1,0.0002,0.00126123
2,0.0004,0.00231028
3,0.0006,0.00332832
4,0.0008,0.0044179
5,0.001,0.00543118
