,Current,Voltage
0,0.0,6.67572e-05
1,0.0002,-0.00079155
2,0.0004,-0.0017643
3,0.0006,-0.00268459
4,0.0008,-0.00363588
5,0.001,-0.00456572
