,Current,Voltage
0,0.0,0.000150204
1,0.0002,0.00445127
2,0.0004,0.0087738
3,0.0006,0.0129986
4,0.0008,0.0172806
5,0.001,0.021565
