,Current,Voltage
0,0.0,-1.3593
1,0.0002,-1.27769
2,0.0004,-1.19858
3,0.0006,-1.1214
4,0.0008,-1.04577
5,0.001,-0.972078
