,Current,Voltage
0,0.0,0.000128746
1,0.0002,0.000946522
2,0.0004,0.00174284
3,0.0006,0.00256538
4,0.0008,0.00330687
5,0.001,0.00412464
