,Current,Voltage
0,0.0,0.000290871
1,0.0002,0.00841856
2,0.0004,0.0165391
3,0.0006,0.0246644
4,0.0008,0.0327802
5,0.001,0.0408912
