,Current,Voltage
0,0.0,0.000190735
1,0.0002,0.00475883
2,0.0004,0.00931501
3,0.0006,0.0137615
4,0.0008,0.0181627
5,0.001,0.0226378
