,Current,Voltage
0,0.0,0.00013113
1,0.0002,0.00284195
2,0.0004,0.0054884
3,0.0006,0.00818968
4,0.0008,0.0108051
5,0.001,0.0134659
