,Current,Voltage
0,0.0,0.000181198
1,0.0002,0.00389338
2,0.0004,0.00758648
3,0.0006,0.011251
4,0.0008,0.0149345
5,0.001,0.01863
