,Current,Voltage
0,0.0,0.000276566
1,0.0002,0.00732183
2,0.0004,0.014348
3,0.0006,0.0213027
4,0.0008,0.0283408
5,0.001,0.0353003
