,Current,Voltage
0,0.0,0.000185966
1,0.0002,0.00261068
2,0.0004,0.00504255
3,0.0006,0.00743389
4,0.0008,0.00985146
5,0.001,0.0122285
