,Current,Voltage
0,0.0,0.000178814
1,0.0002,0.00460386
2,0.0004,0.00892878
3,0.0006,0.0132585
4,0.0008,0.0176167
5,0.001,0.0219512
