,Current,Voltage
0,0.0,0.0231385
1,0.0002,0.970349
2,0.0004,1.92793
3,0.0006,2.78825
4,0.0008,4.83689
5,0.001,8.04958
