,Current,Voltage
0,0.0,0.00153303
1,0.0002,4.83878
2,0.0004,9.05663
3,0.0006,10.0021
4,0.0008,10.002
5,0.001,10.002
