,Current,Voltage
0,0.0,0.00157118
1,0.0002,0.0668764
2,0.0004,0.132384
3,0.0006,0.201597
4,0.0008,0.26212
5,0.001,0.325894
