,Current,Voltage
0,0.0,0.113158
1,0.0002,10.0024
2,0.0004,9.99144
3,0.0006,9.99642
4,0.0008,9.99977
5,0.001,10.0009
