,Current,Voltage
0,0.0,0.000581741
1,0.0002,4.36455
2,0.0004,10.0022
3,0.0006,10.002
4,0.0008,10.0019
5,0.001,10.0019
