,Current,Voltage
0,0.0,0.000851154
1,0.0002,0.0330591
2,0.0004,0.0655842
3,0.0006,0.0977993
4,0.0008,0.130532
5,0.001,0.161831
