,Current,Voltage
0,0.0,0.000317097
1,0.0002,0.00955582
2,0.0004,0.0187922
3,0.0006,0.0279856
4,0.0008,0.03721
5,0.001,0.0463986
