,Current,Voltage
0,0.0,0.000123978
1,0.0002,0.00308514
2,0.0004,3.75225
3,0.0006,9.53016
4,0.0008,10.002
5,0.001,10.002
