,Current,Voltage
0,0.0,0.000281334
1,0.0002,0.00683784
2,0.0004,0.0133729
3,0.0006,0.0198364
4,0.0008,0.0263596
5,0.001,0.0328374
