,Current,Voltage
0,0.0,0.000140667
1,0.0002,0.00239372
2,0.0004,0.00462532
3,0.0006,0.0068593
4,0.0008,0.00912905
5,0.001,0.0113058
