,Current,Voltage
0,0.0,0.000157356
1,0.0002,0.00303745
2,0.0004,0.00589609
3,0.0006,0.00867844
4,0.0008,0.0115561
5,0.001,0.0144815
