,Current,Voltage
0,0.0,0.000154972
1,0.0002,0.00500441
2,0.0004,0.00985861
3,0.0006,0.0146651
4,0.0008,0.0194907
5,0.001,0.0242972
