,Current,Voltage
0,0.0,0.00010252
1,0.0002,0.00258684
2,0.0004,0.00503778
3,0.0006,0.0074625
4,0.0008,0.00987291
5,0.001,0.0123358
