,Current,Voltage
0,0.0,0.000219345
1,0.0002,0.00512362
2,0.0004,0.0100327
3,0.0006,0.0149179
4,0.0008,0.0197864
5,0.001,0.0246429
