,Current,Voltage
0,0.0,0.000154972
1,0.0002,0.00328302
2,0.0004,0.00641108
3,0.0006,0.00944376
4,0.0008,0.0125384
5,0.001,0.0155854
