,Current,Voltage
0,0.0,0.000145435
1,0.0002,0.00334501
2,0.0004,0.00654459
3,0.0006,0.00974178
4,0.0008,0.0129557
5,0.001,0.016098
