,Current,Voltage
0,0.0,0.000121593
1,0.0002,0.00307798
2,0.0004,0.00601292
3,0.0006,0.00888824
4,0.0008,0.011785
5,0.001,0.0146699
