,Current,Voltage
0,0.0,0.000190735
1,0.0002,0.00611544
2,0.0004,0.0120163
3,0.0006,0.0178695
4,0.0008,0.0237393
5,0.001,0.0295687
