,Current,Voltage
0,0.0,0.000219345
1,0.0002,0.00790834
2,0.0004,0.0155568
3,0.0006,0.0231814
4,0.0008,0.0308681
5,0.001,0.0384378
