,Current,Voltage
0,0.0,0.000224113
1,0.0002,0.00643969
2,0.0004,0.0126147
3,0.0006,0.0187325
4,0.0008,0.0249314
5,0.001,0.0310349
