,Current,Voltage
0,0.0,-1.42126
1,0.0002,-1.36699
2,0.0004,-1.31426
3,0.0006,-1.2626
4,0.0008,-1.21179
5,0.001,-1.16156
