,Current,Voltage
0,0.0,0.000107288
1,0.0002,0.00141859
2,0.0004,0.00265837
3,0.0006,0.00393391
4,0.0008,0.00519753
5,0.001,0.00641346
