,Current,Voltage
0,0.0,0.000264645
1,0.0002,0.0082159
2,0.0004,0.0161815
3,0.0006,0.0240922
4,0.0008,0.0320387
5,0.001,0.0399542
