,Current,Voltage
0,0.0,9.77516e-05
1,0.0002,0.00258923
2,0.0004,0.00495911
3,0.0006,0.00731945
4,0.0008,0.00971079
5,0.001,0.012095
