,Current,Voltage
0,0.0,0.000169277
1,0.0002,0.0069356
2,0.0004,0.0136948
3,0.0006,0.0203872
4,0.0008,0.0271463
5,0.001,0.0338364
