,Current,Voltage
0,0.0,0.000243187
1,0.0002,0.00769615
2,0.0004,0.0151539
3,0.0006,0.0225663
4,0.0008,0.0300574
5,0.001,0.0374198
