,Current,Voltage
0,0.0,0.000956059
1,0.0002,0.0378513
2,0.0004,0.0750828
3,0.0006,0.111928
4,0.0008,0.149128
5,0.001,0.185924
