,Current,Voltage
0,0.0,0.00023365
1,0.0002,0.0073576
2,0.0004,0.0144839
3,0.0006,0.0215769
4,0.0008,0.0286889
5,0.001,0.0358224
