,Current,Voltage
0,0.0,0.00023365
1,0.0002,0.00712872
2,0.0004,0.0139832
3,0.0006,0.0207996
4,0.0008,0.027678
5,0.001,0.0344205
