,Current,Voltage
0,0.0,0.000143051
1,0.0002,0.0045681
2,0.0004,0.00896692
3,0.0006,0.0133228
4,0.0008,0.0176883
5,0.001,0.0220299
