,Current,Voltage
0,0.0,0.000300407
1,0.0002,0.00941753
2,0.0004,0.0185776
3,0.0006,0.0276709
4,0.0008,0.0368452
5,0.001,0.0459075
