,Current,Voltage
0,0.0,9.53674e-05
1,0.0002,0.00339508
2,0.0004,0.00666142
3,0.0006,0.00986338
4,0.0008,0.0131273
5,0.001,0.0163698
