,Current,Voltage
0,0.0,0.000765324
1,0.0002,0.0268435
2,0.0004,0.053122
3,0.0006,0.0791597
4,0.0008,0.105467
5,0.001,0.13139
