,Current,Voltage
0,0.0,0.0130749
1,0.0002,3.0021
2,0.0004,9.93968
3,0.0006,10.0025
4,0.0008,10.0022
5,0.001,10.0023
