,Current,Voltage
0,0.0,0.000226498
1,0.0002,0.00505209
2,0.0004,0.00993252
3,0.0006,0.0146914
4,0.0008,0.0195122
5,0.001,0.0243282
