,Current,Voltage
0,0.0,0.000195503
1,0.0002,0.00645638
2,0.0004,0.0126863
3,0.0006,0.0188184
4,0.0008,0.0251031
5,0.001,0.0312304
