,Current,Voltage
0,0.0,0.000135899
1,0.0002,0.00269651
2,0.0004,0.00524521
3,0.0006,0.00781298
4,0.0008,0.0103283
5,0.001,0.012815
