,Current,Voltage
0,0.0,0.000226498
1,0.0002,0.00637293
2,0.0004,0.0125217
3,0.0006,0.0186181
4,0.0008,0.0247717
5,0.001,0.0308442
