,Current,Voltage
0,0.0,0.000360012
1,0.0002,0.0122595
2,0.0004,0.0241613
3,0.0006,0.0359702
4,0.0008,0.0478721
5,0.001,0.0596619
