,Current,Voltage
0,0.0,0.000290871
1,0.0002,0.008955
2,0.0004,0.0175738
3,0.0006,0.0261331
4,0.0008,0.0347114
5,0.001,0.0432658
