,Current,Voltage
0,0.0,0.000154972
1,0.0002,0.00229597
2,0.0004,0.00437737
3,0.0006,0.00644207
4,0.0008,0.00856876
5,0.001,0.0106478
