,Current,Voltage
0,0.0,0.00020504
1,0.0002,0.00751019
2,0.0004,0.0147414
3,0.0006,0.0219321
4,0.0008,0.029192
5,0.001,0.0363779
