,Current,Voltage
0,0.0,0.00439191
1,8e-10,0.0120647
2,1.6e-09,0.0197144
3,2.4e-09,0.027386
4,3.2e-09,0.0350311
5,4e-09,0.0426984
