,Current,Voltage
0,0.0,0.000183582
1,0.0002,0.00491858
2,0.0004,0.00965595
3,0.0006,0.0143361
4,0.0008,0.0190735
5,0.001,0.0237393
