,Current,Voltage
0,0.0,5.72205e-05
1,0.0002,0.00439405
2,0.0004,0.00858068
3,0.0006,0.0127292
4,0.0008,0.016942
5,0.001,0.0211072
