,Current,Voltage
0,0.0,0.000138283
1,0.0002,0.00198603
2,0.0004,0.00381708
3,0.0006,0.00557661
4,0.0008,0.00738859
5,0.001,0.00914574
