,Current,Voltage
0,0.0,4.52995e-05
1,0.0002,0.000553131
2,0.0004,0.00103474
3,0.0006,0.00151396
4,0.0008,0.00194073
5,0.001,0.00239611
