,Current,Voltage
0,0.0,0.000171661
1,0.0002,0.00300884
2,0.0004,0.00580788
3,0.0006,0.00859976
4,0.0008,0.0113845
5,0.001,0.0142097
