,Current,Voltage
0,0.0,0.000178814
1,0.0002,0.00160456
2,0.0004,0.00299215
3,0.0006,0.00437021
4,0.0008,0.00579119
5,0.001,0.00726938
