,Current,Voltage
0,0.0,8.34465e-05
1,0.0002,-0.000116825
2,0.0004,-0.000388622
3,0.0006,-0.000560284
4,0.0008,-0.00106573
5,0.001,-0.00165939
