,Current,Voltage
0,0.0,4.05312e-05
1,0.0002,0.000100136
2,0.0004,0.000119209
3,0.0006,8.82149e-05
4,0.0008,0.000104904
5,0.001,9.53674e-05
