,Current,Voltage
0,0.0,-1.36189
1,0.0002,-1.07344
2,0.0004,-0.78496
3,0.0006,-0.501206
4,0.0008,-0.217893
5,0.001,0.0611949
