,Current,Voltage
0,0.0,0.000121593
1,0.0002,0.00186443
2,0.0004,0.00357389
3,0.0006,0.00519514
4,0.0008,0.00687838
5,0.001,0.00850916
