,Current,Voltage
0,0.0,0.00023365
1,0.0002,0.00523806
2,0.0004,0.0102615
3,0.0006,0.015204
4,0.0008,0.020268
5,0.001,0.0252175
