,Current,Voltage
0,0.0,8.10623e-05
1,0.0002,0.000696182
2,0.0004,0.00120878
3,0.0006,0.00175953
4,0.0008,0.00228882
5,0.001,0.00278473
