,Current,Voltage
0,0.0,0.000116825
1,0.0002,0.00288486
2,0.0004,0.00558376
3,0.0006,0.00828266
4,0.0008,0.0109839
5,0.001,0.0136518
