,Current,Voltage
0,0.0,0.000236034
1,0.0002,0.00483513
2,0.0004,0.0094533
3,0.0006,0.0139713
4,0.0008,0.0185871
5,0.001,0.0231695
