,Current,Voltage
0,0.0,-1.29381
1,0.0002,-1.01223
2,0.0004,-0.80317
3,0.0006,-0.609117
4,0.0008,-0.425887
5,0.001,-0.253069
