,Current,Voltage
0,0.0,0.000188351
1,0.0002,0.00515461
2,0.0004,0.0100207
3,0.0006,0.0148344
4,0.0008,0.0197434
5,0.001,0.0245857
