,Current,Voltage
0,0.0,0.000154972
1,0.0002,0.00241041
2,0.0004,0.00463724
3,0.0006,0.00684261
4,0.0008,0.00906467
5,0.001,0.0112772
