,Current,Voltage
0,0.0,0.0178289
1,0.0002,0.184133
2,0.0004,0.364752
3,0.0006,0.544405
4,0.0008,0.725751
5,0.001,0.90585
