,Current,Voltage
0,0.0,0.00015974
1,0.0002,0.00278711
2,0.0004,0.00546694
3,0.0006,0.00803709
4,0.0008,0.0106788
5,0.001,0.0133109
