,Current,Voltage
0,0.0,-1.38717
1,0.0002,-1.22621
2,0.0004,-1.07798
3,0.0006,-0.931494
4,0.0008,-0.785329
5,0.001,-0.64086
