,Current,Voltage
0,0.0,0.00013113
1,0.0002,0.00273466
2,0.0004,0.00529528
3,0.0006,0.00781536
4,0.0008,0.0104022
5,0.001,0.0129151
