,Current,Voltage
0,0.0,9.05991e-05
1,0.0002,0.00150442
2,0.0004,0.00287294
3,0.0006,0.00421762
4,0.0008,0.00559092
5,0.001,0.00692368
