,Current,Voltage
0,0.0,0.000197887
1,0.0002,0.00622511
2,0.0004,0.0121999
3,0.0006,0.018146
4,0.0008,0.0241423
5,0.001,0.0300622
