,Current,Voltage
0,0.0,0.052495
1,0.0002,0.365248
2,0.0004,0.664504
3,0.0006,0.946848
4,0.0008,1.21847
5,0.001,1.4754
