,Current,Voltage
0,0.0,0.00541925
1,0.0002,0.217061
2,0.0004,0.432012
3,0.0006,0.647979
4,0.0008,0.870316
5,0.001,1.0968
