,Current,Voltage
0,0.0,9.29832e-05
1,0.0002,0.00150681
2,0.0004,0.00290394
3,0.0006,0.00419378
4,0.0008,0.00555515
5,0.001,0.00690222
