,Current,Voltage
0,0.0,0.000114441
1,0.0002,0.00231981
2,0.0004,0.00451803
3,0.0006,0.00666857
4,0.0008,0.00885725
5,0.001,0.0110102
