,Current,Voltage
0,0.0,0.000185966
1,0.0002,0.00446796
2,0.0004,0.00873804
3,0.0006,0.0129223
4,0.0008,0.0171447
5,0.001,0.0213003
