,Current,Voltage
0,0.0,0.000972748
1,0.0002,0.0339437
2,0.0004,0.0671816
3,0.0006,0.100157
4,0.0008,0.133419
5,0.001,0.166354
