,Current,Voltage
0,0.0,0.000121593
1,0.0002,0.00144243
2,0.0004,0.00270367
3,0.0006,0.00399113
4,0.0008,0.00529528
5,0.001,0.00654697
