,Current,Voltage
0,0.0,0.000104904
1,0.0002,0.00166416
2,0.0004,0.00323296
3,0.0006,0.00476599
4,0.0008,0.00627756
5,0.001,0.00781298
