,Current,Voltage
0,0.0,0.039773
1,0.0002,0.119061
2,0.0004,0.17581
3,0.0006,0.21663
4,0.0008,0.247965
5,0.001,0.271628
