,Current,Voltage
0,0.0,0.000190735
1,0.0002,0.00451088
2,0.0004,0.0087738
3,0.0006,0.0129652
4,0.0008,0.0172591
5,0.001,0.0214338
