,Current,Voltage
0,0.0,0.00010252
1,0.0002,0.0009799
2,0.0004,0.00182152
3,0.0006,0.0026226
4,0.0008,0.00341892
5,0.001,0.00422239
