,Current,Voltage
0,0.0,0.0156999
1,0.0002,0.162787
2,0.0004,0.310624
3,0.0006,0.456998
4,0.0008,0.604501
5,0.001,0.750148
