,Current,Voltage
0,0.0,8.58307e-05
1,0.0002,0.00142097
2,0.0004,0.0027442
3,0.0006,0.00397921
4,0.0008,0.0052309
5,0.001,0.00650883
