,Current,Voltage
0,0.0,0.00015974
1,0.0002,0.00339746
2,0.0004,0.00657082
3,0.0006,0.00974417
4,0.0008,0.0129318
5,0.001,0.0161004
