,Current,Voltage
0,0.0,0.000135899
1,0.0002,0.00211477
2,0.0004,0.00408411
3,0.0006,0.00604868
4,0.0008,0.00803471
5,0.001,0.00998497
