,Current,Voltage
0,0.0,0.000114441
1,0.0002,0.00236034
2,0.0004,0.0045228
3,0.0006,0.00668764
4,0.0008,0.00891685
5,0.001,0.0110579
