,Current,Voltage
0,0.0,0.000135899
1,0.0002,0.0015378
2,0.0004,0.00289679
3,0.0006,0.004251
4,0.0008,0.00561476
5,0.001,0.00695467
