,Current,Voltage
0,0.0,0.000121593
1,0.0002,0.00234365
2,0.0004,0.00454426
3,0.0006,0.00667095
4,0.0008,0.00883341
5,0.001,0.0109434
