,Current,Voltage
0,0.0,0.000557899
1,0.0002,0.0210428
2,0.0004,0.0414395
3,0.0006,0.0616646
4,0.0008,0.0823784
5,0.001,0.103302
