,Current,Voltage
0,0.0,6.91414e-05
1,0.0002,0.000829697
2,0.0004,0.0015521
3,0.0006,0.00228167
4,0.0008,0.00299692
5,0.001,0.00370026
