,Current,Voltage
0,0.0,0.000164509
1,0.0002,0.00235558
2,0.0004,0.00457525
3,0.0006,0.00673056
4,0.0008,0.00893831
5,0.001,0.0110984
