,Current,Voltage
0,0.0,8.10623e-05
1,0.0002,0.000228882
2,0.0004,0.00030756
3,0.0006,0.000345707
4,0.0008,0.000412464
5,0.001,0.000526905
