,Current,Voltage
0,0.0,0.0038588
1,8e-10,0.0099206
2,1.6e-09,0.0159793
3,2.4e-09,0.0220447
4,3.2e-09,0.0281091
5,4e-09,0.0341682
