,Current,Voltage
0,0.0,0.000417233
1,0.0002,0.0130057
2,0.0004,0.0256014
3,0.0006,0.0380921
4,0.0008,0.0507045
5,0.001,0.0632715
