,Current,Voltage
0,0.0,0.016253
1,0.0002,0.479875
2,0.0004,0.918882
3,0.0006,1.31873
4,0.0008,1.68519
5,0.001,2.00524
