,Current,Voltage
0,0.0,-1.32975
1,0.0002,-1.21206
2,0.0004,-1.11434
3,0.0006,-0.979073
4,0.0008,-0.839834
5,0.001,-0.716968
