,Current,Voltage
0,0.0,-1.33707
1,0.0002,-1.18784
2,0.0004,-1.0263
3,0.0006,-0.866249
4,0.0008,-0.705442
5,0.001,-0.546031
