,Current,Voltage
0,0.0,0.000169277
1,0.0002,0.00303507
2,0.0004,0.00582695
3,0.0006,0.00864267
4,0.0008,0.0114059
5,0.001,0.014174
