,Current,Voltage
0,0.0,0.000197887
1,0.0002,0.00232458
2,0.0004,0.00442743
3,0.0006,0.00648022
4,0.0008,0.00858545
5,0.001,0.0106621
