,Current,Voltage
0,0.0,0.000202656
1,0.0002,0.00338554
2,0.0004,0.00656366
3,0.0006,0.00972033
4,0.0008,0.0128984
5,0.001,0.0160122
