,Current,Voltage
0,0.0,0.000200272
1,0.0002,0.00306129
2,0.0004,0.00581503
3,0.0006,0.00860214
4,0.0008,0.0113916
5,0.001,0.0141597
