,Current,Voltage
0,0.0,0.000224113
1,0.0002,0.0063324
2,0.0004,0.0124049
3,0.0006,0.0184655
4,0.0008,0.0245357
5,0.001,0.0305724
