,Current,Voltage
0,0.0,-1.87288
1,0.0002,-0.732684
2,0.0004,0.432634
3,0.0006,1.61371
4,0.0008,2.84572
5,0.001,4.14259
