,Current,Voltage
0,0.0,0.000154972
1,0.0002,0.00332117
2,0.0004,0.00641823
3,0.0006,0.00946999
4,0.0008,0.0125813
5,0.001,0.0156546
