,Current,Voltage
0,0.0,0.00101805
1,0.0002,0.0379491
2,0.0004,0.0751543
3,0.0006,0.112047
4,0.0008,0.149324
5,0.001,0.186176
