,Current,Voltage
0,0.0,0.000150204
1,0.0002,0.00285625
2,0.0004,0.00555992
3,0.0006,0.00818253
4,0.0008,0.0108528
5,0.001,0.0135088
