,Current,Voltage
0,0.0,0.000162125
1,0.0002,0.00279427
2,0.0004,0.00542402
3,0.0006,0.00798702
4,0.0008,0.0105691
5,0.001,0.0131965
