,Current,Voltage
0,0.0,0.000135899
1,0.0002,0.0022459
2,0.0004,0.00429869
3,0.0006,0.00630617
4,0.0008,0.00833035
5,0.001,0.0103283
