,Current,Voltage
0,0.0,-0.0607371
1,0.0002,0.0460672
2,0.0004,0.116158
3,0.0006,0.169523
4,0.0008,0.217991
5,0.001,0.258343
