,Current,Voltage
0,0.0,0.000376701
1,0.0002,0.0110722
2,0.0004,0.0217032
3,0.0006,0.0322747
4,0.0008,0.0429416
5,0.001,0.0535202
