,Current,Voltage
0,0.0,0.000243187
1,0.0002,0.00614882
2,0.0004,0.0119901
3,0.0006,0.0178194
4,0.0008,0.023675
5,0.001,0.029459
