,Current,Voltage
0,0.0,0.000360012
1,0.0002,0.0101638
2,0.0004,0.0199795
3,0.0006,0.0297165
4,0.0008,0.0395608
5,0.001,0.0492668
