,Current,Voltage
0,0.0,0.000216961
1,0.0002,0.00461817
2,0.0004,0.00896215
3,0.0006,0.0133014
4,0.0008,0.0176215
5,0.001,0.0219345
