,Current,Voltage
0,0.0,0.000987053
1,0.0002,0.0368595
2,0.0004,0.0729918
3,0.0006,0.108836
4,0.0008,0.14497
5,0.001,0.180745
