,Current,Voltage
0,0.0,0.000190735
1,0.0002,0.00328064
2,0.0004,0.00638247
3,0.0006,0.00939846
4,0.0008,0.0124431
5,0.001,0.0154567
