,Current,Voltage
0,0.0,0.00015974
1,0.0002,0.00206709
2,0.0004,0.00394583
3,0.0006,0.00576973
4,0.0008,0.00763893
5,0.001,0.00947237
