,Current,Voltage
0,0.0,0.0048852
1,0.0002,0.20483
2,0.0004,0.406573
3,0.0006,0.606792
4,0.0008,0.808918
5,0.001,1.0095
