,Current,Voltage
0,0.0,0.00014782
1,0.0002,0.00231743
2,0.0004,0.00443935
3,0.0006,0.00657797
4,0.0008,0.00871658
5,0.001,0.0108194
