,Current,Voltage
0,0.0,0.00020504
1,0.0002,0.0023675
2,0.0004,0.00446796
3,0.0006,0.00658751
4,0.0008,0.00869036
5,0.001,0.0108266
