,Current,Voltage
0,0.0,0.000209808
1,0.0002,0.00474691
2,0.0004,0.00921726
3,0.0006,0.0136757
4,0.0008,0.0181675
5,0.001,0.0226355
