,Current,Voltage
0,0.0,0.00164509
1,0.0002,0.0647497
2,0.0004,0.128415
3,0.0006,0.191615
4,0.0008,0.255289
5,0.001,0.318322
