,Current,Voltage
0,0.0,0.000221729
1,0.0002,0.00541687
2,0.0004,0.0105643
3,0.0006,0.0156522
4,0.0008,0.0208187
5,0.001,0.025928
