,Current,Voltage
0,0.0,0.000100136
1,0.0002,0.00131369
2,0.0004,0.00249147
3,0.0006,0.00366449
4,0.0008,0.00480175
5,0.001,0.00596762
