,Current,Voltage
0,0.0,0.000166893
1,0.0002,0.00213385
2,0.0004,0.00401974
3,0.0006,0.00588894
4,0.0008,0.0077939
5,0.001,0.00969172
