,Current,Voltage
0,0.0,0.000522137
1,0.0002,0.018394
2,0.0004,0.0363946
3,0.0006,0.0542164
4,0.0008,0.0722122
5,0.001,0.0900126
