,Current,Voltage
0,0.0,0.000302792
1,0.0002,0.00887394
2,0.0004,0.0173855
3,0.0006,0.0258684
4,0.0008,0.03443
5,0.001,0.0428772
