,Current,Voltage
0,0.0,0.00020504
1,0.0002,0.00360966
2,0.0004,0.00700951
3,0.0006,0.0103784
4,0.0008,0.0137496
5,0.001,0.0171113
