,Current,Voltage
0,0.0,0.000383854
1,0.0002,0.0133657
2,0.0004,0.0265861
3,0.0006,0.0393867
4,0.0008,0.0600171
5,0.001,0.0758362
