,Current,Voltage
0,0.0,0.000283718
1,0.0002,0.00692844
2,0.0004,0.0135922
3,0.0006,0.0201917
4,0.0008,0.0268221
5,0.001,0.0334048
