,Current,Voltage
0,0.0,0.000145435
1,0.0002,0.00300884
2,0.0004,0.00584841
3,0.0006,0.00864983
4,0.0008,0.0114655
5,0.001,0.0142765
