,Current,Voltage
0,0.0,0.00025034
1,0.0002,0.00474453
2,0.0004,0.00921965
3,0.0006,0.0136733
4,0.0008,0.018115
5,0.001,0.0226021
