,Current,Voltage
0,0.0,0.000188351
1,0.0002,0.0028491
2,0.0004,0.00549316
3,0.0006,0.00808239
4,0.0008,0.010767
5,0.001,0.0133657
