,Current,Voltage
0,0.0,0.000240803
1,0.0002,0.00313759
2,0.0004,0.00596285
3,0.0006,0.00880718
4,0.0008,0.0116181
5,0.001,0.0144625
