,Current,Voltage
0,0.0,0.000219345
1,0.0002,0.0036788
2,0.0004,0.00709295
3,0.0006,0.010488
4,0.0008,0.013926
5,0.001,0.017333
