,Current,Voltage
0,0.0,0.000255108
1,0.0002,0.00555754
2,0.0004,0.0108266
3,0.0006,0.0160313
4,0.0008,0.0212526
5,0.001,0.0264907
