,Current,Voltage
0,0.0,0.00400639
1,8e-10,0.0103471
2,1.6e-09,0.0166767
3,2.4e-09,0.0229964
4,3.2e-09,0.0293381
5,4e-09,0.0356791
