,Current,Voltage
0,0.0,0.0505638
1,0.0002,0.000383854
2,0.0004,2.39752
3,0.0006,4.93901
4,0.0008,7.73519
5,0.001,10.0019
