,Current,Voltage
0,0.0,9.53674e-05
1,0.0002,0.00112534
2,0.0004,0.00213861
3,0.0006,0.00312328
4,0.0008,0.00411749
5,0.001,0.00510931
