,Current,Voltage
0,0.0,7.39098e-05
1,0.0002,0.00127554
2,0.0004,0.00238419
3,0.0006,0.00349045
4,0.0008,0.00462055
5,0.001,0.0057292
