,Current,Voltage
0,0.0,0.000164509
1,0.0002,0.00125885
2,0.0004,0.00240326
3,0.0006,0.00273228
4,0.0008,0.00306606
5,0.001,0.0048542
