,Current,Voltage
0,0.0,0.000123978
1,0.0002,0.00113487
2,0.0004,0.00214577
3,0.0006,0.00309706
4,0.0008,0.00406265
5,0.001,0.0050354
