,Current,Voltage
0,0.0,0.000121593
1,0.0002,0.00142574
2,0.0004,0.00271797
3,0.0006,0.00399351
4,0.0008,0.00529051
5,0.001,0.00656366
