,Current,Voltage
0,0.0,0.000145435
1,0.0002,0.00121117
2,0.0004,0.00221729
3,0.0006,0.00317335
4,0.0008,0.00418425
5,0.001,0.00520468
