,Current,Voltage
0,0.0,0.000140667
1,0.0002,0.0016427
2,0.0004,0.00310898
3,0.0006,0.00455141
4,0.0008,0.00601292
5,0.001,0.00747442
