,Current,Voltage
0,0.0,0.000112057
1,0.0002,0.00100136
2,0.0004,0.00182629
3,0.0006,0.00267982
4,0.0008,0.0034976
5,0.001,0.0043726
