,Current,Voltage
0,0.0,0.000107288
1,0.0002,0.00123501
2,0.0004,0.00234842
3,0.0006,0.00339508
4,0.0008,0.00447512
5,0.001,0.00549316
