,Current,Voltage
0,0.0,0.000116825
1,0.0002,0.00113726
2,0.0004,0.00204086
3,0.0006,0.00293255
4,0.0008,0.00385284
5,0.001,0.00477314
