,Current,Voltage
0,0.0,0.000133514
1,0.0002,0.00105143
2,0.0004,0.00193834
3,0.0006,0.00282526
4,0.0008,0.00371456
5,0.001,0.00458241
