,Current,Voltage
0,0.0,9.53674e-05
1,0.0002,0.00117779
2,0.0004,0.00218391
3,0.0006,0.00320196
4,0.0008,0.00419855
5,0.001,0.00521183
