,Current,Voltage
0,0.0,0.000114441
1,0.0002,0.00114918
2,0.0004,0.00209093
3,0.0006,0.00303984
4,0.0008,0.0039959
5,0.001,0.00492573
