,Current,Voltage
0,0.0,0.000104904
1,0.0002,0.00127554
2,0.0004,0.00243902
3,0.0006,0.00358582
4,0.0008,0.00471354
5,0.001,0.00582218
