,Current,Voltage
0,0.0,0.000119209
1,0.0002,0.6742
2,0.0004,4.10581
3,0.0006,7.6966
4,0.0008,5.02023
5,0.001,7.22003
