,Current,Voltage
0,0.0,8.10623e-05
1,0.0002,0.00101089
2,0.0004,0.00190735
3,0.0006,0.00280857
4,0.0008,0.00364065
5,0.001,0.00454426
