,Current,Voltage
0,0.0,0.000116825
1,0.0002,0.00137568
2,0.0004,0.00259638
3,0.0006,0.00380754
4,0.0008,0.00507355
5,0.001,0.00626326
