,Current,Voltage
0,0.0,0.000112057
1,0.0002,0.000658035
2,0.0004,0.00115395
3,0.0006,0.00158787
4,0.0008,0.00211954
5,0.001,0.00256538
