,Current,Voltage
0,0.0,0.000123978
1,0.0002,0.00164509
2,0.0004,0.00312328
3,0.0006,0.00461102
4,0.0008,0.00604868
5,0.001,0.00753164
