,Current,Voltage
0,0.0,0.000107288
1,0.0002,0.00113964
2,0.0004,0.00207424
3,0.0006,0.00298023
4,0.0008,0.00392675
5,0.001,0.00485897
