,Current,Voltage
0,0.0,0.000123978
1,0.0002,0.00128508
2,0.0004,0.00243425
3,0.0006,0.00353575
4,0.0008,0.00465155
5,0.001,0.00580788
