,Current,Voltage
0,0.0,0.000128746
1,0.0002,0.00122786
2,0.0004,0.00225306
3,0.0006,0.00327826
4,0.0008,0.00432014
5,0.001,0.00537157
