,Current,Voltage
0,0.0,8.10623e-05
1,0.0002,0.00132084
2,0.0004,0.00247478
3,0.0006,0.00367165
4,0.0008,0.00479937
5,0.001,0.00594854
