,Current,Voltage
0,0.0,9.77516e-05
1,0.0002,0.00105858
2,0.0004,0.00201225
3,0.0006,0.00287771
4,0.0008,0.00378609
5,0.001,0.00467539
