,Current,Voltage
0,0.0,0.000104904
1,0.0002,0.00105619
2,0.0004,0.00198126
3,0.0006,0.0028348
4,0.0008,0.00375509
5,0.001,0.00464201
