,Current,Voltage
0,0.0,0.000138283
1,0.0002,0.00115156
2,0.0004,0.00217915
3,0.0006,0.00315666
4,0.0008,0.00420094
5,0.001,0.0051856
