,Current,Voltage
0,0.0,0.000174046
1,0.0002,0.004673
2,0.0004,0.00916243
3,0.0006,0.0135827
4,0.0008,0.0180745
5,0.001,0.0225043
