,Current,Voltage
0,0.0,0.000116825
1,0.0002,0.00105381
2,0.0004,0.00199318
3,0.0006,0.00287771
4,0.0008,0.00380516
5,0.001,0.00471592
