,Current,Voltage
0,0.0,0.000112057
1,0.0002,0.00111103
2,0.0004,0.00201941
3,0.0006,0.00294447
4,0.0008,0.00385046
5,0.001,0.00478268
