,Current,Voltage
0,0.0,8.58307e-05
1,0.0002,0.00120163
2,0.0004,0.00223637
3,0.0006,0.00321627
4,0.0008,0.0042367
5,0.001,0.00530958
