,Current,Voltage
0,0.0,9.29832e-05
1,0.0002,0.00100613
2,0.0004,0.00185013
3,0.0006,0.00268936
4,0.0008,0.0035429
5,0.001,0.0043869
