,Current,Voltage
0,0.0,9.05991e-05
1,0.0002,0.00124931
2,0.0004,0.00229836
3,0.0006,0.00334978
4,0.0008,0.00442743
5,0.001,0.00548124
