,Current,Voltage
0,0.0,0.000472069
1,0.0002,0.0160789
2,0.0004,0.0317669
3,0.0006,0.0472927
4,0.0008,0.0629926
5,0.001,0.0784779
