,Current,Voltage
0,0.0,0.000116825
1,0.0002,0.00133991
2,0.0004,0.00244856
3,0.0006,0.00353098
4,0.0008,0.00462055
5,0.001,0.00567913
