,Current,Voltage
0,0.0,0.000331402
1,0.0002,0.00889778
2,0.0004,0.0174141
3,0.0006,0.0259137
4,0.0008,0.0344896
5,0.001,0.0429749
