,Current,Voltage
0,0.0,8.34465e-05
1,0.0002,0.000214577
2,0.0004,0.000293255
3,0.0006,0.000340939
4,0.0008,0.000369549
5,0.001,0.00041008
