,Current,Voltage
0,0.0,7.15256e-05
1,0.0002,0.000269413
2,0.0004,0.000371933
3,0.0006,0.000486374
4,0.0008,0.00061512
5,0.001,0.000679493
