,Current,Voltage
0,0.0,0.00601292
1,0.0002,0.244067
2,0.0004,0.484009
3,0.0006,0.722096
4,0.0008,0.962057
5,0.001,1.2002
