,Current,Voltage
0,0.0,0.000119209
1,0.0002,-0.00424862
2,0.0004,-0.0082016
3,0.0006,-0.00724316
4,0.0008,-0.0149894
5,0.001,-0.0252318
