,Current,Voltage
0,0.0,0.000214577
1,0.0002,0.00475168
2,0.0004,0.00928879
3,0.0006,0.013721
4,0.0008,0.0182009
5,0.001,0.022676
