,Current,Voltage
0,0.0,0.00390053
1,0.0002,0.168848
2,0.0004,0.33529
3,0.0006,0.500696
4,0.0008,0.66781
5,0.001,0.834036
