,Current,Voltage
0,0.0,0.000221729
1,0.0002,0.00560522
2,0.0004,0.010879
3,0.0006,0.0161719
4,0.0008,0.0214648
5,0.001,0.0267529
