,Current,Voltage
0,0.0,0.0145268
1,0.0002,0.586805
2,0.0004,1.16365
3,0.0006,1.73617
4,0.0008,2.31397
5,0.001,2.88769
