,Current,Voltage
0,0.0,0.00122547
1,0.0002,0.0453234
2,0.0004,0.0897741
3,0.0006,0.133748
4,0.0008,0.178232
5,0.001,0.222278
