,Current,Voltage
0,0.0,0.000472069
1,0.0002,0.0142264
2,0.0004,0.028038
3,0.0006,0.0417662
4,0.0008,0.055573
5,0.001,0.0692868
