,Current,Voltage
0,0.0,0.00013113
1,0.0002,0.00208855
2,0.0004,0.0039959
3,0.0006,0.00589132
4,0.0008,0.00781059
5,0.001,0.00967026
