,Current,Voltage
0,0.0,0.0412107
1,0.0002,0.0631452
2,0.0004,0.0844717
3,0.0006,0.105419
4,0.0008,0.126448
5,0.001,0.147185
