,Current,Voltage
0,0.0,0.00174999
1,0.0002,0.0693583
2,0.0004,0.137622
3,0.0006,0.205352
4,0.0008,0.273578
5,0.001,0.341365
