,Current,Voltage
0,0.0,0.000169277
1,0.0002,0.00333071
2,0.0004,0.00644207
3,0.0006,0.00957966
4,0.0008,0.0126743
5,0.001,0.0158525
