,Current,Voltage
0,0.0,0.000171661
1,0.0002,0.0034833
2,0.0004,0.0067544
3,0.0006,0.0100017
4,0.0008,0.0132585
5,0.001,0.01652
