,Current,Voltage
0,0.0,0.00190496
1,0.0002,0.0706005
2,0.0004,0.139904
3,0.0006,0.208659
4,0.0008,0.278039
5,0.001,0.346823
