,Current,Voltage
0,0.0,-0.0640559
1,0.0002,0.104342
2,0.0004,0.183597
3,0.0006,0.232375
4,0.0008,0.266478
5,0.001,0.285881
