,Current,Voltage
0,0.0,0.000154972
1,0.0002,0.00292301
2,0.0004,0.00562191
3,0.0006,0.00835896
4,0.0008,0.0110507
5,0.001,0.0137687
