,Current,Voltage
0,0.0,-0.933549
1,0.0002,-0.346434
2,0.0004,0.0249052
3,0.0006,0.270181
4,0.0008,0.44533
5,0.001,0.575593
