,Current,Voltage
0,0.0,0.000133514
1,0.0002,0.00186443
2,0.0004,0.00356197
3,0.0006,0.00524282
4,0.0008,0.00689507
5,0.001,0.0085783
