,Current,Voltage
0,0.0,0.00128269
1,0.0002,0.0520396
2,0.0004,0.103228
3,0.0006,0.153949
4,0.0008,0.205224
5,0.001,0.25598
