,Current,Voltage
0,0.0,0.00218153
1,0.0002,0.0812006
2,0.0004,0.160861
3,0.0006,0.240037
4,0.0008,0.319843
5,0.001,0.39917
