,Current,Voltage
0,0.0,0.0107574
1,0.0002,0.4246
2,0.0004,0.842016
3,0.0006,1.25559
4,0.0008,1.67305
5,0.001,2.08696
