,Current,Voltage
0,0.0,0.000221729
1,0.0002,0.00577688
2,0.0004,0.0112724
3,0.0006,0.0167274
4,0.0008,0.0222278
5,0.001,0.0276995
