,Current,Voltage
0,0.0,-0.914977
1,0.0002,-0.496686
2,0.0004,-0.235531
3,0.0006,-0.0631738
4,0.0008,0.0650525
5,0.001,0.166166
