,Current,Voltage
0,0.0,0.000104904
1,0.0002,0.000755787
2,0.0004,0.00130653
3,0.0006,0.00185728
4,0.0008,0.00246763
5,0.001,0.00302315
