,Current,Voltage
0,0.0,0.0179029
1,0.0002,0.765674
2,0.0004,1.52575
3,0.0006,2.29109
4,0.0008,3.08015
5,0.001,3.88582
