,Current,Voltage
0,0.0,-1.33992
1,0.0002,-0.873544
2,0.0004,-0.42182
3,0.0006,0.0260592
4,0.0008,0.477059
5,0.001,0.924332
