,Current,Voltage
0,0.0,0.00014782
1,0.0002,0.00303507
2,0.0004,0.00581264
3,0.0006,0.00859022
4,0.0008,0.0114274
5,0.001,0.0141788
