,Current,Voltage
0,0.0,0.000138283
1,0.0002,0.00251055
2,0.0004,0.00480413
3,0.0006,0.00715256
4,0.0008,0.00966549
5,0.001,0.0119972
