,Current,Voltage
0,0.0,0.000300407
1,0.0002,0.00861645
2,0.0004,0.0168753
3,0.0006,0.0250411
4,0.0008,0.0331688
5,0.001,0.0411224
