,Current,Voltage
0,0.0,0.000460148
1,0.0002,0.0139189
2,0.0004,0.0274372
3,0.0006,0.0408864
4,0.0008,0.0544
5,0.001,0.0678134
