,Current,Voltage
0,0.0,-1.27734
1,0.0002,-0.383742
2,0.0004,0.402343
3,0.0006,1.10027
4,0.0008,1.79478
5,0.001,10.0018
