,Current,Voltage
0,0.0,0.000166893
1,0.0002,0.00330925
2,0.0004,0.00646353
3,0.0006,0.00952721
4,0.0008,0.0126362
5,0.001,0.0157428
