,Current,Voltage
0,0.0,9.53674e-05
1,0.0002,-0.000398159
2,0.0004,-0.0009799
3,0.0006,0.00338793
4,0.0008,10.0021
5,0.001,10.002
