,Current,Voltage
0,0.0,0.0103593
1,0.0002,0.0652337
2,0.0004,0.120065
3,0.0006,0.17385
4,0.0008,0.227461
5,0.001,0.280142
