,Current,Voltage
0,0.0,0.00538349
1,0.0002,0.149944
2,0.0004,0.247767
3,0.0006,0.320878
4,0.0008,0.384579
5,0.001,0.442801
