,Current,Voltage
0,0.0,0.00486016
1,8e-10,0.0138223
2,1.6e-09,0.0227745
3,2.4e-09,0.0317211
4,3.2e-09,0.0406735
5,4e-09,0.0496187
