,Current,Voltage
0,0.0,0.000591278
1,0.0002,0.0225306
2,0.0004,0.0445247
3,0.0006,0.0663972
4,0.0008,0.0884032
5,0.001,0.110207
