,Current,Voltage
0,0.0,-1.20206
1,0.0002,-0.75377
2,0.0004,-0.495584
3,0.0006,-0.279498
4,0.0008,-0.0940871
5,0.001,0.0663948
