,Current,Voltage
0,0.0,0.000119209
1,0.0002,0.00372887
2,0.0004,0.00728369
3,0.0006,0.0107765
4,0.0008,0.0143242
5,0.001,0.017879
