,Current,Voltage
0,0.0,0.000145435
1,0.0002,0.00314713
2,0.0004,0.00606775
3,0.0006,0.00896931
4,0.0008,0.0119448
5,0.001,0.0148273
