,Current,Voltage
0,0.0,0.000164509
1,0.0002,0.0034833
2,0.0004,0.00679493
3,0.0006,0.0100446
4,0.0008,0.0132918
5,0.001,0.0165987
