,Current,Voltage
0,0.0,0.000445843
1,0.0002,0.0126815
2,0.0004,0.0249457
3,0.0006,0.0371528
4,0.0008,0.0494504
5,0.001,0.0616217
