,Current,Voltage
0,0.0,0.000340939
1,0.0002,0.00940561
2,0.0004,0.0184536
3,0.0006,0.0274682
4,0.0008,0.0365329
5,0.001,0.0455356
