,Current,Voltage
0,0.0,0.000178814
1,0.0002,0.00298262
2,0.0004,0.00577211
3,0.0006,0.00852823
4,0.0008,0.0113034
5,0.001,0.0140309
