,Current,Voltage
0,0.0,0.000414848
1,0.0002,0.012145
2,0.0004,0.0238919
3,0.0006,0.0355625
4,0.0008,0.0473309
5,0.001,0.0589848
