,Current,Voltage
0,0.0,0.000116825
1,0.0002,0.00146389
2,0.0004,0.00275135
3,0.0006,0.00406504
4,0.0008,0.00531197
5,0.001,0.00658274
