,Current,Voltage
0,0.0,0.000112057
1,0.0002,0.00195026
2,0.0004,0.0037384
3,0.0006,0.00553131
4,0.0008,0.00734091
5,0.001,0.00911713
