,Current,Voltage
0,0.0,0.000646114
1,0.0002,0.0263429
2,0.0004,0.0522041
3,0.0006,0.0778842
4,0.0008,0.103788
5,0.001,0.129478
