,Current,Voltage
0,0.0,0.000123978
1,0.0002,0.00188589
2,0.0004,0.00358582
3,0.0006,0.00532627
4,0.0008,0.00698805
5,0.001,0.00870943
