,Current,Voltage
0,0.0,0.000529289
1,0.0002,0.0194502
2,0.0004,0.0384521
3,0.0006,0.0573039
4,0.0008,0.0763512
5,0.001,0.0951743
