,Current,Voltage
0,0.0,0.0114322
1,0.0002,0.187709
2,0.0004,0.359917
3,0.0006,0.529251
4,0.0008,0.70189
5,0.001,0.877557
