,Current,Voltage
0,0.0,0.000140667
1,0.0002,0.00185728
2,0.0004,0.00356197
3,0.0006,0.0052309
4,0.0008,0.0069356
5,0.001,0.00860691
