,Current,Voltage
0,0.0,0.00054121
1,0.0002,0.0189972
2,0.0004,0.037539
3,0.0006,0.0558996
4,0.0008,0.0740623
5,0.001,0.0917959
