,Current,Voltage
0,0.0,0.00374079
1,0.0002,0.149601
2,0.0004,0.29844
3,0.0006,0.449364
4,0.0008,0.606606
5,0.001,0.769215
