,Current,Voltage
0,0.0,0.0168228
1,0.0002,0.0503325
2,0.0004,0.077157
3,0.0006,0.0984645
4,0.0008,0.116272
5,0.001,0.130858
