,Current,Voltage
0,0.0,-1.49189
1,0.0002,-1.32144
2,0.0004,-1.16183
3,0.0006,-1.0052
4,0.0008,-0.849156
5,0.001,-0.695188
