,Current,Voltage
0,0.0,0.000178814
1,0.0002,0.0034976
2,0.0004,0.00680923
3,0.0006,0.0100398
4,0.0008,0.0133514
5,0.001,0.016582
