,Current,Voltage
0,0.0,-1.14817
1,0.0002,-0.750661
2,0.0004,-0.41389
3,0.0006,-0.141926
4,0.0008,0.0765038
5,0.001,0.272136
