,Current,Voltage
0,0.0,7.62939e-05
1,0.0002,0.000243187
2,0.0004,0.000388622
3,0.0006,0.000491142
4,0.0008,0.00061512
5,0.001,0.000741482
