,Current,Voltage
0,0.0,0.000371933
1,0.0002,0.010643
2,0.0004,0.0209284
3,0.0006,0.0311041
4,0.0008,0.0414252
5,0.001,0.0515532
