,Current,Voltage
0,0.0,0.0374913
1,0.0002,0.0578475
2,0.0004,0.0747299
3,0.0006,0.0883746
4,0.0008,0.0997519
5,0.001,0.109024
