,Current,Voltage
0,0.0,0.00895715
1,8e-10,0.0278544
2,1.6e-09,0.0466304
3,2.4e-09,0.0654683
4,3.2e-09,0.0843186
5,4e-09,0.103153
