,Current,Voltage
0,0.0,0.000281334
1,0.0002,0.00852108
2,0.0004,0.016737
3,0.0006,0.0248551
4,0.0008,0.0330806
5,0.001,0.0412416
