,Current,Voltage
0,0.0,0.000150204
1,0.0002,0.00243187
2,0.0004,0.00468969
3,0.0006,0.00691175
4,0.0008,10.0022
5,0.001,10.0021
