,Current,Voltage
0,0.0,0.000188351
1,0.0002,0.00311852
2,0.0004,0.00600815
3,0.0006,0.00886917
4,0.0008,0.0117493
5,0.001,0.0146103
