,Current,Voltage
0,0.0,0.000226498
1,0.0002,0.00401974
2,0.0004,0.0078392
3,0.0006,0.01158
4,0.0008,0.0153518
5,0.001,0.0191402
