,Current,Voltage
0,0.0,0.000221729
1,0.0002,0.00353813
2,0.0004,0.00683069
3,0.0006,0.0101161
4,0.0008,0.0134182
5,0.001,0.0167131
