,Current,Voltage
0,0.0,0.000972748
1,0.0002,0.0380397
2,0.0004,0.075438
3,0.0006,0.112476
4,0.0008,0.149832
5,0.001,0.186868
