,Current,Voltage
0,0.0,0.000166893
1,0.0002,0.00170946
2,0.0004,0.00318289
3,0.0006,0.00469685
4,0.0008,0.0061202
5,0.001,10.0022
