,Current,Voltage
0,0.0,0.000164509
1,0.0002,0.00226259
2,0.0004,0.0042963
3,0.0006,0.0062871
4,0.0008,0.00837088
5,0.001,0.0103354
