,Current,Voltage
0,0.0,0.000214577
1,0.0002,0.00352859
2,0.0004,0.00685692
3,0.0006,0.010128
4,0.0008,0.0134397
5,0.001,0.0167513
