,Current,Voltage
0,0.0,0.000214577
1,0.0002,0.00484467
2,0.0004,0.00943899
3,0.0006,0.0139952
4,0.0008,0.018611
5,0.001,0.0231695
