,Current,Voltage
0,0.0,0.000195503
1,0.0002,0.00286102
2,0.0004,0.00554323
3,0.0006,0.00816822
4,0.0008,0.0108314
5,0.001,0.0134563
