,Current,Voltage
0,0.0,0.000190735
1,0.0002,0.00406981
2,0.0004,0.00797987
3,0.0006,0.0118279
4,0.0008,0.015707
5,0.001,0.0195909
