,Current,Voltage
0,0.0,0.00023365
1,0.0002,0.00411034
2,0.0004,0.00801086
3,0.0006,0.011847
4,0.0008,0.0157189
5,0.001,0.019598
