,Current,Voltage
0,0.0,0.000216961
1,0.0002,0.00515699
2,0.0004,0.010078
3,0.0006,0.0149155
4,0.0008,0.0198436
5,0.001,0.0247002
