,Current,Voltage
0,0.0,0.000138283
1,0.0002,0.00308514
2,0.0004,0.00600576
3,0.0006,0.00887394
4,0.0008,0.0117564
5,0.001,0.0146246
