,Current,Voltage
0,0.0,0.000166893
1,0.0002,0.00282764
2,0.0004,0.00544548
3,0.0006,0.00798941
4,0.0008,0.010643
5,0.001,0.0131798
