,Current,Voltage
0,0.0,0.000154972
1,0.0002,0.00287533
2,0.0004,0.00558138
3,0.0006,0.0082159
4,0.0008,0.0109124
5,0.001,0.0135326
