,Current,Voltage
0,0.0,0.000507832
1,0.0002,0.0151062
2,0.0004,0.0297618
3,0.0006,0.0443387
4,0.0008,0.0590253
5,0.001,0.0735712
