,Current,Voltage
0,0.0,0.000274181
1,0.0002,0.00752449
2,0.0004,0.0147843
3,0.0006,0.0219989
4,0.0008,0.0292301
5,0.001,0.0364327
