,Current,Voltage
0,0.0,0.000154972
1,0.0002,0.00261068
2,0.0004,0.00507116
3,0.0006,0.00746727
4,0.0008,0.00989676
5,0.001,0.0123119
