,Current,Voltage
0,0.0,0.000433922
1,0.0002,0.0115442
2,0.0004,0.0226378
3,0.0006,0.0336933
4,0.0008,0.0448155
5,0.001,0.0558186
