,Current,Voltage
0,0.0,0.000257492
1,0.0002,0.0104237
2,0.0004,0.0206113
3,0.0006,0.0307202
4,0.0008,0.0409055
5,0.001,0.0509953
