,Current,Voltage
0,0.0,0.000257492
1,0.0002,0.00603437
2,0.0004,0.0118113
3,0.0006,0.0175357
4,0.0008,0.0233579
5,0.001,0.0290537
