,Current,Voltage
0,0.0,0.000135899
1,0.0002,0.00292301
2,0.0004,0.00570536
3,0.0006,0.00843763
4,0.0008,0.0111604
5,0.001,0.0139141
