,Current,Voltage
0,0.0,8.82149e-05
1,0.0002,-0.000822544
2,0.0004,-0.00187397
3,0.0006,-0.00293732
4,0.0008,-0.00395298
5,0.001,-0.00503063
