,Current,Voltage
0,0.0,0.000178814
1,0.0002,0.00289679
2,0.0004,0.00561237
3,0.0006,0.00829935
4,0.0008,0.0109696
5,0.001,0.0136256
