,Current,Voltage
0,0.0,0.000119209
1,0.0002,0.00253439
2,0.0004,0.00493526
3,0.0006,0.00727415
4,0.0008,0.00967264
5,0.001,0.0120091
