,Current,Voltage
0,0.0,0.00745058
1,0.0002,0.321324
2,0.0004,0.641365
3,0.0006,0.96586
4,0.0008,1.30271
5,0.001,1.64912
