,Current,Voltage
0,0.0,0.000116825
1,0.0002,0.00262976
2,0.0004,0.00506639
3,0.0006,0.00746727
4,0.0008,0.00991583
5,0.001,0.0123119
