,Current,Voltage
0,0.0,0.000140667
1,0.0002,0.00190496
2,0.0004,0.00362396
3,0.0006,0.00532866
4,0.0008,0.00703335
5,0.001,0.00873089
