,Current,Voltage
0,0.0,0.000133514
1,0.0002,0.00247002
2,0.0004,0.00472307
3,0.0006,0.00698566
4,0.0008,0.00925541
5,0.001,0.0115132
