,Current,Voltage
0,0.0,0.028038
1,0.0002,1.23025
2,0.0004,10.0019
3,0.0006,10.0017
4,0.0008,10.0016
5,0.001,10.0016
