,Current,Voltage
0,0.0,0.000157356
1,0.0002,0.00251532
2,0.0004,0.00482798
3,0.0006,0.0070858
4,0.0008,0.00942945
5,0.001,0.011704
