,Current,Voltage
0,0.0,0.017457
1,0.0002,0.116501
2,0.0004,0.215368
3,0.0006,0.312603
4,0.0008,0.410049
5,0.001,0.50591
