,Current,Voltage
0,0.0,0.00023365
1,0.0002,0.00609875
2,0.0004,0.01194
3,0.0006,0.0177312
4,0.0008,0.0235462
5,0.001,0.0293398
