,Current,Voltage
0,0.0,0.000238419
1,0.0002,0.0048995
2,0.0004,0.00948191
3,0.0006,0.0140786
4,0.0008,0.0186968
5,0.001,0.0232911
