,Current,Voltage
0,0.0,0.00013113
1,0.0002,0.00160217
2,0.0004,0.003016
3,0.0006,0.00443935
4,0.0008,0.0058198
5,0.001,0.00724554
