,Current,Voltage
0,0.0,0.000243187
1,0.0002,0.00511408
2,0.0004,0.00994682
3,0.0006,0.0147152
4,0.0008,0.0195336
5,0.001,0.0243092
