,Current,Voltage
0,0.0,0.000171661
1,0.0002,0.00280619
2,0.0004,0.00535965
3,0.0006,0.00790596
4,0.0008,0.010519
5,0.001,0.0130725
