,Current,Voltage
0,0.0,0.00017643
1,0.0002,0.00219107
2,0.0004,0.00414133
3,0.0006,0.00609636
4,0.0008,0.00808954
5,0.001,0.010016
