,Current,Voltage
0,0.0,0.000190735
1,0.0002,0.00237465
2,0.0004,0.00450373
3,0.0006,0.00659704
4,0.0008,0.00869989
5,0.001,0.0108051
