,Current,Voltage
0,0.0,0.000174046
1,0.0002,0.00424862
2,0.0004,0.00828266
3,0.0006,0.0122643
4,0.0008,0.0162745
5,0.001,0.0202942
