,Current,Voltage
0,0.0,0.000169277
1,0.0002,0.00197649
2,0.0004,0.00365973
3,0.0006,0.00540495
4,0.0008,0.00713587
5,0.001,0.00886202
