,Current,Voltage
0,0.0,0.000185966
1,0.0002,0.00251532
2,0.0004,0.00482798
3,0.0006,0.00716209
4,0.0008,0.0094533
5,0.001,0.011735
