,Current,Voltage
0,0.0,0.000178814
1,0.0002,0.00243664
2,0.0004,0.0047183
3,0.0006,0.00695944
4,0.0008,0.00921488
5,0.001,0.0114059
