,Current,Voltage
0,0.0,0.000171661
1,0.0002,0.00372171
2,0.0004,0.00719547
3,0.0006,0.0106883
4,0.0008,0.0142121
5,0.001,0.0176859
