,Current,Voltage
0,0.0,0.000140667
1,0.0002,0.0022769
2,0.0004,0.00437498
3,0.0006,0.00643969
4,0.0008,0.0085187
5,0.001,0.0105762
