,Current,Voltage
0,0.0,0.000185966
1,0.0002,0.00279427
2,0.0004,0.00540972
3,0.0006,0.00793457
4,0.0008,0.0104976
5,0.001,0.0130463
