,Current,Voltage
0,0.0,0.000164509
1,0.0002,0.00318766
2,0.0004,0.00620842
3,0.0006,0.00922203
4,0.0008,0.0121641
5,0.001,0.015161
