,Current,Voltage
0,0.0,0.000729561
1,0.0002,0.00394583
2,0.0004,0.971689
3,0.0006,3.17167
4,0.0008,5.24197
5,0.001,7.02178
