,Current,Voltage
0,0.0,0.00014782
1,0.0002,0.00239849
2,0.0004,0.00454903
3,0.0006,0.00672102
4,0.0008,0.00890017
5,0.001,0.0110912
