,Current,Voltage
0,0.0,0.000154972
1,0.0002,0.00225544
2,0.0004,0.00430107
3,0.0006,0.00634193
4,0.0008,0.00844002
5,0.001,0.0104618
