,Current,Voltage
0,0.0,0.000169277
1,0.0002,0.00245333
2,0.0004,0.00474215
3,0.0006,0.00700712
4,0.0008,0.00926018
5,0.001,0.0115442
