,Current,Voltage
0,0.0,0.000154972
1,0.0002,0.00216246
2,0.0004,0.00412703
3,0.0006,0.00603676
4,0.0008,0.00803947
5,0.001,0.00992298
