,Current,Voltage
0,0.0,0.000174046
1,0.0002,0.00196695
2,0.0004,0.00382185
3,0.0006,0.00554562
4,0.0008,0.00735521
5,0.001,0.00912905
