,Current,Voltage
0,0.0,0.000610352
1,0.0002,0.147648
2,0.0004,3.38223
3,0.0006,5.79927
4,0.0008,7.30191
5,0.001,9.0446
