,Current,Voltage
0,0.0,0.000150204
1,0.0002,0.00252724
2,0.0004,0.00487566
3,0.0006,0.00719786
4,0.0008,0.00953436
5,0.001,0.0118256
