,Current,Voltage
0,0.0,0.000188351
1,0.0002,0.00251293
2,0.0004,0.00473499
3,0.0006,0.00697613
4,0.0008,0.00925064
5,0.001,0.011487
