,Current,Voltage
0,0.0,0.000138283
1,0.0002,0.00228405
2,0.0004,0.00439882
3,0.0006,0.00647545
4,0.0008,0.00854254
5,0.001,0.0106215
