,Current,Voltage
0,0.0,0.00017643
1,0.0002,0.00230789
2,0.0004,0.00437737
3,0.0006,0.0064373
4,0.0008,0.00849962
5,0.001,0.0105333
