,Current,Voltage
0,0.0,0.000152588
1,0.0002,0.0027442
2,0.0004,0.0053215
3,0.0006,0.0078702
4,0.0008,0.0104403
5,0.001,0.0129652
