,Current,Voltage
0,0.0,0.000178814
1,0.0002,0.00216484
2,0.0004,0.00413418
3,0.0006,0.00611305
4,0.0008,0.00808716
5,0.001,0.010004
