,Current,Voltage
0,0.0,0.000171661
1,0.0002,0.00340939
2,0.0004,0.00659943
3,0.0006,0.00974417
4,0.0008,0.0129104
5,0.001,0.0160885
