,Current,Voltage
0,0.0,0.000228882
1,0.0002,0.00429869
2,0.0004,0.00836134
3,0.0006,0.0123739
4,0.0008,0.0163984
5,0.001,0.0204468
