,Current,Voltage
0,0.0,0.000185966
1,0.0002,0.0045681
2,0.0004,0.0089097
3,0.0006,0.0131583
4,0.0008,0.0174952
5,0.001,0.0217867
