,Current,Voltage
0,0.0,0.000302792
1,0.0002,0.00888586
2,0.0004,0.0169969
3,0.0006,0.0243545
4,0.0008,0.0314403
5,0.001,0.0396943
