,Current,Voltage
0,0.0,0.00020504
1,0.0002,0.00270605
2,0.0004,0.0051856
3,0.0006,0.00769854
4,0.0008,0.010128
5,0.001,0.0125885
