,Current,Voltage
0,0.0,0.000143051
1,0.0002,0.00221014
2,0.0004,0.00424385
3,0.0006,0.00624418
4,0.0008,0.00825644
5,0.001,0.0102711
