,Current,Voltage
0,0.0,0.000600815
1,0.0002,1.06147
2,0.0004,4.76254
3,0.0006,8.58799
4,0.0008,10.002
5,0.001,10.002
