,Current,Voltage
0,0.0,0.000164509
1,0.0002,0.00222206
2,0.0004,0.00426531
3,0.0006,0.00626326
4,0.0008,0.00829458
5,0.001,0.0102854
