,Current,Voltage
0,0.0,0.000178814
1,0.0002,0.0022912
2,0.0004,0.00437021
3,0.0006,0.00645876
4,0.0008,0.00850201
5,0.001,0.0105834
