,Current,Voltage
0,0.0,0.000200272
1,0.0002,0.00296831
2,0.0004,0.00563622
3,0.0006,0.00834465
4,0.0008,0.0110531
5,0.001,0.0137496
