,Current,Voltage
0,0.0,0.000178814
1,0.0002,0.00288486
2,0.0004,0.00551224
3,0.0006,0.00817299
4,0.0008,0.0108075
5,0.001,0.0134349
