,Current,Voltage
0,0.0,0.000388622
1,0.0002,0.0150633
2,0.0004,0.0298071
3,0.0006,0.0444293
4,0.0008,0.059154
5,0.001,0.0737453
