,Current,Voltage
0,0.0,0.000195503
1,0.0002,0.00279903
2,0.0004,0.00540257
3,0.0006,0.00792503
4,0.0008,0.0104976
5,0.001,0.0130486
