,Current,Voltage
0,0.0,0.000166893
1,0.0002,0.00237703
2,0.0004,0.00450373
3,0.0006,0.00666857
4,0.0008,0.00878096
5,0.001,0.01091
