,Current,Voltage
0,0.0,0.000154972
1,0.0002,0.00253439
2,0.0004,0.00487566
3,0.0006,0.00718355
4,0.0008,0.00953197
5,0.001,0.0118041
