,Current,Voltage
0,0.0,0.000722408
1,0.0002,0.0271773
2,0.0004,0.4229
3,0.0006,1.39436
4,0.0008,3.54562
5,0.001,5.00153
