,Current,Voltage
0,0.0,0.000240803
1,0.0002,0.00538349
2,0.0004,0.0104952
3,0.0006,0.0155854
4,0.0008,0.020678
5,0.001,0.0257635
