,Current,Voltage
0,0.0,0.000193119
1,0.0002,0.00228882
2,0.0004,0.00439644
3,0.0006,0.00650406
4,0.0008,0.00855207
5,0.001,0.0106239
