,Current,Voltage
0,0.0,0.00919032
1,8e-10,0.0210848
2,1.6e-09,0.0330067
3,2.4e-09,0.0449395
4,3.2e-09,0.0568571
5,4e-09,0.0687749
