,Current,Voltage
0,0.0,0.0088172
1,8e-10,0.0246978
2,1.6e-09,0.040565
3,2.4e-09,0.056452
4,3.2e-09,0.0723133
5,4e-09,0.0881681
