,Current,Voltage
0,0.0,0.00585699
1,8e-10,0.359344
2,1.6e-09,0.58233
3,2.4e-09,0.780546
4,3.2e-09,0.972801
5,4e-09,1.16562
