{
  "mapping_offsets": [
    0.0,
    1.0,
    2.0,
    3.0,
    4.0,
    5.0,
    6.0
  ],
  "flir_offsets": [
    0,
    15,
    30
  ],
  "spin_speed": {
    "min": 100.0,
    "max": 3800.0,
    "value": {
      "0": 1000,
      "1": 1000,
      "2": 1000,
      "3": 1000,
      "4": 1000,
      "5": 1000
    },
    "units": "RPM",
    "optimize_with_chem_os": false
  },
  "spin_time": {
    "min": 10.0,
    "max": 120.0,
    "value": {
      "0": 60,
      "1": 60,
      "2": 60,
      "3": 60,
      "4": 60,
      "5": 60
    },
    "units": "s",
    "optimize_with_chem_os": false
  },
  "dispense_volume": {
    "min": 0.001,
    "max": 1.0,
    "value": 0.1,
    "units": "mL",
    "optimize_with_chem_os": false
  },
  "campaign_dispensed_amounts": {
    "spiro": {
      "chemical_name": "Spiro",
      "varied": false,
      "value": 0.07840000000000025,
      "units": "mg",
      "metadata": {
        "molar_weight_ mg": 1225.43,
        "concentration_mg_ml": 50,
        "requested_param": null,
        "requested_vol": 0.1001117351578629
      }
    },
    "cobalt": {
      "chemical_name": "FK102",
      "varied": true,
      "value": 0.08429999999999982,
      "units": "mg",
      "metadata": {
        "molar_weight_ mg": 1334.86,
        "concentration_mg_ml": 50,
        "requested_param": null,
        "requested_vol": 0.10822159817547045
      }
    },
    "tbp": {
      "chemical_name": "tBP",
      "varied": false,
      "value": 0.029999999999999805,
      "units": "mg",
      "metadata": {
        "molar_weight_ mg": 135.21,
        "concentration_mg_ml": 50,
        "requested_param": null,
        "requested_vol": 0.04166666666666667
      }
    },
    "annealing": {
      "varied": true,
      "value": 227.31124877929688,
      "units": "s",
      "metadata": {}
    }
  },
  "properties": {
    "measurement_0": 1.3671374291486565e-07,
    "measurement_1": 1.4526828474066017e-07,
    "measurement_2": 1.4161288455720137e-07,
    "measurement_3": 1.377684984920438e-07,
    "measurement_4": 1.3667685310338987e-07,
    "measurement_5": 1.3727928505336072e-07,
    "measurement_6": 1.3851348341236277e-07,
    "measurement_mean": 1.391190046105549e-07
  },
  "active_parameters_pickle_file": {
    "filename": "not yet defined"
  },
  "processes": {
    "x0": 0.9787643522698307,
    "x1": 0.007407973054796457
  },
  "chemOS": {
    "requested_params": {
      "x0": 0.9923885464668274,
      "x1": 0.9471302032470703
    },
    "output_for_previous": {
      "campaign_name": "pseudomobility",
      "session_id": "9d97a479-d129-410e-a3ee-9c638411253c",
      "experiment_id": "df806edc-8158-4f58-af2f-9a1e86eae193",
      "execution_id": "6d85706a",
      "robot_id": "7fed69c8",
      "processes": {
        "x0": 0.9787643522698307,
        "x1": 0.007407973054796457
      },
      "properties": {
        "measurement_0": 1.3671374291486565e-07,
        "measurement_1": 1.4526828474066017e-07,
        "measurement_2": 1.4161288455720137e-07,
        "measurement_3": 1.377684984920438e-07,
        "measurement_4": 1.3667685310338987e-07,
        "measurement_5": 1.3727928505336072e-07,
        "measurement_6": 1.3851348341236277e-07,
        "measurement_mean": 1.391190046105549e-07
      }
    }
  },
  "operator_name": "Ray",
  "operator_comment": "chemos optimization Co anneal mean Ps"
}