,Current,Voltage
0,0.0,0.00481105
1,8e-10,0.0136278
2,1.6e-09,0.0224578
3,2.4e-09,0.0312955
4,3.2e-09,0.0401306
5,4e-09,0.0489633
