,Current,Voltage
0,0.0,0.00013113
1,0.0002,0.00150919
2,0.0004,0.00282288
3,0.0006,0.0041151
4,0.0008,0.00545263
5,0.001,0.00678301
