,Current,Voltage
0,0.0,0.000157356
1,0.0002,0.0043869
2,0.0004,0.00859976
3,0.0006,0.0127506
4,0.0008,0.0169253
5,0.001,0.0210762
