,Current,Voltage
0,0.0,0.000121593
1,0.0002,0.00178576
2,0.0004,0.00340223
3,0.0006,0.00500441
4,0.0008,0.00662327
5,0.001,0.00825405
