,Current,Voltage
0,0.0,7.62939e-05
1,0.0002,0.000858307
2,0.0004,0.00161171
3,0.0006,0.00231504
4,0.0008,0.00304699
5,0.001,0.00379801
