,Current,Voltage
0,0.0,7.86781e-05
1,0.0002,0.00119686
2,0.0004,0.00227928
3,0.0006,0.00332832
4,0.0008,0.00439405
5,0.001,0.00546455
