,Current,Voltage
0,0.0,0.000107288
1,0.0002,0.0012517
2,0.0004,0.00234365
3,0.0006,0.0033927
4,0.0008,0.00449419
5,0.001,0.00555992
