,Current,Voltage
0,0.0,5.24521e-05
1,0.0002,0.00123262
2,0.0004,0.00230312
3,0.0006,0.003407
4,0.0008,0.00452995
5,0.001,0.00561237
