,Current,Voltage
0,0.0,7.86781e-05
1,0.0002,0.00106812
2,0.0004,0.00198841
3,0.0006,0.00291348
4,0.0008,0.00381947
5,0.001,0.00475407
