,Current,Voltage
0,0.0,8.10623e-05
1,0.0002,0.00117064
2,0.0004,0.00218391
3,0.0006,0.00320911
4,0.0008,0.00423431
5,0.001,0.00527859
