,Current,Voltage
0,0.0,6.67572e-05
1,0.0002,0.00130653
2,0.0004,0.00251293
3,0.0006,0.00367165
4,0.0008,0.00490427
5,0.001,0.00608206
