,Current,Voltage
0,0.0,9.77516e-05
1,0.0002,0.00108957
2,0.0004,0.00205278
3,0.0006,0.00297308
4,0.0008,0.00392914
5,0.001,0.0048399
