,Current,Voltage
0,0.0,0.000100136
1,0.0002,0.00119209
2,0.0004,0.00222921
3,0.0006,0.00324726
4,0.0008,0.00425816
5,0.001,0.00526667
