,Current,Voltage
0,0.0,0.000123978
1,0.0002,0.00107527
2,0.0004,0.00200272
3,0.0006,0.0029254
4,0.0008,0.00386953
5,0.001,0.00477552
