,Current,Voltage
0,0.0,0.000154972
1,0.0002,0.00123739
2,0.0004,0.00235081
3,0.0006,0.00341177
4,0.0008,0.00451803
5,0.001,0.00557661
