,Current,Voltage
0,0.0,0.000112057
1,0.0002,0.00104666
2,0.0004,0.0019455
3,0.0006,0.00282288
4,0.0008,0.00370979
5,0.001,0.00460148
