,Current,Voltage
0,0.0,0.000121593
1,0.0002,0.00124216
2,0.0004,0.00237226
3,0.0006,0.00342131
4,0.0008,0.00451326
5,0.001,0.00559092
