,Current,Voltage
0,0.0,0.000123978
1,0.0002,0.00138044
2,0.0004,0.00262022
3,0.0006,0.00385284
4,0.0008,0.00507116
5,0.001,0.00629902
