,Current,Voltage
0,0.0,0.000216961
1,0.0002,0.00574827
2,0.0004,0.0112176
3,0.0006,0.0167012
4,0.0008,0.0221777
5,0.001,0.0276136
