,Current,Voltage
0,0.0,5.48363e-05
1,0.0002,0.000414848
2,0.0004,0.00068903
3,0.0006,0.000977516
4,0.0008,0.00130177
5,0.001,0.00154495
