,Current,Voltage
0,0.0,0.000104904
1,0.0002,0.00129223
2,0.0004,0.00247717
3,0.0006,0.00362873
4,0.0008,0.00479937
5,0.001,0.00597239
