,Current,Voltage
0,0.0,9.29832e-05
1,0.0002,0.00103712
2,0.0004,0.00186205
3,0.0006,0.00270128
4,0.0008,0.00357628
5,0.001,0.00439882
