,Current,Voltage
0,0.0,9.77516e-05
1,0.0002,0.000476837
2,0.0004,0.000841618
3,0.0006,0.00116825
4,0.0008,0.00151634
5,0.001,0.0018692
