,Current,Voltage
0,0.0,6.91414e-05
1,0.0002,0.00169992
2,0.0004,0.00329018
3,0.0006,0.00488281
4,0.0008,0.00648022
5,0.001,0.00804901
