,Current,Voltage
0,0.0,8.82149e-05
1,0.0002,0.00112295
2,0.0004,0.00212669
3,0.0006,0.00311136
4,0.0008,0.00411749
5,0.001,0.00511646
