,Current,Voltage
0,0.0,0.000135899
1,0.0002,0.00142336
2,0.0004,0.00260592
3,0.0006,0.00383377
4,0.0008,0.00510454
5,0.001,0.00625849
