,Current,Voltage
0,0.0,5.96046e-05
1,0.0002,0.00129461
2,0.0004,0.00247717
3,0.0006,0.00366449
4,0.0008,0.00485659
5,0.001,0.00602484
