,Current,Voltage
0,0.0,0.000114441
1,0.0002,0.00183105
2,0.0004,0.00349522
3,0.0006,0.00517607
4,0.0008,0.00687838
5,0.001,0.008564
