,Current,Voltage
0,0.0,0.000152588
1,0.0002,0.00221968
2,0.0004,0.00422955
3,0.0006,0.00626087
4,0.0008,0.0083065
5,0.001,0.0102949
