,Current,Voltage
0,0.0,7.39098e-05
1,0.0002,0.000889301
2,0.0004,0.00158072
3,0.0006,0.68975
4,0.0008,2.99476
5,0.001,5.33996
