,Current,Voltage
0,0.0,0.000138283
1,0.0002,0.00169277
2,0.0004,0.0032115
3,0.0006,0.00473022
4,0.0008,0.0062561
5,0.001,0.00777483
