,Current,Voltage
0,0.0,7.86781e-05
1,0.0002,0.0014472
2,0.0004,0.00279188
3,0.0006,0.00409365
4,0.0008,0.00538349
5,0.001,0.00665665
