,Current,Voltage
0,0.0,8.58307e-05
1,0.0002,0.00190735
2,0.0004,0.00368834
3,0.0006,0.0054884
4,0.0008,0.00730038
5,0.001,0.00904322
