,Current,Voltage
0,0.0,0.000126362
1,0.0002,0.0030899
2,0.0004,0.00602007
3,0.0006,0.00888109
4,0.0008,0.0118041
5,0.001,0.0146604
