,Current,Voltage
0,0.0,9.29832e-05
1,0.0002,0.00129461
2,0.0004,0.00240564
3,0.0006,0.00352144
4,0.0008,0.00464201
5,0.001,0.00572443
