,Current,Voltage
0,0.0,0.000162125
1,0.0002,0.00149727
2,0.0004,0.00279903
3,0.0006,0.00409126
4,0.0008,0.0053978
5,0.001,0.0067091
