,Current,Voltage
0,0.0,8.82149e-05
1,0.0002,0.00157595
2,0.0004,0.00303507
3,0.0006,0.00442982
4,0.0008,0.00583887
5,0.001,0.00725269
