,Current,Voltage
0,0.0,8.34465e-05
1,0.0002,0.00129461
2,0.0004,0.00248432
3,0.0006,0.00366926
4,0.0008,0.0048089
5,0.001,0.00598431
