,Current,Voltage
0,0.0,9.77516e-05
1,0.0002,0.00169754
2,0.0004,0.00321627
3,0.0006,0.00478506
4,0.0008,0.00632048
5,0.001,0.00784397
