,Current,Voltage
0,0.0,9.29832e-05
1,0.0002,0.00124693
2,0.0004,0.00231743
3,0.0006,0.00341415
4,0.0008,0.00448465
5,0.001,0.00557661
