,Current,Voltage
0,0.0,9.77516e-05
1,0.0002,0.00164747
2,0.0004,0.00314236
3,0.0006,0.00457525
4,0.0008,0.00606537
5,0.001,0.00756979
