,Current,Voltage
0,0.0,6.91414e-05
1,0.0002,0.00128031
2,0.0004,0.0023675
3,0.0006,0.00347137
4,0.0008,0.00459671
5,0.001,0.00566721
