,Current,Voltage
0,0.0,0.000114441
1,0.0002,0.00136375
2,0.0004,0.00258207
3,0.0006,0.00372648
4,0.0008,0.00491142
5,0.001,0.00608683
