,Current,Voltage
0,0.0,6.67572e-05
1,0.0002,0.000998974
2,0.0004,0.00192404
3,0.0006,0.00278473
4,0.0008,0.00365257
5,0.001,0.00452757
