,Current,Voltage
0,0.0,0.000100136
1,0.0002,0.00111818
2,0.0004,0.00203371
3,0.0006,0.00297546
4,0.0008,0.00389338
5,0.001,0.00485659
