,Current,Voltage
0,0.0,0.000107288
1,0.0002,0.00115633
2,0.0004,0.00208616
3,0.0006,0.00303268
4,0.0008,0.0039959
5,0.001,0.00499964
