,Current,Voltage
0,0.0,6.67572e-05
1,0.0002,0.00121593
2,0.0004,0.00227213
3,0.0006,0.00337839
4,0.0008,0.00438213
5,0.001,0.0054574
