,Current,Voltage
0,0.0,0.000104904
1,0.0002,0.000517368
2,0.0004,0.000536442
3,0.0006,0.000662804
4,0.0008,0.000851154
5,0.001,0.00101328
