,Current,Voltage
0,0.0,-1.27872
1,0.0002,0.435138
2,0.0004,1.78657
3,0.0006,2.93
4,0.0008,3.54512
5,0.001,3.86111
