,Current,Voltage
0,0.0,0.000162125
1,0.0002,0.00168324
2,0.0004,0.00313282
3,0.0006,0.00453711
4,0.0008,0.0059557
5,0.001,0.00740528
