,Current,Voltage
0,0.0,0.00765181
1,8e-10,0.0220764
2,1.6e-09,0.0361853
3,2.4e-09,0.0503209
4,3.2e-09,0.0644734
5,4e-09,0.0786397
