,Current,Voltage
0,0.0,0.000135899
1,0.0002,0.00238895
2,0.0004,0.00458241
3,0.0006,0.00676155
4,0.0008,0.0089407
5,0.001,0.0110865
