,Current,Voltage
0,0.0,0.000145435
1,0.0002,0.00204563
2,0.0004,0.00392437
3,0.0006,0.0058341
4,0.0008,0.00769377
5,0.001,0.00955582
