,Current,Voltage
0,0.0,0.000100136
1,0.0002,0.00144243
2,0.0004,0.00272274
3,0.0006,0.00399828
4,0.0008,0.00526428
5,0.001,0.00650883
