,Current,Voltage
0,0.0,0.000133514
1,0.0002,0.00174999
2,0.0004,0.00331879
3,0.0006,0.0048995
4,0.0008,0.0064683
5,0.001,0.00804663
