,Current,Voltage
0,0.0,0.00013113
1,0.0002,0.00216246
2,0.0004,0.00420094
3,0.0006,0.00620365
4,0.0008,0.00823021
5,0.001,0.0101876
