,Current,Voltage
0,0.0,0.000150204
1,0.0002,0.00239372
2,0.0004,0.00462055
3,0.0006,0.0067544
4,0.0008,0.00898123
5,0.001,0.0111365
