,Current,Voltage
0,0.0,0.00015974
1,0.0002,0.00183821
2,0.0004,0.00348806
3,0.0006,0.00509739
4,0.0008,0.00670433
5,0.001,0.00831127
