,Current,Voltage
0,0.0,8.82149e-05
1,0.0002,0.00156164
2,0.0004,0.00300407
3,0.0006,0.00442028
4,0.0008,0.00584602
5,0.001,0.00725031
