,Current,Voltage
0,0.0,0.000145435
1,0.0002,0.00145197
2,0.0004,0.00275612
3,0.0006,0.00405073
4,0.0008,0.00533581
5,0.001,0.00660658
