,Current,Voltage
0,0.0,0.00015974
1,0.0002,0.00217438
2,0.0004,0.00411749
3,0.0006,0.00606775
4,0.0008,0.00805378
5,0.001,0.00993252
