,Current,Voltage
0,0.0,0.000183582
1,0.0002,0.00213385
2,0.0004,0.00405312
3,0.0006,0.00596046
4,0.0008,0.00785351
5,0.001,0.00972748
