,Current,Voltage
0,0.0,0.000181198
1,0.0002,0.00208139
2,0.0004,0.00397921
3,0.0006,0.0058651
4,0.0008,0.0077486
5,0.001,0.00958443
