,Current,Voltage
0,0.0,0.000188351
1,0.0002,0.00287294
2,0.0004,0.00555038
3,0.0006,0.00814199
4,0.0008,0.0108099
5,0.001,0.0134087
