,Current,Voltage
0,0.0,0.00013113
1,0.0002,0.00207663
2,0.0004,0.00399828
3,0.0006,0.00582933
4,0.0008,0.00772476
5,0.001,0.00961781
