,Current,Voltage
0,0.0,0.000143051
1,0.0002,0.0017333
2,0.0004,0.0032115
3,0.0006,0.00473976
4,0.0008,0.00624418
5,0.001,0.00771046
