,Current,Voltage
0,0.0,0.000126362
1,0.0002,0.00221252
2,0.0004,0.00426531
3,0.0006,0.0062871
4,0.0008,0.00832319
5,0.001,0.010314
