,Current,Voltage
0,0.0,0.00013113
1,0.0002,0.00162125
2,0.0004,0.00309706
3,0.0006,0.00451088
4,0.0008,0.00595093
5,0.001,0.00740051
