,Current,Voltage
0,0.0,0.000164509
1,0.0002,0.00151396
2,0.0004,0.00285387
3,0.0006,0.0041604
4,0.0008,0.00553608
5,0.001,0.00682354
