,Current,Voltage
0,0.0,0.000185966
1,0.0002,0.00170469
2,0.0004,0.00317335
3,0.0006,0.0046587
4,0.0008,0.00615597
5,0.001,0.00764847
