,Current,Voltage
0,0.0,0.000114441
1,0.0002,0.001297
2,0.0004,0.00244141
3,0.0006,0.00357628
4,0.0008,0.0047493
5,0.001,0.00589132
