,Current,Voltage
0,0.0,0.000169277
1,0.0002,0.00190258
2,0.0004,0.00361204
3,0.0006,0.00531673
4,0.0008,0.00704527
5,0.001,0.00872135
