,Current,Voltage
0,0.0,0.000107288
1,0.0002,0.00211954
2,0.0004,0.00404596
3,0.0006,0.00597
4,0.0008,0.00790358
5,0.001,0.00978947
