,Current,Voltage
0,0.0,0.000150204
1,0.0002,0.00146151
2,0.0004,0.00271797
3,0.0006,0.0040102
4,0.0008,0.00525713
5,0.001,0.0064826
