,Current,Voltage
0,0.0,0.000116825
1,0.0002,0.00129461
2,0.0004,0.00244379
3,0.0006,0.00361204
4,0.0008,0.0047493
5,0.001,0.00586748
