,Current,Voltage
0,0.0,0.000152588
1,0.0002,0.00163794
2,0.0004,0.00303507
3,0.0006,0.00444651
4,0.0008,0.00588894
5,0.001,0.007267
