,Current,Voltage
0,0.0,0.00014782
1,0.0002,0.00166416
2,0.0004,0.00316143
3,0.0006,0.00462055
4,0.0008,0.00611067
5,0.001,0.00755548
