,Current,Voltage
0,0.0,0.000183582
1,0.0002,0.00241041
2,0.0004,0.00459433
3,0.0006,0.00674009
4,0.0008,0.00890493
5,0.001,0.0110865
