,Current,Voltage
0,0.0,0.000119209
1,0.0002,0.00138998
2,0.0004,0.00259638
3,0.0006,0.00380754
4,0.0008,0.00497103
5,0.001,0.00618219
