,Current,Voltage
0,0.0,0.000128746
1,0.0002,0.00194073
2,0.0004,0.00365973
3,0.0006,0.00537872
4,0.0008,0.00711203
5,0.001,0.00886679
