,Current,Voltage
0,0.0,0.000116825
1,0.0002,0.0023818
2,0.0004,0.00457287
3,0.0006,0.00678778
4,0.0008,0.00898123
5,0.001,0.0111699
