,Current,Voltage
0,0.0,0.000126362
1,0.0002,0.00175714
2,0.0004,0.00327826
3,0.0006,0.00483513
4,0.0008,0.00638485
5,0.001,0.00793457
