,Current,Voltage
0,0.0,0.000116825
1,0.0002,0.00154495
2,0.0004,0.00287294
3,0.0006,0.00421524
4,0.0008,0.00552416
5,0.001,0.00685692
