,Current,Voltage
0,0.0,0.000143051
1,0.0002,0.00192165
2,0.0004,0.0036788
3,0.0006,0.00539064
4,0.0008,0.00715017
5,0.001,0.00882864
