,Current,Voltage
0,0.0,0.000114441
1,0.0002,0.00144005
2,0.0004,0.00270844
3,0.0006,0.0039959
4,0.0008,0.00527143
5,0.001,0.00656843
