,Current,Voltage
0,0.0,0.000140667
1,0.0002,0.0024581
2,0.0004,0.00473499
3,0.0006,0.00697136
4,0.0008,0.00921726
5,0.001,0.0114632
