,Current,Voltage
0,0.0,0.000121593
1,0.0002,0.00122786
2,0.0004,0.00225067
3,0.0006,0.00327587
4,0.0008,0.00430822
5,0.001,0.00535488
