,Current,Voltage
0,0.0,0.00014782
1,0.0002,0.00241041
2,0.0004,0.0046134
3,0.0006,0.00684738
4,0.0008,0.00904799
5,0.001,0.0112748
