,Current,Voltage
0,0.0,0.000157356
1,0.0002,0.00194311
2,0.0004,0.0036335
3,0.0006,0.0053525
4,0.0008,0.0070715
5,0.001,0.00876904
