,Current,Voltage
0,0.0,0.00015974
1,0.0002,0.00239372
2,0.0004,0.00454426
3,0.0006,0.00670433
4,0.0008,0.0088644
5,0.001,0.0110173
