,Current,Voltage
0,0.0,0.000154972
1,0.0002,0.00152349
2,0.0004,0.0028491
3,0.0006,0.00416517
4,0.0008,0.00551224
5,0.001,0.0068593
