,Current,Voltage
0,0.0,0.000164509
1,0.0002,0.00228167
2,0.0004,0.00442028
3,0.0006,0.00648022
4,0.0008,0.00853539
5,0.001,0.0106215
