,Current,Voltage
0,0.0,0.000150204
1,0.0002,0.00211954
2,0.0004,0.00405312
3,0.0006,0.00599146
4,0.0008,0.00792503
5,0.001,0.00977039
