,Current,Voltage
0,0.0,0.000133514
1,0.0002,0.00164032
2,0.0004,0.00310898
3,0.0006,0.00449181
4,0.0008,0.00593901
5,0.001,0.00738621
