,Current,Voltage
0,0.0,0.000138283
1,0.0002,0.00148773
2,0.0004,0.00286579
3,0.0006,0.00419378
4,0.0008,0.00553608
5,0.001,0.00687838
