,Current,Voltage
0,0.0,0.000126362
1,0.0002,0.00145435
2,0.0004,0.00272036
3,0.0006,0.00397682
4,0.0008,0.00522852
5,0.001,0.00646114
