,Current,Voltage
0,0.0,0.000116825
1,0.0002,0.00147343
2,0.0004,0.00277042
3,0.0006,0.00407696
4,0.0008,0.00538826
5,0.001,0.00667334
