,Current,Voltage
0,0.0,0.000119209
1,0.0002,0.0019598
2,0.0004,0.00376225
3,0.0006,0.00560284
4,0.0008,0.00738382
5,0.001,0.00916481
