,Current,Voltage
0,0.0,0.000104904
1,0.0002,0.00173569
2,0.0004,0.00327587
3,0.0006,0.00480175
4,0.0008,0.00633955
5,0.001,0.0078702
