,Current,Voltage
0,0.0,0.000112057
1,0.0002,0.00135183
2,0.0004,0.00261068
3,0.0006,0.00380278
4,0.0008,0.00502348
5,0.001,0.00622034
