,Current,Voltage
0,0.0,0.000164509
1,0.0002,0.0018692
2,0.0004,0.0034976
3,0.0006,0.00512362
4,0.0008,0.00677586
5,0.001,0.0083828
