,Current,Voltage
0,0.0,0.000119209
1,0.0002,0.00224113
2,0.0004,0.00431061
3,0.0006,0.00636339
4,0.0008,0.0084281
5,0.001,0.0105119
