,Current,Voltage
0,0.0,0.000126362
1,0.0002,0.00232458
2,0.0004,0.00450134
3,0.0006,0.00661373
4,0.0008,0.00876904
5,0.001,0.0109148
