,Current,Voltage
0,0.0,0.000190735
1,0.0002,0.0037837
2,0.0004,0.00735283
3,0.0006,0.0109029
4,0.0008,0.0144625
5,0.001,0.018003
