,Current,Voltage
0,0.0,0.000202656
1,0.0002,0.00470877
2,0.0004,0.00915766
3,0.0006,0.0135922
4,0.0008,0.0180006
5,0.001,0.0224161
