,Current,Voltage
0,0.0,0.000140667
1,0.0002,0.00255823
2,0.0004,0.0049305
3,0.0006,0.00725746
4,0.0008,0.00967264
5,0.001,0.0119781
