,Current,Voltage
0,0.0,0.000183582
1,0.0002,0.0043273
2,0.0004,0.00838757
3,0.0006,0.0124335
4,0.0008,0.0165129
5,0.001,0.0205684
