,Current,Voltage
0,0.0,0.000171661
1,0.0002,0.00287533
2,0.0004,0.0056076
3,0.0006,0.00829697
4,0.0008,0.0109625
5,0.001,0.0136018
