,Current,Voltage
0,0.0,0.00015974
1,0.0002,0.00234842
2,0.0004,0.00451088
3,0.0006,0.0066185
4,0.0008,0.00873327
5,0.001,0.0108457
