,Current,Voltage
0,0.0,0.00014782
1,0.0002,0.00359297
2,0.0004,0.00702381
3,0.0006,0.0103664
4,0.0008,0.0137973
5,0.001,0.0171781
