,Current,Voltage
0,0.0,0.00025034
1,0.0002,0.00659704
2,0.0004,0.0129437
3,0.0006,0.0191951
4,0.0008,0.0255084
5,0.001,0.031774
