,Current,Voltage
0,0.0,0.000162125
1,0.0002,0.00337601
2,0.0004,0.00652075
3,0.0006,0.00966311
4,0.0008,0.012877
5,0.001,0.0159502
