,Current,Voltage
0,0.0,0.000185966
1,0.0002,0.00341177
2,0.0004,0.00665426
3,0.0006,0.00980139
4,0.0008,0.0130057
5,0.001,0.0161719
