,Current,Voltage
0,0.0,0.000138283
1,0.0002,0.00294209
2,0.0004,0.00565052
3,0.0006,0.00838041
4,0.0008,0.0111008
5,0.001,0.0137806
