,Current,Voltage
0,0.0,0.000157356
1,0.0002,0.00421762
2,0.0004,0.00824928
3,0.0006,0.0122643
4,0.0008,0.0162983
5,0.001,0.020237
