,Current,Voltage
0,0.0,0.000202656
1,0.0002,0.00511408
2,0.0004,0.0100136
3,0.0006,0.0148368
4,0.0008,0.0197506
5,0.001,0.0245833
