,Current,Voltage
0,0.0,0.000152588
1,0.0002,0.00323534
2,0.0004,0.00627756
3,0.0006,0.00932455
4,0.0008,0.0123405
5,0.001,0.0154018
