,Current,Voltage
0,0.0,0.000212193
1,0.0002,0.00451565
2,0.0004,0.00885248
3,0.0006,0.0131416
4,0.0008,0.0174379
5,0.001,0.021708
