,Current,Voltage
0,0.0,0.000171661
1,0.0002,0.00185013
2,0.0004,0.00352383
3,0.0006,0.00513315
4,0.0008,0.00675917
5,0.001,0.00844717
