,Current,Voltage
0,0.0,0.000166893
1,0.0002,0.00305653
2,0.0004,0.00594854
3,0.0006,0.00879765
4,0.0008,0.0116467
5,0.001,0.0144744
