,Current,Voltage
0,0.0,0.000181198
1,0.0002,0.00496149
2,0.0004,0.00973225
3,0.0006,0.0143886
4,0.0008,0.0191331
5,0.001,0.0238538
