,Current,Voltage
0,0.0,0.000226498
1,0.0002,0.00449419
2,0.0004,0.00880003
3,0.0006,0.0130177
4,0.0008,0.0172949
5,0.001,0.0215554
