,Current,Voltage
0,0.0,0.000162125
1,0.0002,0.00324726
2,0.0004,0.00631332
3,0.0006,0.00930309
4,0.0008,0.0123405
5,0.001,0.0153971
