,Current,Voltage
0,0.0,0.00017643
1,0.0002,0.00428915
2,0.0004,0.0083518
3,0.0006,0.0123978
4,0.0008,0.0164604
5,0.001,0.0205159
