,Current,Voltage
0,0.0,0.000202656
1,0.0002,0.00396967
2,0.0004,0.00769854
3,0.0006,0.0113964
4,0.0008,0.0151467
5,0.001,0.0188804
