,Current,Voltage
0,0.0,0.000181198
1,0.0002,0.00347137
2,0.0004,0.00674963
3,0.0006,0.00994921
4,0.0008,0.0132036
5,0.001,0.0164461
