,Current,Voltage
0,0.0,0.000216961
1,0.0002,0.00310183
2,0.0004,0.00597715
3,0.0006,0.00880957
4,0.0008,0.0116682
5,0.001,0.0145054
