,Current,Voltage
0,0.0,0.000135899
1,0.0002,0.00353813
2,0.0004,0.00693083
3,0.0006,0.0102806
4,0.0008,0.0135994
5,0.001,0.0169635
