,Current,Voltage
0,0.0,0.000185966
1,0.0002,0.00390768
2,0.0004,0.00757217
3,0.0006,0.011251
4,0.0008,0.0148797
5,0.001,0.0185275
