,Current,Voltage
0,0.0,0.00017643
1,0.0002,0.00448942
2,0.0004,0.00877857
3,0.0006,0.0129986
4,0.0008,0.0173116
5,0.001,0.0215292
