,Current,Voltage
0,0.0,0.000181198
1,0.0002,0.00313759
2,0.0004,0.0060606
3,0.0006,0.00893354
4,0.0008,0.0118923
5,0.001,0.0147581
