,Current,Voltage
0,0.0,0.00027895
1,0.0002,0.00719309
2,0.0004,0.014081
3,0.0006,0.0209045
4,0.0008,0.0277853
5,0.001,0.0346589
