,Current,Voltage
0,0.0,0.000152588
1,0.0002,0.00303984
2,0.0004,0.00587702
3,0.0006,0.00864029
4,0.0008,0.0114417
5,0.001,0.0142741
