,Current,Voltage
0,0.0,0.00017643
1,0.0002,0.00486135
2,0.0004,0.00948906
3,0.0006,0.0141048
4,0.0008,0.0187254
5,0.001,0.0233293
