,Current,Voltage
0,0.0,0.000193119
1,0.0002,0.00257254
2,0.0004,0.00497103
3,0.0006,0.00730276
4,0.0008,0.00967026
5,0.001,0.0119925
