,Current,Voltage
0,0.0,0.000214577
1,0.0002,0.00480175
2,0.0004,0.00944614
3,0.0006,0.0140142
4,0.0008,0.0185943
5,0.001,0.0231671
