,Current,Voltage
0,0.0,0.000185966
1,0.0002,0.00384092
2,0.0004,0.00747919
3,0.0006,0.0110698
4,0.0008,0.0147057
5,0.001,0.0183249
