,Current,Voltage
0,0.0,0.000183582
1,0.0002,0.00434637
2,0.0004,0.00852823
3,0.0006,0.0126314
4,0.0008,0.016768
5,0.001,0.020864
