,Current,Voltage
0,0.0,0.000164509
1,0.0002,0.00289679
2,0.0004,0.00554323
3,0.0006,0.0081706
4,0.0008,0.0108719
5,0.001,0.0135016
