,Current,Voltage
0,0.0,0.000185966
1,0.0002,0.00381947
2,0.0004,0.0074625
3,0.0006,0.0110292
4,0.0008,0.0146556
5,0.001,0.018239
