,Current,Voltage
0,0.0,0.000221729
1,0.0002,0.00442505
2,0.0004,0.00867128
3,0.0006,0.012846
4,0.0008,0.0170732
5,0.001,0.0212622
