,Current,Voltage
0,0.0,0.000135899
1,0.0002,0.00221968
2,0.0004,0.00424385
3,0.0006,0.00629663
4,0.0008,0.00838041
5,0.001,0.0103855
