,Current,Voltage
0,0.0,0.000560284
1,0.0002,6.25207
2,0.0004,10.0022
3,0.0006,10.0019
4,0.0008,10.0019
5,0.001,10.0019
