,Current,Voltage
0,0.0,0.000188351
1,0.0002,0.00226736
2,0.0004,0.00433207
3,0.0006,0.00641584
4,0.0008,0.00845909
5,0.001,0.0105119
