,Current,Voltage
0,0.0,0.000154972
1,0.0002,0.00441551
2,0.0004,0.00866175
3,0.0006,0.0128889
4,0.0008,0.0171041
5,0.001,0.0212789
