,Current,Voltage
0,0.0,0.000197887
1,0.0002,0.00389099
2,0.0004,0.00756741
3,0.0006,0.0112414
4,0.0008,0.0149322
5,0.001,0.0185966
