,Current,Voltage
0,0.0,0.0035851
1,8e-10,0.0103319
2,1.6e-09,0.0171044
3,2.4e-09,0.0238917
4,3.2e-09,0.0306616
5,4e-09,0.0374415
