,Current,Voltage
0,0.0,0.0065639
1,8e-10,0.0177224
2,1.6e-09,0.0288763
3,2.4e-09,0.0400357
4,3.2e-09,0.0511832
5,4e-09,0.0623248
