,Current,Voltage
0,0.0,0.000145435
1,0.0002,0.00159502
2,0.0004,0.0030303
3,0.0006,0.00444174
4,0.0008,0.00578403
5,0.001,0.0071764
