,Current,Voltage
0,0.0,0.000126362
1,0.0002,0.00161886
2,0.0004,0.00303745
3,0.0006,0.00447035
4,0.0008,0.00586987
5,0.001,0.00728369
