,Current,Voltage
0,0.0,0.000135899
1,0.0002,0.00154972
2,0.0004,0.00290394
3,0.0006,0.00424623
4,0.0008,0.00557899
5,0.001,0.00688314
