,Current,Voltage
0,0.0,0.000150204
1,0.0002,0.00124693
2,0.0004,0.00238419
3,0.0006,0.00343323
4,0.0008,0.00453234
5,0.001,0.00562668
