,Current,Voltage
0,0.0,0.000126362
1,0.0002,0.00317097
2,0.0004,0.00614405
3,0.0006,0.00908136
4,0.0008,0.0120711
5,0.001,0.0150251
