,Current,Voltage
0,0.0,0.00020504
1,0.0002,0.00463009
2,0.0004,0.00905275
3,0.0006,0.0134087
4,0.0008,0.0177741
5,0.001,0.0221443
