,Current,Voltage
0,0.0,0.000154972
1,0.0002,0.00245571
2,0.0004,0.00474215
3,0.0006,0.00703573
4,0.0008,10.0021
5,0.001,10.0021
