,Current,Voltage
0,0.0,0.000162125
1,0.0002,0.00206232
2,0.0004,0.00395298
3,0.0006,0.00548124
4,0.0008,0.00758171
5,0.001,0.00941992
