,Current,Voltage
0,0.0,-0.00419617
1,0.0002,0.00742435
2,0.0004,0.00869036
3,0.0006,0.00982046
4,0.0008,0.0108981
5,0.001,0.0120521
