,Current,Voltage
0,0.0,0.000152588
1,0.0002,0.00263214
2,0.0004,0.0050354
3,0.0006,0.00740528
4,0.0008,0.00980139
5,0.001,0.0121784
