,Current,Voltage
0,0.0,0.00014782
1,0.0002,0.00151634
2,0.0004,0.00284433
3,0.0006,0.00419617
4,0.0008,0.00552416
5,0.001,0.006845
