,Current,Voltage
0,0.0,0.000109673
1,0.0002,0.00116348
2,0.0004,0.00219822
3,0.0006,0.00319242
4,0.0008,0.00425339
5,0.001,0.00524998
