,Current,Voltage
0,0.0,0.000140667
1,0.0002,0.00156403
2,0.0004,0.00296116
3,0.0006,0.004282
4,0.0008,0.0055933
5,0.001,0.00692129
