,Current,Voltage
0,0.0,0.000121593
1,0.0002,0.00157595
2,0.0004,0.00300646
3,0.0006,0.00437021
4,0.0008,0.0057888
5,0.001,0.00720024
