,Current,Voltage
0,0.0,0.000126362
1,0.0002,0.00226021
2,0.0004,0.0043726
3,0.0006,0.00646353
4,0.0008,0.0085783
5,0.001,0.0106168
