,Current,Voltage
0,0.0,0.000181198
1,0.0002,0.00332117
2,0.0004,0.00638962
3,0.0006,0.00946522
4,0.0008,0.012536
5,0.001,0.0155878
