,Current,Voltage
0,0.0,0.00314951
1,0.0002,0.005126
2,0.0004,0.00631809
3,0.0006,0.00752687
4,0.0008,0.00864506
5,0.001,0.00971079
