,Current,Voltage
0,0.0,0.000140667
1,0.0002,0.0015378
2,0.0004,0.00285149
3,0.0006,0.00420332
4,0.0008,0.00552893
5,0.001,0.00685453
