,Current,Voltage
0,0.0,0.000181198
1,0.0002,0.00174522
2,0.0004,0.00329018
3,0.0006,0.00481129
4,0.0008,0.00633717
5,0.001,0.00785589
