,Current,Voltage
0,0.0,0.000178814
1,0.0002,0.00265121
2,0.0004,0.00507116
3,0.0006,0.00747681
4,0.0008,0.00990391
5,0.001,0.0123096
