,Current,Voltage
0,0.0,0.000185966
1,0.0002,0.00418425
2,0.0004,0.0082016
3,0.0006,0.012145
4,0.0008,0.0160933
5,0.001,0.0200629
