,Current,Voltage
0,0.0,-1.44587
1,0.0002,-1.38413
2,0.0004,-1.33927
3,0.0006,-1.29496
4,0.0008,-1.25079
5,0.001,-1.20678
