,Current,Voltage
0,0.0,0.000116825
1,0.0002,0.00132799
2,0.0004,0.00248432
3,0.0006,0.00360727
4,0.0008,0.00478745
5,0.001,0.00591516
