,Current,Voltage
0,0.0,-0.00281572
1,0.0002,0.00804663
2,0.0004,0.0100088
3,0.0006,0.011878
4,0.0008,0.0138259
5,0.001,0.0156331
