,Current,Voltage
0,0.0,0.000181198
1,0.0002,0.00530481
2,0.0004,0.0103855
3,0.0006,0.0154018
4,0.0008,0.0204682
5,0.001,0.0254393
