,Current,Voltage
0,0.0,0.000166893
1,0.0002,0.0020504
2,0.0004,0.00390768
3,0.0006,0.00578642
4,0.0008,0.00758648
5,0.001,0.00945807
