,Current,Voltage
0,0.0,0.00015974
1,0.0002,0.00203371
2,0.0004,0.00386477
3,0.0006,0.00567436
4,0.0008,0.00748873
5,0.001,0.00927448
