,Current,Voltage
0,0.0,0.000150204
1,0.0002,0.00150442
2,0.0004,0.00277758
3,0.0006,0.00401974
4,0.0008,0.00532389
5,0.001,0.00660658
