,Current,Voltage
0,0.0,0.000145435
1,0.0002,0.00128746
2,0.0004,0.00234127
3,0.0006,0.00338316
4,0.0008,0.00448942
5,0.001,0.0055337
