,Current,Voltage
0,0.0,0.00014782
1,0.0002,0.00307322
2,0.0004,0.00593424
3,0.0006,0.00876188
4,0.0008,0.0116134
5,0.001,0.0144506
