,Current,Voltage
0,0.0,0.000224113
1,0.0002,0.00481606
2,0.0004,0.00939369
3,0.0006,0.0138855
4,0.0008,0.0184584
5,0.001,0.0230002
