,Current,Voltage
0,0.0,0.000157356
1,0.0002,0.00142336
2,0.0004,0.00267267
3,0.0006,0.00388384
4,0.0008,0.00510693
5,0.001,0.00635862
