,Current,Voltage
0,0.0,-0.0159168
1,0.0002,0.00886202
2,0.0004,0.0101352
3,0.0006,0.011301
4,0.0008,0.0125313
5,0.001,0.0137639
