,Current,Voltage
0,0.0,0.000143051
1,0.0002,0.00141621
2,0.0004,0.0026226
3,0.0006,0.00383139
4,0.0008,0.00502348
5,0.001,0.00624418
