,Current,Voltage
0,0.0,-0.0669956
1,0.0002,0.0120163
2,0.0004,0.0143814
3,0.0006,0.016098
4,0.0008,0.0178003
5,0.001,0.0195575
