,Current,Voltage
0,0.0,0.000119209
1,0.0002,0.00148535
2,0.0004,0.0027442
3,0.0006,0.00405073
4,0.0008,0.00533819
5,0.001,0.00658512
