,Current,Voltage
0,0.0,0.000169277
1,0.0002,0.00230312
2,0.0004,0.0044179
3,0.0006,0.0065136
4,0.0008,0.00863075
5,0.001,0.0107384
