,Current,Voltage
0,0.0,0.000295639
1,0.0002,0.00744581
2,0.0004,0.0145006
3,0.0006,0.0215316
4,0.0008,0.0286293
5,0.001,0.0357056
