,Current,Voltage
0,0.0,-0.0269818
1,0.0002,0.00957727
2,0.0004,0.0118613
3,0.0006,0.013504
4,0.0008,0.0151467
5,0.001,0.0167561
