,Current,Voltage
0,0.0,0.000255108
1,0.0002,0.00539303
2,0.0004,0.0104761
3,0.0006,0.015521
4,0.0008,0.0206208
5,0.001,0.0256705
