,Current,Voltage
0,0.0,0.000295639
1,0.0002,0.00753403
2,0.0004,0.0147319
3,0.0006,0.0219178
4,0.0008,0.0291348
5,0.001,0.0363326
