,Current,Voltage
0,0.0,0.000267029
1,0.0002,0.00214815
2,0.0004,0.00411034
3,0.0006,0.00602961
4,0.0008,0.00796795
5,0.001,0.0098896
