,Current,Voltage
0,0.0,0.000135899
1,0.0002,0.001266
2,0.0004,0.00235081
3,0.0006,0.00342846
4,0.0008,0.0044632
5,0.001,0.00550508
