,Current,Voltage
0,0.0,0.000174046
1,0.0002,0.00167847
2,0.0004,0.00313759
3,0.0006,0.00462055
4,0.0008,0.00608206
5,0.001,0.00754595
