,Current,Voltage
0,0.0,0.000121593
1,0.0002,0.002985
2,0.0004,0.00578165
3,0.0006,0.008564
4,0.0008,0.0113726
5,0.001,0.0141716
