,Current,Voltage
0,0.0,0.000121593
1,0.0002,0.00141859
2,0.0004,0.00263214
3,0.0006,0.00386715
4,0.0008,0.00507593
5,0.001,0.00633001
