,Current,Voltage
0,0.0,0.000138283
1,0.0002,0.00173807
2,0.0004,0.00324249
3,0.0006,0.00473499
4,0.0008,0.00626564
5,0.001,0.00776052
