,Current,Voltage
0,0.0,0.000414848
1,0.0002,0.0133228
2,0.0004,0.0262904
3,0.0006,0.0391436
4,0.0008,0.0520992
5,0.001,0.0649357
