,Current,Voltage
0,0.0,0.00025034
1,0.0002,0.00752211
2,0.0004,0.0147581
3,0.0006,0.0219703
4,0.0008,0.0292373
5,0.001,0.0364327
