,Current,Voltage
0,0.0,0.000238419
1,0.0002,0.00573635
2,0.0004,0.0112295
3,0.0006,0.0166821
4,0.0008,0.0221825
5,0.001,0.0276351
