,Current,Voltage
0,0.0,0.000793934
1,0.0002,0.025053
2,0.0004,0.0494647
3,0.0006,0.0736737
4,0.0008,0.0980973
5,0.001,0.122302
