,Current,Voltage
0,0.0,0.0057292
1,0.0002,0.225065
2,0.0004,2.10212
3,0.0006,6.31271
4,0.0008,10.0019
5,0.001,10.0018
