,Current,Voltage
0,0.0,0.000464916
1,0.0002,0.0166297
2,0.0004,0.0328422
3,0.0006,0.0489831
4,0.0008,0.0651813
5,0.001,0.0812507
