,Current,Voltage
0,0.0,0.00038147
1,0.0002,0.0118923
2,0.0004,0.0234127
3,0.0006,0.0348639
4,0.0008,0.0463867
5,0.001,0.0578356
