,Current,Voltage
0,0.0,0.000960827
1,0.0002,0.0346756
2,0.0004,0.0686145
3,0.0006,0.102329
4,0.0008,0.136318
5,0.001,0.169966
