,Current,Voltage
0,0.0,0.000243187
1,0.0002,0.00624418
2,0.0004,0.0122666
3,0.0006,0.0182414
4,0.0008,0.0242376
5,0.001,0.0302553
