,Current,Voltage
0,0.0,0.00106096
1,0.0002,0.00370026
2,0.0004,3.06327
3,0.0006,7.44151
4,0.0008,10.002
5,0.001,10.0019
