,Current,Voltage
0,0.0,0.000324249
1,0.0002,2.12942
2,0.0004,6.27209
3,0.0006,0.960822
4,0.0008,2.46944
5,0.001,3.95582
