,Current,Voltage
0,0.0,0.000281334
1,0.0002,0.0074625
2,0.0004,0.0146461
3,0.0006,0.0217295
4,0.0008,0.028913
5,0.001,0.0359941
