,Current,Voltage
0,0.0,0.00092268
1,0.0002,0.0340986
2,0.0004,0.067451
3,0.0006,0.300307
4,0.0008,2.45334
5,0.001,4.50421
