,Current,Voltage
0,0.0,0.000562668
1,0.0002,0.0189328
2,0.0004,0.037365
3,0.0006,0.0555921
4,0.0008,0.0740027
5,0.001,0.0922966
