,Current,Voltage
0,0.0,0.0005126
1,0.0002,0.0172997
2,0.0004,0.0342441
3,0.0006,0.0508475
4,0.0008,0.0675559
5,0.001,0.0856876
