,Current,Voltage
0,0.0,0.000925064
1,0.0002,0.0343394
2,0.0004,0.0679183
3,0.0006,0.101249
4,0.0008,0.134997
5,0.001,0.168231
