,Current,Voltage
0,0.0,0.000197887
1,0.0002,0.00485659
2,0.0004,0.00951767
3,0.0006,0.0141215
4,0.0008,0.0187707
5,0.001,0.0233221
