,Current,Voltage
0,0.0,0.000281334
1,0.0002,0.00740528
2,0.0004,0.0144935
3,0.0006,0.021503
4,0.0008,0.0285912
5,0.001,0.0356531
