,Current,Voltage
0,0.0,0.000236034
1,0.0002,0.00459433
2,0.0004,0.00890493
3,0.0006,0.0131726
4,0.0008,0.0175214
5,0.001,0.0218296
