,Current,Voltage
0,0.0,0.000221729
1,0.0002,0.00435591
2,0.0004,0.00848293
3,0.0006,0.0125551
4,0.0008,0.0166535
5,0.001,0.0207424
