,Current,Voltage
0,0.0,0.000219345
1,0.0002,0.00469685
2,0.0004,2.83758
3,0.0006,5.00051
4,0.0008,7.62542
5,0.001,10.0019
