,Current,Voltage
0,0.0,0.00027895
1,0.0002,0.00850916
2,0.0004,0.016737
3,0.0006,0.0248837
4,0.0008,0.0331473
5,0.001,0.0413084
