,Current,Voltage
0,0.0,0.000212193
1,0.0002,0.00460863
2,0.0004,0.00901461
3,0.0006,0.0133896
4,0.0008,0.0178051
5,0.001,0.0221515
