,Current,Voltage
0,0.0,0.000584126
1,0.0002,0.0175166
2,0.0004,0.034771
3,0.0006,1.51423
4,0.0008,3.05912
5,0.001,4.75142
