,Current,Voltage
0,0.0,0.00025034
1,0.0002,0.00555515
2,0.0004,0.0108624
3,0.0006,0.016098
4,0.0008,0.0214291
5,0.001,0.026691
