,Current,Voltage
0,0.0,0.000405312
1,0.0002,0.0124454
2,0.0004,0.0245214
3,0.0006,0.0365019
4,0.0008,0.0486279
5,0.001,0.060575
