,Current,Voltage
0,0.0,0.000300407
1,0.0002,0.00895739
2,0.0004,0.0175881
3,0.0006,0.0261641
4,0.0008,0.0348139
5,0.001,0.0433779
