,Current,Voltage
0,0.0,0.000422001
1,0.0002,1.45578
2,0.0004,5.34177
3,0.0006,9.34137
4,0.0008,10.0018
5,0.001,10.0018
