,Current,Voltage
0,0.0,0.000264645
1,0.0002,0.00671148
2,0.0004,0.0131226
3,0.0006,0.0195169
4,0.0008,0.0259686
5,0.001,0.0322986
