,Current,Voltage
0,0.0,0.000495911
1,0.0002,0.0160646
2,0.0004,0.0317597
3,0.0006,0.047245
4,0.0008,0.0629044
5,0.001,0.0783277
