,Current,Voltage
0,0.0,0.000371933
1,0.0002,0.0113773
2,0.0004,0.0223994
3,0.0006,0.0332999
4,0.0008,0.0443506
5,0.001,0.0553012
