,Current,Voltage
0,0.0,0.000281334
1,0.0002,0.00765085
2,0.0004,0.0149632
3,0.0006,0.0222445
4,0.0008,0.0295806
5,0.001,0.0368547
