,Current,Voltage
0,0.0,0.000603199
1,0.0002,3.52293
2,0.0004,8.81028
3,0.0006,10.0019
4,0.0008,10.0019
5,0.001,10.0018
