,Current,Voltage
0,0.0,0.000545979
1,0.0002,0.0194097
2,0.0004,0.0384498
3,0.0006,0.057261
4,0.0008,0.0762796
5,0.001,0.0951242
