,Current,Voltage
0,0.0,0.000598431
1,0.0002,0.0187063
2,0.0004,0.0369763
3,0.0006,0.0551033
4,0.0008,0.0733829
5,0.001,0.0914907
