,Current,Voltage
0,0.0,0.000269413
1,0.0002,0.00838518
2,0.0004,0.0164461
3,0.0006,0.0244498
4,0.0008,0.032537
5,0.001,0.0405216
