,Current,Voltage
0,0.0,0.000283718
1,0.0002,0.00807524
2,0.0004,0.0158739
3,0.0006,0.023632
4,0.0008,0.0314379
5,0.001,0.0391388
