,Current,Voltage
0,0.0,0.000362396
1,0.0002,0.00970125
2,0.0004,0.0190616
3,0.0006,0.0283861
4,0.0008,0.0377202
5,0.001,0.0470233
