,Current,Voltage
0,0.0,0.000314713
1,0.0002,0.00828505
2,0.0004,0.0163078
3,0.0006,0.0242162
4,0.0008,0.0321841
5,0.001,0.040102
