,Current,Voltage
0,0.0,0.000209808
1,0.0002,0.00501394
2,0.0004,0.00977039
3,0.0006,0.0145102
4,0.0008,0.019238
5,0.001,0.0239682
