,Current,Voltage
0,0.0,0.000202656
1,0.0002,0.00384092
2,0.0004,0.00743866
3,0.0006,0.0110126
4,0.0008,0.0146055
5,0.001,0.0181961
