,Current,Voltage
0,0.0,0.000269413
1,0.0002,0.0074625
2,0.0004,0.0145602
3,0.0006,0.0216436
4,0.0008,0.0287724
5,0.001,0.0358629
