,Current,Voltage
0,0.0,0.000162125
1,0.0002,0.00355721
2,0.0004,0.00693083
3,0.0006,0.0102139
4,0.0008,0.0135756
5,0.001,0.0168967
