,Current,Voltage
0,0.0,0.000605583
1,0.0002,0.0216961
2,0.0004,0.042901
3,0.0006,0.0639439
4,0.0008,0.0851679
5,0.001,0.106194
