,Current,Voltage
0,0.0,0.000259876
1,0.0002,0.00585556
2,0.0004,0.011487
3,0.0006,0.0170684
4,0.0008,0.0226879
5,0.001,0.028286
