,Current,Voltage
0,0.0,0.000314713
1,0.0002,0.00783443
2,0.0004,0.0153899
3,0.0006,0.022881
4,0.0008,0.030477
5,0.001,0.0379157
