,Current,Voltage
0,0.0,0.000908375
1,0.0002,0.0344419
2,0.0004,0.0681353
3,0.0006,0.101593
4,0.0008,0.135334
5,0.001,0.16875
