,Current,Voltage
0,0.0,0.00334811
1,8e-10,0.00979328
2,1.6e-09,0.0162394
3,2.4e-09,0.0226755
4,3.2e-09,0.0290449
5,4e-09,0.0354457
