,Current,Voltage
0,0.0,0.00868893
1,8e-10,0.356773
2,1.6e-09,0.553021
3,2.4e-09,0.734347
4,3.2e-09,0.912442
5,4e-09,1.09179
