,Current,Voltage
0,0.0,0.000104904
1,0.0002,0.00115156
2,0.0004,0.00213861
3,0.0006,0.00311613
4,0.0008,0.00409365
5,0.001,0.0050807
