,Current,Voltage
0,0.0,0.000123978
1,0.0002,0.00110149
2,0.0004,0.00204325
3,0.0006,0.00298738
4,0.0008,0.00392914
5,0.001,0.00482559
