,Current,Voltage
0,0.0,0.000104904
1,0.0002,0.00144958
2,0.0004,0.00267744
3,0.0006,0.00391245
4,0.0008,0.00514507
5,0.001,0.00638247
