,Current,Voltage
0,0.0,0.00017643
1,0.0002,0.00139952
2,0.0004,0.00264168
3,0.0006,0.00380993
4,0.0008,0.00504255
5,0.001,0.00623941
