,Current,Voltage
0,0.0,0.000154972
1,0.0002,0.00118256
2,0.0004,0.00216246
3,0.0006,0.0031352
4,0.0008,0.00411987
5,0.001,0.00509977
