,Current,Voltage
0,0.0,0.00014782
1,0.0002,0.00144482
2,0.0004,0.00261307
3,0.0006,0.00384569
4,0.0008,0.00506878
5,0.001,0.00632048
