,Current,Voltage
0,0.0,0.000138283
1,0.0002,0.00103712
2,0.0004,0.00189543
3,0.0006,0.0027442
4,0.0008,0.00360966
5,0.001,0.0044632
