,Current,Voltage
0,0.0,0.000133514
1,0.0002,0.00146627
2,0.0004,0.00270128
3,0.0006,0.00392437
4,0.0008,0.00518084
5,0.001,0.00642061
