,Current,Voltage
0,0.0,0.000109673
1,0.0002,0.00148058
2,0.0004,0.00285625
3,0.0006,0.00414133
4,0.0008,0.00547647
5,0.001,0.00685692
