,Current,Voltage
0,0.0,0.000116825
1,0.0002,0.00128269
2,0.0004,0.00233173
3,0.0006,0.00338554
4,0.0008,0.00451803
5,0.001,0.00552654
