,Current,Voltage
0,0.0,0.000138283
1,0.0002,0.00140905
2,0.0004,0.00263691
3,0.0006,0.00384808
4,0.0008,0.00506163
5,0.001,0.00628948
