,Current,Voltage
0,0.0,0.000104904
1,0.0002,0.00125408
2,0.0004,0.00236511
3,0.0006,0.00345707
4,0.0008,0.00454187
5,0.001,0.0056529
