,Current,Voltage
0,0.0,0.00014782
1,0.0002,0.00125647
2,0.0004,0.00235796
3,0.0006,0.00344276
4,0.0008,0.00452518
5,0.001,0.00560284
