,Current,Voltage
0,0.0,0.000140667
1,0.0002,0.00108719
2,0.0004,0.00204563
3,0.0006,0.0029254
4,0.0008,0.00385761
5,0.001,0.00478506
