,Current,Voltage
0,0.0,7.15256e-05
1,0.0002,0.00105619
2,0.0004,0.00197172
3,0.0006,0.00286818
4,0.0008,0.00380039
5,0.001,0.00464916
