,Current,Voltage
0,0.0,0.000183582
1,0.0002,0.00162125
2,0.0004,0.00303745
3,0.0006,0.00444651
4,0.0008,0.00588417
5,0.001,0.007236
