,Current,Voltage
0,0.0,0.000107288
1,0.0002,0.00112772
2,0.0004,0.00215292
3,0.0006,0.00310421
4,0.0008,0.0041151
5,0.001,0.00508785
