,Current,Voltage
0,0.0,0.000112057
1,0.0002,0.00129223
2,0.0004,0.00238657
3,0.0006,0.00347853
4,0.0008,0.00453949
5,0.001,0.00562191
