,Current,Voltage
0,0.0,8.82149e-05
1,0.0002,0.00142336
2,0.0004,0.00268936
3,0.0006,0.00389338
4,0.0008,0.00515223
5,0.001,0.00641108
