,Current,Voltage
0,0.0,0.000107288
1,0.0002,0.00110149
2,0.0004,0.00203371
3,0.0006,0.00295401
4,0.0008,0.00386477
5,0.001,0.00476599
