,Current,Voltage
0,0.0,0.000145435
1,0.0002,0.00169992
2,0.0004,0.00322104
3,0.0006,0.00477791
4,0.0008,0.00627279
5,0.001,0.00778913
