,Current,Voltage
0,0.0,0.00010252
1,0.0002,0.00128031
2,0.0004,0.00234365
3,0.0006,0.00345469
4,0.0008,0.00454664
5,0.001,0.0056529
