,Current,Voltage
0,0.0,0.000100136
1,0.0002,0.00100613
2,0.0004,0.00188351
3,0.0006,0.00272274
4,0.0008,0.00360012
5,0.001,0.00445127
