,Current,Voltage
0,0.0,0.000109673
1,0.0002,0.00110626
2,0.0004,0.00208139
3,0.0006,0.00298023
4,0.0008,0.00394821
5,0.001,0.00485659
