,Current,Voltage
0,0.0,0.000121593
1,0.0002,0.00131607
2,0.0004,0.00246048
3,0.0006,0.0036025
4,0.0008,0.00474453
5,0.001,0.00586987
