,Current,Voltage
0,0.0,0.000109673
1,0.0002,0.000817776
2,0.0004,0.00140905
3,0.0006,0.00202417
4,0.0008,0.00263214
5,0.001,0.00329018
