,Current,Voltage
0,0.0,0.000107288
1,0.0002,0.00108719
2,0.0004,0.0019455
3,0.0006,0.00279665
4,0.0008,0.00371695
5,0.001,0.00460386
