,Current,Voltage
0,0.0,0.000169277
1,0.0002,0.00225067
2,0.0004,0.00432968
3,0.0006,0.00633717
4,0.0008,0.0083971
5,0.001,0.0104237
