,Current,Voltage
0,0.0,0.000126362
1,0.0002,0.0015378
2,0.0004,0.00291586
3,0.0006,0.00423193
4,0.0008,0.00561953
5,0.001,0.00695944
