,Current,Voltage
0,0.0,0.000162125
1,0.0002,0.0012517
2,0.0004,0.00233173
3,0.0006,0.00339508
4,0.0008,0.00447989
5,0.001,0.00556469
