,Current,Voltage
0,0.0,0.000126362
1,0.0002,0.00147343
2,0.0004,0.00281096
3,0.0006,0.00411749
4,0.0008,0.00545025
5,0.001,0.0067687
