,Current,Voltage
0,0.0,0.000140667
1,0.0002,0.00125647
2,0.0004,0.00228882
3,0.0006,0.00337839
4,0.0008,0.00439405
5,0.001,0.00545979
