,Current,Voltage
0,0.0,0.000104904
1,0.0002,0.0011611
2,0.0004,0.00217199
3,0.0006,0.00322104
4,0.0008,0.0042057
5,0.001,0.00521898
