,Current,Voltage
0,0.0,0.000121593
1,0.0002,0.00129461
2,0.0004,0.00246525
3,0.0006,0.00360489
4,0.0008,0.00474691
5,0.001,0.00588655
