,Current,Voltage
0,0.0,0.000121593
1,0.0002,0.00123739
2,0.0004,0.00228167
3,0.0006,0.00334263
4,0.0008,0.00441551
5,0.001,0.00542879
