,Current,Voltage
0,0.0,0.000116825
1,0.0002,0.00115633
2,0.0004,0.00213623
3,0.0006,0.00311136
4,0.0008,0.00407219
5,0.001,0.00504494
