,Current,Voltage
0,0.0,7.62939e-05
1,0.0002,0.00103235
2,0.0004,0.00198841
3,0.0006,0.0028491
4,0.0008,0.00375748
5,0.001,0.00471354
