,Current,Voltage
0,0.0,0.000107288
1,0.0002,0.00100374
2,0.0004,0.0018549
3,0.0006,0.00267506
4,0.0008,0.00349283
5,0.001,0.00434875
