,Current,Voltage
0,0.0,0.000138283
1,0.0002,0.0016284
2,0.0004,0.00302553
3,0.0006,0.00441551
4,0.0008,0.00584841
5,0.001,0.00725031
