,Current,Voltage
0,0.0,0.000140667
1,0.0002,0.00196457
2,0.0004,0.00375748
3,0.0006,0.00551462
4,0.0008,0.00733852
5,0.001,0.00913143
