,Current,Voltage
0,0.0,0.000150204
1,0.0002,0.00100374
2,0.0004,0.00186443
3,0.0006,0.00271559
4,0.0008,0.00358105
5,0.001,0.00438452
