,Current,Voltage
0,0.0,0.000183582
1,0.0002,0.00116825
2,0.0004,0.00214338
3,0.0006,0.00311852
4,0.0008,0.00409126
5,0.001,0.00504255
