,Current,Voltage
0,0.0,0.000178814
1,0.0002,0.00146151
2,0.0004,0.0027895
3,0.0006,0.00404596
4,0.0008,0.00533581
5,0.001,0.00661373
