{
  "mapping_offsets": [
    0.0,
    1.0,
    2.0,
    3.0,
    4.0,
    5.0,
    6.0
  ],
  "flir_offsets": [
    0,
    15,
    30
  ],
  "spin_speed": {
    "min": 100.0,
    "max": 3800.0,
    "value": {
      "0": 1000,
      "1": 1000,
      "2": 1000,
      "3": 1000,
      "4": 1000,
      "5": 1000,
      "6": 1000,
      "7": 1000
    },
    "units": "RPM",
    "optimize_with_chem_os": false
  },
  "spin_time": {
    "min": 10.0,
    "max": 120.0,
    "value": {
      "0": 60,
      "1": 60,
      "2": 60,
      "3": 60,
      "4": 60,
      "5": 60,
      "6": 60,
      "7": 60
    },
    "units": "s",
    "optimize_with_chem_os": false
  },
  "dispense_volume": {
    "min": 0.001,
    "max": 1.0,
    "value": 0.1,
    "units": "mL",
    "optimize_with_chem_os": false
  },
  "campaign_dispensed_amounts": {
    "spiro": {
      "chemical_name": "Spiro",
      "varied": false,
      "value": 0.1618000000000004,
      "units": "mg",
      "metadata": {
        "molar_weight_ mg": 1225.43,
        "concentration_mg_ml": 50,
        "requested_param": null,
        "requested_vol": 0.20658001406598356
      }
    },
    "cobalt": {
      "chemical_name": "FK102",
      "varied": true,
      "value": -0.00019999999999997797,
      "units": "mg",
      "metadata": {
        "molar_weight_ mg": 1334.86,
        "concentration_mg_ml": 50,
        "requested_param": null,
        "requested_vol": 0.001753319267349768
      }
    },
    "tbp": {
      "chemical_name": "tBP",
      "varied": false,
      "value": 0.02950000000000008,
      "units": "mg",
      "metadata": {
        "molar_weight_ mg": 135.21,
        "concentration_mg_ml": 50,
        "requested_param": null,
        "requested_vol": 0.04166666666666666
      }
    },
    "annealing": {
      "varied": true,
      "value": 237.99253463745117,
      "units": "s",
      "metadata": {}
    }
  },
  "properties": {
    "measurement_0": 5.334726734475046e-08,
    "measurement_1": 1.9087651981018897e-07,
    "measurement_2": 1.8495339753876644e-07,
    "measurement_3": 7.442089958620038e-09,
    "measurement_4": 2.836133128003996e-07,
    "measurement_5": 1.3726786453151817e-07,
    "measurement_6": 1.1872802312831699e-07,
    "measurement_mean": 1.394612107303658e-07
  },
  "active_parameters_pickle_file": {
    "filename": "not yet defined"
  },
  "processes": {
    "x0": 0.9725687791650462,
    "x1": 0.8583600521087646
  },
  "chemOS": {
    "requested_params": {
      "x0": 0.007791579235345125,
      "x1": 0.9916355609893799
    },
    "output_for_previous": {
      "campaign_name": "pseudomobility",
      "session_id": "dbad41d5-017b-4f35-b430-6be3f655fdb0",
      "experiment_id": "1507a8ea-cae1-4e02-8346-065842aab266",
      "execution_id": "36683d96",
      "robot_id": "e0c4ac82",
      "processes": {
        "x0": 0.9725687791650462,
        "x1": 0.8583600521087646
      },
      "properties": {
        "measurement_0": 5.334726734475046e-08,
        "measurement_1": 1.9087651981018897e-07,
        "measurement_2": 1.8495339753876644e-07,
        "measurement_3": 7.442089958620038e-09,
        "measurement_4": 2.836133128003996e-07,
        "measurement_5": 1.3726786453151817e-07,
        "measurement_6": 1.1872802312831699e-07,
        "measurement_mean": 1.394612107303658e-07
      }
    }
  },
  "operator_name": "Thomas",
  "operator_comment": "chemOS optimization of pseudomobility over cobalt annealing space"
}