,Current,Voltage
0,0.0,0.00307822
1,8e-10,0.532086
2,1.6e-09,0.942789
3,2.4e-09,1.29718
4,3.2e-09,1.699
5,4e-09,9.91e+37
