,Current,Voltage
0,0.0,0.000755787
1,0.0002,0.0260949
2,0.0004,0.0515246
3,0.0006,0.0767708
4,0.0008,0.102253
5,0.001,0.127535
