,Current,Voltage
0,0.0,0.00267744
1,0.0002,0.10999
2,0.0004,0.218234
3,0.0006,0.325694
4,0.0008,0.43412
5,0.001,0.541523
