,Current,Voltage
0,0.0,0.000293255
1,0.0002,0.00619411
2,0.0004,0.0120544
3,0.0006,0.0178981
4,0.0008,0.0237989
5,0.001,0.0296259
