,Current,Voltage
0,0.0,0.000112057
1,0.0002,-0.000507832
2,0.0004,-0.0011611
3,0.0006,-0.00186205
4,0.0008,-0.00252962
5,0.001,-0.00319958
