,Current,Voltage
0,0.0,0.000295639
1,0.0002,0.00957489
2,0.0004,0.0188088
3,0.0006,0.027957
4,0.0008,0.0371909
5,0.001,0.0463939
