,Current,Voltage
0,0.0,0.000126362
1,0.0002,0.000653267
2,0.0004,0.00122309
3,0.0006,0.175107
4,0.0008,1.37754
5,0.001,2.66197
