,Current,Voltage
0,0.0,0.000190735
1,0.0002,0.00295401
2,0.0004,0.00574827
3,0.0006,0.00847816
4,0.0008,0.0112462
5,0.001,0.0139832
