,Current,Voltage
0,0.0,0.000238419
1,0.0002,0.00765324
2,0.0004,0.0150251
3,0.0006,0.0223279
4,0.0008,0.0296855
5,0.001,0.0370026
