,Current,Voltage
0,0.0,-1.32362
1,0.0002,-1.20086
2,0.0004,-1.06809
3,0.0006,-0.936511
4,0.0008,-0.804608
5,0.001,-0.673532
