,Current,Voltage
0,0.0,0.000300407
1,0.0002,0.00868559
2,0.0004,0.0170517
3,0.0006,0.025413
4,0.0008,0.0337839
5,0.001,0.0421309
