,Current,Voltage
0,0.0,-1.89877
1,0.0002,-1.75164
2,0.0004,-1.59281
3,0.0006,-1.43553
4,0.0008,-1.27804
5,0.001,-1.12264
