,Current,Voltage
0,0.0,0.000498295
1,0.0002,0.0164342
2,0.0004,0.0323892
3,0.0006,0.0482392
4,0.0008,0.0642633
5,0.001,0.0800705
