,Current,Voltage
0,0.0,0.00023365
1,0.0002,0.00496149
2,0.0004,0.00966311
3,0.0006,0.0143528
4,0.0008,0.0190282
5,0.001,0.023725
