,Current,Voltage
0,0.0,0.000143051
1,0.0002,0.000405312
2,0.0004,0.00061512
3,0.0006,0.000810623
4,0.0008,0.000998974
5,0.001,0.00121593
