,Current,Voltage
0,0.0,0.000133514
1,0.0002,0.00023365
2,0.0004,0.000264645
3,0.0006,0.000293255
4,0.0008,0.000317097
5,0.001,0.000352859
