,Current,Voltage
0,0.0,0.00273943
1,0.0002,0.322702
2,0.0004,0.645168
3,0.0006,0.965042
4,0.0008,1.28755
5,0.001,1.60726
