,Current,Voltage
0,0.0,-0.187294
1,0.0002,0.124555
2,0.0004,0.438921
3,0.0006,0.751107
4,0.0008,1.06663
5,0.001,1.38
