,Current,Voltage
0,0.0,0.000576973
1,0.0002,0.0199866
2,0.0004,0.0395489
3,0.0006,0.0588965
4,0.0008,0.0784397
5,0.001,0.0978136
