,Current,Voltage
0,0.0,0.000264645
1,0.0002,0.00646591
2,0.0004,0.0126743
3,0.0006,0.0188231
4,0.0008,0.0250173
5,0.001,0.0311661
