,Current,Voltage
0,0.0,-1.86256
1,0.0002,-1.65599
2,0.0004,-1.45765
3,0.0006,-1.2618
4,0.0008,-1.06505
5,0.001,-0.870721
