,Current,Voltage
0,0.0,0.00020504
1,0.0002,0.00366449
2,0.0004,0.00706434
3,0.0006,0.010407
4,0.0008,0.013783
5,0.001,0.0171995
