,Current,Voltage
0,0.0,0.000133514
1,0.0002,0.00192404
2,0.0004,0.00370026
3,0.0006,0.00542641
4,0.0008,0.0071454
5,0.001,0.0089097
