,Current,Voltage
0,0.0,0.000264645
1,0.0002,0.00645161
2,0.0004,0.012567
3,0.0006,0.0186586
4,0.0008,0.0247836
5,0.001,0.0308394
