,Current,Voltage
0,0.0,0.000247955
1,0.0002,0.00627279
2,0.0004,0.0122857
3,0.0006,0.0182176
4,0.0008,0.024271
5,0.001,0.0302005
