,Current,Voltage
0,0.0,-0.0690532
1,0.0002,0.0756145
2,0.0004,0.220342
3,0.0006,0.362973
4,0.0008,0.505793
5,0.001,0.646524
