,Current,Voltage
0,0.0,0.000193119
1,0.0002,0.00367641
2,0.0004,0.00714779
3,0.0006,0.010581
4,0.0008,0.0140166
5,0.001,0.0174809
