,Current,Voltage
0,0.0,-1.36537
1,0.0002,-1.03547
2,0.0004,-0.722396
3,0.0006,-0.411468
4,0.0008,-0.104196
5,0.001,0.198045
