,Current,Voltage
0,0.0,0.000245571
1,0.0002,0.00428915
2,0.0004,0.00836849
3,0.0006,0.0123835
4,0.0008,0.0164461
5,0.001,0.0204778
