,Current,Voltage
0,0.0,0.000219345
1,0.0002,0.00566006
2,0.0004,0.011034
3,0.0006,0.0163317
4,0.0008,0.0217295
5,0.001,0.0270581
