,Current,Voltage
0,0.0,0.000224113
1,0.0002,0.00671387
2,0.0004,0.0131989
3,0.0006,0.0196052
4,0.0008,0.026083
5,0.001,0.0325346
