,Current,Voltage
0,0.0,0.000386238
1,0.0002,0.0119448
2,0.0004,0.0235343
3,0.0006,0.0350022
4,0.0008,0.0465894
5,0.001,0.0580621
