,Current,Voltage
0,0.0,0.000209808
1,0.0002,0.00399113
2,0.0004,0.00770807
3,0.0006,0.0114369
4,0.0008,0.0151896
5,0.001,0.0188994
