,Current,Voltage
0,0.0,0.000598431
1,0.0002,0.0222325
2,0.0004,0.0439501
3,0.0006,0.0655293
4,0.0008,0.0872588
5,0.001,0.108802
