,Current,Voltage
0,0.0,-0.104735
1,0.0002,0.033772
2,0.0004,0.173178
3,0.0006,0.311198
4,0.0008,0.450339
5,0.001,0.588124
