,Current,Voltage
0,0.0,0.000331402
1,0.0002,0.00815868
2,0.0004,0.0160336
3,0.0006,0.0237751
4,0.0008,0.0316596
5,0.001,0.0394225
