,Current,Voltage
0,0.0,-0.00923157
1,0.0002,0.0250769
2,0.0004,0.0593138
3,0.0006,0.0931835
4,0.0008,0.127256
5,0.001,0.160878
