,Current,Voltage
0,0.0,-1.42818
1,0.0002,-1.27312
2,0.0004,-1.10562
3,0.0006,-0.939353
4,0.0008,-0.772514
5,0.001,-0.607007
