,Current,Voltage
0,0.0,0.00765085
1,0.0002,0.079124
2,0.0004,0.151043
3,0.0006,0.22227
4,0.0008,0.294178
5,0.001,0.365405
