,Current,Voltage
0,0.0,-1.31205
1,0.0002,-1.24206
2,0.0004,-1.19189
3,0.0006,-1.14244
4,0.0008,-1.09336
5,0.001,-1.04473
