,Current,Voltage
0,0.0,-1.03639
1,8e-10,-0.754709
2,1.6e-09,-0.46722
3,2.4e-09,-0.1732
4,3.2e-09,0.347966
5,4e-09,0.649688
