,Current,Voltage
0,0.0,0.00813222
1,8e-10,0.0192006
2,1.6e-09,0.0301859
3,2.4e-09,0.0412571
4,3.2e-09,0.0522084
5,4e-09,0.0632346
