,Current,Voltage
0,0.0,0.000166893
1,0.0002,0.00245571
2,0.0004,0.0047183
3,0.0006,0.00693798
4,0.0008,0.00917673
5,0.001,0.0114155
