,Current,Voltage
0,0.0,0.000331402
1,0.0002,0.00939846
2,0.0004,0.0184774
3,0.0006,0.0274873
4,0.0008,0.0365877
5,0.001,0.0455999
