,Current,Voltage
0,0.0,0.000314713
1,0.0002,0.00912189
2,0.0004,0.0179601
3,0.0006,0.0266719
4,0.0008,0.0355434
5,0.001,0.0442815
