,Current,Voltage
0,0.0,0.000174046
1,0.0002,0.00421047
2,0.0004,0.00813484
3,0.0006,0.0120878
4,0.0008,0.016036
5,0.001,0.0199962
