,Current,Voltage
0,0.0,0.00730753
1,0.0002,0.288527
2,0.0004,0.572047
3,0.0006,0.853257
4,0.0008,1.13701
5,0.001,1.41828
