,Current,Voltage
0,0.0,0.000228882
1,0.0002,0.0055027
2,0.0004,0.0107503
3,0.0006,0.0159669
4,0.0008,0.021224
5,0.001,0.0264406
