,Current,Voltage
0,0.0,-1.76018
1,0.0002,-1.34676
2,0.0004,-0.93225
3,0.0006,-0.523791
4,0.0008,-0.115283
5,0.001,0.289414
