,Current,Voltage
0,0.0,0.000247955
1,0.0002,0.0069809
2,0.0004,0.0137019
3,0.0006,0.0203872
4,0.0008,0.268524
5,0.001,1.19582
