,Current,Voltage
0,0.0,0.000331402
1,0.0002,0.0104165
2,0.0004,0.0205493
3,0.0006,0.0305557
4,0.0008,0.0406694
5,0.001,0.0506639
