,Current,Voltage
0,0.0,0.000224113
1,0.0002,0.00602007
2,0.0004,0.0118256
3,0.0006,0.017519
4,0.0008,0.0232983
5,0.001,0.0290394
