,Current,Voltage
0,0.0,0.00138044
1,0.0002,0.048604
2,0.0004,0.0962067
3,0.0006,0.143352
4,0.0008,0.190988
5,0.001,0.238144
