,Current,Voltage
0,0.0,0.000464916
1,0.0002,0.0149775
2,0.0004,0.0295758
3,0.0006,0.0439668
4,0.0008,0.0584078
5,0.001,0.072844
