,Current,Voltage
0,0.0,0.00103712
1,0.0002,0.0379467
2,0.0004,0.0751209
3,0.0006,0.112023
4,0.0008,0.149186
5,0.001,0.186
