,Current,Voltage
0,0.0,0.000293255
1,0.0002,0.00957489
2,0.0004,0.018816
3,0.0006,0.0280404
4,0.0008,0.0373268
5,0.001,0.0465131
