,Current,Voltage
0,0.0,0.00129461
1,0.0002,0.048244
2,0.0004,0.0955057
3,0.0006,0.142429
4,0.0008,0.189719
5,0.001,0.236564
