,Current,Voltage
0,0.0,-1.3495
1,0.0002,-1.20012
2,0.0004,-1.0621
3,0.0006,-0.92608
4,0.0008,-0.789576
5,0.001,-0.654764
