,Current,Voltage
0,0.0,0.000629425
1,0.0002,0.0225496
2,0.0004,0.044651
3,0.0006,0.0665545
4,0.0008,0.0886297
5,0.001,0.110524
