,Current,Voltage
0,0.0,0.0149202
1,0.0002,0.203536
2,0.0004,0.367997
3,0.0006,0.499799
4,0.0008,0.61151
5,0.001,0.709734
