,Current,Voltage
0,0.0,0.000197887
1,0.0002,0.00528574
2,0.0004,0.0104022
3,0.0006,0.0154257
4,0.0008,0.0203323
5,0.001,0.02527
