,Current,Voltage
0,0.0,0.000209808
1,0.0002,0.0043416
2,0.0004,0.00849485
3,0.0006,0.0125575
4,0.0008,0.0166464
5,0.001,0.0207067
