,Current,Voltage
0,0.0,0.000479221
1,0.0002,0.0137687
2,0.0004,0.027144
3,0.0006,0.0403285
4,0.0008,0.0537014
5,0.001,0.0668883
