,Current,Voltage
0,0.0,0.000219345
1,0.0002,0.00666142
2,0.0004,0.0130844
3,0.0006,0.0194526
4,0.0008,0.0258827
5,0.001,0.0322437
