,Current,Voltage
0,0.0,0.000374317
1,0.0002,0.0127959
2,0.0004,0.0252151
3,0.0006,0.0375032
4,0.0008,0.0499153
5,0.001,0.0622368
