,Current,Voltage
0,0.0,0.00020504
1,0.0002,0.00444174
2,0.0004,0.00863552
3,0.0006,0.0128031
4,0.0008,0.0170302
5,0.001,0.0212145
