,Current,Voltage
0,0.0,0.000281334
1,0.0002,0.00824451
2,0.0004,0.0161099
3,0.0006,0.0239873
4,0.0008,0.0318789
5,0.001,0.0397229
