,Current,Voltage
0,0.0,0.00349927
1,8e-10,0.0104289
2,1.6e-09,0.0173328
3,2.4e-09,0.0242462
4,3.2e-09,0.031142
5,4e-09,0.038044
