,Current,Voltage
0,0.0,-1.36227
1,0.0002,-1.26549
2,0.0004,-1.15757
3,0.0006,-1.05105
4,0.0008,-0.944767
5,0.001,-0.83967
