,Current,Voltage
0,0.0,0.000927448
1,0.0002,0.773957
2,0.0004,2.85667
3,0.0006,2.82815
4,0.0008,10.0022
5,0.001,10.002
