,Current,Voltage
0,0.0,0.00196934
1,0.0002,0.0850844
2,0.0004,0.168841
3,0.0006,0.251877
4,0.0008,0.335646
5,0.001,0.418658
