,Current,Voltage
0,0.0,0.00762224
1,0.0002,0.305614
2,0.0004,0.606341
3,0.0006,0.904729
4,0.0008,1.20588
5,0.001,1.50485
