,Current,Voltage
0,0.0,0.000245571
1,0.0002,0.00620365
2,0.0004,0.012145
3,0.0006,0.0180435
4,0.0008,0.0239968
5,0.001,0.0299263
