,Current,Voltage
0,0.0,0.000462532
1,0.0002,0.0152826
2,0.0004,0.0301909
3,0.0006,0.0449562
4,0.0008,0.0598502
5,0.001,0.0746274
