,Current,Voltage
0,0.0,0.00524282
1,0.0002,0.21327
2,0.0004,0.423701
3,0.0006,0.633004
4,0.0008,0.845914
5,0.001,1.05872
