,Current,Voltage
0,0.0,0.000126362
1,0.0002,0.00257969
2,0.0004,0.00493526
3,0.0006,0.00731945
4,0.0008,0.00972033
5,0.001,0.0120258
