,Current,Voltage
0,0.0,-1.58212
1,0.0002,-1.24565
2,0.0004,-0.922029
3,0.0006,-0.600522
4,0.0008,-0.276544
5,0.001,0.0453639
