,Current,Voltage
0,0.0,7.62939e-05
1,0.0002,0.000216961
2,0.0004,0.000281334
3,0.0006,0.000362396
4,0.0008,0.000455379
5,0.001,0.0005126
