,Current,Voltage
0,0.0,0.00470638
1,0.0002,0.193901
2,0.0004,10.0021
3,0.0006,10.0022
4,0.0008,10.002
5,0.001,10.002
