,Current,Voltage
0,0.0,0.000183582
1,0.0002,0.00537395
2,0.0004,0.0104904
3,0.0006,0.0155711
4,0.0008,0.0207329
5,0.001,0.0258088
