,Current,Voltage
0,0.0,-1.40121
1,0.0002,-1.15981
2,0.0004,-0.909514
3,0.0006,-0.665412
4,0.0008,-0.423291
5,0.001,-0.186532
