,Current,Voltage
0,0.0,0.0267434
1,0.0002,0.536916
2,0.0004,1.00237
3,0.0006,1.45411
4,0.0008,1.88472
5,0.001,1.66308
