,Current,Voltage
0,0.0,0.000634193
1,0.0002,0.0220633
2,0.0004,0.0435734
3,0.0006,0.0649619
4,0.0008,10.0022
5,0.001,10.0021
