,Current,Voltage
0,0.0,0.000207424
1,0.0002,0.00529766
2,0.0004,0.010283
3,0.0006,0.0152969
4,0.0008,0.0202966
5,0.001,0.0252867
