,Current,Voltage
0,0.0,0.000331402
1,0.0002,0.0107789
2,0.0004,0.0212264
3,0.0006,0.031538
4,0.0008,0.0419831
5,0.001,0.0522971
