,Current,Voltage
0,0.0,0.000505447
1,0.0002,0.0171733
2,0.0004,0.0339556
3,0.0006,0.0505757
4,0.0008,0.067358
5,0.001,0.0839686
