,Current,Voltage
0,0.0,0.00138998
1,0.0002,0.0478625
2,0.0004,0.0964022
3,0.0006,0.000836849
4,0.0008,0.00104427
5,0.001,0.00125885
