,Current,Voltage
0,0.0,0.000116825
1,0.0002,0.000534058
2,0.0004,0.000941753
3,0.0006,0.00133753
4,0.0008,0.00174999
5,0.001,0.00208616
