,Current,Voltage
0,0.0,0.0384188
1,0.0002,0.34308
2,0.0004,0.476367
3,0.0006,0.565586
4,0.0008,0.724256
5,0.001,2.11459
