,Current,Voltage
0,0.0,-1.63268
1,0.0002,-1.5315
2,0.0004,-1.45583
3,0.0006,-1.38252
4,0.0008,-1.31105
5,0.001,-1.24234
