,Current,Voltage
0,0.0,0.00517845
1,0.0002,0.214295
2,0.0004,0.42521
3,0.0006,0.63441
4,0.0008,0.845389
5,0.001,1.05438
