,Current,Voltage
0,0.0,7.62939e-05
1,0.0002,0.00100851
2,0.0004,0.00188828
3,0.0006,0.00274658
4,0.0008,0.00359774
5,0.001,0.00446558
