,Current,Voltage
0,0.0,-0.000216961
1,0.0002,0.00893593
2,0.0004,0.0176358
3,0.0006,0.0263381
4,0.0008,0.0351524
5,0.001,0.0440264
