,Current,Voltage
0,0.0,0.00553608
1,0.0002,0.228753
2,0.0004,0.454125
3,0.0006,0.677562
4,0.0008,0.902891
5,0.001,1.12622
