,Current,Voltage
0,0.0,7.15256e-05
1,0.0002,0.00109673
2,0.0004,0.00202656
3,0.0006,0.00297546
4,0.0008,0.00390053
5,0.001,0.00483036
