,Current,Voltage
0,0.0,9.53674e-05
1,0.0002,0.00124931
2,0.0004,0.00233173
3,0.0006,0.00335693
4,0.0008,0.00442743
5,0.001,0.0055027
