,Current,Voltage
0,0.0,0.000164509
1,0.0002,0.00287056
2,0.0004,0.00552893
3,0.0006,0.00814199
4,0.0008,0.0107884
5,0.001,0.0134635
