,Current,Voltage
0,0.0,9.77516e-05
1,0.0002,0.00119209
2,0.0004,0.0022769
3,0.0006,0.00337601
4,0.0008,0.00445366
5,0.001,0.00552416
