,Current,Voltage
0,0.0,6.67572e-05
1,0.0002,0.00119925
2,0.0004,0.0023365
3,0.0006,0.003407
4,0.0008,0.00451803
5,0.001,0.00556469
