,Current,Voltage
0,0.0,0.000133514
1,0.0002,0.00116825
2,0.0004,0.00217676
3,0.0006,0.00315905
4,0.0008,0.00420094
5,0.001,0.00517607
