,Current,Voltage
0,0.0,8.82149e-05
1,0.0002,0.00105381
2,0.0004,0.00192881
3,0.0006,0.00286818
4,0.0008,0.00371218
5,0.001,0.00462294
