,Current,Voltage
0,0.0,0.000112057
1,0.0002,0.00278234
2,0.0004,0.00539303
3,0.0006,0.0080204
4,0.0008,0.010643
5,0.001,0.0132275
