,Current,Voltage
0,0.0,0.000112057
1,0.0002,0.000884533
2,0.0004,0.00166178
3,0.0006,0.0023675
4,0.0008,0.00314713
5,0.001,0.00389814
