,Current,Voltage
0,0.0,0.000112057
1,0.0002,0.00104904
2,0.0004,0.0019598
3,0.0006,0.00285625
4,0.0008,0.00379324
5,0.001,0.00472784
