,Current,Voltage
0,0.0,0.000169277
1,0.0002,0.00125408
2,0.0004,0.00231504
3,0.0006,0.00337601
4,0.0008,0.00446558
5,0.001,0.00551224
