,Current,Voltage
0,0.0,0.000143051
1,0.0002,0.00408888
2,0.0004,0.00795603
3,0.0006,0.0118089
4,0.0008,0.0157523
5,0.001,0.0195718
