,Current,Voltage
0,0.0,0.000116825
1,0.0002,0.00121593
2,0.0004,0.00223637
3,0.0006,0.00328779
4,0.0008,0.00433207
5,0.001,0.00534773
