,Current,Voltage
0,0.0,8.58307e-05
1,0.0002,0.000660419
2,0.0004,0.00122786
3,0.0006,0.00175714
4,0.0008,0.0022912
5,0.001,0.00278711
