,Current,Voltage
0,0.0,0.000112057
1,0.0002,0.0013113
2,0.0004,0.00246286
3,0.0006,0.00363588
4,0.0008,0.00475883
5,0.001,0.00591516
