,Current,Voltage
0,0.0,0.00015974
1,0.0002,0.00192642
2,0.0004,0.00363827
3,0.0006,0.00533581
4,0.0008,0.00704288
5,0.001,0.00876665
