,Current,Voltage
0,0.0,8.58307e-05
1,0.0002,0.000400543
2,0.0004,0.000696182
3,0.0006,0.000891685
4,0.0008,0.00119686
5,0.001,0.00142097
