,Current,Voltage
0,0.0,0.000143051
1,0.0002,0.0015521
2,0.0004,0.00297308
3,0.0006,0.00429392
4,0.0008,0.00570774
5,0.001,0.00706196
