,Current,Voltage
0,0.0,8.82149e-05
1,0.0002,0.0020957
2,0.0004,0.00404119
3,0.0006,0.00595808
4,0.0008,0.00789642
5,0.001,0.00986576
