,Current,Voltage
0,0.0,0.000138283
1,0.0002,0.00150442
2,0.0004,0.0028348
3,0.0006,0.00417233
4,0.0008,0.00550747
5,0.001,0.00683308
