,Current,Voltage
0,0.0,0.000128746
1,0.0002,0.00273466
2,0.0004,0.0052762
3,0.0006,0.00777721
4,0.0008,0.0102925
5,0.001,0.0128078
