,Current,Voltage
0,0.0,0.000119209
1,0.0002,0.000960827
2,0.0004,0.00178814
3,0.0006,0.00260592
4,0.0008,0.00342131
5,0.001,0.00423193
