,Current,Voltage
0,0.0,8.34465e-05
1,0.0002,0.00164509
2,0.0004,0.00316858
3,0.0006,0.00468731
4,0.0008,0.00619888
5,0.001,0.007689
