,Current,Voltage
0,0.0,8.82149e-05
1,0.0002,0.000801086
2,0.0004,0.00149012
3,0.0006,0.00216007
4,0.0008,0.00282526
5,0.001,0.0034833
