,Current,Voltage
0,0.0,6.67572e-05
1,0.0002,0.00168324
2,0.0004,0.00325441
3,0.0006,0.00480413
4,0.0008,0.00636339
5,0.001,0.00792265
