,Current,Voltage
0,0.0,9.05991e-05
1,0.0002,0.00110149
2,0.0004,0.00208616
3,0.0006,0.00304937
4,0.0008,0.00401258
5,0.001,0.00497103
