,Current,Voltage
0,0.0,7.15256e-05
1,0.0002,0.00128984
2,0.0004,0.00247717
3,0.0006,0.00363827
4,0.0008,0.00480413
5,0.001,0.00598669
