,Current,Voltage
0,0.0,8.34465e-05
1,0.0002,0.00154257
2,0.0004,0.00289202
3,0.0006,0.0042963
4,0.0008,0.00566006
5,0.001,0.00705242
