,Current,Voltage
0,0.0,9.29832e-05
1,0.0002,0.00247002
2,0.0004,0.00477314
3,0.0006,0.00703573
4,0.0008,0.00932932
5,0.001,0.0116396
