,Current,Voltage
0,0.0,6.91414e-05
1,0.0002,0.0015831
2,0.0004,0.00304937
3,0.0006,0.00446558
4,0.0008,0.0059104
5,0.001,0.00736952
