,Current,Voltage
0,0.0,0.000109673
1,0.0002,0.00127316
2,0.0004,0.00238895
3,0.0006,0.00350237
4,0.0008,0.00463486
5,0.001,0.00576496
