,Current,Voltage
0,0.0,0.00014782
1,0.0002,0.00121593
2,0.0004,0.00219107
3,0.0006,0.00318289
4,0.0008,0.00420094
5,0.001,0.00520468
