,Current,Voltage
0,0.0,0.000123978
1,0.0002,0.00151396
2,0.0004,0.00279903
3,0.0006,0.00411749
4,0.0008,0.00545502
5,0.001,0.00675201
