,Current,Voltage
0,0.0,0.000145435
1,0.0002,0.000855923
2,0.0004,0.00154972
3,0.0006,0.0022316
4,0.0008,0.00288486
5,0.001,0.00353813
