,Current,Voltage
0,0.0,0.00010252
1,0.0002,0.000681877
2,0.0004,0.00128269
3,0.0006,1.334
4,0.0008,2.84292
5,0.001,4.58029
