,Current,Voltage
0,0.0,6.19888e-05
1,0.0002,0.00114202
2,0.0004,0.00221491
3,0.0006,0.00322342
4,0.0008,0.0042367
5,0.001,0.00526667
