,Current,Voltage
0,0.0,8.34465e-05
1,0.0002,0.00139236
2,0.0004,0.00260592
3,0.0006,0.003829
4,0.0008,0.00508308
5,0.001,0.00633478
