,Current,Voltage
0,0.0,0.00367236
1,8e-10,0.00974274
2,1.6e-09,0.0157871
3,2.4e-09,0.0218472
4,3.2e-09,0.027916
5,4e-09,0.0339577
