,Current,Voltage
0,0.0,0.00631618
1,8e-10,0.0166211
2,1.6e-09,0.0269325
3,2.4e-09,0.0372159
4,3.2e-09,0.0475068
5,4e-09,0.057797
