,Current,Voltage
0,0.0,0.00272989
1,0.0002,0.0321651
2,0.0004,0.061543
3,0.0006,0.0907016
4,0.0008,0.120091
5,0.001,0.149238
