,Current,Voltage
0,0.0,-1.32018
1,0.0002,-1.21374
2,0.0004,-1.11401
3,0.0006,-1.01518
4,0.0008,-0.915937
5,0.001,-0.81717
