,Current,Voltage
0,0.0,-1.90768
1,0.0002,-1.83832
2,0.0004,-1.75918
3,0.0006,-1.68064
4,0.0008,-1.60186
5,0.001,-1.52377
