,Current,Voltage
0,0.0,-1.58312
1,0.0002,-1.47717
2,0.0004,-1.36254
3,0.0006,-1.2498
4,0.0008,-1.13866
5,0.001,-1.02898
