,Current,Voltage
0,0.0,-1.49673
1,0.0002,-1.28275
2,0.0004,-1.06725
3,0.0006,-0.853298
4,0.0008,-0.637071
5,0.001,-0.421691
