,Current,Voltage
0,0.0,0.00552654
1,0.0002,0.0226068
2,0.0004,0.0395823
3,0.0006,0.0564909
4,0.0008,0.0734901
5,0.001,0.0903034
