,Current,Voltage
0,0.0,-2.06005
1,0.0002,-1.90467
2,0.0004,-1.73868
3,0.0006,-1.57389
4,0.0008,-1.40831
5,0.001,-1.24334
