,Current,Voltage
0,0.0,0.00667572
1,0.0002,0.083971
2,0.0004,0.161829
3,0.0006,0.238993
4,0.0008,0.316875
5,0.001,0.394082
