,Current,Voltage
0,0.0,-2.01696
1,0.0002,-1.96873
2,0.0004,-1.90834
3,0.0006,-1.84909
4,0.0008,-1.78946
5,0.001,-1.73015
