,Current,Voltage
0,0.0,-2.00328
1,0.0002,-1.91164
2,0.0004,-1.80798
3,0.0006,-1.70511
4,0.0008,-1.60191
5,0.001,-1.49934
