,Current,Voltage
0,0.0,-0.0112653
1,0.0002,0.00677824
2,0.0004,0.0243807
3,0.0006,0.0416088
4,0.0008,0.0586939
5,0.001,0.0754547
