,Current,Voltage
0,0.0,-0.0676727
1,0.0002,0.127826
2,0.0004,0.230141
3,0.0006,0.327652
4,0.0008,0.426509
5,0.001,0.517764
