,Current,Voltage
0,0.0,-1.46468
1,0.0002,-0.113173
2,0.0004,1.22589
3,0.0006,2.51122
4,0.0008,2.88038
5,0.001,3.84543
