,Current,Voltage
0,0.0,-1.43342
1,0.0002,-1.43572
2,0.0004,-1.43813
3,0.0006,-1.44136
4,0.0008,-1.44554
5,0.001,-1.4483
