,Current,Voltage
0,0.0,-1.97022
1,0.0002,-1.87177
2,0.0004,-1.76356
3,0.0006,-1.65861
4,0.0008,-1.55397
5,0.001,-1.44416
