,Current,Voltage
0,0.0,0.000166893
1,0.0002,0.00350475
2,0.0004,0.00678301
3,0.0006,0.0100493
4,0.0008,0.0133014
5,0.001,0.0165319
