,Current,Voltage
0,0.0,-1.82395
1,0.0002,-1.72289
2,0.0004,-1.62866
3,0.0006,-1.53607
4,0.0008,-1.44025
5,0.001,-1.34647
