,Current,Voltage
0,0.0,0.0171733
1,0.0002,0.586309
2,0.0004,1.16325
3,0.0006,1.42396
4,0.0008,2.32147
5,0.001,2.8545
