,Current,Voltage
0,0.0,0.000226498
1,0.0002,0.00476122
2,0.0004,0.00923395
3,0.0006,0.0136662
4,0.0008,0.018177
5,0.001,0.0225759
