,Current,Voltage
0,0.0,-1.81354
1,0.0002,-1.51639
2,0.0004,-1.21399
3,0.0006,-0.904274
4,0.0008,-0.58383
5,0.001,-0.270739
