,Current,Voltage
0,0.0,-1.75648
1,0.0002,-1.69121
2,0.0004,-1.61647
3,0.0006,-1.54226
4,0.0008,-1.46788
5,0.001,-1.39398
