,Current,Voltage
0,0.0,-0.000896454
1,0.0002,0.112946
2,0.0004,0.214446
3,0.0006,0.312192
4,0.0008,0.403326
5,0.001,0.481033
