,Current,Voltage
0,0.0,0.00340462
1,0.0002,0.0307298
2,0.0004,0.057044
3,0.0006,0.0822258
4,0.0008,0.106654
5,0.001,0.130029
