,Current,Voltage
0,0.0,-2.0043
1,0.0002,-1.95507
2,0.0004,-1.90589
3,0.0006,-1.85701
4,0.0008,-1.8082
5,0.001,-1.75977
