,Current,Voltage
0,0.0,-2.03832
1,0.0002,-1.75192
2,0.0004,-1.45292
3,0.0006,-1.15523
4,0.0008,-0.853581
5,0.001,-0.553503
