,Current,Voltage
0,0.0,-1.35761
1,0.0002,-0.114086
2,0.0004,1.12759
3,0.0006,2.3783
4,0.0008,3.26155
5,0.001,4.60247
