,Current,Voltage
0,0.0,-1.99776
1,0.0002,-1.93987
2,0.0004,-1.88613
3,0.0006,-1.83281
4,0.0008,-1.77913
5,0.001,-1.72606
