,Current,Voltage
0,0.0,-2.06896
1,0.0002,-1.89701
2,0.0004,-1.72938
3,0.0006,-1.56304
4,0.0008,-1.39557
5,0.001,-1.2296
