,Current,Voltage
0,0.0,-1.96551
1,0.0002,-1.90351
2,0.0004,-1.84602
3,0.0006,-1.78876
4,0.0008,-1.73146
5,0.001,-1.67452
