,Current,Voltage
0,0.0,-1.98705
1,0.0002,-1.93438
2,0.0004,-1.87008
3,0.0006,-1.80636
4,0.0008,-1.74245
5,0.001,-1.67903
