,Current,Voltage
0,0.0,-0.012567
1,0.0002,0.0125217
2,0.0004,0.0169396
3,0.0006,0.019567
4,0.0008,0.0221801
5,0.001,0.0235033
