,Current,Voltage
0,0.0,0.00953674
1,0.0002,0.0518465
2,0.0004,0.0927067
3,0.0006,0.129778
4,0.0008,0.16433
5,0.001,0.197637
