,Current,Voltage
0,0.0,-1.39639
1,0.0002,-0.168231
2,0.0004,1.04165
3,0.0006,2.17629
4,0.0008,3.69288
5,0.001,4.92289
