,Current,Voltage
0,0.0,-0.000400543
1,0.0002,0.0777459
2,0.0004,0.156395
3,0.0006,0.234439
4,0.0008,0.313101
5,0.001,0.39103
