,Current,Voltage
0,0.0,-0.649042
1,0.0002,-0.354664
2,0.0004,-0.164666
3,0.0006,-0.00468731
4,0.0008,0.146697
5,0.001,0.29664
