,Current,Voltage
0,0.0,-1.99627
1,0.0002,-2.05453
2,0.0004,-2.11591
3,0.0006,-1.2424
4,0.0008,10.0024
5,0.001,10.0023
