,Current,Voltage
0,0.0,0.000190735
1,0.0002,0.00482798
2,0.0004,0.00941515
3,0.0006,0.013957
4,0.0008,0.0185204
5,0.001,0.0230646
