,Current,Voltage
0,0.0,0.00297546
1,0.0002,0.0397778
2,0.0004,0.0765514
3,0.0006,0.112927
4,0.0008,0.14956
5,0.001,0.18573
