,Current,Voltage
0,0.0,0.00603437
1,0.0002,0.0679851
2,0.0004,0.122621
3,0.0006,0.170915
4,0.0008,0.214612
5,0.001,0.254776
