,Current,Voltage
0,0.0,0.00631332
1,0.0002,0.0199986
2,0.0004,0.0335932
3,0.0006,0.0469899
4,0.0008,0.0605464
5,0.001,0.0739002
