,Current,Voltage
0,0.0,-1.94573
1,0.0002,-1.80029
2,0.0004,-1.82802
3,0.0006,-1.7714
4,0.0008,-1.7147
5,0.001,-1.65856
