,Current,Voltage
0,0.0,3.52729
1,0.0002,10.002
2,0.0004,9.99852
3,0.0006,10.0023
4,0.0008,10.0021
5,0.001,10.0021
