,Current,Voltage
0,0.0,0.000195503
1,0.0002,0.00496149
2,0.0004,0.00967026
3,0.0006,0.0143409
4,0.0008,0.019052
5,0.001,0.0237679
