,Current,Voltage
0,0.0,0.000174046
1,0.0002,0.00252008
2,0.0004,0.00491619
3,0.0006,0.0071454
4,0.0008,0.00941038
5,0.001,0.0116491
