,Current,Voltage
0,0.0,0.00014782
1,0.0002,0.00298262
2,0.0004,0.0057292
3,0.0006,0.00847578
4,0.0008,0.0112581
5,0.001,0.0139976
