,Current,Voltage
0,0.0,0.000209808
1,0.0002,0.00544548
2,0.0004,0.0106359
3,0.0006,0.0158
4,0.0008,0.0210142
5,0.001,0.0261927
