,Current,Voltage
0,0.0,0.000209808
1,0.0002,0.0049758
2,0.0004,0.00966549
3,0.0006,0.0143385
4,0.0008,0.019033
5,0.001,0.023756
