,Current,Voltage
0,0.0,0.000138283
1,0.0002,0.00267267
2,0.0004,0.00508308
3,0.0006,0.00749826
4,0.0008,0.00995398
5,0.001,0.0123572
