,Current,Voltage
0,0.0,0.000143051
1,0.0002,0.00256062
2,0.0004,0.00473261
3,0.0006,0.00701427
4,0.0008,0.00930071
5,0.001,0.0115371
