,Current,Voltage
0,0.0,0.000145435
1,0.0002,0.00319958
2,0.0004,0.00618696
3,0.0006,0.00917196
4,0.0008,0.0121522
5,0.001,0.0151229
