,Current,Voltage
0,0.0,0.000162125
1,0.0002,0.00256062
2,0.0004,0.0052309
3,0.0006,0.00754118
4,0.0008,0.0098753
5,0.001,0.0121689
