,Current,Voltage
0,0.0,0.000174046
1,0.0002,0.00300884
2,0.0004,0.0058198
3,0.0006,0.00855207
4,0.0008,0.0108051
5,0.001,0.0134087
