,Current,Voltage
0,0.0,0.00015974
1,0.0002,0.00299692
2,0.0004,0.00579357
3,0.0006,0.00853777
4,0.0008,0.0113106
5,0.001,0.0141025
