,Current,Voltage
0,0.0,0.000140667
1,0.0002,0.00441313
2,0.0004,0.00860929
3,0.0006,0.0127172
4,0.0008,0.0169086
5,0.001,0.0211096
