,Current,Voltage
0,0.0,0.000185966
1,0.0002,0.00244617
2,0.0004,0.00468969
3,0.0006,0.0069356
4,0.0008,0.00917435
5,0.001,0.0113893
