,Current,Voltage
0,0.0,0.000185966
1,0.0002,0.00415325
2,0.0004,0.00811338
3,0.0006,0.0120139
4,0.0008,0.0159907
5,0.001,0.0199294
