,Current,Voltage
0,0.0,0.00068903
1,0.0002,0.00315428
2,0.0004,0.00611067
3,0.0006,0.00906229
4,0.0008,0.0120425
5,0.001,0.0149488
