,Current,Voltage
0,0.0,0.00015974
1,0.0002,0.00313997
2,0.0004,0.00599861
3,0.0006,0.00888109
4,0.0008,0.0117612
5,0.001,0.0145793
