,Current,Voltage
0,0.0,0.00014782
1,0.0002,0.00295162
2,0.0004,0.00574112
3,0.0006,0.00846386
4,0.0008,0.0112462
5,0.001,0.0139427
