,Current,Voltage
0,0.0,0.000231266
1,0.0002,0.00656605
2,0.0004,0.0128818
3,0.0006,0.0191474
4,0.0008,0.0254917
5,0.001,0.0317335
