,Current,Voltage
0,0.0,0.000178814
1,0.0002,0.00487566
2,0.0004,0.0094986
3,0.0006,0.0140858
4,0.0008,0.0187039
5,0.001,0.0233006
