,Current,Voltage
0,0.0,0.000157356
1,0.0002,0.00277996
2,0.0004,0.00542402
3,0.0006,0.0080061
4,0.0008,0.0105977
5,0.001,0.0131679
