,Current,Voltage
0,0.0,0.00020504
1,0.0002,0.00484467
2,0.0004,0.00937939
3,0.0006,0.0139904
4,0.0008,0.0185704
5,0.001,0.02316
