,Current,Voltage
0,0.0,0.000185966
1,0.0002,0.00620365
2,0.0004,0.0121331
3,0.0006,0.0180554
4,0.0008,0.0239825
5,0.001,0.0299025
