,Current,Voltage
0,0.0,0.000107288
1,0.0002,0.00197411
2,0.0004,0.00377655
3,0.0006,0.00553846
4,0.0008,0.00732422
5,0.001,0.00911951
