,Current,Voltage
0,0.0,0.000143051
1,0.0002,0.00273943
2,0.0004,0.00525951
3,0.0006,0.00776768
4,0.0008,0.0102925
5,0.001,0.0128412
