,Current,Voltage
0,0.0,0.000240803
1,0.0002,0.00734568
2,0.0004,0.0143909
3,0.0006,0.0214267
4,0.0008,0.0285006
5,0.001,0.0354981
