,Current,Voltage
0,0.0,0.000152588
1,0.0002,0.00273943
2,0.0004,0.00519514
3,0.0006,0.00769854
4,0.0008,0.0102019
5,0.001,0.0126791
