,Current,Voltage
0,0.0,0.000209808
1,0.0002,0.00514746
2,0.0004,0.0100493
3,0.0006,0.0149322
4,0.0008,0.0198507
5,0.001,0.0247145
