,Current,Voltage
0,0.0,0.00014782
1,0.0002,0.00281572
2,0.0004,0.00537872
3,0.0006,0.00795126
4,0.0008,0.0105596
5,0.001,0.0131011
