,Current,Voltage
0,0.0,0.000157356
1,0.0002,0.00307798
2,0.0004,0.00596762
3,0.0006,0.00884771
4,0.0008,0.0117111
5,0.001,0.014565
