,Current,Voltage
0,0.0,0.000135899
1,0.0002,0.00276327
2,0.0004,0.00529766
3,0.0006,0.00779152
4,0.0008,0.0103307
5,0.001,0.0127935
