,Current,Voltage
0,0.0,0.000243187
1,0.0002,0.00471115
2,0.0004,0.00917673
3,0.0006,0.0136423
4,0.0008,0.0181437
5,0.001,0.0225592
