,Current,Voltage
0,0.0,0.000109673
1,0.0002,0.00225306
2,0.0004,0.00432491
3,0.0006,0.00637531
4,0.0008,0.00848055
5,0.001,0.0105596
