,Current,Voltage
0,0.0,0.00833035
1,0.0002,0.027504
2,0.0004,0.0468183
3,0.0006,0.0658464
4,0.0008,0.0850701
5,0.001,0.104039
