,Current,Voltage
0,0.0,0.00015974
1,0.0002,0.00276327
2,0.0004,0.00534773
3,0.0006,0.00794411
4,0.0008,0.0104952
5,0.001,0.0130796
