,Current,Voltage
0,0.0,0.00013113
1,0.0002,0.00317097
2,0.0004,0.00619411
3,0.0006,0.00913143
4,0.0008,0.0121689
5,0.001,0.0151253
