,Current,Voltage
0,0.0,0.000126362
1,0.0002,0.00231028
2,0.0004,0.0044775
3,0.0006,0.00667572
4,0.0008,0.00881672
5,0.001,0.0109673
