,Current,Voltage
0,0.0,0.000178814
1,0.0002,0.00424623
2,0.0004,0.00836611
3,0.0006,0.012393
4,0.0008,0.0164557
5,0.001,0.0205088
