,Current,Voltage
0,0.0,0.0149274
1,0.0002,0.0195336
2,0.0004,0.0239086
3,0.0006,0.0282502
4,0.0008,0.0326586
5,0.001,0.0369287
