,Current,Voltage
0,0.0,0.000123978
1,0.0002,0.00324249
2,0.0004,0.00636578
3,0.0006,0.00937223
4,0.0008,0.0124645
5,0.001,0.0155187
