,Current,Voltage
0,0.0,-1.48543
1,0.0002,-1.43772
2,0.0004,-1.39093
3,0.0006,-1.3448
4,0.0008,-1.29886
5,0.001,-1.25326
