,Current,Voltage
0,0.0,7.39098e-05
1,0.0002,0.00227451
2,0.0004,0.00437498
3,0.0006,0.00645638
4,0.0008,0.00858545
5,0.001,0.0106645
