,Current,Voltage
0,0.0,0.000166893
1,0.0002,0.0029707
2,0.0004,0.00575542
3,0.0006,0.00849724
4,0.0008,0.0112486
5,0.001,0.0139976
