,Current,Voltage
0,0.0,0.000126362
1,0.0002,0.00434637
2,0.0004,0.00846863
3,0.0006,0.0125694
4,0.0008,0.0167274
5,0.001,0.0208664
