,Current,Voltage
0,0.0,0.000135899
1,0.0002,0.00288248
2,0.0004,0.00564098
3,0.0006,0.00832796
4,0.0008,0.0110722
5,0.001,0.013783
