,Current,Voltage
0,0.0,0.000121593
1,0.0002,0.00218153
2,0.0004,0.00412226
3,0.0006,0.00606537
4,0.0008,0.00802755
5,0.001,0.00995159
