,Current,Voltage
0,0.0,0.000178814
1,0.0002,0.0050354
2,0.0004,0.00989676
3,0.0006,0.01472
4,0.0008,0.0195503
5,0.001,0.0243783
