,Current,Voltage
0,0.0,0.00017643
1,0.0002,0.00435352
2,0.0004,0.008564
3,0.0006,0.0127602
4,0.0008,0.0169349
5,0.001,0.021069
