,Current,Voltage
0,0.0,0.000228882
1,0.0002,0.00568628
2,0.0004,0.0111437
3,0.0006,0.0165701
4,0.0008,0.0220156
5,0.001,0.0274277
