,Current,Voltage
0,0.0,0.000138283
1,0.0002,0.00204086
2,0.0004,0.00396013
3,0.0006,0.00586748
4,0.0008,0.00775814
5,0.001,0.00965118
