,Current,Voltage
0,0.0,0.000150204
1,0.0002,0.00443935
2,0.0004,0.00869036
3,0.0006,0.0129437
4,0.0008,0.0172091
5,0.001,0.0214529
