,Current,Voltage
0,0.0,0.000116825
1,0.0002,0.00317335
2,0.0004,0.00617981
3,0.0006,0.00915527
4,0.0008,0.0121069
5,0.001,0.0150847
