,Current,Voltage
0,0.0,0.000162125
1,0.0002,0.00279188
2,0.0004,0.00540018
3,0.0006,0.00794649
4,0.0008,0.0105858
5,0.001,0.0131536
