,Current,Voltage
0,0.0,0.00023365
1,0.0002,0.00656366
2,0.0004,0.0128865
3,0.0006,0.0191069
4,0.0008,10.0021
5,0.001,10.0022
