,Current,Voltage
0,0.0,0.000216961
1,0.0002,0.00688076
2,0.0004,0.0135374
3,0.0006,0.0201678
4,0.0008,0.0268173
5,0.001,0.0334144
