,Current,Voltage
0,0.0,7.86781e-05
1,0.0002,0.00207663
2,0.0004,0.00398874
3,0.0006,0.0059247
4,0.0008,0.0077939
5,0.001,0.0097084
