,Current,Voltage
0,0.0,0.00638008
1,0.0002,0.0462937
2,0.0004,0.0864029
3,0.0006,0.126064
4,0.0008,0.16609
5,0.001,0.205588
