,Current,Voltage
0,0.0,0.0121784
1,0.0002,0.0334477
2,0.0004,0.0547147
3,0.0006,0.0757694
4,0.0008,0.0969982
5,0.001,0.118005
