,Current,Voltage
0,0.0,0.000109673
1,0.0002,0.00265121
2,0.0004,0.00515461
3,0.0006,0.00762224
4,0.0008,0.0100541
5,0.001,0.0125098
