,Current,Voltage
0,0.0,0.000135899
1,0.0002,0.00292063
2,0.0004,0.0056529
3,0.0006,0.00838518
4,0.0008,0.0111318
5,0.001,0.0138855
