,Current,Voltage
0,0.0,0.000164509
1,0.0002,0.00274658
2,0.0004,0.00527859
3,0.0006,0.00779867
4,0.0008,0.0102973
5,0.001,0.012815
