,Current,Voltage
0,0.0,0.000162125
1,0.0002,0.0033164
2,0.0004,0.00640392
3,0.0006,0.00948668
4,0.0008,0.0125837
5,0.001,0.0156569
