,Current,Voltage
0,0.0,0.00014782
1,0.0002,0.00375271
2,0.0004,0.00727892
3,0.0006,0.0107121
4,0.0008,0.0142622
5,0.001,0.0177193
