,Current,Voltage
0,0.0,0.000221729
1,0.0002,0.00657558
2,0.0004,0.0128651
3,0.0006,0.0191379
4,0.0008,0.0254321
5,0.001,0.0316906
