,Current,Voltage
0,0.0,0.000281334
1,0.0002,0.00919104
2,0.0004,0.0180697
3,0.0006,0.0268888
4,0.0008,0.0358224
5,0.001,0.0446486
