,Current,Voltage
0,0.0,0.000154972
1,0.0002,0.00229597
2,0.0004,0.00440359
3,0.0006,0.00649452
4,0.0008,0.00864267
5,0.001,0.0107265
