,Current,Voltage
0,0.0,0.000133514
1,0.0002,0.00277758
2,0.0004,0.00532866
3,0.0006,0.00790119
4,0.0008,0.0104523
5,0.001,0.013001
