,Current,Voltage
0,0.0,9.29832e-05
1,0.0002,0.00277758
2,0.0004,0.00546932
3,0.0006,0.00804186
4,0.0008,0.0106931
5,0.001,0.0133085
