,Current,Voltage
0,0.0,0.000119209
1,0.0002,0.0035882
2,0.0004,0.00702858
3,0.0006,0.0104213
4,0.0008,0.0138521
5,0.001,0.0172234
