,Current,Voltage
0,0.0,0.00020504
1,0.0002,0.00320196
2,0.0004,0.00620365
3,0.0006,0.00917196
4,0.0008,0.012176
5,0.001,0.0151658
