,Current,Voltage
0,0.0,0.000109673
1,0.0002,0.00267744
2,0.0004,0.00516653
3,0.0006,0.007658
4,0.0008,0.0101352
5,0.001,0.0125766
