,Current,Voltage
0,0.0,8.82149e-05
1,0.0002,0.00336409
2,0.0004,0.00658512
3,0.0006,0.00981569
4,0.0008,0.0130296
5,0.001,0.0162673
