,Current,Voltage
0,0.0,0.00036478
1,0.0002,0.010705
2,0.0004,0.0210738
3,0.0006,0.0313544
4,0.0008,0.0417638
5,0.001,0.0520158
