,Current,Voltage
0,0.0,0.000143051
1,0.0002,0.00378132
2,0.0004,0.0073266
3,0.0006,0.0108671
4,0.0008,0.0144744
5,0.001,0.018003
