,Current,Voltage
0,0.0,0.000164509
1,0.0002,0.00235796
2,0.0004,0.00456095
3,0.0006,0.00672102
4,0.0008,0.00886679
5,0.001,0.0110078
