,Current,Voltage
0,0.0,0.000162125
1,0.0002,0.00328779
2,0.0004,0.00636339
3,0.0006,0.00937462
4,0.0008,0.0124812
5,0.001,0.0155425
