,Current,Voltage
0,0.0,0.000164509
1,0.0002,0.00239849
2,0.0004,0.00460625
3,0.0006,0.00679493
4,0.0008,0.00901222
5,0.001,0.0111866
