,Current,Voltage
0,0.0,-1.40421
1,0.0002,-1.33533
2,0.0004,-1.27517
3,0.0006,-1.21535
4,0.0008,-1.15394
5,0.001,-1.09373
