,Current,Voltage
0,0.0,6.91414e-05
1,0.0002,0.00264168
2,0.0004,0.00512362
3,0.0006,0.00761747
4,0.0008,0.0101042
5,0.001,0.0126147
