,Current,Voltage
0,0.0,9.53674e-05
1,0.0002,0.00231504
2,0.0004,0.00442743
3,0.0006,0.00658035
4,0.0008,0.00873566
5,0.001,0.0108337
