,Current,Voltage
0,0.0,0.000119209
1,0.0002,0.00215769
2,0.0004,0.00418663
3,0.0006,0.00617266
4,0.0008,0.00823736
5,0.001,0.0101876
