,Current,Voltage
0,0.0,0.000460148
1,0.0002,0.0157094
2,0.0004,0.031023
3,0.0006,0.0462461
4,0.0008,0.0615263
5,0.001,0.0767231
