,Current,Voltage
0,0.0,8.58307e-05
1,0.0002,0.00308037
2,0.0004,0.00604153
3,0.0006,0.00894785
4,0.0008,0.0118446
5,0.001,0.0147724
