,Current,Voltage
0,0.0,0.000188351
1,0.0002,0.00337124
2,0.0004,0.00654936
3,0.0006,0.00964642
4,0.0008,0.0128174
5,0.001,0.0159502
