,Current,Voltage
0,0.0,0.00798202
1,8e-10,0.305115
2,1.6e-09,0.498718
3,2.4e-09,0.669517
4,3.2e-09,0.821297
5,4e-09,0.996096
