,Current,Voltage
0,0.0,0.00854206
1,8e-10,0.0247617
2,1.6e-09,0.0409269
3,2.4e-09,0.0570855
4,3.2e-09,0.0732133
5,4e-09,0.0893612
