,Current,Voltage
0,0.0,0.0573542
1,8e-10,0.0949228
2,1.6e-09,0.120865
3,2.4e-09,0.144788
4,3.2e-09,0.170783
5,4e-09,0.198725
