,Current,Voltage
0,0.0,0.0109372
1,8e-10,0.0313113
2,1.6e-09,0.0516565
3,2.4e-09,0.0719914
4,3.2e-09,0.0922878
5,4e-09,0.112631
