,Current,Voltage
0,0.0,0.00375462
1,8e-10,0.00986552
2,1.6e-09,0.0159862
3,2.4e-09,0.022083
4,3.2e-09,0.0281868
5,4e-09,0.0342965
