,Current,Voltage
0,0.0,0.00890565
1,8e-10,0.0254538
2,1.6e-09,0.0419407
3,2.4e-09,0.0584433
4,3.2e-09,0.0749221
5,4e-09,0.0914319
