,Current,Voltage
0,0.0,0.00399828
1,8e-10,0.0102534
2,1.6e-09,0.016485
3,2.4e-09,0.0227394
4,3.2e-09,0.0289795
5,4e-09,0.0352361
