,Current,Voltage
0,0.0,0.00601721
1,8e-10,0.0161803
2,1.6e-09,0.0263543
3,2.4e-09,0.0365372
4,3.2e-09,0.0467017
5,4e-09,0.0568652
