,Current,Voltage
0,0.0,0.00463772
1,8e-10,0.0133202
2,1.6e-09,0.0219789
3,2.4e-09,0.0306308
4,3.2e-09,0.0393078
5,4e-09,0.0479786
