,Current,Voltage
0,0.0,8.82149e-05
1,0.0002,0.00117064
2,0.0004,0.00223875
3,0.0006,0.00320673
4,0.0008,0.00425339
5,0.001,0.00525713
