,Current,Voltage
0,0.0,0.000107288
1,0.0002,0.00120401
2,0.0004,0.00227213
3,0.0006,0.00326633
4,0.0008,0.00433445
5,0.001,0.0053525
