,Current,Voltage
0,0.0,9.53674e-05
1,0.0002,0.00105619
2,0.0004,0.00199318
3,0.0006,0.00289917
4,0.0008,0.00386238
5,0.001,0.00476122
