,Current,Voltage
0,0.0,0.000143051
1,0.0002,0.00165224
2,0.0004,0.00316381
3,0.0006,0.00465155
4,0.0008,0.00615835
5,0.001,0.00762224
