,Current,Voltage
0,0.0,-1.66976
1,0.0002,-1.61957
2,0.0004,-1.57037
3,0.0006,-1.52179
4,0.0008,-1.47379
5,0.001,-1.42681
