,Current,Voltage
0,0.0,0.000152588
1,0.0002,0.00325441
2,0.0004,0.00627041
3,0.0006,0.00926018
4,0.0008,0.0122881
5,0.001,0.0152874
