,Current,Voltage
0,0.0,0.00013113
1,0.0002,0.00156641
2,0.0004,0.0029707
3,0.0006,0.00440836
4,0.0008,0.0058198
5,0.001,0.00723124
