,Current,Voltage
0,0.0,0.000140667
1,0.0002,0.00187874
2,0.0004,0.00349522
3,0.0006,0.00517607
4,0.0008,0.00679493
5,0.001,0.00844955
