,Current,Voltage
0,0.0,0.00013113
1,0.0002,0.00250816
2,0.0004,0.00477314
3,0.0006,0.0070715
4,0.0008,0.00938177
5,0.001,0.0116563
