,Current,Voltage
0,0.0,0.000138283
1,0.0002,0.00156403
2,0.0004,0.0029254
3,0.0006,0.004282
4,0.0008,0.00565767
5,0.001,0.00702858
