,Current,Voltage
0,0.0,0.000152588
1,0.0002,0.00164747
2,0.0004,0.00308514
3,0.0006,0.00451326
4,0.0008,0.00599384
5,0.001,0.00744343
