,Current,Voltage
0,0.0,0.000135899
1,0.0002,0.00125408
2,0.0004,0.00232458
3,0.0006,0.00337839
4,0.0008,0.00447512
5,0.001,0.00552177
