,Current,Voltage
0,0.0,0.000126362
1,0.0002,0.00145912
2,0.0004,0.00277519
3,0.0006,0.00405312
4,0.0008,0.00536442
5,0.001,0.00661612
