,Current,Voltage
0,0.0,0.000128746
1,0.0002,0.00136137
2,0.0004,0.00253677
3,0.0006,0.00370979
4,0.0008,0.00489473
5,0.001,0.00605822
