,Current,Voltage
0,0.0,0.000157356
1,0.0002,0.0014925
2,0.0004,0.00279427
3,0.0006,0.0041008
4,0.0008,0.00544548
5,0.001,0.0067091
