,Current,Voltage
0,0.0,9.29832e-05
1,0.0002,0.00130892
2,0.0004,0.00243425
3,0.0006,0.00357151
4,0.0008,0.0047493
5,0.001,0.00584602
