,Current,Voltage
0,0.0,0.000157356
1,0.0002,0.0011301
2,0.0004,0.00201941
3,0.0006,0.00295877
4,0.0008,0.00385284
5,0.001,0.00473738
