,Current,Voltage
0,0.0,0.000169277
1,0.0002,0.00179291
2,0.0004,0.00342131
3,0.0006,0.00504255
4,0.0008,0.00663996
5,0.001,0.00823259
