,Current,Voltage
0,0.0,0.00014782
1,0.0002,0.00324488
2,0.0004,0.00630379
3,0.0006,0.00935555
4,0.0008,0.0124264
5,0.001,0.0154972
