,Current,Voltage
0,0.0,0.000107288
1,0.0002,0.00162363
2,0.0004,0.00312567
3,0.0006,0.00460863
4,0.0008,0.00611067
5,0.001,0.00756502
