,Current,Voltage
0,0.0,0.000796318
1,0.0002,0.0277519
2,0.0004,0.054841
3,0.0006,0.0817132
4,0.0008,0.108998
5,0.001,0.135431
