,Current,Voltage
0,0.0,0.000150204
1,0.0002,0.00178099
2,0.0004,0.00335455
3,0.0006,0.00489712
4,0.0008,0.00647306
5,0.001,0.00805378
