,Current,Voltage
0,0.0,0.00014782
1,0.0002,0.00135422
2,0.0004,0.00256777
3,0.0006,0.00370026
4,0.0008,0.00492096
5,0.001,0.00606537
