,Current,Voltage
0,0.0,0.000171661
1,0.0002,0.00118971
2,0.0004,0.00220776
3,0.0006,0.00317812
4,0.0008,0.00420332
5,0.001,0.0051856
