,Current,Voltage
0,0.0,8.82149e-05
1,0.0002,0.00235796
2,0.0004,0.00456333
3,0.0006,0.00677824
4,0.0008,0.00896931
5,0.001,0.0111389
