,Current,Voltage
0,0.0,0.000154972
1,0.0002,0.00246286
2,0.0004,0.00476122
3,0.0006,0.00697136
4,0.0008,0.00925064
5,0.001,0.0115013
