,Current,Voltage
0,0.0,0.000178814
1,0.0002,0.00300407
2,0.0004,0.00583172
3,0.0006,0.00865459
4,0.0008,0.0114107
5,0.001,0.0141954
