,Current,Voltage
0,0.0,0.000107288
1,0.0002,0.00109911
2,0.0004,0.00206947
3,0.0006,0.00297785
4,0.0008,0.00393629
5,0.001,0.00484943
