,Current,Voltage
0,0.0,0.000150204
1,0.0002,0.00255108
2,0.0004,0.0048852
3,0.0006,0.00722647
4,0.0008,0.00959873
5,0.001,0.0119448
