,Current,Voltage
0,0.0,0.000112057
1,0.0002,0.00230074
2,0.0004,0.00448227
3,0.0006,0.00657797
4,0.0008,0.00870705
5,0.001,0.0108099
