,Current,Voltage
0,0.0,0.000109673
1,0.0002,0.00113964
2,0.0004,0.00210285
3,0.0006,0.0030756
4,0.0008,0.00402212
5,0.001,0.00498295
