,Current,Voltage
0,0.0,-1.36098
1,0.0002,-1.16359
2,0.0004,-0.993836
3,0.0006,-0.846426
4,0.0008,-0.717518
5,0.001,-0.603578
