,Current,Voltage
0,0.0,0.000138283
1,0.0002,0.00134706
2,0.0004,0.00254869
3,0.0006,0.00371933
4,0.0008,0.00493288
5,0.001,0.00613213
