,Current,Voltage
0,0.0,0.000123978
1,0.0002,0.00119209
2,0.0004,0.00220776
3,0.0006,0.00321627
4,0.0008,0.00425816
5,0.001,0.00528812
