,Current,Voltage
0,0.0,0.000154972
1,0.0002,0.00166416
2,0.0004,0.00312328
3,0.0006,0.00462294
4,0.0008,0.00609159
5,0.001,0.00756502
