,Current,Voltage
0,0.0,-0.254526
1,0.0002,-0.196106
2,0.0004,-0.151579
3,0.0006,-0.108016
4,0.0008,-0.0654769
5,0.001,-0.023973
