,Current,Voltage
0,0.0,0.000107288
1,0.0002,0.00123262
2,0.0004,0.00229597
3,0.0006,0.00330687
4,0.0008,0.00436068
5,0.001,0.00541687
