,Current,Voltage
0,0.0,0.000104904
1,0.0002,0.00155687
2,0.0004,0.00296116
3,0.0006,0.00435114
4,0.0008,0.00577211
5,0.001,0.00712633
