,Current,Voltage
0,0.0,0.000123978
1,0.0002,0.00115156
2,0.0004,0.0021863
3,0.0006,0.0031209
4,0.0008,0.00412941
5,0.001,0.00512362
