,Current,Voltage
0,0.0,0.000126362
1,0.0002,0.0013423
2,0.0004,0.00248194
3,0.0006,0.0036335
4,0.0008,0.00477076
5,0.001,0.00589371
