,Current,Voltage
0,0.0,0.000123978
1,0.0002,0.00144958
2,0.0004,0.00272751
3,0.0006,0.00402451
4,0.0008,0.00529766
5,0.001,0.00651121
