,Current,Voltage
0,0.0,0.000121593
1,0.0002,0.00105143
2,0.0004,0.00197172
3,0.0006,0.00283957
4,0.0008,0.0037384
5,0.001,0.00462294
