,Current,Voltage
0,0.0,0.000126362
1,0.0002,0.00134945
2,0.0004,0.00254631
3,0.0006,0.00369549
4,0.0008,0.00483036
5,0.001,0.006001
