,Current,Voltage
0,0.0,0.000126362
1,0.0002,0.00181437
2,0.0004,0.003407
3,0.0006,0.00504017
4,0.0008,0.00662327
5,0.001,0.00825644
