,Current,Voltage
0,0.0,0.000100136
1,0.0002,0.00117302
2,0.0004,0.00221014
3,0.0006,0.00325441
4,0.0008,0.00427961
5,0.001,0.00534058
