,Current,Voltage
0,0.0,0.000252724
1,0.0002,0.00778913
2,0.0004,0.0152731
3,0.0006,0.0226998
4,0.0008,0.0302315
5,0.001,0.0376153
