,Current,Voltage
0,0.0,0.000107288
1,0.0002,0.00116587
2,0.0004,0.00216961
3,0.0006,0.00320196
4,0.0008,0.00418186
5,0.001,0.00522852
