,Current,Voltage
0,0.0,0.00013113
1,0.0002,0.00133038
2,0.0004,0.00246763
3,0.0006,0.00365257
4,0.0008,0.00475168
5,0.001,0.00590086
