,Current,Voltage
0,0.0,0.00387859
1,8e-10,0.0100589
2,1.6e-09,0.0162222
3,2.4e-09,0.0223899
4,3.2e-09,0.0285516
5,4e-09,0.0347171
