,Current,Voltage
0,0.0,0.0048542
1,8e-10,0.0135455
2,1.6e-09,0.0219483
3,2.4e-09,0.0303504
4,3.2e-09,0.0387609
5,4e-09,0.0471914
