,Current,Voltage
0,0.0,0.00387239
1,8e-10,0.0148249
2,1.6e-09,0.02582
3,2.4e-09,0.036782
4,3.2e-09,0.0477362
5,4e-09,0.0586784
