,Current,Voltage
0,0.0,0.00369954
1,8e-10,0.0108287
2,1.6e-09,0.017947
3,2.4e-09,0.0250642
4,3.2e-09,0.0321875
5,4e-09,0.0393116
