,Current,Voltage
0,0.0,0.00372362
1,8e-10,0.0104401
2,1.6e-09,0.0171561
3,2.4e-09,0.0238676
4,3.2e-09,0.0305769
5,4e-09,0.037288
