,Current,Voltage
0,0.0,0.0035181
1,8e-10,0.00950336
2,1.6e-09,0.0154991
3,2.4e-09,0.0214901
4,3.2e-09,0.027492
5,4e-09,0.0334854
