,Current,Voltage
0,0.0,0.00244379
1,0.0002,0.0922966
2,0.0004,0.1829
3,0.0006,0.272846
4,0.0008,0.363488
5,0.001,0.453262
