,Current,Voltage
0,0.0,0.00038147
1,0.0002,2.79278
2,0.0004,10.0021
3,0.0006,10.0019
4,0.0008,10.0018
5,0.001,0.0632215
