,Current,Voltage
0,0.0,0.00036478
1,0.0002,0.00986338
2,0.0004,0.0193977
3,0.0006,0.0288773
4,0.0008,0.0383973
5,0.001,0.0478745
