,Current,Voltage
0,0.0,0.000259876
1,0.0002,0.00656605
2,0.0004,0.0127888
3,0.0006,0.0189877
4,0.0008,0.0252223
5,0.001,0.0314593
