,Current,Voltage
0,0.0,0.000293255
1,0.0002,0.00716448
2,0.0004,0.0140142
3,0.0006,0.0208092
4,0.0008,0.0276423
5,0.001,0.0344467
