,Current,Voltage
0,0.0,0.000207424
1,0.0002,0.00562429
2,0.0004,0.0110197
3,0.0006,0.0163722
4,0.0008,0.0217867
5,0.001,0.0270867
