,Current,Voltage
0,0.0,0.000452995
1,0.0002,0.0147104
2,0.0004,0.0290084
3,0.0006,0.0431943
4,0.0008,0.0575089
5,0.001,0.0716829
