,Current,Voltage
0,0.0,0.00196218
1,0.0002,0.000700951
2,0.0004,0.00368595
3,0.0006,3.44382
4,0.0008,10.0021
5,0.001,10.0019
