,Current,Voltage
0,0.0,0.000135899
1,0.0002,0.00304937
2,0.0004,0.00587225
3,0.0006,0.00862598
4,0.0008,0.0114775
5,0.001,0.0143051
