,Current,Voltage
0,0.0,0.000109673
1,0.0002,0.0022459
2,0.0004,0.00430107
3,0.0006,0.00633001
4,0.0008,0.00843048
5,0.001,0.0104523
