,Current,Voltage
0,0.0,0.000214577
1,0.0002,0.00484943
2,0.0004,0.00943184
3,0.0006,0.0140285
4,0.0008,0.0186443
5,0.001,0.0231886
