,Current,Voltage
0,0.0,0.000276566
1,0.0002,0.00858545
2,0.0004,0.0169015
3,0.0006,0.0251508
4,0.0008,0.0334907
5,0.001,0.0417447
