,Current,Voltage
0,0.0,-1.31466
1,0.0002,-1.27151
2,0.0004,-1.21691
3,0.0006,-1.16265
4,0.0008,-1.10832
5,0.001,-1.05427
