,Current,Voltage
0,0.0,0.000202656
1,0.0002,0.00388861
2,0.0004,0.00754833
3,0.0006,0.0111651
4,0.0008,0.0148106
5,0.001,0.0184155
