,Current,Voltage
0,0.0,-1.37368
1,0.0002,-1.30864
2,0.0004,-1.24557
3,0.0006,-1.18418
4,0.0008,-1.12386
5,0.001,-1.06485
