,Current,Voltage
0,0.0,-1.30711
1,0.0002,-1.19072
2,0.0004,-1.08151
3,0.0006,-0.972896
4,0.0008,-0.863869
5,0.001,-0.755601
