,Current,Voltage
0,0.0,-1.90596
1,0.0002,-1.83698
2,0.0004,-1.78307
3,0.0006,-1.72963
4,0.0008,-1.67606
5,0.001,-1.62287
