,Current,Voltage
0,0.0,0.000226498
1,0.0002,0.0049448
2,0.0004,0.00956059
3,0.0006,0.0142145
4,0.0008,0.0188446
5,0.001,0.0235033
