,Current,Voltage
0,0.0,-1.36518
1,0.0002,-1.28324
2,0.0004,-1.19005
3,0.0006,-1.09814
4,0.0008,-1.00601
5,0.001,-0.915112
