,Current,Voltage
0,0.0,0.00554562
1,0.0002,0.129187
2,0.0004,0.252895
3,0.0006,0.374835
4,0.0008,0.496821
5,0.001,0.616953
