,Current,Voltage
0,0.0,0.000181198
1,0.0002,0.00280857
2,0.0004,0.00544548
3,0.0006,0.00803947
4,0.0008,0.010643
5,0.001,0.0132179
