,Current,Voltage
0,0.0,0.000133514
1,0.0002,0.00278473
2,0.0004,0.0054121
3,0.0006,0.00801802
4,0.0008,0.0106359
5,0.001,0.0131965
