,Current,Voltage
0,0.0,0.000526905
1,0.0002,0.0278807
2,0.0004,0.0538993
3,0.0006,0.0784183
4,0.0008,0.101953
5,0.001,0.124128
