,Current,Voltage
0,0.0,0.000221729
1,0.0002,0.00430822
2,0.0004,0.00842094
3,0.0006,0.0124288
4,0.0008,0.0164843
5,0.001,0.0205612
