,Current,Voltage
0,0.0,0.000162125
1,0.0002,0.00227928
2,0.0004,0.00428915
3,0.0006,0.00631332
4,0.0008,0.00837326
5,0.001,0.0103641
