,Current,Voltage
0,0.0,0.000164509
1,0.0002,0.00175953
2,0.0004,0.00329971
3,0.0006,0.00482321
4,0.0008,0.00636339
5,0.001,0.00789165
