,Current,Voltage
0,0.0,0.00020504
1,0.0002,0.00443935
2,0.0004,0.0086236
3,0.0006,0.0128126
4,0.0008,0.017004
5,0.001,0.021143
