,Current,Voltage
0,0.0,0.000109673
1,0.0002,0.00068903
2,0.0004,0.00126123
3,0.0006,0.00185013
4,0.0008,0.00239134
5,0.001,0.00291586
