,Current,Voltage
0,0.0,0.000243187
1,0.0002,0.00530481
2,0.0004,0.010376
3,0.0006,0.0154042
4,0.0008,0.0204062
5,0.001,0.0254393
