,Current,Voltage
0,0.0,0.000181198
1,0.0002,0.00343323
2,0.0004,0.00661373
3,0.0006,0.00978231
4,0.0008,0.0129795
5,0.001,0.0161314
