,Current,Voltage
0,0.0,0.000302792
1,0.0002,0.00874996
2,0.0004,0.0171161
3,0.0006,0.0254726
4,0.0008,0.0338888
5,0.001,0.0422335
