,Current,Voltage
0,0.0,-0.0157785
1,0.0002,0.0390601
2,0.0004,0.0941396
3,0.0006,0.148685
4,0.0008,0.203698
5,0.001,0.25815
