,Current,Voltage
0,0.0,0.00118017
1,0.0002,0.0462103
2,0.0004,0.0916195
3,0.0006,0.136669
4,0.0008,0.182083
5,0.001,0.22718
