,Current,Voltage
0,0.0,0.049448
1,0.0002,0.000154972
2,0.0004,0.000107288
3,0.0006,8.82149e-05
4,0.0008,6.19888e-05
5,0.001,1.90735e-05
