,Current,Voltage
0,0.0,-1.41838
1,0.0002,-1.36515
2,0.0004,-1.3004
3,0.0006,-1.23621
4,0.0008,-1.1718
5,0.001,-1.10793
