,Current,Voltage
0,0.0,-1.38735
1,0.0002,-1.32182
2,0.0004,-1.2449
3,0.0006,-1.16869
4,0.0008,-1.09227
5,0.001,-1.01629
