,Current,Voltage
0,0.0,9.77516e-05
1,0.0002,0.000181198
2,0.0004,0.000240803
3,0.0006,0.000300407
4,0.0008,0.000345707
5,0.001,0.000355244
