,Current,Voltage
0,0.0,0.000214577
1,0.0002,0.00473261
2,0.0004,0.00923157
3,0.0006,0.0136924
4,0.0008,0.0181746
5,0.001,0.022645
