,Current,Voltage
0,0.0,-0.0187063
1,0.0002,0.00190973
2,0.0004,0.0034523
3,0.0006,0.00506163
4,0.0008,0.00668049
5,0.001,0.00831842
