,Current,Voltage
0,0.0,0.000202656
1,0.0002,0.00516653
2,0.0004,0.0101233
3,0.0006,0.0150919
4,0.0008,0.0200129
5,0.001,0.0249219
