,Current,Voltage
0,0.0,0.000824928
1,0.0002,0.0335789
2,0.0004,0.0666833
3,0.0006,0.099318
4,0.0008,0.131304
5,0.001,0.163844
