,Current,Voltage
0,0.0,0.00030756
1,0.0002,0.0111771
2,0.0004,0.0219989
3,0.0006,0.0327659
4,0.0008,0.0436521
5,0.001,0.0544143
