,Current,Voltage
0,0.0,0.000333786
1,0.0002,0.00930071
2,0.0004,0.0182509
3,0.0006,0.0271869
4,0.0008,0.0361586
5,0.001,0.045023
