,Current,Voltage
0,0.0,0.00119686
1,0.0002,0.0466657
2,0.0004,0.092485
3,0.0006,0.137975
4,0.0008,0.183887
5,0.001,0.229445
