,Current,Voltage
0,0.0,0.000283718
1,0.0002,0.00889301
2,0.0004,0.0175285
3,0.0006,0.0261021
4,0.0008,0.0347137
5,0.001,0.0432324
