,Current,Voltage
0,0.0,0.000212193
1,0.0002,0.0035429
2,0.0004,0.00685215
3,0.0006,0.0101328
4,0.0008,0.0134802
5,0.001,0.0167632
