,Current,Voltage
0,0.0,0.0129046
1,8e-10,0.0353234
2,1.6e-09,0.0575941
3,2.4e-09,0.0798488
4,3.2e-09,0.102107
5,4e-09,0.124356
