,Current,Voltage
0,0.0,0.000267029
1,0.0002,0.00743866
2,0.0004,0.0146365
3,0.0006,0.0217724
4,0.0008,0.0289822
5,0.001,0.0361109
