,Current,Voltage
0,0.0,0.000112057
1,0.0002,0.00209093
2,0.0004,0.00400305
3,0.0006,0.00585794
4,0.0008,0.00776768
5,0.001,0.00963449
