,Current,Voltage
0,0.0,0.266826
1,0.0002,0.00171185
2,0.0004,0.620239
3,0.0006,2.7226
4,0.0008,10.0022
5,0.001,10.002
