,Current,Voltage
0,0.0,0.000133514
1,0.0002,0.00255585
2,0.0004,0.00499249
3,0.0006,0.00737906
4,0.0008,0.00979185
5,0.001,0.0121689
