,Current,Voltage
0,0.0,-1.847
1,0.0002,-1.02708
2,0.0004,-0.161994
3,0.0006,0.542042
4,0.0008,4.5385
5,0.001,10.0021
