,Current,Voltage
0,0.0,0.000114441
1,0.0002,0.00191927
2,0.0004,0.00372648
3,0.0006,0.00543356
4,0.0008,0.0071907
5,0.001,0.00892162
