,Current,Voltage
0,0.0,0.000138283
1,0.0002,0.00203133
2,0.0004,0.00391006
3,0.0006,0.00575542
4,0.0008,0.00759125
5,0.001,0.00946999
