,Current,Voltage
0,0.0,8.58307e-05
1,0.0002,0.00176907
2,0.0004,0.00339746
3,0.0006,0.00503063
4,0.0008,0.00666618
5,0.001,0.00831127
