,Current,Voltage
0,0.0,0.000331402
1,0.0002,0.00906229
2,0.0004,0.0177217
3,0.0006,0.0263906
4,0.0008,0.0350571
5,0.001,0.0437331
