,Current,Voltage
0,0.0,0.000100136
1,0.0002,0.000884533
2,0.0004,0.00160217
3,0.0006,0.00234127
4,0.0008,0.00308514
5,0.001,0.00379562
