,Current,Voltage
0,0.0,0.000116825
1,0.0002,0.00142574
2,0.0004,0.00267982
3,0.0006,0.00391722
4,0.0008,0.00514507
5,0.001,0.00637531
