,Current,Voltage
0,0.0,0.000119209
1,0.0002,0.000658035
2,0.0004,0.00114441
3,0.0006,0.0016284
4,0.0008,0.00214815
5,0.001,0.00259638
