,Current,Voltage
0,0.0,9.05991e-05
1,0.0002,0.00133753
2,0.0004,0.00254154
3,0.0006,0.00371933
4,0.0008,0.00489712
5,0.001,0.00611782
