,Current,Voltage
0,0.0,0.000104904
1,0.0002,0.00267029
2,0.0004,0.00525951
3,0.0006,10.002
4,0.0008,10.0021
5,0.001,10.0019
