,Current,Voltage
0,0.0,6.67572e-05
1,0.0002,0.000472069
2,0.0004,0.000808239
3,0.0006,0.00120163
4,0.0008,0.00151873
5,0.001,0.0019145
