,Current,Voltage
0,0.0,7.86781e-05
1,0.0002,0.00103235
2,0.0004,0.00187397
3,0.0006,0.00276566
4,0.0008,0.00358582
5,0.001,0.00448942
