,Current,Voltage
0,0.0,0.000107288
1,0.0002,0.00187635
2,0.0004,0.00355005
3,0.0006,0.00521898
4,0.0008,0.00690699
5,0.001,0.00855446
