,Current,Voltage
0,0.0,0.000112057
1,0.0002,0.00136614
2,0.0004,0.00263691
3,0.0006,0.00382423
4,0.0008,0.00504494
5,0.001,0.00628233
