,Current,Voltage
0,0.0,0.000317097
1,0.0002,0.00942469
2,0.0004,0.0185323
3,0.0006,0.0275707
4,0.0008,0.0367546
5,0.001,0.0457954
