,Current,Voltage
0,0.0,8.10623e-05
1,0.0002,0.000898838
2,0.0004,0.00169754
3,0.0006,0.00248194
4,0.0008,0.00323057
5,0.001,0.00396013
