,Current,Voltage
0,0.0,0.000121593
1,0.0002,0.00225067
2,0.0004,0.00429392
3,0.0006,0.00633478
4,0.0008,0.00839472
5,0.001,0.0104547
