,Current,Voltage
0,0.0,8.82149e-05
1,0.0002,0.000724792
2,0.0004,0.00124454
3,0.0006,0.00186205
4,0.0008,0.0024128
5,0.001,0.00295877
