,Current,Voltage
0,0.0,0.000152588
1,0.0002,0.00270128
2,0.0004,0.00520706
3,0.0006,0.00772953
4,0.0008,0.0102472
5,0.001,0.0127387
