,Current,Voltage
0,0.0,0.000116825
1,0.0002,0.00117064
2,0.0004,0.00213861
3,0.0006,0.00314951
4,0.0008,0.00413895
5,0.001,0.00509977
