,Current,Voltage
0,0.0,-1.8743
1,0.0002,-1.52553
2,0.0004,-1.17358
3,0.0006,-0.824192
4,0.0008,-0.472598
5,0.001,-0.123954
