,Current,Voltage
0,0.0,0.000190735
1,0.0002,0.00262022
2,0.0004,0.00507116
3,0.0006,0.00745296
4,0.0008,0.00983477
5,0.001,0.0122213
