,Current,Voltage
0,0.0,0.00013113
1,0.0002,0.00293016
2,0.0004,0.00572681
3,0.0006,0.0084877
4,0.0008,0.0112724
5,0.001,0.0140071
