,Current,Voltage
0,0.0,8.82149e-05
1,0.0002,0.00121117
2,0.0004,0.00225306
3,0.0006,0.0033474
4,0.0008,0.00435829
5,0.001,0.00542402
