,Current,Voltage
0,0.0,0.00025034
1,0.0002,0.00669003
2,0.0004,0.013113
3,0.0006,0.0194573
4,0.0008,0.0259113
5,0.001,0.0322604
