,Current,Voltage
0,0.0,5.48363e-05
1,0.0002,0.0010848
2,0.0004,0.00206232
3,0.0006,0.00299454
4,0.0008,0.00393629
5,0.001,0.00488281
