,Current,Voltage
0,0.0,0.000121593
1,0.0002,0.00208378
2,0.0004,0.00398397
3,0.0006,0.00589371
4,0.0008,0.00776529
5,0.001,0.00967026
