,Current,Voltage
0,0.0,0.00013113
1,0.0002,0.00149012
2,0.0004,0.00282288
3,0.0006,0.00409126
4,0.0008,0.00542164
5,0.001,0.00672102
