,Current,Voltage
0,0.0,0.000107288
1,0.0002,0.00229836
2,0.0004,0.00447989
3,0.0006,0.00659466
4,0.0008,0.00872612
5,0.001,0.0108385
