,Current,Voltage
0,0.0,0.000107288
1,0.0002,0.00106812
2,0.0004,0.00194073
3,0.0006,0.00278711
4,0.0008,0.00370741
5,0.001,0.00453949
