,Current,Voltage
0,0.0,0.000166893
1,0.0002,0.00374556
2,0.0004,0.00727415
3,0.0006,0.0107694
4,0.0008,0.014298
5,0.001,0.0178123
