,Current,Voltage
0,0.0,0.000145435
1,0.0002,0.00236511
2,0.0004,0.00446796
3,0.0006,0.00662565
4,0.0008,0.00874996
5,0.001,0.0108361
