,Current,Voltage
0,0.0,8.82149e-05
1,0.0002,0.00219822
2,0.0004,0.00421286
3,0.0006,0.00625372
4,0.0008,0.00825405
5,0.001,0.0102663
