,Current,Voltage
0,0.0,8.82149e-05
1,0.0002,0.001719
2,0.0004,0.00330925
3,0.0006,0.00485182
4,0.0008,0.00640154
5,0.001,0.0080061
