,Current,Voltage
0,0.0,0.000107288
1,0.0002,0.00153303
2,0.0004,0.00299931
3,0.0006,0.00438213
4,0.0008,0.00579357
5,0.001,0.00724077
