,Current,Voltage
0,0.0,8.58307e-05
1,0.0002,0.000870228
2,0.0004,0.00156403
3,0.0006,0.00223398
4,0.0008,0.0029707
5,0.001,0.00363827
