,Current,Voltage
0,0.0,8.58307e-05
1,0.0002,0.00123262
2,0.0004,0.00230789
3,0.0006,0.00340939
4,0.0008,0.00447512
5,0.001,0.00556707
