,Current,Voltage
0,0.0,0.000112057
1,0.0002,0.00235081
2,0.0004,0.00453234
3,0.0006,0.00669718
4,0.0008,0.00890493
5,0.001,0.0110483
