,Current,Voltage
0,0.0,0.000104904
1,0.0002,0.00146627
2,0.0004,0.0027895
3,0.0006,0.00411749
4,0.0008,0.00541449
5,0.001,0.00677109
