,Current,Voltage
0,0.0,0.00015974
1,0.0002,0.00146866
2,0.0004,0.00277519
3,0.0006,0.00404358
4,0.0008,0.00535011
5,0.001,0.00660896
