,Current,Voltage
0,0.0,0.000426769
1,0.0002,0.0163078
2,0.0004,0.0322747
3,0.0006,0.0481272
4,0.0008,0.0640583
5,0.001,0.0798702
