,Current,Voltage
0,0.0,0.000166893
1,0.0002,0.00370026
2,0.0004,0.00721693
3,0.0006,0.0107074
4,0.0008,0.0141931
5,0.001,0.0176549
