,Current,Voltage
0,0.0,0.000121593
1,0.0002,0.00118971
2,0.0004,0.00225067
3,0.0006,0.00326157
4,0.0008,0.00431776
5,0.001,0.00537395
