,Current,Voltage
0,0.0,6.4373e-05
1,0.0002,0.00130653
2,0.0004,0.0025034
3,0.0006,0.00367403
4,0.0008,0.00488758
5,0.001,0.00607729
