,Current,Voltage
0,0.0,0.000538826
1,0.0002,0.0186682
2,0.0004,0.0369096
3,0.0006,0.0550318
4,0.0008,0.0732541
5,0.001,0.0913119
