,Current,Voltage
0,0.0,0.000100136
1,0.0002,0.00156403
2,0.0004,0.00296116
3,0.0006,0.00434399
4,0.0008,0.00574827
5,0.001,0.00714779
