,Current,Voltage
0,0.0,7.62939e-05
1,0.0002,0.00230074
2,0.0004,0.00440598
3,0.0006,0.0065136
4,0.0008,0.0086832
5,0.001,0.0107503
