,Current,Voltage
0,0.0,0.000112057
1,0.0002,0.0011754
2,0.0004,0.00212669
3,0.0006,0.00308514
4,0.0008,0.00404835
5,0.001,0.00500679
