,Current,Voltage
0,0.0,8.34465e-05
1,0.0002,0.00178099
2,0.0004,0.00342131
3,0.0006,0.00504971
4,0.0008,0.00668049
5,0.001,0.00831366
