,Current,Voltage
0,0.0,0.000245571
1,0.0002,0.00726223
2,0.0004,0.0142765
3,0.0006,0.0212169
4,0.0008,0.0282669
5,0.001,0.0352407
