,Current,Voltage
0,0.0,0.0144196
1,0.0002,0.0242329
2,0.0004,0.0339222
3,0.0006,0.0435424
4,0.0008,0.053184
5,0.001,0.0627637
