,Current,Voltage
0,0.0,0.000407696
1,0.0002,0.0131249
2,0.0004,0.0259519
3,0.0006,0.038662
4,0.0008,0.0514793
5,0.001,0.064187
