,Current,Voltage
0,0.0,0.00151396
1,0.0002,0.0605893
2,0.0004,0.120263
3,0.0006,0.179408
4,0.0008,0.239108
5,0.001,0.298235
