,Current,Voltage
0,0.0,0.00914574
1,0.0002,0.189176
2,0.0004,0.368404
3,0.0006,0.544364
4,0.0008,0.717916
5,0.001,0.889113
