,Current,Voltage
0,0.0,7.62939e-05
1,0.0002,0.00191927
2,0.0004,0.00371695
3,0.0006,0.00549078
4,0.0008,0.0072813
5,0.001,0.00902414
