,Current,Voltage
0,0.0,0.00313044
1,0.0002,0.00462294
2,0.0004,0.00599146
3,0.0006,0.00735283
4,0.0008,0.0087142
5,0.001,0.010004
