,Current,Voltage
0,0.0,8.82149e-05
1,0.0002,0.00071764
2,0.0004,0.00124693
3,0.0006,0.00179052
4,0.0008,0.00236273
5,0.001,0.00287294
