,Current,Voltage
0,0.0,0.00010252
1,0.0002,0.00164032
2,0.0004,0.00313282
3,0.0006,0.00463009
4,0.0008,0.00609636
5,0.001,0.00760317
