,Current,Voltage
0,0.0,0.000114441
1,0.0002,0.00153065
2,0.0004,0.00286818
3,0.0006,0.00415325
4,0.0008,0.00547409
5,0.001,0.00679493
