,Current,Voltage
0,0.0,0.000174046
1,0.0002,0.00299215
2,0.0004,0.00584602
3,0.0006,0.00861883
4,0.0008,0.0114155
5,0.001,0.0141978
