,Current,Voltage
0,0.0,-1.43919
1,0.0002,-1.35432
2,0.0004,-1.26082
3,0.0006,-1.17007
4,0.0008,-1.08102
5,0.001,-0.994267
