,Current,Voltage
0,0.0,0.000171661
1,0.0002,0.00505924
2,0.0004,0.00993252
3,0.0006,0.0147414
4,0.0008,0.0195765
5,0.001,0.0244188
