,Current,Voltage
0,0.0,0.000138283
1,0.0002,0.00183105
2,0.0004,0.00352383
3,0.0006,0.00525236
4,0.0008,0.00689745
5,0.001,0.00854969
