,Current,Voltage
0,0.0,-1.34323
1,0.0002,-1.25635
2,0.0004,-1.17996
3,0.0006,-1.10451
4,0.0008,-1.02931
5,0.001,-0.955143
