,Current,Voltage
0,0.0,0.000114441
1,0.0002,0.000975132
2,0.0004,0.001719
3,0.0006,0.00251055
4,0.0008,0.00329256
5,0.001,0.00406504
