,Current,Voltage
0,0.0,0.000100136
1,0.0002,0.00125647
2,0.0004,0.00245571
3,0.0006,0.00356436
4,0.0008,0.00474215
5,0.001,0.00588655
