,Current,Voltage
0,0.0,0.00297785
1,0.0002,0.11272
2,0.0004,0.223367
3,0.0006,0.33282
4,0.0008,0.444
5,0.001,0.550196
