,Current,Voltage
0,0.0,0.00640154
1,0.0002,0.261638
2,0.0004,0.451763
3,0.0006,0.595396
4,0.0008,0.676904
5,0.001,0.731578
