,Current,Voltage
0,0.0,0.000128746
1,0.0002,0.00290394
2,0.0004,0.00561476
3,0.0006,0.00832081
4,0.0008,0.0110173
5,0.001,0.0137639
