,Current,Voltage
0,0.0,-1.2068
1,0.0002,-0.946469
2,0.0004,-0.743871
3,0.0006,-0.583196
4,0.0008,-0.454414
5,0.001,-0.35054
