,Current,Voltage
0,0.0,0.000314713
1,0.0002,0.00931978
2,0.0004,0.018301
3,0.0006,0.0272632
4,0.0008,0.0362349
5,0.001,0.0451589
