,Current,Voltage
0,0.0,-1.30908
1,0.0002,-1.24738
2,0.0004,-1.2023
3,0.0006,-1.15768
4,0.0008,-1.1131
5,0.001,-1.06863
