,Current,Voltage
0,0.0,0.000197887
1,0.0002,0.00669003
2,0.0004,0.0130725
3,0.0006,0.0193858
4,0.0008,0.0243378
5,0.001,0.0306654
