,Current,Voltage
0,0.0,0.000133514
1,0.0002,0.00159979
2,0.0004,0.00304699
3,0.0006,0.00443697
4,0.0008,0.00586987
5,0.001,0.00729561
