,Current,Voltage
0,0.0,0.00020504
1,0.0002,0.00379086
2,0.0004,0.0073123
3,0.0006,0.01086
4,0.0008,0.0143981
5,0.001,0.0179148
