,Current,Voltage
0,0.0,0.00036478
1,0.0002,0.0113678
2,0.0004,0.0223708
3,0.0006,0.0332928
4,0.0008,0.0443602
5,0.001,0.0552249
