,Current,Voltage
0,0.0,-0.444601
1,0.0002,-0.340562
2,0.0004,-0.241747
3,0.0006,-0.148978
4,0.0008,-0.0602818
5,0.001,0.0231385
