,Current,Voltage
0,0.0,-1.14069
1,0.0002,-0.58543
2,0.0004,-0.169399
3,0.0006,0.152035
4,0.0008,0.427988
5,0.001,10.0021
