,Current,Voltage
0,0.0,0.000123978
1,0.0002,0.00291586
2,0.0004,0.00570536
3,0.0006,0.00844479
4,0.0008,0.0112033
5,0.001,0.0139356
