,Current,Voltage
0,0.0,0.0118563
1,8e-10,0.0323315
2,1.6e-09,0.05269
3,2.4e-09,0.0730217
4,3.2e-09,0.0933774
5,4e-09,0.113716
