,Current,Voltage
0,0.0,0.00358748
1,8e-10,0.0101852
2,1.6e-09,0.0167899
3,2.4e-09,0.0233886
4,3.2e-09,0.0300066
5,4e-09,0.0366175
