,Current,Voltage
0,0.0,0.000135899
1,0.0002,0.00159264
2,0.0004,0.00300169
3,0.0006,0.00440836
4,0.0008,0.00582218
5,0.001,0.00721693
