,Current,Voltage
0,0.0,6.91414e-05
1,0.0002,0.00114202
2,0.0004,0.0021553
3,0.0006,0.00318766
4,0.0008,0.00420332
5,0.001,0.00514269
