,Current,Voltage
0,0.0,0.000154972
1,0.0002,0.00135183
2,0.0004,0.00250578
3,0.0006,0.0036478
4,0.0008,0.00474453
5,0.001,0.00591516
