,Current,Voltage
0,0.0,0.0247359
1,0.0002,0.0327063
2,0.0004,0.0401306
3,0.0006,0.0471783
4,0.0008,0.0539756
5,0.001,0.0604081
