,Current,Voltage
0,0.0,0.000143051
1,0.0002,0.00239849
2,0.0004,0.00464201
3,0.0006,0.00680685
4,0.0008,0.00901937
5,0.001,0.0111794
