,Current,Voltage
0,0.0,0.000116825
1,0.0002,0.001266
2,0.0004,0.00234127
3,0.0006,0.00339508
4,0.0008,0.00449657
5,0.001,0.00552416
