,Current,Voltage
0,0.0,0.00013113
1,0.0002,0.00129223
2,0.0004,0.00242949
3,0.0006,0.00353575
4,0.0008,0.00464678
5,0.001,0.00570774
