,Current,Voltage
0,0.0,9.29832e-05
1,0.0002,0.000658035
2,0.0004,0.00115633
3,0.0006,0.00164747
4,0.0008,0.00213623
5,0.001,0.00261784
