,Current,Voltage
0,0.0,0.000145435
1,0.0002,0.00190735
2,0.0004,0.00370264
3,0.0006,0.00543356
4,0.0008,0.00719547
5,0.001,0.00897169
