,Current,Voltage
0,0.0,0.00290632
1,0.0002,0.00716448
2,0.0004,0.0111842
3,0.0006,0.0151801
4,0.0008,0.0191617
5,0.001,0.0231314
