,Current,Voltage
0,0.0,0.00015974
1,0.0002,0.000920296
2,0.0004,0.00165939
3,0.0006,0.00236273
4,0.0008,0.00312567
5,0.001,0.00381231
