,Current,Voltage
0,0.0,0.00231743
1,0.0002,0.00785112
2,0.0004,0.0131822
3,0.0006,0.0184512
4,0.0008,0.0236845
5,0.001,0.0288868
