,Current,Voltage
0,0.0,0.000133514
1,0.0002,0.000944138
2,0.0004,0.00160694
3,0.0006,0.00231743
4,0.0008,0.00303984
5,0.001,0.00377655
