,Current,Voltage
0,0.0,0.000119209
1,0.0002,0.0011301
2,0.0004,0.00207186
3,0.0006,0.00303984
4,0.0008,0.0039649
5,0.001,0.00490189
