,Current,Voltage
0,0.0,0.000104904
1,0.0002,0.00108957
2,0.0004,0.00204563
3,0.0006,0.003016
4,0.0008,0.00396729
5,0.001,0.00488758
