,Current,Voltage
0,0.0,0.000126362
1,0.0002,0.00120163
2,0.0004,0.00216961
3,0.0006,0.00313759
4,0.0008,0.00412464
5,0.001,0.00509262
