,Current,Voltage
0,0.0,9.77516e-05
1,0.0002,0.000915527
2,0.0004,0.00163794
3,0.0006,0.00240564
4,0.0008,0.00316381
5,0.001,0.0039196
