,Current,Voltage
0,0.0,0.0205469
1,0.0002,0.0247693
2,0.0004,0.0285244
3,0.0006,0.0320339
4,0.0008,0.0353432
5,0.001,0.0384998
