,Current,Voltage
0,0.0,0.000154972
1,0.0002,0.00128984
2,0.0004,0.00239611
3,0.0006,0.00347137
4,0.0008,0.00461578
5,0.001,0.00564814
