,Current,Voltage
0,0.0,0.00393629
1,0.0002,0.119243
2,0.0004,0.123575
3,0.0006,0.127962
4,0.0008,0.132434
5,0.001,0.136898
