,Current,Voltage
0,0.0,0.000152588
1,0.0002,0.000903606
2,0.0004,0.00163794
3,0.0006,0.00235319
4,0.0008,0.0031209
5,0.001,0.00381708
