,Current,Voltage
0,0.0,0.000133514
1,0.0002,0.00143528
2,0.0004,0.00276566
3,0.0006,0.0040555
4,0.0008,0.00534773
5,0.001,0.00663519
