,Current,Voltage
0,0.0,0.000143051
1,0.0002,0.00102043
2,0.0004,0.0019145
3,0.0006,0.00277519
4,0.0008,0.00360489
5,0.001,0.00448465
