,Current,Voltage
0,0.0,0.000150204
1,0.0002,0.00121593
2,0.0004,0.00222206
3,0.0006,0.00323057
4,0.0008,0.00422716
5,0.001,0.00524759
