,Current,Voltage
0,0.0,0.000114441
1,0.0002,0.000994205
2,0.0004,0.00178099
3,0.0006,0.00260353
4,0.0008,0.00337601
5,0.001,0.00418186
