,Current,Voltage
0,0.0,6.19888e-05
1,0.0002,0.000872612
2,0.0004,0.00161409
3,0.0006,0.00230551
4,0.0008,0.00303268
5,0.001,0.00378609
