,Current,Voltage
0,0.0,0.000114441
1,0.0002,0.000796318
2,0.0004,0.00140667
3,0.0006,0.00201941
4,0.0008,0.00262976
5,0.001,0.00324965
