,Current,Voltage
0,0.0,0.000174046
1,0.0002,0.00247717
2,0.0004,0.00469923
3,0.0006,0.00689745
4,0.0008,0.00919104
5,0.001,0.0114536
