,Current,Voltage
0,0.0,9.77516e-05
1,0.0002,0.000798702
2,0.0004,0.00145912
3,0.0006,0.00213385
4,0.0008,0.00280142
5,0.001,0.00346184
