,Current,Voltage
0,0.0,0.000116825
1,0.0002,0.00180721
2,0.0004,0.00338078
3,0.0006,0.00498295
4,0.0008,0.00661612
5,0.001,0.00820398
