,Current,Voltage
0,0.0,0.00015974
1,0.0002,0.00293732
2,0.0004,0.00564337
3,0.0006,0.00834227
4,0.0008,0.0110435
5,0.001,0.013783
