,Current,Voltage
0,0.0,8.10623e-05
1,0.0002,0.00103235
2,0.0004,0.00187635
3,0.0006,0.00275135
4,0.0008,0.00358343
5,0.001,0.0044179
