,Current,Voltage
0,0.0,0.000126362
1,0.0002,0.000872612
2,0.0004,0.00151873
3,0.0006,0.00225544
4,0.0008,0.00288486
5,0.001,0.00359058
