,Current,Voltage
0,0.0,0.00857115
1,0.0002,0.0161338
2,0.0004,0.0249195
3,0.0006,0.0336242
4,0.0008,0.0423551
5,0.001,0.0510526
