,Current,Voltage
0,0.0,0.032258
1,0.0002,0.0406957
2,0.0004,0.0487208
3,0.0006,0.0559688
4,0.0008,0.06284
5,0.001,0.0691748
