,Current,Voltage
0,0.0,0.000107288
1,0.0002,0.000989437
2,0.0004,0.00179291
3,0.0006,0.00261784
4,0.0008,0.00342846
5,0.001,0.00427246
