,Current,Voltage
0,0.0,0.00375748
1,0.0002,0.00800848
2,0.0004,0.0121427
3,0.0006,0.0161815
4,0.0008,0.0202489
5,0.001,0.0242043
