,Current,Voltage
0,0.0,9.05991e-05
1,0.0002,0.00104666
2,0.0004,0.0019145
3,0.0006,0.00280619
4,0.0008,0.00370026
5,0.001,0.00460386
