,Current,Voltage
0,0.0,0.000164509
1,0.0002,0.00332117
2,0.0004,0.00636101
3,0.0006,0.0094533
4,0.0008,0.0125217
5,0.001,0.0155902
