,Current,Voltage
0,0.0,0.00577211
1,0.0002,0.0106788
2,0.0004,0.0154638
3,0.0006,0.0201344
4,0.0008,0.0249028
5,0.001,0.0295186
