,Current,Voltage
0,0.0,0.000109673
1,0.0002,0.00168085
2,0.0004,0.00326872
3,0.0006,0.00476122
4,0.0008,0.00627995
5,0.001,0.00779629
