,Current,Voltage
0,0.0,0.000190735
1,0.0002,0.00180483
2,0.0004,0.00341892
3,0.0006,0.00498295
4,0.0008,0.00655651
5,0.001,0.00818014
