,Current,Voltage
0,0.0,0.000145435
1,0.0002,0.00175238
2,0.0004,0.00326872
3,0.0006,0.00476599
4,0.0008,0.00625372
5,0.001,0.00775099
