,Current,Voltage
0,0.0,0.000152588
1,0.0002,0.00217676
2,0.0004,0.00413179
3,0.0006,0.00612497
4,0.0008,0.00809193
5,0.001,0.0100684
