,Current,Voltage
0,0.0,0.000145435
1,0.0002,0.00231743
2,0.0004,0.00439882
3,0.0006,0.0064683
4,0.0008,0.00859022
5,0.001,0.0106049
