,Current,Voltage
0,0.0,0.000104904
1,0.0002,0.00160217
2,0.0004,0.00293493
3,0.0006,0.00431299
4,0.0008,0.00572205
5,0.001,0.0070715
