,Current,Voltage
0,0.0,0.000119209
1,0.0002,4.06591
2,0.0004,6.78791
3,0.0006,10.002
4,0.0008,10.0019
5,0.001,10.0019
