,Current,Voltage
0,0.0,0.000190735
1,0.0002,0.00341654
2,0.0004,0.0065589
3,0.0006,0.00968695
4,0.0008,0.0128436
5,0.001,0.0159883
