,Current,Voltage
0,0.0,0.000183582
1,0.0002,0.00169992
2,0.0004,0.0032568
3,0.0006,0.00473976
4,0.0008,0.00623941
5,0.001,0.00776291
