,Current,Voltage
0,0.0,0.00013113
1,0.0002,0.0014472
2,0.0004,0.00272036
3,0.0006,0.00398397
4,0.0008,0.00524521
5,0.001,0.00650883
