,Current,Voltage
0,0.0,0.00108004
1,0.0002,0.00169039
2,0.0004,0.00311613
3,0.0006,1.53364
4,0.0008,2.40731
5,0.001,2.77199
