,Current,Voltage
0,0.0,0.000150204
1,0.0002,0.00215054
2,0.0004,0.00406742
3,0.0006,0.00600576
4,0.0008,0.00796795
5,0.001,0.00991344
