,Current,Voltage
0,0.0,0.00017643
1,0.0002,0.00279665
2,0.0004,0.00538111
3,0.0006,0.00797272
4,0.0008,0.0105309
5,0.001,0.0131559
