,Current,Voltage
0,0.0,0.000138283
1,0.0002,0.00127554
2,0.0004,0.00232935
3,0.0006,0.00336885
4,0.0008,0.955095
5,0.001,2.29769
