,Current,Voltage
0,0.0,0.000190735
1,0.0002,0.00159264
2,0.0004,0.00295401
3,0.0006,0.00432253
4,0.0008,0.00571489
5,0.001,0.00705242
