,Current,Voltage
0,0.0,0.000193119
1,0.0002,0.00221252
2,0.0004,0.00421286
3,0.0006,0.00616789
4,0.0008,0.00817537
5,0.001,0.0101089
