,Current,Voltage
0,0.0,9.53674e-05
1,0.0002,0.00170946
2,0.0004,0.00330448
3,0.0006,0.00482082
4,0.0008,0.006392
5,0.001,0.0078845
