,Current,Voltage
0,0.0,0.00014782
1,0.0002,0.00164032
2,0.0004,0.00307322
3,0.0006,0.00445843
4,0.0008,0.00589848
5,0.001,0.00727892
