,Current,Voltage
0,0.0,0.000169277
1,0.0002,0.00220537
2,0.0004,0.00427246
3,0.0006,0.0063324
4,0.0008,0.0083828
5,0.001,0.0104189
