,Current,Voltage
0,0.0,0.00013113
1,0.0002,0.00181913
2,0.0004,0.00345945
3,0.0006,0.00506878
4,0.0008,0.0067091
5,0.001,0.00832081
