,Current,Voltage
0,0.0,0.000157356
1,0.0002,0.00195742
2,0.0004,0.00364304
3,0.0006,0.00535727
4,0.0008,0.00704527
5,0.001,0.00873327
