,Current,Voltage
0,0.0,0.00017643
1,0.0002,0.00252485
2,0.0004,0.00479698
3,0.0006,0.00705719
4,0.0008,0.00935555
5,0.001,0.0116229
