,Current,Voltage
0,0.0,0.000145435
1,0.0002,0.00331163
2,0.0004,0.00643492
3,0.0006,0.00948191
4,0.0008,0.0126147
5,0.001,0.0156999
