,Current,Voltage
0,0.0,0.000154972
1,0.0002,0.00153542
2,0.0004,0.0028944
3,0.0006,0.00422716
4,0.0008,0.00559568
5,0.001,0.0069046
