,Current,Voltage
0,0.0,0.000157356
1,0.0002,0.0018692
2,0.0004,0.00350714
3,0.0006,0.0051713
4,0.0008,0.00677347
5,0.001,0.00842571
