,Current,Voltage
0,0.0,0.000145435
1,0.0002,0.00191927
2,0.0004,0.00368357
3,0.0006,0.00546217
4,0.0008,0.0071311
5,0.001,0.00885963
