,Current,Voltage
0,0.0,0.000183582
1,0.0002,0.00242233
2,0.0004,0.00457764
3,0.0006,0.00675201
4,0.0008,0.00890255
5,0.001,0.0110602
