,Current,Voltage
0,0.0,0.000166893
1,0.0002,0.00181913
2,0.0004,0.00340939
3,0.0006,0.00491619
4,0.0008,0.00650644
5,0.001,0.00811338
