,Current,Voltage
0,0.0,0.000166893
1,0.0002,0.00279665
2,0.0004,0.00538111
3,0.0006,0.00791311
4,0.0008,0.0104666
5,0.001,0.01302
