,Current,Voltage
0,0.0,0.00010252
1,0.0002,0.00233173
2,0.0004,0.00443697
3,0.0006,0.00658989
4,0.0008,0.00869513
5,0.001,0.0108051
