,Current,Voltage
0,0.0,0.000145435
1,0.0002,0.00165462
2,0.0004,0.00319004
3,0.0006,0.00474453
4,0.0008,0.00622511
5,0.001,0.0077486
