,Current,Voltage
0,0.0,0.000152588
1,0.0002,0.00164986
2,0.0004,0.00316858
3,0.0006,0.00464916
4,0.0008,0.00612974
5,0.001,0.00761271
