,Current,Voltage
0,0.0,0.000109673
1,0.0002,0.00159502
2,0.0004,0.00305414
3,0.0006,0.00447512
4,0.0008,0.00588894
5,0.001,0.00734329
