,Current,Voltage
0,0.0,0.000190735
1,0.0002,0.00195503
2,0.0004,0.00361204
3,0.0006,0.0053215
4,0.0008,0.00701666
5,0.001,0.0086236
