,Current,Voltage
0,0.0,0.000171661
1,0.0002,0.00165224
2,0.0004,0.0030899
3,0.0006,0.00448942
4,0.0008,0.00592947
5,0.001,0.00737429
