,Current,Voltage
0,0.0,0.000138283
1,0.0002,0.00159502
2,0.0004,0.00306845
3,0.0006,0.00448227
4,0.0008,0.0059557
5,0.001,0.00732183
