,Current,Voltage
0,0.0,0.000145435
1,0.0002,0.00134945
2,0.0004,0.00254154
3,0.0006,0.00370502
4,0.0008,0.00488997
5,0.001,0.00602722
