,Current,Voltage
0,0.0,0.000169277
1,0.0002,0.00169992
2,0.0004,0.00313759
3,0.0006,0.00462532
4,0.0008,0.00609398
5,0.001,0.00758648
