,Current,Voltage
0,0.0,0.00017643
1,0.0002,0.00155449
2,0.0004,0.00291109
3,0.0006,0.00420809
4,0.0008,0.0055337
5,0.001,0.0068593
