,Current,Voltage
0,0.0,0.000107288
1,0.0002,0.00180006
2,0.0004,0.00348806
3,0.0006,0.00506401
4,0.0008,0.00671625
5,0.001,0.00835896
