,Current,Voltage
0,0.0,0.000154972
1,0.0002,0.00184059
2,0.0004,0.00350714
3,0.0006,0.00515461
4,0.0008,0.00683784
5,0.001,0.00849962
