,Current,Voltage
0,0.0,0.000183582
1,0.0002,0.00166416
2,0.0004,0.00310421
3,0.0006,0.00455618
4,0.0008,0.00599384
5,0.001,0.00739813
