,Current,Voltage
0,0.0,0.000119209
1,0.0002,0.0019145
2,0.0004,0.00365019
3,0.0006,0.00542879
4,0.0008,0.00715494
5,0.001,0.00888586
