,Current,Voltage
0,0.0,0.000174046
1,0.0002,0.00284433
2,0.0004,0.00551701
3,0.0006,0.00816107
4,0.0008,0.0108266
5,0.001,0.0135112
