,Current,Voltage
0,0.0,-0.435615
1,0.0002,-0.128744
2,0.0004,-0.00239849
3,0.0006,0.0803256
4,0.0008,0.149419
5,0.001,0.211971
