,Current,Voltage
0,0.0,0.000224113
1,0.0002,0.00521421
2,0.0004,0.01019
3,0.0006,0.0151563
4,0.0008,0.020144
5,0.001,0.025084
