,Current,Voltage
0,0.0,0.00015974
1,0.0002,0.00468254
2,0.0004,0.00916004
3,0.0006,0.0136185
4,0.0008,0.0180793
5,0.001,0.0225186
