,Current,Voltage
0,0.0,-0.00905514
1,0.0002,0.0828457
2,0.0004,0.173905
3,0.0006,0.262861
4,0.0008,0.351779
5,0.001,0.439203
