,Current,Voltage
0,0.0,0.00087738
1,0.0002,0.0328851
2,0.0004,0.0651574
3,0.0006,0.0972366
4,0.0008,0.129766
5,0.001,0.162027
