,Current,Voltage
0,0.0,0.000207424
1,0.0002,0.00407696
2,0.0004,0.00797987
3,0.0006,0.0117898
4,0.0008,0.0156546
5,0.001,0.0194621
