,Current,Voltage
0,0.0,0.00025034
1,0.0002,0.0052762
2,0.0004,0.0102973
3,0.0006,0.0153112
4,0.0008,0.0203252
5,0.001,0.0252795
