,Current,Voltage
0,0.0,0.0005126
1,0.0002,0.017581
2,0.0004,0.0347471
3,0.0006,0.0518084
4,0.0008,0.0690174
5,0.001,0.0859976
