,Current,Voltage
0,0.0,9.53674e-05
1,0.0002,0.000736713
2,0.0004,0.00134468
3,0.0006,0.00194311
4,0.0008,0.00251055
5,0.001,0.00308514
