,Current,Voltage
0,0.0,0.000138283
1,0.0002,0.00277281
2,0.0004,0.00532389
3,0.0006,0.00788212
4,0.0008,0.0104642
5,0.001,0.0130463
