,Current,Voltage
0,0.0,0.000116825
1,0.0002,0.00189781
2,0.0004,0.00363111
3,0.0006,0.00535488
4,0.0008,0.00711918
5,0.001,0.00888348
