,Current,Voltage
0,0.0,0.000207424
1,0.0002,0.0030899
2,0.0004,0.00586033
3,0.0006,0.00864744
4,0.0008,0.0114751
5,0.001,0.014236
