,Current,Voltage
0,0.0,0.000166893
1,0.0002,0.00238895
2,0.0004,0.00451565
3,0.0006,0.00665426
4,0.0008,0.00879765
5,0.001,0.0109363
