,Current,Voltage
0,0.0,0.000116825
1,0.0002,0.00212193
2,0.0004,0.00411749
3,0.0006,0.00608444
4,0.0008,0.00802994
5,0.001,0.00996828
