,Current,Voltage
0,0.0,0.00017643
1,0.0002,0.00198603
2,0.0004,0.0037837
3,0.0006,0.0056076
4,0.0008,0.00735998
5,0.001,0.0109529
