,Current,Voltage
0,0.0,0.000138283
1,0.0002,0.00201941
2,0.0004,0.00386715
3,0.0006,0.00567913
4,0.0008,0.00755072
5,0.001,0.009408
