,Current,Voltage
0,0.0,0.000154972
1,0.0002,0.00258207
2,0.0004,0.00490665
3,0.0006,0.00722408
4,0.0008,0.00958443
5,0.001,0.0119328
