,Current,Voltage
0,0.0,0.000174046
1,0.0002,0.00257015
2,0.0004,0.00494957
3,0.0006,0.0073123
4,0.0008,0.00967979
5,0.001,0.0120425
