,Current,Voltage
0,0.0,0.0654197
1,0.0002,2.46096
2,0.0004,7.30735
3,0.0006,10.002
4,0.0008,10.002
5,0.001,10.0019
