,Current,Voltage
0,0.0,0.000119209
1,0.0002,0.00195265
2,0.0004,0.00378609
3,0.0006,0.0055337
4,0.0008,0.00729322
5,0.001,0.00906229
