,Current,Voltage
0,0.0,0.000181198
1,0.0002,0.00216484
2,0.0004,0.00412703
3,0.0006,0.00605106
4,0.0008,0.0080204
5,0.001,0.00994921
