,Current,Voltage
0,0.0,0.000185966
1,0.0002,0.0047183
2,0.0004,0.00917435
3,0.0006,0.0136018
4,0.0008,0.0180936
5,0.001,0.0225353
