,Current,Voltage
0,0.0,0.000126362
1,0.0002,0.00172853
2,0.0004,0.00323296
3,0.0006,0.00474453
4,0.0008,0.00627518
5,0.001,0.00779629
