,Current,Voltage
0,0.0,0.000162125
1,0.0002,0.00227451
2,0.0004,0.00439405
3,0.0006,0.006423
4,0.0008,0.00850916
5,0.001,0.0105572
