,Current,Voltage
0,0.0,0.000126362
1,0.0002,0.00207663
2,0.0004,0.00398397
3,0.0006,0.00586033
4,0.0008,0.00781775
5,0.001,0.00965834
