,Current,Voltage
0,0.0,0.00014782
1,0.0002,0.00234604
2,0.0004,0.00449181
3,0.0006,0.00659227
4,0.0008,0.00873566
5,0.001,0.0108457
