,Current,Voltage
0,0.0,0.000152588
1,0.0002,0.00173092
2,0.0004,0.00327587
3,0.0006,0.00482559
4,0.0008,0.00638723
5,0.001,0.00795603
