,Current,Voltage
0,0.0,0.000135899
1,0.0002,0.00221252
2,0.0004,0.00428438
3,0.0006,0.0062871
4,0.0008,0.00831842
5,0.001,0.0103116
