,Current,Voltage
0,0.0,0.000171661
1,0.0002,0.00233889
2,0.0004,0.00448704
3,0.0006,0.00658751
4,0.0008,0.00871181
5,0.001,0.0108147
