,Current,Voltage
0,0.0,0.000135899
1,0.0002,0.0018549
2,0.0004,0.00351429
3,0.0006,0.0051403
4,0.0008,0.00680685
5,0.001,0.00846386
