,Current,Voltage
0,0.0,0.000171661
1,0.0002,0.00336647
2,0.0004,0.00654459
3,0.0006,0.00969172
4,0.0008,0.0128388
5,0.001,0.0160122
