,Current,Voltage
0,0.0,0.000145435
1,0.0002,0.00230551
2,0.0004,0.00437021
3,0.0006,0.00646114
4,0.0008,0.00854492
5,0.001,0.0106192
