,Current,Voltage
0,0.0,0.000140667
1,0.0002,0.00215292
2,0.0004,0.00413179
3,0.0006,0.00604153
4,0.0008,0.00798941
5,0.001,0.00994205
