,Current,Voltage
0,0.0,0.000162125
1,0.0002,0.00191212
2,0.0004,0.00356197
3,0.0006,0.00524282
4,0.0008,0.00691652
5,0.001,0.00858068
