,Current,Voltage
0,0.0,0.000171661
1,0.0002,0.00162125
2,0.0004,0.00303984
3,0.0006,0.00445127
4,0.0008,0.00586033
5,0.001,0.00726223
