,Current,Voltage
0,0.0,0.000123978
1,0.0002,0.00148535
2,0.0004,0.0027585
3,0.0006,0.00404835
4,0.0008,0.00534773
5,0.001,0.00661373
