,Current,Voltage
0,0.0,0.00014782
1,0.0002,0.00198841
2,0.0004,0.00381708
3,0.0006,0.00561237
4,0.0008,0.00741243
5,0.001,0.00925541
