,Current,Voltage
0,0.0,0.000126362
1,0.0002,0.00179529
2,0.0004,0.00336885
3,0.0006,0.00497341
4,0.0008,0.00658989
5,0.001,0.00818968
