,Current,Voltage
0,0.0,0.00010252
1,0.0002,0.00174046
2,0.0004,0.00325918
3,0.0006,0.00479221
4,0.0008,0.00632286
5,0.001,0.00791311
