,Current,Voltage
0,0.0,0.000193119
1,0.0002,0.00230789
2,0.0004,0.00440836
3,0.0006,0.00653267
4,0.0008,0.00861645
5,0.001,0.0107312
