,Current,Voltage
0,0.0,0.000185966
1,0.0002,0.002563
2,0.0004,0.00496149
3,0.0006,0.00729799
4,0.0008,0.00966549
5,0.001,0.0120473
