,Current,Voltage
0,0.0,0.000114441
1,0.0002,0.00310421
2,0.0004,0.00599623
3,0.0006,0.00885725
4,0.0008,0.011735
5,0.001,0.0146389
