,Current,Voltage
0,0.0,0.000195503
1,0.0002,0.00242233
2,0.0004,0.00458956
3,0.0006,0.00676632
4,0.0008,0.00898123
5,0.001,0.0111508
