,Current,Voltage
0,0.0,0.000123978
1,0.0002,0.00288486
2,0.0004,0.00553608
3,0.0006,0.00818253
4,0.0008,0.0108504
5,0.001,0.0134993
