,Current,Voltage
0,0.0,0.000126362
1,0.0002,0.00281096
2,0.0004,0.00551224
3,0.0006,0.00809669
4,0.0008,0.0107574
5,0.001,0.0134015
