,Current,Voltage
0,0.0,0.000169277
1,0.0002,0.00213861
2,0.0004,0.00411272
3,0.0006,0.00602245
4,0.0008,0.00792265
5,0.001,0.00987768
