,Current,Voltage
0,0.0,0.000195503
1,0.0002,0.00247478
2,0.0004,0.0046587
3,0.0006,0.00687122
4,0.0008,0.00911474
5,0.001,0.0112796
