,Current,Voltage
0,0.0,0.00014782
1,0.0002,0.00193357
2,0.0004,0.00368118
3,0.0006,0.00541925
4,0.0008,0.00714302
5,0.001,0.00892162
