,Current,Voltage
0,0.0,0.000178814
1,0.0002,0.0053215
2,0.0004,0.0104213
3,0.0006,0.0154614
4,0.0008,0.0205445
5,0.001,0.0256181
