,Current,Voltage
0,0.0,0.000178814
1,0.0002,0.00429392
2,0.0004,0.00839472
3,0.0006,0.0124264
4,0.0008,0.0165057
5,0.001,0.020566
