,Current,Voltage
0,0.0,0.000195503
1,0.0002,0.00624657
2,0.0004,0.0122094
3,0.0006,0.0181556
4,0.0008,0.0242043
5,0.001,0.0301003
