,Current,Voltage
0,0.0,0.000383854
1,0.0002,0.0122237
2,0.0004,0.0240779
3,0.0006,0.0358438
4,0.0008,0.0477052
5,0.001,0.0594711
