,Current,Voltage
0,0.0,0.000202656
1,0.0002,0.00679016
2,0.0004,0.0133491
3,0.0006,0.0198483
4,0.0008,0.0264215
5,0.001,0.0329256
