,Current,Voltage
0,0.0,0.000216961
1,0.0002,0.00592947
2,0.0004,0.01158
3,0.0006,0.0171375
4,0.0008,0.0228143
5,0.001,0.028441
