,Current,Voltage
0,0.0,0.000181198
1,0.0002,0.00437737
2,0.0004,0.00853062
3,0.0006,0.0126457
4,0.0008,0.0167823
5,0.001,0.0209022
