,Current,Voltage
0,0.0,0.000193119
1,0.0002,0.0059247
2,0.0004,0.0115967
3,0.0006,0.0172353
4,0.0008,0.0229287
5,0.001,0.0285721
