,Current,Voltage
0,0.0,0.000293255
1,0.0002,0.0087142
2,0.0004,0.0170898
3,0.0006,0.0254345
4,0.0008,0.0338292
5,0.001,0.0421691
