,Current,Voltage
0,0.0,0.000224113
1,0.0002,0.00599861
2,0.0004,0.011735
3,0.0006,0.0174117
4,0.0008,0.0231433
5,0.001,0.0288916
