,Current,Voltage
0,0.0,0.000255108
1,0.0002,0.00941992
2,0.0004,0.018611
3,0.0006,0.0276423
4,0.0008,0.0367808
5,0.001,0.0458097
