,Current,Voltage
0,0.0,0.000188351
1,0.0002,0.00596762
2,0.0004,0.011735
3,0.0006,0.0174141
4,0.0008,0.0231719
5,0.001,0.0288486
