,Current,Voltage
0,0.0,0.0013876
1,0.0002,2.35699
2,0.0004,6.93025
3,0.0006,10.0021
4,0.0008,10.0019
5,0.001,10.0019
