,Current,Voltage
0,0.0,0.000221729
1,0.0002,0.00530481
2,0.0004,0.0103354
3,0.0006,0.0153399
4,0.0008,0.0203586
5,0.001,0.0253439
