,Current,Voltage
0,0.0,0.000271797
1,0.0002,0.00763655
2,0.0004,0.0149393
3,0.0006,0.0222731
4,0.0008,0.0296712
5,0.001,0.0370407
