,Current,Voltage
0,0.0,0.000214577
1,0.0002,0.00601768
2,0.0004,0.0118613
3,0.0006,0.0176024
4,0.0008,0.0233865
5,0.001,0.0291681
