,Current,Voltage
0,0.0,0.000889301
1,0.0002,0.515013
2,0.0004,3.93069
3,0.0006,7.40247
4,0.0008,10.0019
5,0.001,10.0019
