,Current,Voltage
0,0.0,0.000579357
1,0.0002,0.0197387
2,0.0004,0.0390172
3,0.0006,0.0581717
4,0.0008,0.0774741
5,0.001,0.0965929
