,Current,Voltage
0,0.0,0.000247955
1,0.0002,0.00713587
2,0.0004,0.0140381
3,0.0006,0.0208473
4,0.0008,0.0277448
5,0.001,0.034585
