,Current,Voltage
0,0.0,0.000212193
1,0.0002,0.00514984
2,0.0004,0.0100565
3,0.0006,0.014925
4,0.0008,0.0198531
5,0.001,0.0247335
