,Current,Voltage
0,0.0,0.000236034
1,0.0002,0.00651598
2,0.0004,0.0127244
3,0.0006,0.0188851
4,0.0008,0.0251555
5,0.001,0.0312996
