,Current,Voltage
0,0.0,0.000195503
1,0.0002,0.00407696
2,0.0004,0.00791311
3,0.0006,0.0117469
4,0.0008,0.0155902
5,0.001,0.0193858
