,Current,Voltage
0,0.0,0.00015974
1,0.0002,0.00444651
2,0.0004,0.00866175
3,0.0006,0.0128698
4,0.0008,0.0171494
5,0.001,0.0213504
