,Current,Voltage
0,0.0,0.000267029
1,0.0002,0.0064373
2,0.0004,0.0126171
3,0.0006,0.0187302
4,0.0008,0.0249243
5,0.001,0.0310326
