,Current,Voltage
0,0.0,0.000288486
1,0.0002,0.00972748
2,0.0004,0.0192094
3,0.0006,0.0285864
4,0.0008,0.0380588
5,0.001,0.0474644
