,Current,Voltage
0,0.0,0.000228882
1,0.0002,0.00672817
2,0.0004,0.0132012
3,0.0006,0.0196123
4,0.0008,0.0261211
5,0.001,0.0324965
