,Current,Voltage
0,0.0,0.000452995
1,0.0002,0.0153708
2,0.0004,0.030334
3,0.0006,0.0452137
4,0.0008,0.0601459
5,0.001,0.0750303
