,Current,Voltage
0,0.0,0.000193119
1,0.0002,0.00555515
2,0.0004,0.010879
3,0.0006,0.0161719
4,0.0008,0.0214601
5,0.001,0.0267458
