,Current,Voltage
0,0.0,0.000171661
1,0.0002,0.00504971
2,0.0004,0.00988722
3,0.0006,0.0147057
4,0.0008,0.0195456
5,0.001,0.0243759
