,Current,Voltage
0,0.0,0.000226498
1,0.0002,0.00602961
2,0.0004,0.011816
3,0.0006,0.0175428
4,0.0008,0.0233412
5,0.001,0.0290561
