,Current,Voltage
0,0.0,0.000219345
1,0.0002,0.00400543
2,0.0004,0.00779629
3,0.0006,0.0115633
4,0.0008,0.0153637
5,0.001,0.0191283
