,Current,Voltage
0,0.0,0.000505447
1,0.0002,0.0162792
2,0.0004,0.0321627
3,0.0006,0.0479674
4,0.0008,0.0669527
5,0.001,0.249779
