,Current,Voltage
0,0.0,0.000224113
1,0.0002,0.00647068
2,0.0004,0.0128198
3,0.0006,0.019033
4,0.0008,0.0253296
5,0.001,0.0315189
