,Current,Voltage
0,0.0,0.000259876
1,0.0002,0.00647306
2,0.0004,0.012722
3,0.0006,0.0188494
4,0.0008,0.0251174
5,0.001,0.03124
