,Current,Voltage
0,0.0,0.00150442
1,0.0002,0.0583005
2,0.0004,0.115609
3,0.0006,1.34048
4,0.0008,2.83191
5,0.001,4.51674
