,Current,Voltage
0,0.0,0.000216961
1,0.0002,0.00575066
2,0.0004,0.0112343
3,0.0006,0.0166845
4,0.0008,0.0222063
5,0.001,0.0276351
