,Current,Voltage
0,0.0,0.000224113
1,0.0002,0.00404119
2,0.0004,0.00785589
3,0.0006,0.0116205
4,0.0008,0.0154591
5,0.001,0.0192261
