,Current,Voltage
0,0.0,0.000231266
1,0.0002,0.00506639
2,0.0004,0.00989914
3,0.0006,0.0147367
4,0.0008,0.0195646
5,0.001,0.0243521
