,Current,Voltage
0,0.0,0.000152588
1,0.0002,0.00469208
2,0.0004,0.00921249
3,0.0006,0.0136042
4,0.0008,0.018096
5,0.001,0.0225687
