,Current,Voltage
0,0.0,0.000202656
1,0.0002,0.00737906
2,0.0004,0.0145102
3,0.0006,0.0215816
4,0.0008,0.0286913
5,0.001,0.035758
