,Current,Voltage
0,0.0,0.000240803
1,0.0002,0.0061965
2,0.0004,0.0121379
3,0.0006,0.0180149
4,0.0008,0.0239587
5,0.001,0.0298452
