,Current,Voltage
0,0.0,0.0155549
1,8e-10,0.042346
2,1.6e-09,0.0565059
3,2.4e-09,0.0693123
4,3.2e-09,0.0811439
5,4e-09,0.0951769
