,Current,Voltage
0,0.0,0.0111475
1,8e-10,0.0324631
2,1.6e-09,0.0537455
3,2.4e-09,0.0749614
4,3.2e-09,0.0961788
5,4e-09,0.117429
