,Current,Voltage
0,0.0,0.00592947
1,0.0002,3.46531
2,0.0004,8.7526
3,0.0006,10.0021
4,0.0008,10.0019
5,0.001,10.0019
