,Current,Voltage
0,0.0,0.0110459
1,0.0002,9.96915
2,0.0004,10.0024
3,0.0006,10.0021
4,0.0008,10.0026
5,0.001,10.0021
