,Current,Voltage
0,0.0,0.00340462
1,0.0002,3.81216
2,0.0004,9.47045
3,0.0006,10.0024
4,0.0008,10.0022
5,0.001,10.0022
