,Current,Voltage
0,0.0,0.00374556
1,0.0002,0.159431
2,0.0004,0.316439
3,0.0006,0.472114
4,0.0008,0.629056
5,0.001,0.784626
