,Current,Voltage
0,0.0,0.00616312
1,0.0002,0.24163
2,0.0004,0.479236
3,0.0006,0.714829
4,0.0008,0.952535
5,0.001,1.18947
