,Current,Voltage
0,0.0,0.00607729
1,0.0002,0.258007
2,0.0004,0.511851
3,0.0006,0.763447
4,0.0008,1.01721
5,0.001,1.2687
