,Current,Voltage
0,0.0,0.00117302
1,0.0002,0.0498486
2,0.0004,0.0988126
3,0.0006,0.147431
4,0.0008,0.196435
5,0.001,0.245056
