,Current,Voltage
0,0.0,0.00112534
1,0.0002,0.0427556
2,0.0004,0.0846457
3,0.0006,0.126231
4,0.0008,0.168204
5,0.001,0.209701
