,Current,Voltage
0,0.0,0.000209808
1,0.0002,0.0056839
2,0.0004,0.0111103
3,0.0006,0.0164676
4,0.0008,0.0219131
5,0.001,0.0273085
