,Current,Voltage
0,0.0,0.000255108
1,0.0002,0.00635624
2,0.0004,0.0124693
3,0.0006,0.0184751
4,0.0008,0.0245833
5,0.001,0.0306344
