,Current,Voltage
0,0.0,0.000383854
1,0.0002,0.0145197
2,0.0004,0.0286412
3,0.0006,0.042727
4,0.0008,0.0567794
5,0.001,0.0707722
