,Current,Voltage
0,0.0,2.14577e-05
1,0.0002,-0.00227213
2,0.0004,-0.00462294
3,0.0006,-0.0069809
4,0.0008,-0.00935316
5,0.001,-0.0117326
