,Current,Voltage
0,0.0,0.000143051
1,0.0002,0.00153065
2,0.0004,0.00294685
3,0.0006,3.44439
4,0.0008,10.0022
5,0.001,10.002
