,Current,Voltage
0,0.0,0.000884533
1,0.0002,0.0339794
2,0.0004,0.0673079
3,0.0006,0.100169
4,0.0008,0.133505
5,0.001,0.166738
