,Current,Voltage
0,0.0,0.00043869
1,0.0002,0.0139546
2,0.0004,0.0274897
3,0.0006,0.0407171
4,0.0008,0.0543261
5,0.001,10.0023
