,Current,Voltage
0,0.0,0.000422001
1,0.0002,0.0155091
2,0.0004,0.0306487
3,0.0006,0.0456548
4,0.0008,0.060811
5,0.001,0.0758481
