,Current,Voltage
0,0.0,0.000319481
1,0.0002,0.0105214
2,0.0004,0.0206423
3,0.0006,0.0307083
4,0.0008,0.0408077
5,0.001,0.0507879
