,Current,Voltage
0,0.0,0.000395775
1,0.0002,0.0127745
2,0.0004,0.0251818
3,0.0006,0.037539
4,0.0008,0.0499535
5,0.001,0.0622988
