,Current,Voltage
0,0.0,0.000383854
1,0.0002,0.0144172
2,0.0004,0.0284624
3,0.0006,0.0424004
4,0.0008,0.0564742
5,0.001,0.0704384
