,Current,Voltage
0,0.0,-1.32891
1,0.0002,-1.20827
2,0.0004,-1.08263
3,0.0006,-0.958905
4,0.0008,-0.83518
5,0.001,-0.712936
