,Current,Voltage
0,0.0,0.000319481
1,0.0002,0.0112414
2,0.0004,0.0222135
3,0.0006,0.0329804
4,0.0008,0.0439405
5,0.001,0.0548911
