,Current,Voltage
0,0.0,0.000369549
1,0.0002,0.0122094
2,0.0004,0.0240207
3,0.0006,0.0357723
4,0.0008,0.0476217
5,0.001,0.0593781
