,Current,Voltage
0,0.0,0.00013113
1,0.0002,0.00126362
2,0.0004,0.00228643
3,0.0006,0.00333786
4,0.0008,0.00439882
5,0.001,0.00544548
