,Current,Voltage
0,0.0,-0.000119209
1,8e-10,0.0167983
2,1.6e-09,0.0307128
3,2.4e-09,0.0428786
4,3.2e-09,0.0586562
5,4e-09,0.0563669
