,Current,Voltage
0,0.0,0.00645947
1,8e-10,0.0176187
2,1.6e-09,0.0287457
3,2.4e-09,0.0398955
4,3.2e-09,0.0510166
5,4e-09,0.0621531
