,Current,Voltage
0,0.0,0.00893903
1,8e-10,0.0255611
2,1.6e-09,0.0421858
3,2.4e-09,0.0587406
4,3.2e-09,0.0753274
5,4e-09,0.0919132
