,Current,Voltage
0,0.0,0.0050354
1,8e-10,0.0142388
2,1.6e-09,0.0234745
3,2.4e-09,0.0326769
4,3.2e-09,0.0419109
5,4e-09,0.0511317
