,Current,Voltage
0,0.0,0.00493217
1,8e-10,0.013768
2,1.6e-09,0.0226123
3,2.4e-09,0.0314744
4,3.2e-09,0.0403206
5,4e-09,0.0491738
