,Current,Voltage
0,0.0,0.00901437
1,8e-10,0.0232911
2,1.6e-09,0.0375021
3,2.4e-09,0.0517321
4,3.2e-09,0.0659432
5,4e-09,0.0801599
