,Current,Voltage
0,0.0,0.00471902
1,8e-10,0.0140598
2,1.6e-09,0.0233665
3,2.4e-09,0.0327003
4,3.2e-09,0.0420382
5,4e-09,0.0513663
