,Current,Voltage
0,0.0,0.00174522
1,0.0002,0.0673103
2,0.0004,0.133376
3,0.0006,0.199041
4,0.0008,0.265076
5,0.001,0.330596
