,Current,Voltage
0,0.0,0.000638962
1,0.0002,0.0206804
2,0.0004,0.0408721
3,0.0006,0.0608587
4,0.0008,0.0810337
5,0.001,0.101006
