,Current,Voltage
0,0.0,0.00043869
1,0.0002,0.015831
2,0.0004,0.0312495
3,0.0006,0.0465631
4,0.0008,0.0619817
5,0.001,0.0773263
