,Current,Voltage
0,0.0,0.000748634
1,0.0002,0.027771
2,0.0004,0.0549412
3,0.0006,0.0819063
4,0.0008,0.109053
5,0.001,0.136003
