,Current,Voltage
0,0.0,0.00184774
1,0.0002,1.2912
2,0.0004,5.00253
3,0.0006,8.78073
4,0.0008,10.002
5,0.001,10.002
