,Current,Voltage
0,0.0,0.000507832
1,0.0002,0.0193453
2,0.0004,0.0382423
3,0.0006,0.0569606
4,0.0008,0.0758529
5,0.001,0.0945997
