,Current,Voltage
0,0.0,0.000374317
1,0.0002,0.0107741
2,0.0004,0.0211835
3,0.0006,0.0315189
4,0.0008,0.0419331
5,0.001,0.052247
