,Current,Voltage
0,0.0,0.00113964
1,0.0002,0.0456667
2,0.0004,0.0910544
3,0.0006,0.135827
4,0.0008,0.180945
5,0.001,0.225701
