,Current,Voltage
0,0.0,0.000424385
1,0.0002,0.014317
2,0.0004,0.0282741
3,0.0006,0.0421286
4,0.0008,0.0561142
5,0.001,0.0699973
