,Current,Voltage
0,0.0,0.000517368
1,0.0002,0.0169563
2,0.0004,0.0334859
3,0.0006,0.0498509
4,0.0008,0.0663757
5,0.001,0.0827336
