,Current,Voltage
0,0.0,0.0100136
1,0.0002,0.388165
2,0.0004,0.768468
3,0.0006,1.1414
4,0.0008,1.43139
5,0.001,1.83238
