,Current,Voltage
0,0.0,0.000436306
1,0.0002,0.0129819
2,0.0004,0.0256181
3,0.0006,0.0380969
4,0.0008,0.0506544
5,0.001,0.0631976
