,Current,Voltage
0,0.0,0.00102282
1,0.0002,0.0336695
2,0.0004,0.0666308
3,0.0006,0.099535
4,0.0008,0.133321
5,0.001,0.167339
