,Current,Voltage
0,0.0,0.000400543
1,0.0002,0.0109196
2,0.0004,0.0214958
3,0.0006,0.0319743
4,0.0008,0.0425196
5,0.001,0.0529695
