,Current,Voltage
0,0.0,0.00128031
1,0.0002,0.0464892
2,0.0004,0.0919509
3,0.0006,0.137122
4,0.0008,0.182605
5,0.001,0.227749
