,Current,Voltage
0,0.0,0.000264645
1,0.0002,0.00745773
2,0.0004,0.0146532
3,0.0006,0.0218129
4,0.0008,0.0290155
5,0.001,0.0361252
