,Current,Voltage
0,0.0,0.00105619
1,0.0002,0.041666
2,0.0004,0.0822449
3,0.0006,0.123405
4,0.0008,0.165713
5,0.001,0.20843
