,Current,Voltage
0,0.0,0.00145674
1,0.0002,0.0551653
2,0.0004,0.109327
3,0.0006,0.162902
4,0.0008,0.217006
5,0.001,1.15713
