,Current,Voltage
0,0.0,0.00224352
1,0.0002,2.29027
2,0.0004,6.77652
3,0.0006,10.0022
4,0.0008,10.0021
5,0.001,10.0021
