,Current,Voltage
0,0.0,0.00020504
1,0.0002,0.00427723
2,0.0004,0.00832319
3,0.0006,0.0123596
4,0.0008,0.0163817
5,0.001,0.0204206
