,Current,Voltage
0,0.0,0.00608683
1,0.0002,0.15811
2,0.0004,0.310955
3,0.0006,0.462153
4,0.0008,0.614071
5,0.001,0.764229
