,Current,Voltage
0,0.0,0.00245333
1,0.0002,0.0943279
2,0.0004,0.186942
3,0.0006,0.278754
4,0.0008,0.371263
5,0.001,0.462968
