,Current,Voltage
0,0.0,0.000457764
1,0.0002,0.0154495
2,0.0004,0.0304699
3,0.0006,0.045383
4,0.0008,0.0604415
5,0.001,0.0753307
