,Current,Voltage
0,0.0,0.000555515
1,0.0002,0.0185561
2,0.0004,0.0366282
3,0.0006,0.0545716
4,0.0008,0.0726986
5,0.001,0.090611
