,Current,Voltage
0,0.0,0.00174999
1,0.0002,0.0715375
2,0.0004,0.14185
3,0.0006,0.211627
4,0.0008,0.281913
5,0.001,0.351601
