,Current,Voltage
0,0.0,0.00119448
1,0.0002,0.0416803
2,0.0004,1.98483
3,0.0006,4.03835
4,0.0008,6.38459
5,0.001,8.71318
