,Current,Voltage
0,0.0,0.000200272
1,0.0002,0.00488043
2,0.0004,0.00948191
3,0.0006,0.0141239
4,0.0008,0.0187492
5,0.001,0.0233603
