,Current,Voltage
0,0.0,0.00114918
1,0.0002,0.0434375
2,0.0004,0.0860548
3,0.0006,0.128291
4,0.0008,0.170889
5,0.001,0.21313
