,Current,Voltage
0,0.0,0.00101566
1,0.0002,0.0388527
2,0.0004,0.0769854
3,0.0006,0.114779
4,0.0008,0.152931
5,0.001,0.190573
