,Current,Voltage
0,0.0,0.00169754
1,0.0002,0.0651741
2,0.0004,1.86394
3,0.0006,4.20606
4,0.0008,6.87771
5,0.001,10.0021
