,Current,Voltage
0,0.0,0.000629425
1,0.0002,0.0217438
2,0.0004,0.0429463
3,0.0006,0.0639892
4,0.0008,0.0852823
5,0.001,0.10628
