,Current,Voltage
0,0.0,0.000510216
1,0.0002,0.016067
2,0.0004,0.0317025
3,0.0006,0.0472164
4,0.0008,0.0628996
5,0.001,0.0784063
