,Current,Voltage
0,0.0,0.00456572
1,0.0002,0.164542
2,0.0004,0.332577
3,0.0006,0.496955
4,0.0008,0.674186
5,0.001,0.836384
