,Current,Voltage
0,0.0,0.000572205
1,0.0002,0.0270915
2,0.0004,3.15966
3,0.0006,6.38692
4,0.0008,9.39355
5,0.001,10.0021
