,Current,Voltage
0,0.0,0.0005126
1,0.0002,0.0183201
2,0.0004,0.0362921
3,0.0006,0.0540566
4,0.0008,0.0720191
5,0.001,0.0897861
