,Current,Voltage
0,0.0,0.000958443
1,0.0002,0.0334406
2,0.0004,0.0661755
3,0.0006,0.0985813
4,0.0008,0.131309
5,0.001,0.16371
