,Current,Voltage
0,0.0,0.0004673
1,0.0002,0.0149202
2,0.0004,0.0294161
3,0.0006,0.0438094
4,0.0008,0.0583506
5,0.001,0.0727534
