,Current,Voltage
0,0.0,0.00151157
1,0.0002,0.0587201
2,0.0004,0.116351
3,0.0006,0.173528
4,0.0008,0.231194
5,0.001,0.288329
