,Current,Voltage
0,0.0,0.000777245
1,0.0002,0.0269985
2,0.0004,0.0533867
3,0.0006,0.079608
4,0.0008,0.106001
5,0.001,0.132275
