,Current,Voltage
0,0.0,0.00130177
1,0.0002,0.0447154
2,0.0004,0.0884342
3,0.0006,0.131896
4,0.0008,0.175571
5,0.001,0.218933
