,Current,Voltage
0,0.0,0.000686646
1,0.0002,0.0244784
2,0.0004,0.0484347
3,0.0006,0.0721788
4,0.0008,0.0960755
5,0.001,0.119801
