,Current,Voltage
0,0.0,0.000562668
1,0.0002,0.0181961
2,0.0004,0.0359726
3,0.0006,0.0535607
4,0.0008,0.0712776
5,0.001,0.0888634
