,Current,Voltage
0,0.0,0.000684261
1,0.0002,0.0254917
2,0.0004,0.0504971
3,0.0006,0.0752521
4,0.0008,0.100281
5,0.001,0.125086
