,Current,Voltage
0,0.0,0.000562668
1,0.0002,0.0189972
2,0.0004,0.0374913
3,0.0006,0.0558686
4,0.0008,0.0743365
5,0.001,0.0927186
