,Current,Voltage
0,0.0,0.0024724
1,0.0002,0.0974441
2,0.0004,2.87467
3,0.0006,5.78604
4,0.0008,8.82656
5,0.001,10.002
