,Current,Voltage
0,0.0,0.00362563
1,8e-10,0.00997949
2,1.6e-09,0.0163281
3,2.4e-09,0.0226798
4,3.2e-09,0.0290067
5,4e-09,0.0353613
