,Current,Voltage
0,0.0,0.00694108
1,8e-10,0.0204973
2,1.6e-09,0.0340638
3,2.4e-09,0.0476203
4,3.2e-09,0.061151
5,4e-09,0.0747209
