,Current,Voltage
0,0.0,0.00887012
1,8e-10,0.0244939
2,1.6e-09,0.0401127
3,2.4e-09,0.0557089
4,3.2e-09,0.0712581
5,4e-09,0.0868969
