,Current,Voltage
0,0.0,0.0257695
1,8e-10,0.408814
2,1.6e-09,0.621323
3,2.4e-09,0.816721
4,3.2e-09,1.00873
5,4e-09,1.20199
