,Current,Voltage
0,0.0,0.0062716
1,8e-10,0.0165195
2,1.6e-09,0.0267439
3,2.4e-09,0.0369987
4,3.2e-09,0.0472083
5,4e-09,0.0574441
