,Current,Voltage
0,0.0,0.00626731
1,8e-10,0.0179849
2,1.6e-09,0.0297561
3,2.4e-09,0.0415123
4,3.2e-09,0.0532923
5,4e-09,0.0650177
