{
  "mapping_offsets": [
    0.0,
    1.0,
    2.0,
    3.0,
    4.0,
    5.0,
    6.0
  ],
  "flir_offsets": [
    0,
    15,
    30
  ],
  "spin_speed": {
    "min": 100.0,
    "max": 3800.0,
    "value": {
      "0": 1000,
      "1": 1000,
      "2": 1000,
      "3": 1000,
      "4": 1000,
      "5": 1000,
      "6": 1000,
      "7": 1000,
      "8": 1000,
      "9": 1000,
      "10": 1000,
      "11": 1000,
      "12": 1000,
      "13": 1000,
      "14": 1000,
      "15": 1000,
      "16": 1000,
      "17": 1000,
      "18": 1000,
      "19": 1000
    },
    "units": "RPM",
    "optimize_with_chem_os": false
  },
  "spin_time": {
    "min": 10.0,
    "max": 120.0,
    "value": {
      "0": 60,
      "1": 60,
      "2": 60,
      "3": 60,
      "4": 60,
      "5": 60,
      "6": 60,
      "7": 60,
      "8": 60,
      "9": 60,
      "10": 60,
      "11": 60,
      "12": 60,
      "13": 60,
      "14": 60,
      "15": 60,
      "16": 60,
      "17": 60,
      "18": 60,
      "19": 60
    },
    "units": "s",
    "optimize_with_chem_os": false
  },
  "dispense_volume": {
    "min": 0.001,
    "max": 1.0,
    "value": 0.1,
    "units": "mL",
    "optimize_with_chem_os": false
  },
  "campaign_dispensed_amounts": {
    "spiro": {
      "chemical_name": "Spiro",
      "varied": false,
      "value": 0.10679999999999978,
      "units": "mg",
      "metadata": {
        "molar_weight_ mg": 1225.43,
        "concentration_mg_ml": 50,
        "requested_param": null,
        "requested_vol": 0.13336964733744247
      }
    },
    "cobalt": {
      "chemical_name": "FK102",
      "varied": true,
      "value": 0.05909999999999993,
      "units": "mg",
      "metadata": {
        "molar_weight_ mg": 1334.86,
        "concentration_mg_ml": 50,
        "requested_param": null,
        "requested_vol": 0.07496368599589083
      }
    },
    "tbp": {
      "chemical_name": "tBP",
      "varied": false,
      "value": 0.030199999999999783,
      "units": "mg",
      "metadata": {
        "molar_weight_ mg": 135.21,
        "concentration_mg_ml": 50,
        "requested_param": null,
        "requested_vol": 0.04166666666666667
      }
    },
    "annealing": {
      "varied": true,
      "value": 233.37514400482178,
      "units": "s",
      "metadata": {}
    }
  },
  "properties": {
    "measurement_0": 5.736497303225647e-07,
    "measurement_1": 5.559999263708519e-07,
    "measurement_2": 9.440284535820955e-08,
    "measurement_3": 3.3493519718289056e-07,
    "measurement_4": 1.3357162290915796e-08,
    "measurement_5": 0.0,
    "measurement_6": 0.0,
    "measurement_mean": 2.246206945036332e-07
  },
  "active_parameters_pickle_file": {
    "filename": "not yet defined"
  },
  "processes": {
    "x0": 0.566723997809267,
    "x1": 0.2796189785003662
  },
  "chemOS": {
    "requested_params": {
      "x0": 0.5159964561462402,
      "x1": 0.9723964333534241
    },
    "output_for_previous": {
      "campaign_name": "pseudomobility",
      "session_id": "dbad41d5-017b-4f35-b430-6be3f655fdb0",
      "experiment_id": "a0518f4a-3051-4e06-b965-3272e3c5d4d4",
      "execution_id": "a332e023",
      "robot_id": "e0c4ac82",
      "processes": {
        "x0": 0.566723997809267,
        "x1": 0.2796189785003662
      },
      "properties": {
        "measurement_0": 5.736497303225647e-07,
        "measurement_1": 5.559999263708519e-07,
        "measurement_2": 9.440284535820955e-08,
        "measurement_3": 3.3493519718289056e-07,
        "measurement_4": 1.3357162290915796e-08,
        "measurement_5": 0.0,
        "measurement_6": 0.0,
        "measurement_mean": 2.246206945036332e-07
      }
    }
  },
  "operator_name": "Thomas",
  "operator_comment": "chemOS optimization of pseudomobility over cobalt annealing space"
}