,Current,Voltage
0,0.0,8.10623e-05
1,0.0002,0.000264645
2,0.0004,0.000383854
3,0.0006,0.000450611
4,0.0008,0.000557899
5,0.001,0.000634193
