,Current,Voltage
0,0.0,0.000140667
1,0.0002,0.00260592
2,0.0004,0.00498533
3,0.0006,0.0073576
4,0.0008,0.00972271
5,0.001,0.0120926
