,Current,Voltage
0,0.0,0.000150204
1,0.0002,0.0025034
2,0.0004,0.00473261
3,0.0006,0.00696659
4,0.0008,0.00922441
5,0.001,0.0114775
