,Current,Voltage
0,0.0,0.000185966
1,0.0002,0.00278473
2,0.0004,0.00538588
3,0.0006,0.00792742
4,0.0008,0.0104761
5,0.001,0.0130415
