,Current,Voltage
0,0.0,0.000219345
1,0.0002,0.00388384
2,0.0004,0.00748396
3,0.0006,0.0111246
4,0.0008,0.0147605
5,0.001,0.0183463
