,Current,Voltage
0,0.0,-1.34324
1,0.0002,-1.1837
2,0.0004,-1.03061
3,0.0006,-0.89396
4,0.0008,-0.768714
5,0.001,-0.65346
