,Current,Voltage
0,0.0,0.000348091
1,0.0002,0.00744104
2,0.0004,0.0145507
3,0.0006,0.0215864
4,0.0008,0.0287318
5,0.001,0.0357628
