,Current,Voltage
0,0.0,0.000190735
1,0.0002,0.00244379
2,0.0004,0.0047183
3,0.0006,0.00688314
4,0.0008,0.00908613
5,0.001,0.0112891
