,Current,Voltage
0,0.0,0.000174046
1,0.0002,0.00316381
2,0.0004,0.00602961
3,0.0006,0.00891209
4,0.0008,0.0118327
5,0.001,0.0146961
