,Current,Voltage
0,0.0,-1.4643
1,0.0002,-1.3515
2,0.0004,-1.23263
3,0.0006,-1.11732
4,0.0008,-1.00345
5,0.001,-0.891957
