,Current,Voltage
0,0.0,0.000195503
1,0.0002,0.00258207
2,0.0004,0.00494719
3,0.0006,0.00724077
4,0.0008,0.00957966
5,0.001,0.0119019
