,Current,Voltage
0,0.0,0.000243187
1,0.0002,0.00375032
2,0.0004,0.00718594
3,0.0006,0.0106597
4,0.0008,0.0141311
5,0.001,0.0175834
