,Current,Voltage
0,0.0,0.000197887
1,0.0002,0.00238657
2,0.0004,0.00461817
3,0.0006,0.00678301
4,0.0008,0.00897408
5,0.001,0.0111055
