,Current,Voltage
0,0.0,0.000174046
1,0.0002,0.00262976
2,0.0004,0.00500917
3,0.0006,0.00735283
4,0.0008,0.00976563
5,0.001,0.0121593
