,Current,Voltage
0,0.0,0.000164509
1,0.0002,0.0023222
2,0.0004,0.00447989
3,0.0006,0.00657082
4,0.0008,0.0087142
5,0.001,0.0107789
