,Current,Voltage
0,0.0,0.000197887
1,0.0002,0.00359774
2,0.0004,0.00687838
3,0.0006,0.0101686
4,0.0008,0.0134349
5,0.001,0.0167131
