,Current,Voltage
0,0.0,0.000195503
1,0.0002,0.00446081
2,0.0004,0.00865936
3,0.0006,0.0128102
4,0.0008,0.0170159
5,0.001,0.0212741
