,Current,Voltage
0,0.0,0.000145435
1,0.0002,0.002563
2,0.0004,0.00495434
3,0.0006,0.00730276
4,0.0008,0.00969172
5,0.001,0.0120592
