,Current,Voltage
0,0.0,0.000150204
1,0.0002,0.00195503
2,0.0004,0.00371456
3,0.0006,0.00541687
4,0.0008,0.00719786
5,0.001,0.00890732
