,Current,Voltage
0,0.0,0.000123978
1,0.0002,0.00211954
2,0.0004,0.00407934
3,0.0006,0.00602722
4,0.0008,0.00802279
5,0.001,0.00993013
