,Current,Voltage
0,0.0,0.000226498
1,0.0002,0.0048852
2,0.0004,0.00956535
3,0.0006,0.0141811
4,0.0008,0.0188446
5,0.001,0.0234795
