,Current,Voltage
0,0.0,0.000104904
1,0.0002,0.00107765
2,0.0004,0.00191689
3,0.0006,0.00279188
4,0.0008,0.00365257
5,0.001,0.00452042
