,Current,Voltage
0,0.0,0.000216961
1,0.0002,0.00363588
2,0.0004,0.00701904
3,0.0006,0.0103569
4,0.0008,0.0137854
5,0.001,0.0171065
