,Current,Voltage
0,0.0,0.000195503
1,0.0002,0.00249147
2,0.0004,0.00478268
3,0.0006,0.00703812
4,0.0008,0.00930786
5,0.001,0.0115466
