,Current,Voltage
0,0.0,-0.00300884
1,0.0002,0.0449777
2,0.0004,0.087111
3,0.0006,0.124068
4,0.0008,0.157838
5,0.001,0.188212
