,Current,Voltage
0,0.0,0.000135899
1,0.0002,0.00204325
2,0.0004,0.00388622
3,0.0006,0.00571728
4,0.0008,0.0075984
5,0.001,0.009408
