,Current,Voltage
0,0.0,0.000178814
1,0.0002,0.00255346
2,0.0004,0.00491142
3,0.0006,0.00725746
4,0.0008,0.00959158
5,0.001,0.0118876
