,Current,Voltage
0,0.0,0.000178814
1,0.0002,0.00338078
2,0.0004,0.00661373
3,0.0006,0.00973463
4,0.0008,0.0129652
5,0.001,0.0161242
