,Current,Voltage
0,0.0,0.000224113
1,0.0002,0.00334501
2,0.0004,0.00643015
3,0.0006,0.00948191
4,0.0008,0.012567
5,0.001,0.0156498
