,Current,Voltage
0,0.0,0.000164509
1,0.0002,0.00232697
2,0.0004,0.0044322
3,0.0006,0.00647783
4,0.0008,0.00859499
5,0.001,0.0106907
