,Current,Voltage
0,0.0,0.00015974
1,0.0002,0.00280857
2,0.0004,0.00539303
3,0.0006,0.00792027
4,0.0008,0.010469
5,0.001,0.0130057
