,Current,Voltage
0,0.0,0.000164509
1,0.0002,0.00233889
2,0.0004,0.00443935
3,0.0006,0.00658035
4,0.0008,0.0086832
5,0.001,0.0107789
