,Current,Voltage
0,0.0,0.000152588
1,0.0002,0.00260115
2,0.0004,0.00508547
3,0.0006,0.00750542
4,0.0008,0.00988722
5,0.001,0.0122666
