,Current,Voltage
0,0.0,0.000126362
1,0.0002,0.00127554
2,0.0004,0.00232458
3,0.0006,0.00337601
4,0.0008,0.00444651
5,0.001,0.00550032
