,Current,Voltage
0,0.0,0.000112057
1,0.0002,0.00131845
2,0.0004,0.00247478
3,0.0006,0.00362158
4,0.0008,0.00475407
5,0.001,0.00590563
