,Current,Voltage
0,0.0,9.29832e-05
1,0.0002,0.00104427
2,0.0004,0.00193834
3,0.0006,0.00283003
4,0.0008,0.00375032
5,0.001,0.00462294
