,Current,Voltage
0,0.0,0.000100136
1,0.0002,0.000514984
2,0.0004,0.000846386
3,0.0006,0.00121117
4,0.0008,0.00155926
5,0.001,0.00195503
