,Current,Voltage
0,0.0,0.000133514
1,0.0002,0.0013113
2,0.0004,0.00242233
3,0.0006,0.00354767
4,0.0008,0.00466824
5,0.001,0.00580311
