,Current,Voltage
0,0.0,7.15256e-05
1,0.0002,0.00140667
2,0.0004,0.00262022
3,0.0006,0.00381947
4,0.0008,0.00506878
5,0.001,0.00629187
