,Current,Voltage
0,0.0,0.000133514
1,0.0002,0.000762939
2,0.0004,0.00137329
3,0.0006,0.00196695
4,0.0008,0.00257969
5,0.001,0.00317335
