,Current,Voltage
0,0.0,0.000121593
1,0.0002,0.00118732
2,0.0004,0.0022459
3,0.0006,0.00330448
4,0.0008,0.00434875
5,0.001,0.00539541
