,Current,Voltage
0,0.0,0.000109673
1,0.0002,0.000927448
2,0.0004,0.00170946
3,0.0006,0.0025034
4,0.0008,0.00327587
5,0.001,0.0040555
