,Current,Voltage
0,0.0,0.000116825
1,0.0002,0.001297
2,0.0004,0.00247955
3,0.0006,0.00362635
4,0.0008,0.00475168
5,0.001,0.00591755
