,Current,Voltage
0,0.0,0.000109673
1,0.0002,0.00155926
2,0.0004,0.00295639
3,0.0006,0.004282
4,0.0008,0.00566959
5,0.001,0.0070262
