,Current,Voltage
0,0.0,0.00010252
1,0.0002,0.00145674
2,0.0004,0.00276089
3,0.0006,0.00403881
4,0.0008,0.00534058
5,0.001,0.00660658
