,Current,Voltage
0,0.0,8.58307e-05
1,0.0002,0.00117064
2,0.0004,0.00215292
3,0.0006,0.00317335
4,0.0008,0.00413418
5,0.001,0.0051403
