,Current,Voltage
0,0.0,0.000157356
1,0.0002,0.00181913
2,0.0004,0.00348091
3,0.0006,0.00505209
4,0.0008,0.00668049
5,0.001,0.00828981
