,Current,Voltage
0,0.0,8.82149e-05
1,0.0002,0.00106335
2,0.0004,0.00197172
3,0.0006,0.00286102
4,0.0008,0.00377417
5,0.001,0.00467539
