,Current,Voltage
0,0.0,0.00014782
1,0.0002,0.00149965
2,0.0004,0.00283003
3,0.0006,0.00416756
4,0.0008,0.00550985
5,0.001,0.00680447
