,Current,Voltage
0,0.0,0.000119209
1,0.0002,0.00147104
2,0.0004,0.00268936
3,0.0006,0.00397682
4,0.0008,0.00520229
5,0.001,0.00646353
