,Current,Voltage
0,0.0,0.000145435
1,0.0002,0.00218153
2,0.0004,0.00415802
3,0.0006,0.0061059
4,0.0008,0.00808716
5,0.001,0.0100279
