,Current,Voltage
0,0.0,0.000135899
1,0.0002,0.00272751
2,0.0004,0.00531197
3,0.0006,0.0078392
4,0.0008,0.0103927
5,0.001,0.0129175
