,Current,Voltage
0,0.0,0.000164509
1,0.0002,0.00120163
2,0.0004,0.0021863
3,0.0006,0.0031662
4,0.0008,0.00416756
5,0.001,0.00518799
