,Current,Voltage
0,0.0,0.000133514
1,0.0002,0.00178337
2,0.0004,0.00333548
3,0.0006,0.00498056
4,0.0008,0.00654697
5,0.001,0.00815153
