,Current,Voltage
0,0.0,0.000100136
1,0.0002,0.00166655
2,0.0004,0.00317812
3,0.0006,0.00464201
4,0.0008,0.00613689
5,0.001,0.00756502
