,Current,Voltage
0,0.0,0.000128746
1,0.0002,0.00111103
2,0.0004,0.00209808
3,0.0006,0.00301361
4,0.0008,0.00396967
5,0.001,0.00490904
