,Current,Voltage
0,0.0,0.000143051
1,0.0002,0.00151157
2,0.0004,0.00280619
3,0.0006,0.00411272
4,0.0008,0.00545263
5,0.001,0.00673771
