,Current,Voltage
0,0.0,0.000128746
1,0.0002,0.00195742
2,0.0004,0.00378847
3,0.0006,0.00556707
4,0.0008,0.00739813
5,0.001,0.00911951
