,Current,Voltage
0,0.0,9.29832e-05
1,0.0002,0.00140667
2,0.0004,0.00265837
3,0.0006,0.00389099
4,0.0008,0.00514507
5,0.001,0.00641108
