,Current,Voltage
0,0.0,0.00010252
1,0.0002,0.00141382
2,0.0004,0.00264645
3,0.0006,0.00381708
4,0.0008,0.00506401
5,0.001,0.00623941
