,Current,Voltage
0,0.0,0.000104904
1,0.0002,0.00163555
2,0.0004,0.00310898
3,0.0006,0.00459909
4,0.0008,0.00608444
5,0.001,0.00755072
