,Current,Voltage
0,0.0,0.00025034
1,0.0002,0.0056076
2,0.0004,0.0109601
3,0.0006,0.016253
4,0.0008,0.0216317
5,0.001,0.0269103
