,Current,Voltage
0,0.0,0.000107288
1,0.0002,0.001688
2,0.0004,0.0032115
3,0.0006,0.00469208
4,0.0008,0.00622749
5,0.001,0.00771284
