,Current,Voltage
0,0.0,0.000109673
1,0.0002,0.00122786
2,0.0004,0.00233173
3,0.0006,0.00334978
4,0.0008,0.00445843
5,0.001,0.00550032
