,Current,Voltage
0,0.0,9.05991e-05
1,0.0002,0.00152349
2,0.0004,0.00288725
3,0.0006,0.00423193
4,0.0008,0.00562191
5,0.001,0.0069499
