,Current,Voltage
0,0.0,0.000104904
1,0.0002,0.000977516
2,0.0004,0.00184059
3,0.0006,0.00268221
4,0.0008,0.00353098
5,0.001,0.00440121
