,Current,Voltage
0,0.0,0.000119209
1,0.0002,0.00174522
2,0.0004,0.00326633
3,0.0006,0.0047946
4,0.0008,0.00632524
5,0.001,0.00785828
