,Current,Voltage
0,0.0,0.000140667
1,0.0002,0.000984669
2,0.0004,0.00174522
3,0.0006,0.00254869
4,0.0008,0.00335932
5,0.001,0.00413895
