,Current,Voltage
0,0.0,0.000152588
1,0.0002,0.00230312
2,0.0004,0.0043869
3,0.0006,0.00652075
4,0.0008,0.00860929
5,0.001,0.0106716
