,Current,Voltage
0,0.0,9.77516e-05
1,0.0002,0.00143766
2,0.0004,0.00273228
3,0.0006,0.00401258
4,0.0008,0.00528812
5,0.001,0.00659227
