,Current,Voltage
0,0.0,0.000121593
1,0.0002,0.00225306
2,0.0004,0.0043726
3,0.0006,0.00640631
4,0.0008,0.00849485
5,0.001,0.0106001
