,Current,Voltage
0,0.0,0.00014782
1,0.0002,0.0027442
2,0.0004,0.00530958
3,0.0006,0.00785351
4,0.0008,0.010407
5,0.001,0.0129795
