,Current,Voltage
0,0.0,0.00084877
1,0.0002,0.0160623
2,0.0004,0.0321078
3,0.0006,0.046289
4,0.0008,0.0620818
5,0.001,0.0778937
