,Current,Voltage
0,0.0,0.00014782
1,0.0002,0.00112534
2,0.0004,0.00211477
3,0.0006,0.00305891
4,0.0008,0.0040555
5,0.001,0.00501394
