,Current,Voltage
0,0.0,0.000150204
1,0.0002,0.00282764
2,0.0004,0.00551939
3,0.0006,0.00815153
4,0.0008,0.010767
5,0.001,0.0133729
