,Current,Voltage
0,0.0,0.000126362
1,0.0002,0.00151634
2,0.0004,0.00284195
3,0.0006,0.00419617
4,0.0008,0.00554085
5,0.001,0.00682354
