,Current,Voltage
0,0.0,0.000119209
1,0.0002,0.00157118
2,0.0004,0.00301123
3,0.0006,0.00441074
4,0.0008,0.00586033
5,0.001,0.00727415
