,Current,Voltage
0,0.0,0.00622201
1,8e-10,0.0167091
2,1.6e-09,0.027168
3,2.4e-09,0.0376174
4,3.2e-09,0.048074
5,4e-09,0.0585368
