,Current,Voltage
0,0.0,0.00633001
1,8e-10,0.017426
2,1.6e-09,0.0284648
3,2.4e-09,0.0395374
4,3.2e-09,0.0505791
5,4e-09,0.0616426
