,Current,Voltage
0,0.0,0.00433278
1,8e-10,0.0120192
2,1.6e-09,0.0197415
3,2.4e-09,0.027441
4,3.2e-09,0.0351639
5,4e-09,0.0428674
