,Current,Voltage
0,0.0,0.00399137
1,8e-10,0.0112133
2,1.6e-09,0.0184445
3,2.4e-09,0.0256701
4,3.2e-09,0.0328908
5,4e-09,0.0401053
