,Current,Voltage
0,0.0,0.0113058
1,0.0002,0.478642
2,0.0004,0.951021
3,0.0006,1.42019
4,0.0008,2.19025
5,0.001,3.51013
