,Current,Voltage
0,0.0,0.00180721
1,0.0002,0.0665593
2,0.0004,0.131903
3,0.0006,0.196757
4,0.0008,1.87983
5,0.001,3.94631
