,Current,Voltage
0,0.0,0.0132799
1,0.0002,0.581756
2,0.0004,1.1585
3,0.0006,1.72867
4,0.0008,2.29948
5,0.001,2.87562
