,Current,Voltage
0,0.0,0.00223875
1,0.0002,0.0857687
2,0.0004,0.170114
3,0.0006,0.253756
4,0.0008,0.338113
5,0.001,0.421712
