,Current,Voltage
0,0.0,0.0723505
1,0.0002,2.81033
2,0.0004,7.88158
3,0.0006,10.0022
4,0.0008,10.002
5,0.001,10.002
