,Current,Voltage
0,0.0,0.00238419
1,0.0002,0.0930285
2,0.0004,0.360382
3,0.0006,2.2121
4,0.0008,4.13521
5,0.001,6.01922
