,Current,Voltage
0,0.0,0.00171423
1,0.0002,0.0649738
2,0.0004,2.95098
3,0.0006,8.02559
4,0.0008,10.0023
5,0.001,10.0022
