,Current,Voltage
0,0.0,0.0167584
1,0.0002,0.653419
2,0.0004,1.49963
3,0.0006,5.5318
4,0.0008,10.0025
5,0.001,10.0022
