,Current,Voltage
0,0.0,0.0328779
1,0.0002,1.32011
2,0.0004,5.86726
3,0.0006,10.0023
4,0.0008,10.0021
5,0.001,10.0021
