,Current,Voltage
0,0.0,0.0151134
1,0.0002,0.563724
2,0.0004,3.56065
3,0.0006,8.48774
4,0.0008,10.0024
5,0.001,10.0022
