,Current,Voltage
0,0.0,0.00555515
1,0.0002,0.235584
2,0.0004,0.467708
3,0.0006,0.697761
4,0.0008,1.73289
5,0.001,3.8863
