,Current,Voltage
0,0.0,0.0282598
1,0.0002,7.62753
2,0.0004,10.0025
3,0.0006,10.0022
4,0.0008,10.0022
5,0.001,10.0022
