,Current,Voltage
0,0.0,0.00943899
1,0.0002,0.376818
2,0.0004,1.05622
3,0.0006,4.97598
4,0.0008,8.69779
5,0.001,10.0022
