,Current,Voltage
0,0.0,0.00398397
1,0.0002,0.161245
2,0.0004,0.327737
3,0.0006,2.17885
4,0.0008,4.24019
5,0.001,6.27595
