,Current,Voltage
0,0.0,0.00224113
1,0.0002,0.0858808
2,0.0004,0.170169
3,0.0006,0.253921
4,0.0008,0.338283
5,0.001,0.421906
