,Current,Voltage
0,0.0,0.0039432
1,8e-10,0.0116622
2,1.6e-09,0.0193775
3,2.4e-09,0.0270851
4,3.2e-09,0.0347965
5,4e-09,0.0425041
