,Current,Voltage
0,0.0,0.00942731
1,8e-10,0.0293322
2,1.6e-09,0.0491967
3,2.4e-09,0.0689986
4,3.2e-09,0.088855
5,4e-09,0.108674
