,Current,Voltage
0,0.0,-1.0352
1,8e-10,-0.783573
2,1.6e-09,-0.524915
3,2.4e-09,-0.25921
4,3.2e-09,0.0137565
5,4e-09,0.290163
