,Current,Voltage
0,0.0,0.00456762
1,8e-10,0.0130782
2,1.6e-09,0.0215788
3,2.4e-09,0.0300808
4,3.2e-09,0.0385897
5,4e-09,0.0470934
