,Current,Voltage
0,0.0,0.00846577
1,8e-10,0.0229108
2,1.6e-09,0.0372946
3,2.4e-09,0.0516768
4,3.2e-09,0.0660481
5,4e-09,0.0804386
