,Current,Voltage
0,0.0,0.0162339
1,0.0002,0.0795555
2,0.0004,0.143416
3,0.0006,0.206497
4,0.0008,0.270138
5,0.001,0.333133
