,Current,Voltage
0,0.0,0.000350475
1,0.0002,0.00946045
2,0.0004,0.018568
3,0.0006,0.0276446
4,0.0008,0.0367045
5,0.001,0.0457621
