,Current,Voltage
0,0.0,0.000326633
1,0.0002,0.009408
2,0.0004,0.0184608
3,0.0006,0.0274706
4,0.0008,0.0365448
5,0.001,0.0455356
