,Current,Voltage
0,0.0,0.000298023
1,0.0002,0.00831842
2,0.0004,0.0163054
3,0.0006,0.0242877
4,0.0008,0.0322604
5,0.001,0.0402141
