,Current,Voltage
0,0.0,0.000407696
1,0.0002,0.0119925
2,0.0004,0.023632
3,0.0006,0.0351667
4,0.0008,0.0468278
5,0.001,0.0583339
