,Current,Voltage
0,0.0,0.000379086
1,0.0002,0.0104737
2,0.0004,0.020535
3,0.0006,0.030508
4,0.0008,0.0405884
5,0.001,0.0506878
