,Current,Voltage
0,0.0,-1.33774
1,0.0002,-1.26437
2,0.0004,-1.17987
3,0.0006,-1.09621
4,0.0008,-1.01135
5,0.001,-0.926554
