,Current,Voltage
0,0.0,0.00670671
1,0.0002,0.0679278
2,0.0004,0.0954294
3,0.0006,0.108135
4,0.0008,0.115466
5,0.001,0.120318
