,Current,Voltage
0,0.0,0.00026226
1,0.0002,0.00881195
2,0.0004,0.0172901
3,0.0006,0.0257349
4,0.0008,0.0342011
5,0.001,0.0426078
