,Current,Voltage
0,0.0,0.000448227
1,0.0002,0.0147057
2,0.0004,0.0289989
3,0.0006,0.0431395
4,0.0008,0.0574565
5,0.001,0.0716305
