,Current,Voltage
0,0.0,0.000529289
1,0.0002,0.0169253
2,0.0004,0.0334454
3,0.0006,0.0497913
4,0.0008,0.0662899
5,0.001,0.0826573
