,Current,Voltage
0,0.0,0.00660539
1,8e-10,0.017719
2,1.6e-09,0.0288229
3,2.4e-09,0.0399175
4,3.2e-09,0.0510063
5,4e-09,0.062114
