,Current,Voltage
0,0.0,0.0148013
1,8e-10,0.345917
2,1.6e-09,0.541027
3,2.4e-09,0.72405
4,3.2e-09,0.905076
5,4e-09,1.08732
