,Current,Voltage
0,0.0,6.67572e-05
1,0.0002,0.00157118
2,0.0004,0.003016
3,0.0006,0.00449181
4,0.0008,0.00596285
5,0.001,0.00742674
