,Current,Voltage
0,0.0,8.58307e-05
1,0.0002,0.00157118
2,0.0004,0.00300884
3,0.0006,0.00444651
4,0.0008,0.00582218
5,0.001,0.00725985
