,Current,Voltage
0,0.0,0.00351667
1,0.0002,0.134969
2,0.0004,0.26756
3,0.0006,0.399113
4,0.0008,0.531855
5,0.001,0.663574
