,Current,Voltage
0,0.0,8.34465e-05
1,0.0002,0.00116348
2,0.0004,0.00219345
3,0.0006,0.0032115
4,0.0008,0.00424623
5,0.001,0.00524759
