,Current,Voltage
0,0.0,7.86781e-05
1,0.0002,0.000605583
2,0.0004,0.00107527
3,0.0006,2.89797
4,0.0008,10.0022
5,0.001,10.0022
