,Current,Voltage
0,0.0,0.000109673
1,0.0002,0.00160694
2,0.0004,0.00306606
3,0.0006,0.00452757
4,0.0008,0.00598192
5,0.001,0.00742674
