,Current,Voltage
0,0.0,6.4373e-05
1,0.0002,0.00112057
2,0.0004,0.00214338
3,0.0006,0.00315189
4,0.0008,0.00416517
5,0.001,0.00512838
