,Current,Voltage
0,0.0,0.000104904
1,0.0002,0.00244141
2,0.0004,0.00475168
3,0.0006,0.00703812
4,0.0008,0.00934124
5,0.001,0.0116038
