,Current,Voltage
0,0.0,6.19888e-05
1,0.0002,0.00107527
2,0.0004,0.00204086
3,0.0006,0.0030303
4,0.0008,0.00400782
5,0.001,0.0049758
