,Current,Voltage
0,0.0,0.000238419
1,0.0002,0.00740528
2,0.0004,0.0145698
3,0.0006,0.0217009
4,0.0008,0.0288653
5,0.001,0.0359607
