,Current,Voltage
0,0.0,0.000174046
1,0.0002,0.00521421
2,0.0004,0.0102091
3,0.0006,0.015173
4,0.0008,0.0202012
5,0.001,0.0251603
