,Current,Voltage
0,0.0,0.00013113
1,0.0002,0.00348806
2,0.0004,0.00682354
3,0.0006,0.0100923
4,0.0008,0.0134397
5,0.001,0.0167322
