,Current,Voltage
0,0.0,0.000243187
1,0.0002,0.00828028
2,0.0004,0.0162196
3,0.0006,0.0242162
4,0.0008,0.0321794
5,0.001,0.0401473
