,Current,Voltage
0,0.0,3.8147e-05
1,0.0002,0.000956059
2,0.0004,0.00181198
3,0.0006,0.00264645
4,0.0008,0.00348806
5,0.001,0.00435114
