,Current,Voltage
0,0.0,4.76837e-05
1,0.0002,0.000684261
2,0.0004,0.00125408
3,0.0006,0.00184298
4,0.0008,0.00245333
5,0.001,0.00301123
