,Current,Voltage
0,0.0,5.96046e-05
1,0.0002,0.000417233
2,0.0004,0.000729561
3,0.0006,0.00103712
4,0.0008,0.00132084
5,0.001,0.00161171
