,Current,Voltage
0,0.0,3.33786e-05
1,0.0002,0.00124693
2,0.0004,0.00237226
3,0.0006,0.0034523
4,0.0008,0.0046134
5,0.001,0.00569105
