,Current,Voltage
0,0.0,2.38419e-05
1,0.0002,0.00141144
2,0.0004,0.00277042
3,0.0006,0.00409365
4,0.0008,0.00543356
5,0.001,0.00673771
