,Current,Voltage
0,0.0,5.00679e-05
1,0.0002,0.00132799
2,0.0004,0.00250578
3,0.0006,0.00372171
4,0.0008,0.00491142
5,0.001,0.00607729
