,Current,Voltage
0,0.0,9.53674e-05
1,0.0002,0.00116825
2,0.0004,0.00226736
3,0.0006,0.00326633
4,0.0008,0.00435591
5,0.001,0.00540018
