,Current,Voltage
0,0.0,5.24521e-05
1,0.0002,0.00100851
2,0.0004,0.00190973
3,0.0006,0.00268221
4,0.0008,0.00360727
5,0.001,0.00446796
