,Current,Voltage
0,0.0,0.000317097
1,0.0002,0.00812531
2,0.0004,0.0159979
3,0.0006,0.0237608
4,0.0008,0.0316048
5,0.001,0.0394106
