,Current,Voltage
0,0.0,9.53674e-05
1,0.0002,0.00126839
2,0.0004,0.00245571
3,0.0006,0.00356913
4,0.0008,0.00469685
5,0.001,0.00584364
