,Current,Voltage
0,0.0,7.39098e-05
1,0.0002,0.00152111
2,0.0004,0.00296116
3,0.0006,0.0043273
4,0.0008,0.00571966
5,0.001,0.00714064
