,Current,Voltage
0,0.0,-0.000193119
1,0.0002,0.00159264
2,0.0004,0.00306606
3,0.0006,0.0045228
4,0.0008,0.00599623
5,0.001,0.00743628
