,Current,Voltage
0,0.0,5.96046e-05
1,0.0002,0.00119448
2,0.0004,0.00227213
3,0.0006,0.00334263
4,0.0008,0.00444174
5,0.001,0.00547886
