,Current,Voltage
0,0.0,7.62939e-05
1,0.0002,0.00115633
2,0.0004,0.00219345
3,0.0006,0.00319242
4,0.0008,0.00419855
5,0.001,0.00524282
