,Current,Voltage
0,0.0,3.09944e-05
1,0.0002,0.00105619
2,0.0004,0.00200748
3,0.0006,0.00299215
4,0.0008,0.00393629
5,0.001,0.00486374
