,Current,Voltage
0,0.0,6.91414e-05
1,0.0002,0.00133276
2,0.0004,0.00256062
3,0.0006,0.00379086
4,0.0008,0.0050354
5,0.001,0.00622749
