,Current,Voltage
0,0.0,0.000140667
1,0.0002,0.00396252
2,0.0004,0.00774622
3,0.0006,0.0115061
4,0.0008,0.0153041
5,0.001,0.0190353
