,Current,Voltage
0,0.0,7.39098e-05
1,0.0002,0.00106812
2,0.0004,0.00206947
3,0.0006,0.00302076
4,0.0008,0.0039649
5,0.001,0.00491381
