,Current,Voltage
0,0.0,0.00124216
1,0.0002,0.0426221
2,0.0004,0.0843978
3,0.0006,0.126574
4,0.0008,0.16983
5,0.001,0.212667
