,Current,Voltage
0,0.0,4.29153e-05
1,0.0002,0.00128031
2,0.0004,0.00243902
3,0.0006,0.00359058
4,0.0008,0.0047493
5,0.001,0.00593662
