,Current,Voltage
0,0.0,6.91414e-05
1,0.0002,0.00126123
2,0.0004,0.00240803
3,0.0006,0.00357628
4,0.0008,0.00470638
5,0.001,0.00585556
