,Current,Voltage
0,0.0,8.58307e-05
1,0.0002,0.000398159
2,0.0004,0.00068903
3,0.0006,0.000934601
4,0.0008,0.00118017
5,0.001,0.00142336
