,Current,Voltage
0,0.0,6.91414e-05
1,0.0002,0.00262022
2,0.0004,0.00508547
3,0.0006,0.00752926
4,0.0008,0.0100207
5,0.001,0.0124526
