,Current,Voltage
0,0.0,0.000100136
1,0.0002,0.00148296
2,0.0004,0.00281334
3,0.0006,0.00411749
4,0.0008,0.00546932
5,0.001,0.00679255
