,Current,Voltage
0,0.0,6.91414e-05
1,0.0002,0.00125408
2,0.0004,0.00232697
3,0.0006,0.0034523
4,0.0008,0.00454426
5,0.001,0.00564337
