,Current,Voltage
0,0.0,6.91414e-05
1,0.0002,0.00111818
2,0.0004,0.00215292
3,0.0006,0.00310421
4,0.0008,0.00409126
5,0.001,0.00509262
