,Current,Voltage
0,0.0,0.00650597
1,8e-10,0.0171437
2,1.6e-09,0.0277998
3,2.4e-09,0.0384223
4,3.2e-09,0.0490685
5,4e-09,0.0597055
