,Current,Voltage
0,0.0,0.00903368
1,8e-10,0.0256793
2,1.6e-09,0.0423007
3,2.4e-09,0.0588663
4,3.2e-09,0.0754836
5,4e-09,0.0920479
