,Current,Voltage
0,0.0,0.00365043
1,8e-10,0.0110424
2,1.6e-09,0.0184059
3,2.4e-09,0.0257854
4,3.2e-09,0.0331595
5,4e-09,0.0405383
