,Current,Voltage
0,0.0,0.00815415
1,8e-10,0.350435
2,1.6e-09,0.562154
3,2.4e-09,0.751202
4,3.2e-09,0.934644
5,4e-09,1.11893
