,Current,Voltage
0,0.0,0.000193119
1,0.0002,0.00673532
2,0.0004,0.0132346
3,0.0006,0.0197458
4,0.0008,0.0262642
5,0.001,0.0326848
