,Current,Voltage
0,0.0,0.000221729
1,0.0002,0.00424623
2,0.0004,0.00820637
3,0.0006,0.0121617
4,0.0008,0.01616
5,0.001,0.0201321
