,Current,Voltage
0,0.0,-0.152745
1,0.0002,0.844812
2,0.0004,1.82708
3,0.0006,2.7877
4,0.0008,3.74851
5,0.001,4.69613
