,Current,Voltage
0,0.0,0.000185966
1,0.0002,0.00219584
2,0.0004,0.00418663
3,0.0006,0.00612736
4,0.0008,0.00812292
5,0.001,0.0101089
