,Current,Voltage
0,0.0,0.000231266
1,0.0002,0.00472307
2,0.0004,0.00924349
3,0.0006,0.0136995
4,0.0008,0.0181746
5,0.001,0.0226712
