,Current,Voltage
0,0.0,-1.37172
1,0.0002,-1.30308
2,0.0004,-1.23942
3,0.0006,-1.17615
4,0.0008,-1.1127
5,0.001,-1.04939
