,Current,Voltage
0,0.0,0.00013113
1,0.0002,0.00349045
2,0.0004,0.006814
3,0.0006,0.010035
4,0.0008,0.0133586
5,0.001,0.0166535
