,Current,Voltage
0,0.0,-1.40847
1,0.0002,-0.958066
2,0.0004,-0.579484
3,0.0006,-0.192533
4,0.0008,0.130372
5,0.001,10.0019
