,Current,Voltage
0,0.0,-1.3254
1,0.0002,-1.11104
2,0.0004,-0.917454
3,0.0006,-0.74867
4,0.0008,-0.599058
5,0.001,-0.465894
