,Current,Voltage
0,0.0,0.000269413
1,0.0002,0.00754118
2,0.0004,0.0147843
3,0.0006,0.022006
4,0.0008,0.0292611
5,0.001,0.0364661
