,Current,Voltage
0,0.0,0.000305176
1,0.0002,0.00876427
2,0.0004,0.0171804
3,0.0006,0.0255775
4,0.0008,0.0340605
5,0.001,0.042417
