,Current,Voltage
0,0.0,-1.1186
1,0.0002,-0.784349
2,0.0004,-0.532291
3,0.0006,-0.341225
4,0.0008,-0.190661
5,0.001,-0.0689936
