,Current,Voltage
0,0.0,0.00587749
1,8e-10,0.0161512
2,1.6e-09,0.0263929
3,2.4e-09,0.0366294
4,3.2e-09,0.0468638
5,4e-09,0.0571125
