,Current,Voltage
0,0.0,0.00441241
1,8e-10,0.0108151
2,1.6e-09,0.0171969
3,2.4e-09,0.0235844
4,3.2e-09,0.0299826
5,4e-09,0.0363886
