,Current,Voltage
0,0.0,0.103166
1,0.0002,0.117216
2,0.0004,0.12996
3,0.0006,0.142038
4,0.0008,0.154181
5,0.001,0.166037
