,Current,Voltage
0,0.0,0.00014782
1,0.0002,0.00207901
2,0.0004,0.00390768
3,0.0006,0.00573874
4,0.0008,0.00755548
5,0.001,0.00941277
