,Current,Voltage
0,0.0,0.00020504
1,0.0002,0.00317097
2,0.0004,0.00606298
3,0.0006,0.00895977
4,0.0008,0.0118709
5,0.001,0.014782
