,Current,Voltage
0,0.0,0.000178814
1,0.0002,0.00214815
2,0.0004,0.00408888
3,0.0006,0.00601053
4,0.0008,0.0079298
5,0.001,0.00985861
