,Current,Voltage
0,0.0,0.000214577
1,0.0002,0.00571012
2,0.0004,0.0111961
3,0.0006,0.016551
4,0.0008,0.0220013
5,0.001,0.0274444
