,Current,Voltage
0,0.0,0.000290871
1,0.0002,0.00669003
2,0.0004,0.0130606
3,0.0006,0.0194263
4,0.0008,0.0258017
5,0.001,0.0321102
