,Current,Voltage
0,0.0,0.000169277
1,0.0002,0.0018549
2,0.0004,0.00351906
3,0.0006,0.0051856
4,0.0008,0.00685215
5,0.001,0.0084877
