,Current,Voltage
0,0.0,0.00014782
1,0.0002,0.00169992
2,0.0004,0.00324965
3,0.0006,0.00478029
4,0.0008,0.00628948
5,0.001,0.00777721
