,Current,Voltage
0,0.0,0.000185966
1,0.0002,0.00263691
2,0.0004,0.00507355
3,0.0006,0.00743866
4,0.0008,0.00982046
5,0.001,0.0122309
