,Current,Voltage
0,0.0,0.134821
1,0.0002,0.218489
2,0.0004,0.297596
3,0.0006,0.37375
4,0.0008,0.450842
5,0.001,0.526752
