,Current,Voltage
0,0.0,-1.35181
1,0.0002,-1.28987
2,0.0004,-1.21847
3,0.0006,-1.14889
4,0.0008,-1.08064
5,0.001,-1.01348
