,Current,Voltage
0,0.0,0.000133514
1,0.0002,0.00316381
2,0.0004,0.00615358
3,0.0006,0.00905037
4,0.0008,0.0120211
5,0.001,0.0149941
