,Current,Voltage
0,0.0,0.000145435
1,0.0002,0.00215292
2,0.0004,0.0041151
3,0.0006,0.00602722
4,0.0008,0.00800848
5,0.001,0.00993252
