,Current,Voltage
0,0.0,0.000119209
1,0.0002,0.000977516
2,0.0004,0.00181437
3,0.0006,0.00258923
4,0.0008,0.00340939
5,0.001,0.00419855
