,Current,Voltage
0,0.0,0.00148535
1,0.0002,0.0575113
2,0.0004,0.113986
3,0.0006,0.170019
4,0.0008,0.226588
5,0.001,0.282643
