,Current,Voltage
0,0.0,0.000219345
1,0.0002,0.00575781
2,0.0004,0.0112104
3,0.0006,0.0166273
4,0.0008,0.0221205
5,0.001,0.0275421
