,Current,Voltage
0,0.0,-2.05336
1,0.0002,-1.93288
2,0.0004,-1.80209
3,0.0006,-1.67253
4,0.0008,-1.54226
5,0.001,-1.41324
