,Current,Voltage
0,0.0,0.000169277
1,0.0002,0.00258446
2,0.0004,0.00492573
3,0.0006,0.00725031
4,0.0008,0.00961781
5,0.001,0.0119662
