,Current,Voltage
0,0.0,0.000274181
1,0.0002,0.0088501
2,0.0004,0.017395
3,0.0006,0.0258732
4,0.0008,0.0344563
5,0.001,0.0429296
