,Current,Voltage
0,0.0,-1.8373
1,0.0002,0.639017
2,0.0004,3.02445
3,0.0006,5.28976
4,0.0008,7.68272
5,0.001,10.0017
