,Current,Voltage
0,0.0,0.00056982
1,0.0002,0.0212097
2,0.0004,0.0420117
3,0.0006,0.0626564
4,0.0008,0.0834537
5,0.001,0.104098
