,Current,Voltage
0,0.0,0.000126362
1,0.0002,0.000193119
2,0.0004,0.000212193
3,0.0006,0.000228882
4,0.0008,0.000274181
5,0.001,0.00027895
