,Current,Voltage
0,0.0,0.000240803
1,0.0002,0.00537872
2,0.0004,0.0105071
3,0.0006,0.0155544
4,0.0008,0.0206709
5,0.001,0.0257659
