,Current,Voltage
0,0.0,0.000319481
1,0.0002,0.0107288
2,0.0004,0.0211549
3,0.0006,0.0314808
4,0.0008,0.0419116
5,0.001,0.0522542
