,Current,Voltage
0,0.0,0.000457764
1,0.0002,0.0167513
2,0.0004,0.0331688
3,0.0006,0.0494123
4,0.0008,0.0657988
5,0.001,0.0820446
