,Current,Voltage
0,0.0,0.000109673
1,0.0002,0.000157356
2,0.0004,0.00017643
3,0.0006,0.000157356
4,0.0008,0.000128746
5,0.001,0.000157356
