,Current,Voltage
0,0.0,0.000123978
1,0.0002,0.0005126
2,0.0004,0.000803471
3,0.0006,0.00108004
4,0.0008,0.00138044
5,0.001,0.0016737
