,Current,Voltage
0,0.0,-1.50416
1,0.0002,-1.42837
2,0.0004,-1.34091
3,0.0006,-1.25424
4,0.0008,-1.16728
5,0.001,-1.08067
