,Current,Voltage
0,0.0,0.000448227
1,0.0002,0.0146246
2,0.0004,0.0289059
3,0.0006,0.0430155
4,0.0008,0.0572777
5,0.001,0.0713778
