,Current,Voltage
0,0.0,0.00101566
1,0.0002,0.0417233
2,0.0004,0.0826859
3,0.0006,0.123274
4,0.0008,0.164223
5,0.001,0.204782
