,Current,Voltage
0,0.0,0.000185966
1,0.0002,0.00330925
2,0.0004,0.00636339
3,0.0006,0.00944376
4,0.0008,0.0124884
5,0.001,0.0155139
