,Current,Voltage
0,0.0,0.0136948
1,0.0002,0.555019
2,0.0004,1.09733
3,0.0006,4.95507
4,0.0008,3.86435
5,0.001,5.50543
