,Current,Voltage
0,0.0,0.000107288
1,0.0002,0.000188351
2,0.0004,0.00017643
3,0.0006,0.00199318
4,0.0008,1.02581
5,0.001,2.19249
