,Current,Voltage
0,0.0,0.00598049
1,8e-10,0.0159636
2,1.6e-09,0.0259309
3,2.4e-09,0.0359058
4,3.2e-09,0.0458755
5,4e-09,0.0558403
