,Current,Voltage
0,0.0,0.00679135
1,8e-10,0.0185359
2,1.6e-09,0.0302699
3,2.4e-09,0.0420201
4,3.2e-09,0.0537419
5,4e-09,0.0655134
