,Current,Voltage
0,0.0,-0.067029
1,0.0002,-0.0432992
2,0.0004,-0.0357652
3,0.0006,-0.0305176
4,0.0008,-0.0262332
5,0.001,-0.0225234
