,Current,Voltage
0,0.0,0.000197887
1,0.0002,0.0045681
2,0.0004,0.00893116
3,0.0006,0.0132227
4,0.0008,0.0175691
5,0.001,0.021944
