,Current,Voltage
0,0.0,0.000455379
1,0.0002,0.0146961
2,0.0004,0.0289989
3,0.0006,0.0431848
4,0.0008,0.0575185
5,0.001,0.0717163
