,Current,Voltage
0,0.0,-0.347288
1,0.0002,-0.00519276
2,0.0004,0.0746274
3,0.0006,0.130851
4,0.0008,0.180516
5,0.001,0.226543
