,Current,Voltage
0,0.0,0.000100136
1,0.0002,0.000269413
2,0.0004,0.000309944
3,0.0006,0.000395775
4,0.0008,0.000500679
5,0.001,0.000522137
