,Current,Voltage
0,0.0,0.000174046
1,0.0002,0.00337362
2,0.0004,0.00648737
3,0.0006,0.00957966
4,0.0008,0.0127435
5,0.001,0.015831
