,Current,Voltage
0,0.0,0.000312328
1,0.0002,0.00931978
2,0.0004,0.0182724
3,0.0006,0.0271773
4,0.0008,0.0361609
5,0.001,0.045042
