,Current,Voltage
0,0.0,0.00013113
1,0.0002,0.00156164
2,0.0004,0.00290155
3,0.0006,0.00425339
4,0.0008,0.00561476
5,0.001,0.00698328
