,Current,Voltage
0,0.0,4.05312e-05
1,0.0002,0.000166893
2,0.0004,0.000181198
3,0.0006,0.000183582
4,0.0008,0.000224113
5,0.001,0.000228882
