,Current,Voltage
0,0.0,-0.787601
1,0.0002,-0.33848
2,0.0004,-0.103917
3,0.0006,0.0284553
4,0.0008,0.114088
5,0.001,0.176697
