,Current,Voltage
0,0.0,0.000305176
1,0.0002,0.0097394
2,0.0004,0.0191784
3,0.0006,0.0285745
4,0.0008,0.0380254
5,0.001,0.0474024
