,Current,Voltage
0,0.0,0.0011158
1,0.0002,0.0418401
2,0.0004,0.0828409
3,0.0006,0.123627
4,0.0008,0.164835
5,0.001,0.205786
