,Current,Voltage
0,0.0,0.000207424
1,0.0002,0.00534773
2,0.0004,0.0104141
3,0.0006,0.015521
4,0.0008,0.0205946
5,0.001,0.0256371
