,Current,Voltage
0,0.0,0.000343323
1,0.0002,0.0108123
2,0.0004,0.0213027
3,0.0006,0.0316882
4,0.0008,0.0422239
5,0.001,0.052557
