,Current,Voltage
0,0.0,0.00315189
1,0.0002,0.123866
2,0.0004,0.245652
3,0.0006,0.366428
4,0.0008,0.488369
5,0.001,0.609434
