,Current,Voltage
0,0.0,0.000190735
1,0.0002,0.00179291
2,0.0004,0.003407
3,0.0006,0.00501156
4,0.0008,0.00661373
5,0.001,0.00824451
