,Current,Voltage
0,0.0,8.58307e-05
1,0.0002,0.00155449
2,0.0004,0.00288248
3,0.0006,0.00423431
4,0.0008,0.00561953
5,0.001,0.00695944
