,Current,Voltage
0,0.0,0.000116825
1,0.0002,0.00230074
2,0.0004,0.00445843
3,0.0006,0.00653028
4,0.0008,0.00868559
5,0.001,0.010767
