,Current,Voltage
0,0.0,0.000119209
1,0.0002,0.00221252
2,0.0004,0.00418186
3,0.0006,0.00619888
4,0.0008,0.00819445
5,0.001,0.0101519
