,Current,Voltage
0,0.0,0.000135899
1,0.0002,0.00267029
2,0.0004,0.00513315
3,0.0006,0.00754356
4,0.0008,0.0100446
5,0.001,0.012548
