,Current,Voltage
0,0.0,0.000128746
1,0.0002,0.00158787
2,0.0004,0.00301361
3,0.0006,0.00441074
4,0.0008,0.00580311
5,0.001,0.00720501
