,Current,Voltage
0,0.0,0.00015974
1,0.0002,0.00174284
2,0.0004,0.00338554
3,0.0006,0.00495911
4,0.0008,0.00655651
5,0.001,0.00813961
