,Current,Voltage
0,0.0,0.000145435
1,0.0002,0.00175476
2,0.0004,0.0033474
3,0.0006,0.00490189
4,0.0008,0.00648022
5,0.001,0.00805378
