,Current,Voltage
0,0.0,8.10623e-05
1,0.0002,0.00151634
2,0.0004,0.00288486
3,0.0006,0.00424862
4,0.0008,0.00561476
5,0.001,0.00696659
