,Current,Voltage
0,0.0,0.000154972
1,0.0002,0.00196695
2,0.0004,0.00376463
3,0.0006,0.00550747
4,0.0008,0.00733376
5,0.001,0.00907898
