,Current,Voltage
0,0.0,0.000138283
1,0.0002,0.00150204
2,0.0004,0.00281572
3,0.0006,0.00407934
4,0.0008,0.0053668
5,0.001,0.00663996
