,Current,Voltage
0,0.0,9.29832e-05
1,0.0002,0.00207663
2,0.0004,0.00393629
3,0.0006,0.00579834
4,0.0008,0.00769854
5,0.001,0.00956774
