,Current,Voltage
0,0.0,0.000140667
1,0.0002,0.00181913
2,0.0004,0.00347614
3,0.0006,0.00512362
4,0.0008,0.00676155
5,0.001,0.00840187
