,Current,Voltage
0,0.0,0.000150204
1,0.0002,0.00171185
2,0.0004,0.00319719
3,0.0006,0.00472069
4,0.0008,0.00622511
5,0.001,0.00773907
