,Current,Voltage
0,0.0,0.00010252
1,0.0002,0.00161171
2,0.0004,0.00310898
3,0.0006,0.00457764
4,0.0008,0.00602722
5,0.001,0.00750065
