,Current,Voltage
0,0.0,0.000107288
1,0.0002,0.00166416
2,0.0004,0.00318527
3,0.0006,0.00462532
4,0.0008,0.00618219
5,0.001,0.00763178
