,Current,Voltage
0,0.0,0.000138283
1,0.0002,0.00136375
2,0.0004,0.00255346
3,0.0006,0.00375032
4,0.0008,0.00491858
5,0.001,0.00607729
