,Current,Voltage
0,0.0,0.000123978
1,0.0002,0.00146151
2,0.0004,0.0027132
3,0.0006,0.00398159
4,0.0008,0.00527143
5,0.001,0.00653505
