,Current,Voltage
0,0.0,0.000112057
1,0.0002,0.00186205
2,0.0004,0.00356436
3,0.0006,0.00526428
4,0.0008,0.00703812
5,0.001,0.00885963
