,Current,Voltage
0,0.0,0.000121593
1,0.0002,0.00167847
2,0.0004,0.00326395
3,0.0006,0.00477791
4,0.0008,0.00629902
5,0.001,0.0077939
