,Current,Voltage
0,0.0,0.000112057
1,0.0002,0.00152588
2,0.0004,0.00285864
3,0.0006,0.00419617
4,0.0008,0.00554323
5,0.001,0.00686169
