,Current,Voltage
0,0.0,0.000135899
1,0.0002,0.00200033
2,0.0004,0.00380039
3,0.0006,0.00561714
4,0.0008,0.00738859
5,0.001,0.00915766
