,Current,Voltage
0,0.0,0.000169277
1,0.0002,0.00175238
2,0.0004,0.00334024
3,0.0006,0.0048542
4,0.0008,0.0063777
5,0.001,0.00794172
