,Current,Voltage
0,0.0,0.000133514
1,0.0002,0.00149488
2,0.0004,0.00281096
3,0.0006,0.00408888
4,0.0008,0.0054431
5,0.001,0.0067544
