,Current,Voltage
0,0.0,0.00013113
1,0.0002,0.00211954
2,0.0004,0.00412703
3,0.0006,0.00609875
4,0.0008,0.00807285
5,0.001,0.0100636
