,Current,Voltage
0,0.0,0.000107288
1,0.0002,0.00260592
2,0.0004,0.00496626
3,0.0006,0.00734806
4,0.0008,0.00977278
5,0.001,0.0121355
