,Current,Voltage
0,0.0,0.000109673
1,0.0002,0.00184059
2,0.0004,0.00349045
3,0.0006,0.00516653
4,0.0008,0.00676632
5,0.001,0.00846386
