,Current,Voltage
0,0.0,0.000133514
1,0.0002,0.00169039
2,0.0004,0.00324965
3,0.0006,0.00478745
4,0.0008,0.00627995
5,0.001,0.00784636
