,Current,Voltage
0,0.0,0.000145435
1,0.0002,0.00145197
2,0.0004,0.0026679
3,0.0006,0.00395775
4,0.0008,0.00517607
5,0.001,0.00643253
