,Current,Voltage
0,0.0,0.000116825
1,0.0002,0.00156641
2,0.0004,0.00295639
3,0.0006,0.0043869
4,0.0008,0.0057435
5,0.001,0.00717402
