,Current,Voltage
0,0.0,0.000140667
1,0.0002,0.00149965
2,0.0004,0.00284672
3,0.0006,0.00419617
4,0.0008,0.005548
5,0.001,0.00688791
