,Current,Voltage
0,0.0,0.000143051
1,0.0002,0.00157595
2,0.0004,0.00296831
3,0.0006,0.00433922
4,0.0008,0.00570536
5,0.001,0.00709534
