,Current,Voltage
0,0.0,0.000135899
1,0.0002,0.00197649
2,0.0004,0.0038147
3,0.0006,0.00557423
4,0.0008,0.00738382
5,0.001,0.00920534
