,Current,Voltage
0,0.0,0.000157356
1,0.0002,0.00248909
2,0.0004,0.00481367
3,0.0006,0.00711441
4,0.0008,0.00939131
5,0.001,0.0116944
