,Current,Voltage
0,0.0,0.000109673
1,0.0002,0.00209332
2,0.0004,0.00401974
3,0.0006,0.00593901
4,0.0008,0.00789404
5,0.001,0.00979424
