,Current,Voltage
0,0.0,0.000112057
1,0.0002,0.00205994
2,0.0004,0.00400305
3,0.0006,0.00588894
4,0.0008,0.00778437
5,0.001,0.00968933
