,Current,Voltage
0,0.0,8.58307e-05
1,0.0002,0.00139713
2,0.0004,0.00267506
3,0.0006,0.0039506
4,0.0008,0.00522852
5,0.001,0.00650167
