,Current,Voltage
0,0.0,0.000121593
1,0.0002,0.00179768
2,0.0004,0.00345945
3,0.0006,0.00510216
4,0.0008,0.00676394
5,0.001,0.00839472
