,Current,Voltage
0,0.0,0.000114441
1,0.0002,0.00180244
2,0.0004,0.00346422
3,0.0006,0.0050211
4,0.0008,0.00669718
5,0.001,0.00828028
