,Current,Voltage
0,0.0,0.000104904
1,0.0002,0.00197649
2,0.0004,0.00380754
3,0.0006,0.0056076
4,0.0008,0.00744104
5,0.001,0.00921726
