,Current,Voltage
0,0.0,0.000133514
1,0.0002,0.00175953
2,0.0004,0.00332594
3,0.0006,0.00488997
4,0.0008,0.00645638
5,0.001,0.00802517
