,Current,Voltage
0,0.0,0.000119209
1,0.0002,0.00202417
2,0.0004,0.00384092
3,0.0006,0.00563383
4,0.0008,0.00748873
5,0.001,0.00930786
