,Current,Voltage
0,0.0,0.000162125
1,0.0002,0.00160456
2,0.0004,0.00301361
3,0.0006,0.00442982
4,0.0008,0.00582933
5,0.001,0.007267
