,Current,Voltage
0,0.0,0.000162125
1,0.0002,0.001719
2,0.0004,0.0032115
3,0.0006,0.00464439
4,0.0008,0.0061512
5,0.001,0.00765562
