,Current,Voltage
0,0.0,0.000138283
1,0.0002,0.00184536
2,0.0004,0.00344515
3,0.0006,0.00505924
4,0.0008,0.0067091
5,0.001,0.00830889
