,Current,Voltage
0,0.0,0.000150204
1,0.0002,0.00209332
2,0.0004,0.00402451
3,0.0006,0.00592947
4,0.0008,0.00782967
5,0.001,0.00974417
