,Current,Voltage
0,0.0,9.05991e-05
1,0.0002,0.00157833
2,0.0004,0.00299215
3,0.0006,0.00438213
4,0.0008,0.00577927
5,0.001,0.00719547
