,Current,Voltage
0,0.0,0.0247085
1,8e-10,0.28727
2,1.6e-09,0.46992
3,2.4e-09,0.638211
4,3.2e-09,0.80224
5,4e-09,0.967843
