,Current,Voltage
0,0.0,0.00361991
1,8e-10,0.0101619
2,1.6e-09,0.0167019
3,2.4e-09,0.0232258
4,3.2e-09,0.0297585
5,4e-09,0.0363069
