,Current,Voltage
0,0.0,0.00390887
1,8e-10,0.0102839
2,1.6e-09,0.0166469
3,2.4e-09,0.0230064
4,3.2e-09,0.0293517
5,4e-09,0.0357368
