,Current,Voltage
0,0.0,0.00989985
1,8e-10,0.0266826
2,1.6e-09,0.0434096
3,2.4e-09,0.0601113
4,3.2e-09,0.07687
5,4e-09,0.0935676
