,Current,Voltage
0,0.0,0.0119646
1,8e-10,0.0324242
2,1.6e-09,0.0527649
3,2.4e-09,0.0731339
4,3.2e-09,0.0934153
5,4e-09,0.113783
