,Current,Voltage
0,0.0,0.00410533
1,8e-10,0.0104353
2,1.6e-09,0.0167463
3,2.4e-09,0.0230446
4,3.2e-09,0.0293686
5,4e-09,0.0356715
