,Current,Voltage
0,0.0,0.00434661
1,8e-10,0.012501
2,1.6e-09,0.020642
3,2.4e-09,0.0287924
4,3.2e-09,0.0369346
5,4e-09,0.045073
