,Current,Voltage
0,0.0,0.00383878
1,8e-10,0.0123367
2,1.6e-09,0.0208473
3,2.4e-09,0.0293415
4,3.2e-09,0.0378106
5,4e-09,0.0463026
