,Current,Voltage
0,0.0,0.00010252
1,0.0002,0.00137568
2,0.0004,0.00257015
3,0.0006,0.00384808
4,0.0008,0.00505686
5,0.001,0.00624895
