,Current,Voltage
0,0.0,0.000126362
1,0.0002,0.00145197
2,0.0004,0.00278234
3,0.0006,0.00410318
4,0.0008,0.00538826
5,0.001,0.00671625
