,Current,Voltage
0,0.0,0.000114441
1,0.0002,0.00134706
2,0.0004,0.00256062
3,0.0006,0.00375509
4,0.0008,0.00494242
5,0.001,0.00614405
