,Current,Voltage
0,0.0,0.000128746
1,0.0002,0.00166655
2,0.0004,0.00320911
3,0.0006,0.00472069
4,0.0008,0.00621557
5,0.001,0.0077033
