,Current,Voltage
0,0.0,0.000114441
1,0.0002,0.00133753
2,0.0004,0.00252008
3,0.0006,0.00370741
4,0.0008,0.00489473
5,0.001,0.00611305
