,Current,Voltage
0,0.0,7.39098e-05
1,0.0002,0.0010848
2,0.0004,0.00204325
3,0.0006,0.00291109
4,0.0008,0.00390768
5,0.001,0.00478506
