,Current,Voltage
0,0.0,5.96046e-05
1,0.0002,0.00148296
2,0.0004,0.00277519
3,0.0006,0.00413895
4,0.0008,0.00544786
5,0.001,0.00678062
