,Current,Voltage
0,0.0,8.34465e-05
1,0.0002,0.00153303
2,0.0004,0.0029397
3,0.0006,0.00434637
4,0.0008,0.00571966
5,0.001,0.00712633
