,Current,Voltage
0,0.0,0.000162125
1,0.0002,0.001719
2,0.0004,0.00326157
3,0.0006,0.00478506
4,0.0008,0.00629663
5,0.001,0.0077939
