,Current,Voltage
0,0.0,-0.338509
1,0.0002,-0.0381255
2,0.0004,-0.0116372
3,0.0006,-0.00207663
4,0.0008,0.0033164
5,0.001,0.00715494
