,Current,Voltage
0,0.0,0.000112057
1,0.0002,0.00100613
2,0.0004,0.00187159
3,0.0006,0.0027132
4,0.0008,0.00360012
5,0.001,0.00443459
