,Current,Voltage
0,0.0,0.000171661
1,0.0002,0.00157833
2,0.0004,0.00294924
3,0.0006,0.00432968
4,0.0008,0.00568867
5,0.001,0.00704527
