,Current,Voltage
0,0.0,0.0177407
1,0.0002,0.0204968
2,0.0004,0.0238967
3,0.0006,0.0273848
4,0.0008,0.0310016
5,0.001,0.0344658
