,Current,Voltage
0,0.0,0.000152588
1,0.0002,0.00139713
2,0.0004,0.00260353
3,0.0006,0.00377178
4,0.0008,0.00501394
5,0.001,0.00614166
