,Current,Voltage
0,0.0,0.000214577
1,0.0002,0.00393152
2,0.0004,0.00764132
3,0.0006,0.0113153
4,0.0008,0.0150132
5,0.001,0.0186801
