,Current,Voltage
0,0.0,0.00013113
1,0.0002,0.00149727
2,0.0004,0.00282288
3,0.0006,0.00413179
4,0.0008,0.0055027
5,0.001,0.00680923
