,Current,Voltage
0,0.0,0.0316787
1,0.0002,0.0332832
2,0.0004,0.036242
3,0.0006,0.0389719
4,0.0008,0.0416803
5,0.001,0.0442839
