,Current,Voltage
0,0.0,0.000114441
1,0.0002,0.000700951
2,0.0004,0.00119448
3,0.0006,0.00168562
4,0.0008,0.00220776
5,0.001,0.00272274
