,Current,Voltage
0,0.0,0.00208855
1,0.0002,0.0765944
2,0.0004,0.151875
3,0.0006,0.225871
4,0.0008,0.301032
5,0.001,0.375662
