,Current,Voltage
0,0.0,0.000686646
1,0.0002,0.00486135
2,0.0004,0.00877142
3,0.0006,0.0126696
4,0.0008,0.0165582
5,0.001,0.0204253
