,Current,Voltage
0,0.0,0.000116825
1,0.0002,0.000209808
2,0.0004,0.00023365
3,0.0006,0.000264645
4,0.0008,0.000283718
5,0.001,0.000305176
