,Current,Voltage
0,0.0,0.000128746
1,0.0002,0.00145912
2,0.0004,0.00275135
3,0.0006,0.00401974
4,0.0008,0.00531435
5,0.001,0.0065732
