,Current,Voltage
0,0.0,9.77516e-05
1,0.0002,0.00130892
2,0.0004,0.00251532
3,0.0006,0.0036788
4,0.0008,0.00486135
5,0.001,0.00599384
