,Current,Voltage
0,0.0,0.000152588
1,0.0002,0.00144958
2,0.0004,0.00272036
3,0.0006,0.0039506
4,0.0008,0.00525236
5,0.001,0.00651598
