,Current,Voltage
0,0.0,0.000138283
1,0.0002,0.000426769
2,0.0004,0.00064373
3,0.0006,0.000889301
4,0.0008,0.00107765
5,0.001,0.00133753
