,Current,Voltage
0,0.0,0.000112057
1,0.0002,0.000805855
2,0.0004,0.00143766
3,0.0006,0.00211954
4,0.0008,0.00272751
5,0.001,0.00335217
