,Current,Voltage
0,0.0,6.4373e-05
1,0.0002,0.000548363
2,0.0004,0.000824928
3,0.0006,0.00116825
4,0.0008,0.00150204
5,0.001,0.00178576
