,Current,Voltage
0,0.0,7.86781e-05
1,0.0002,0.0016427
2,0.0004,0.00314713
3,0.0006,0.00464678
4,0.0008,0.00612974
5,0.001,0.00760555
