,Current,Voltage
0,0.0,0.000209808
1,0.0002,0.00416517
2,0.0004,0.00805616
3,0.0006,0.0119591
4,0.0008,0.0158572
5,0.001,0.0197577
