,Current,Voltage
0,0.0,9.77516e-05
1,0.0002,0.00210047
2,0.0004,0.00402689
3,0.0006,0.00595093
4,0.0008,0.0079155
5,0.001,0.00987768
