,Current,Voltage
0,0.0,9.29832e-05
1,0.0002,0.000758171
2,0.0004,0.00145197
3,0.0006,0.00205278
4,0.0008,0.00267029
5,0.001,0.00327826
