,Current,Voltage
0,0.0,0.000138283
1,0.0002,0.0017333
2,0.0004,0.00330448
3,0.0006,0.00486374
4,0.0008,0.00640869
5,0.001,0.00795603
