,Current,Voltage
0,0.0,0.000135899
1,0.0002,0.00172615
2,0.0004,0.00328302
3,0.0006,0.00480652
4,0.0008,0.00637293
5,0.001,0.00785112
