,Current,Voltage
0,0.0,0.000119209
1,0.0002,0.00164747
2,0.0004,0.0031352
3,0.0006,0.00460625
4,0.0008,0.00607729
5,0.001,0.0075531
