,Current,Voltage
0,0.0,0.000104904
1,0.0002,0.00138521
2,0.0004,0.00259399
3,0.0006,0.00374317
4,0.0008,0.00497103
5,0.001,0.0061202
