,Current,Voltage
0,0.0,0.00013113
1,0.0002,0.00136375
2,0.0004,0.00249863
3,0.0006,0.00368595
4,0.0008,0.00486374
5,0.001,0.00600815
