,Current,Voltage
0,0.0,0.000135899
1,0.0002,0.00175476
2,0.0004,0.00331163
3,0.0006,0.00488758
4,0.0008,0.0064826
5,0.001,0.00806808
