,Current,Voltage
0,0.0,0.000135899
1,0.0002,0.0012207
2,0.0004,0.00229597
3,0.0006,0.00338554
4,0.0008,0.00442266
5,0.001,0.00551462
