,Current,Voltage
0,0.0,7.62939e-05
1,0.0002,0.000121593
2,0.0004,0.0827789
3,0.0006,1.11884
4,0.0008,2.57237
5,0.001,4.22912
