,Current,Voltage
0,0.0,0.000193119
1,0.0002,0.00373125
2,0.0004,0.00725746
3,0.0006,0.0107336
4,0.0008,0.0142455
5,0.001,0.0177193
