,Current,Voltage
0,0.0,0.000193119
1,0.0002,0.00221491
2,0.0004,0.00422716
3,0.0006,0.00620127
4,0.0008,0.00823259
5,0.001,0.01019
