,Current,Voltage
0,0.0,0.000152588
1,0.0002,0.00199318
2,0.0004,0.00381947
3,0.0006,0.00560522
4,0.0008,0.0074029
5,0.001,0.0091815
