,Current,Voltage
0,0.0,0.000100136
1,0.0002,0.000984669
2,0.0004,0.00182629
3,0.0006,0.00267506
4,0.0008,0.00356197
5,0.001,0.00437498
