,Current,Voltage
0,0.0,0.00510001
1,8e-10,0.014287
2,1.6e-09,0.0234895
3,2.4e-09,0.0326686
4,3.2e-09,0.0418296
5,4e-09,0.0510228
