,Current,Voltage
0,0.0,0.0058465
1,8e-10,0.0155697
2,1.6e-09,0.0253131
3,2.4e-09,0.0350158
4,3.2e-09,0.0447581
5,4e-09,0.0544953
