,Current,Voltage
0,0.0,0.000152588
1,0.0002,0.00218868
2,0.0004,0.00415087
3,0.0006,0.00617266
4,0.0008,0.00811815
5,0.001,0.0101113
