,Current,Voltage
0,0.0,0.000157356
1,0.0002,0.00364304
2,0.0004,0.00707626
3,0.0006,0.0105119
4,0.0008,0.0139594
5,0.001,0.017395
