,Current,Voltage
0,0.0,0.000174046
1,0.0002,0.00254154
2,0.0004,0.00488997
3,0.0006,0.00720739
4,0.0008,0.00955582
5,0.001,0.0118494
