,Current,Voltage
0,0.0,0.000138283
1,0.0002,0.00159979
2,0.0004,0.00297308
3,0.0006,0.00438452
4,0.0008,0.00579357
5,0.001,0.00713587
