,Current,Voltage
0,0.0,0.000145435
1,0.0002,0.0026536
2,0.0004,0.00513554
3,0.0006,0.00759363
4,0.0008,0.0100327
5,0.001,0.0125051
