,Current,Voltage
0,0.0,0.000114441
1,0.0002,0.00249624
2,0.0004,0.00486135
3,0.0006,0.00711441
4,0.0008,0.00944138
5,0.001,0.0117326
