,Current,Voltage
0,0.0,0.000171661
1,0.0002,0.00159264
2,0.0004,0.00303268
3,0.0006,0.00440121
4,0.0008,0.0057888
5,0.001,0.00715494
