,Current,Voltage
0,0.0,0.00013113
1,0.0002,0.00148773
2,0.0004,0.0028038
3,0.0006,0.00411034
4,0.0008,0.00537395
5,0.001,0.00664711
