,Current,Voltage
0,0.0,0.000152588
1,0.0002,0.00135899
2,0.0004,0.00257492
3,0.0006,0.0037384
4,0.0008,0.00491619
5,0.001,0.00609398
