,Current,Voltage
0,0.0,0.000121593
1,0.0002,0.00158548
2,0.0004,0.00298262
3,0.0006,0.00437021
4,0.0008,0.00574827
5,0.001,0.00715733
