,Current,Voltage
0,0.0,0.000128746
1,0.0002,0.00231504
2,0.0004,0.00446796
3,0.0006,0.00659466
4,0.0008,0.00868082
5,0.001,0.0108147
