,Current,Voltage
0,0.0,0.000193119
1,0.0002,0.00362873
2,0.0004,0.0070262
3,0.0006,0.0104308
4,0.0008,0.0138378
5,0.001,0.0172186
