,Current,Voltage
0,0.0,0.00017643
1,0.0002,0.00240088
2,0.0004,0.00459194
3,0.0006,0.0067091
4,0.0008,0.00890732
5,0.001,0.0110126
