,Current,Voltage
0,0.0,0.000183582
1,0.0002,0.00283241
2,0.0004,0.00547409
3,0.0006,0.00808477
4,0.0008,0.0106883
5,0.001,0.0132966
