,Current,Voltage
0,0.0,0.00017643
1,0.0002,0.00257969
2,0.0004,0.00494719
3,0.0006,0.0072813
4,0.0008,0.00965595
5,0.001,0.0120044
