,Current,Voltage
0,0.0,0.000123978
1,0.0002,0.00144005
2,0.0004,0.00270367
3,0.0006,0.00393867
4,0.0008,0.00519514
5,0.001,0.00647545
