,Current,Voltage
0,0.0,9.05991e-05
1,0.0002,0.00235796
2,0.0004,0.00457287
3,0.0006,0.00678301
4,0.0008,0.00902891
5,0.001,0.0112128
