,Current,Voltage
0,0.0,0.00254393
1,0.0002,0.00566006
2,0.0004,0.00857115
3,0.0006,0.0114441
4,0.0008,0.0144005
5,0.001,0.0173283
