,Current,Voltage
0,0.0,0.000162125
1,0.0002,0.00172377
2,0.0004,0.00325203
3,0.0006,0.00475407
4,0.0008,0.00629425
5,0.001,0.00777483
