,Current,Voltage
0,0.0,0.00014782
1,0.0002,0.00244856
2,0.0004,0.00471115
3,0.0006,0.00695705
4,0.0008,0.00925064
5,0.001,0.0114703
