,Current,Voltage
0,0.0,0.000109673
1,0.0002,0.00148296
2,0.0004,0.00281572
3,0.0006,0.00409126
4,0.0008,0.00541687
5,0.001,0.00675678
