,Current,Voltage
0,0.0,0.000166893
1,0.0002,0.00226498
2,0.0004,0.00438452
3,0.0006,0.00645399
4,0.0008,0.0085187
5,0.001,0.0105786
