,Current,Voltage
0,0.0,0.000238419
1,0.0002,0.00480413
2,0.0004,0.00942707
3,0.0006,0.0139666
4,0.0008,0.018568
5,0.001,0.0231218
