,Current,Voltage
0,0.0,0.000162125
1,0.0002,0.00177383
2,0.0004,0.00342846
3,0.0006,0.00500441
4,0.0008,0.00659943
5,0.001,0.00819206
