,Current,Voltage
0,0.0,0.000178814
1,0.0002,0.00468731
2,0.0004,0.00915289
3,0.0006,0.0135803
4,0.0008,0.0180769
5,0.001,0.0225019
