,Current,Voltage
0,0.0,0.000114441
1,0.0002,0.00131845
2,0.0004,0.00247002
3,0.0006,0.00360966
4,0.0008,0.00475407
5,0.001,0.00588179
