,Current,Voltage
0,0.0,0.000154972
1,0.0002,0.00171661
2,0.0004,0.0032115
3,0.0006,0.00471354
4,0.0008,0.00623226
5,0.001,0.00774384
