,Current,Voltage
0,0.0,0.00013113
1,0.0002,0.0016284
2,0.0004,0.00310659
3,0.0006,0.00459909
4,0.0008,0.00601292
5,0.001,0.00746012
