,Current,Voltage
0,0.0,0.000107288
1,0.0002,0.00154018
2,0.0004,0.00291348
3,0.0006,0.00421286
4,0.0008,0.00555515
5,0.001,0.00693321
