,Current,Voltage
0,0.0,0.00017643
1,0.0002,0.00282526
2,0.0004,0.00539541
3,0.0006,0.00790834
4,0.0008,0.010488
5,0.001,0.0130272
