,Current,Voltage
0,0.0,0.000228882
1,0.0002,0.00518322
2,0.0004,0.0101304
3,0.0006,0.0150204
4,0.0008,0.0200272
5,0.001,0.0248718
