,Current,Voltage
0,0.0,0.000200272
1,0.0002,0.00396013
2,0.0004,0.00765324
3,0.0006,0.0113535
4,0.0008,0.0150681
5,0.001,0.0187278
