,Current,Voltage
0,0.0,0.000109673
1,0.0002,0.003016
2,0.0004,0.00586271
3,0.0006,0.00867844
4,0.0008,0.011549
5,0.001,0.0143528
