,Current,Voltage
0,0.0,0.000143051
1,0.0002,0.00157833
2,0.0004,0.00301361
3,0.0006,0.00440598
4,0.0008,0.00582218
5,0.001,0.00720501
