,Current,Voltage
0,0.0,0.000140667
1,0.0002,0.00248671
2,0.0004,0.00478029
3,0.0006,0.00707388
4,0.0008,0.00934839
5,0.001,0.0115991
