,Current,Voltage
0,0.0,0.000178814
1,0.0002,0.00394344
2,0.0004,0.0077343
3,0.0006,0.0114965
4,0.0008,0.015254
5,0.001,0.0189877
