,Current,Voltage
0,0.0,0.000350475
1,0.0002,0.0107861
2,0.0004,0.0211906
3,0.0006,0.0315738
4,0.0008,0.0420237
5,0.001,0.0523615
