,Current,Voltage
0,0.0,8.10623e-05
1,0.0002,0.00233412
2,0.0004,0.00455856
3,0.0006,0.00670671
4,0.0008,0.00897646
5,0.001,0.0111389
