,Current,Voltage
0,0.0,8.58307e-05
1,0.0002,0.00181437
2,0.0004,0.00341415
3,0.0006,0.00508308
4,0.0008,0.00669956
5,0.001,0.00831366
