,Current,Voltage
0,0.0,0.000216961
1,0.0002,0.00653744
2,0.0004,0.0128222
3,0.0006,0.0190568
4,0.0008,0.0253725
5,0.001,0.0316095
