,Current,Voltage
0,0.0,0.000352859
1,0.0002,0.0113797
2,0.0004,0.0224257
3,0.0006,0.0334001
4,0.0008,0.0444436
5,0.001,0.0554204
