,Current,Voltage
0,0.0,0.000183582
1,0.0002,0.00572205
2,0.0004,0.0111604
3,0.0006,0.016644
4,0.0008,0.0220537
5,0.001,0.0273085
