,Current,Voltage
0,0.0,0.000166893
1,0.0002,0.00317335
2,0.0004,0.00621796
3,0.0006,0.0091815
4,0.0008,0.0121236
5,0.001,0.0150847
