,Current,Voltage
0,0.0,0.000188351
1,0.0002,0.00533581
2,0.0004,0.0104833
3,0.0006,0.0156045
4,0.0008,0.0207686
5,0.001,0.0258636
