,Current,Voltage
0,0.0,0.000629425
1,0.0002,0.0216031
2,0.0004,0.0427389
3,0.0006,0.0636864
4,0.0008,0.0847912
5,0.001,0.105715
