,Current,Voltage
0,0.0,0.000658035
1,0.0002,0.0249505
2,0.0004,0.0430036
3,0.0006,0.0582743
4,0.0008,0.0788212
5,0.001,0.0924802
