,Current,Voltage
0,0.0,0.000154972
1,0.0002,0.00343084
2,0.0004,0.00667095
3,0.0006,0.00985622
4,0.0008,0.0131178
5,0.001,0.016315
