,Current,Voltage
0,0.0,0.000166893
1,0.0002,0.00389099
2,0.0004,0.00751019
3,0.0006,0.0111294
4,0.0008,0.01477
5,0.001,0.0184059
