,Current,Voltage
0,0.0,0.000119209
1,0.0002,0.00309467
2,0.0004,0.00603676
3,0.0006,0.00894547
4,0.0008,0.0119114
5,0.001,0.0148296
