,Current,Voltage
0,0.0,8.34465e-05
1,0.0002,0.00348091
2,0.0004,0.00688076
3,0.0006,0.0103068
4,0.0008,0.0138283
5,0.001,0.0174522
