,Current,Voltage
0,0.0,0.000128746
1,0.0002,0.0028944
2,0.0004,0.00560522
3,0.0006,0.00824213
4,0.0008,0.0109291
5,0.001,0.0136256
