,Current,Voltage
0,0.0,0.00010252
1,0.0002,0.00283957
2,0.0004,0.00551701
3,0.0006,0.00817299
4,0.0008,0.0108838
5,0.001,0.0135088
