,Current,Voltage
0,0.0,0.00013113
1,0.0002,0.00270128
2,0.0004,0.00521421
3,0.0006,0.00771284
4,0.0008,0.0102091
5,0.001,0.0127339
