,Current,Voltage
0,0.0,0.000123978
1,0.0002,0.00299454
2,0.0004,0.00580549
3,0.0006,0.00858307
4,0.0008,0.011375
5,0.001,0.0141621
