,Current,Voltage
0,0.0,0.000846386
1,0.0002,0.0314021
2,0.0004,0.0622058
3,0.0006,0.092752
4,0.0008,0.123558
5,0.001,0.15408
