,Current,Voltage
0,0.0,-1.36969
1,0.0002,-1.25506
2,0.0004,-1.13164
3,0.0006,-1.01168
4,0.0008,-0.89406
5,0.001,-0.779605
