,Current,Voltage
0,0.0,0.000114441
1,0.0002,0.00161409
2,0.0004,0.00311375
3,0.0006,0.00459671
4,0.0008,0.00611782
5,0.001,0.00758648
