,Current,Voltage
0,0.0,0.000267029
1,0.0002,0.00622272
2,0.0004,0.0121903
3,0.0006,0.0180793
4,0.0008,0.0240183
5,0.001,0.0298715
