,Current,Voltage
0,0.0,0.00313282
1,0.0002,0.122879
2,0.0004,0.243671
3,0.0006,0.363524
4,0.0008,0.484462
5,0.001,0.604327
