,Current,Voltage
0,0.0,0.00107288
1,0.0002,0.0377584
2,0.0004,0.0747871
3,0.0006,0.111437
4,0.0008,0.148447
5,0.001,0.185139
