,Current,Voltage
0,0.0,0.00017643
1,0.0002,0.000920296
2,0.0004,0.00164509
3,0.0006,0.00232935
4,0.0008,0.00305653
5,0.001,0.00375748
