,Current,Voltage
0,0.0,0.00272274
1,0.0002,0.106425
2,0.0004,0.211158
3,0.0006,0.314996
4,0.0008,0.419753
5,0.001,0.523655
