,Current,Voltage
0,0.0,0.000286102
1,0.0002,0.00473499
2,0.0004,0.00927448
3,0.0006,0.0137568
4,0.0008,0.0183058
5,0.001,0.0227451
