,Current,Voltage
0,0.0,0.000193119
1,0.0002,0.00175238
2,0.0004,0.00334978
3,0.0006,0.00490189
4,0.0008,0.00644922
5,0.001,0.00803232
