,Current,Voltage
0,0.0,0.000185966
1,0.0002,0.0022769
2,0.0004,0.00431538
3,0.0006,0.00635862
4,0.0008,0.0083828
5,0.001,0.0103664
