,Current,Voltage
0,0.0,0.000267029
1,0.0002,0.00605583
2,0.0004,0.0118423
3,0.0006,0.0175881
4,0.0008,0.0233221
5,0.001,0.0290656
