,Current,Voltage
0,0.0,0.00023365
1,0.0002,0.00262499
2,0.0004,0.00501633
3,0.0006,0.00737667
4,0.0008,0.00973463
5,0.001,0.0120902
