,Current,Voltage
0,0.0,0.000238419
1,0.0002,0.00397444
2,0.0004,0.00771284
3,0.0006,0.0114083
4,0.0008,0.01513
5,0.001,0.0188398
