,Current,Voltage
0,0.0,0.000300407
1,0.0002,0.00688076
2,0.0004,0.0134969
3,0.0006,0.0200558
4,0.0008,0.0266623
5,0.001,0.0332332
