,Current,Voltage
0,0.0,0.393121
1,0.0002,0.962067
2,0.0004,1.45268
3,0.0006,1.89012
4,0.0008,2.27945
5,0.001,2.78235
