,Current,Voltage
0,0.0,-1.36579
1,0.0002,-1.20376
2,0.0004,-1.04194
3,0.0006,-0.891318
4,0.0008,-0.749624
5,0.001,-0.617032
