,Current,Voltage
0,0.0,0.000236034
1,0.0002,0.00416517
2,0.0004,0.008111
3,0.0006,0.0120139
4,0.0008,0.0159168
5,0.001,0.0198174
