,Current,Voltage
0,0.0,0.0004673
1,0.0002,0.0130582
2,0.0004,0.0257468
3,0.0006,0.0383067
4,0.0008,0.0509405
5,0.001,0.0635529
