,Current,Voltage
0,0.0,0.000135899
1,0.0002,0.000157356
2,0.0004,0.000143051
3,0.0006,0.000100136
4,0.0008,8.34465e-05
5,0.001,5.24521e-05
