,Current,Voltage
0,0.0,0.000221729
1,0.0002,0.00210524
2,0.0004,0.00399351
3,0.0006,0.00578165
4,0.0008,0.00767231
5,0.001,0.00950336
