,Current,Voltage
0,0.0,0.000240803
1,0.0002,0.00538826
2,0.0004,0.0105238
3,0.0006,0.015564
4,0.0008,0.0206971
5,0.001,0.0257659
