,Current,Voltage
0,0.0,0.000126362
1,0.0002,0.000817776
2,0.0004,10.0021
3,0.0006,10.002
4,0.0008,10.0018
5,0.001,10.0019
