,Current,Voltage
0,0.0,0.00321388
1,0.0002,0.140865
2,0.0004,0.279663
3,0.0006,0.417287
4,0.0008,0.556207
5,0.001,0.693879
