{
  "mapping_offsets": [
    0.0,
    1.0,
    2.0,
    3.0,
    4.0,
    5.0,
    6.0
  ],
  "flir_offsets": [
    0,
    15,
    30
  ],
  "spin_speed": {
    "min": 100.0,
    "max": 3800.0,
    "value": {
      "0": 1000,
      "1": 1000,
      "2": 1000,
      "3": 1000,
      "4": 1000,
      "5": 1000,
      "6": 1000,
      "7": 1000,
      "8": 1000,
      "9": 1000,
      "10": 1000,
      "11": 1000,
      "12": 1000,
      "13": 1000,
      "14": 1000,
      "15": 1000,
      "16": 1000,
      "17": 1000,
      "18": 1000,
      "19": 1000,
      "20": 1000,
      "21": 1000,
      "22": 1000,
      "23": 1000,
      "24": 1000,
      "25": 1000,
      "26": 1000,
      "27": 1000,
      "28": 1000,
      "29": 1000,
      "30": 1000,
      "31": 1000,
      "32": 1000,
      "33": 1000
    },
    "units": "RPM",
    "optimize_with_chem_os": false
  },
  "spin_time": {
    "min": 10.0,
    "max": 120.0,
    "value": {
      "0": 60,
      "1": 60,
      "2": 60,
      "3": 60,
      "4": 60,
      "5": 60,
      "6": 60,
      "7": 60,
      "8": 60,
      "9": 60,
      "10": 60,
      "11": 60,
      "12": 60,
      "13": 60,
      "14": 60,
      "15": 60,
      "16": 60,
      "17": 60,
      "18": 60,
      "19": 60,
      "20": 60,
      "21": 60,
      "22": 60,
      "23": 60,
      "24": 60,
      "25": 60,
      "26": 60,
      "27": 60,
      "28": 60,
      "29": 60,
      "30": 60,
      "31": 60,
      "32": 60,
      "33": 60
    },
    "units": "s",
    "optimize_with_chem_os": false
  },
  "dispense_volume": {
    "min": 0.001,
    "max": 1.0,
    "value": 0.1,
    "units": "mL",
    "optimize_with_chem_os": false
  },
  "campaign_dispensed_amounts": {
    "spiro": {
      "chemical_name": "Spiro",
      "varied": false,
      "value": 0.11180000000000012,
      "units": "mg",
      "metadata": {
        "molar_weight_ mg": 1225.43,
        "concentration_mg_ml": 50,
        "requested_param": null,
        "requested_vol": 0.13764603652136342
      }
    },
    "cobalt": {
      "chemical_name": "FK102",
      "varied": true,
      "value": 0.05480000000000018,
      "units": "mg",
      "metadata": {
        "molar_weight_ mg": 1334.86,
        "concentration_mg_ml": 50,
        "requested_param": null,
        "requested_vol": 0.07068729681196988
      }
    },
    "tbp": {
      "chemical_name": "tBP",
      "varied": false,
      "value": 0.029499999999999638,
      "units": "mg",
      "metadata": {
        "molar_weight_ mg": 135.21,
        "concentration_mg_ml": 50,
        "requested_param": null,
        "requested_vol": 0.04166666666666666
      }
    },
    "annealing": {
      "varied": true,
      "value": 58.907883167266846,
      "units": "s",
      "metadata": {}
    }
  },
  "properties": {
    "measurement_0": 7.365780928236458e-07,
    "measurement_1": 7.070666733890803e-07,
    "measurement_2": 7.146757022963806e-07,
    "measurement_3": 7.12755909768203e-07,
    "measurement_4": 7.144098882363156e-07,
    "measurement_5": 5.26515252960111e-07,
    "measurement_6": 7.320888524625659e-07,
    "measurement_mean": 6.920129102766147e-07
  },
  "active_parameters_pickle_file": {
    "filename": "not yet defined"
  },
  "processes": {
    "x0": 0.31023305285391267,
    "x1": 0.33821237087249756
  },
  "chemOS": {
    "requested_params": {
      "x0": 0.47144436836242676,
      "x1": 0.2454495131969452
    },
    "output_for_previous": {
      "campaign_name": "pseudomobility",
      "session_id": "9d97a479-d129-410e-a3ee-9c638411253c",
      "experiment_id": "acee4ecd-99c3-4207-904c-e756989f1360",
      "execution_id": "f601a7f4",
      "robot_id": "7fed69c8",
      "processes": {
        "x0": 0.31023305285391267,
        "x1": 0.33821237087249756
      },
      "properties": {
        "measurement_0": 7.365780928236458e-07,
        "measurement_1": 7.070666733890803e-07,
        "measurement_2": 7.146757022963806e-07,
        "measurement_3": 7.12755909768203e-07,
        "measurement_4": 7.144098882363156e-07,
        "measurement_5": 5.26515252960111e-07,
        "measurement_6": 7.320888524625659e-07,
        "measurement_mean": 6.920129102766147e-07
      }
    }
  },
  "operator_name": "Ray",
  "operator_comment": "chemos optimization Co anneal mean Ps"
}