,Current,Voltage
0,0.0,0.00339246
1,8e-10,0.0094316
2,1.6e-09,0.0154579
3,2.4e-09,0.0214903
4,3.2e-09,0.0275216
5,4e-09,0.0335402
