,Current,Voltage
0,0.0,0.00622892
1,8e-10,0.0167654
2,1.6e-09,0.027313
3,2.4e-09,0.0378411
4,3.2e-09,0.048383
5,4e-09,0.0589061
