,Current,Voltage
0,0.0,0.000319481
1,0.0002,0.00917435
2,0.0004,0.0179529
3,0.0006,0.737202
4,0.0008,2.18309
5,0.001,4.25384
