,Current,Voltage
0,0.0,0.000219345
1,0.0002,0.0033617
2,0.0004,0.00655174
3,0.0006,0.00967979
4,0.0008,0.012846
5,0.001,0.0160003
