,Current,Voltage
0,0.0,0.00048399
1,0.0002,0.0161076
2,0.0004,0.0318146
3,0.0006,0.0473404
4,0.0008,0.0630522
5,0.001,0.0785828
