,Current,Voltage
0,0.0,0.000123978
1,0.0002,0.00268459
2,0.0004,0.00521421
3,0.0006,0.00773191
4,0.0008,0.0102711
5,0.001,0.0127625
