,Current,Voltage
0,0.0,0.000140667
1,0.0002,0.00194073
2,0.0004,0.0036931
3,0.0006,0.00544548
4,0.0008,0.00722885
5,0.001,0.00899792
