,Current,Voltage
0,0.0,0.000157356
1,0.0002,0.00312328
2,0.0004,0.00606537
3,0.0006,0.00897884
4,0.0008,0.0119257
5,0.001,0.0148273
