,Current,Voltage
0,0.0,0.000133514
1,0.0002,0.00263453
2,0.0004,0.00504494
3,0.0006,0.00745058
4,0.0008,0.00987768
5,0.001,0.0123215
