,Current,Voltage
0,0.0,0.00017643
1,0.0002,0.00373125
2,0.0004,0.00723124
3,0.0006,0.0107002
4,0.0008,0.014236
5,0.001,0.0176787
