,Current,Voltage
0,0.0,0.000114441
1,0.0002,0.00276327
2,0.0004,0.00540257
3,0.0006,0.00794888
4,0.0008,0.0105429
5,0.001,0.0131512
