,Current,Voltage
0,0.0,0.000100136
1,0.0002,0.00231981
2,0.0004,0.00445127
3,0.0006,0.00656128
4,0.0008,0.00873327
5,0.001,0.0108528
