,Current,Voltage
0,0.0,0.000112057
1,0.0002,0.00274658
2,0.0004,0.00534773
3,0.0006,0.0079608
4,0.0008,0.0105
5,0.001,0.0131035
