,Current,Voltage
0,0.0,0.00208616
1,0.0002,0.0114918
2,0.0004,0.0219512
3,0.0006,0.0317574
4,0.0008,0.0418925
5,0.001,0.0519085
