,Current,Voltage
0,0.0,0.000183582
1,0.0002,0.00234842
2,0.0004,0.00452757
3,0.0006,0.00667334
4,0.0008,0.00884533
5,0.001,0.0109553
