,Current,Voltage
0,0.0,0.000107288
1,0.0002,0.00245094
2,0.0004,0.00471354
3,0.0006,0.00698566
4,0.0008,0.00928402
5,0.001,0.0115585
