,Current,Voltage
0,0.0,0.000178814
1,0.0002,0.00517845
2,0.0004,0.0101399
3,0.0006,0.0150752
4,0.0008,0.020082
5,0.001,0.024991
