,Current,Voltage
0,0.0,0.000128746
1,0.0002,0.00315666
2,0.0004,0.00609875
3,0.0006,0.00905037
4,0.0008,0.0119948
5,0.001,0.0149632
