,Current,Voltage
0,0.0,0.00014782
1,0.0002,0.00258446
2,0.0004,0.00503063
3,0.0006,0.00742435
4,0.0008,0.00982046
5,0.001,0.0122428
