,Current,Voltage
0,0.0,0.000143051
1,0.0002,0.00324249
2,0.0004,0.00635624
3,0.0006,0.00936985
4,0.0008,0.0124431
5,0.001,0.015502
