,Current,Voltage
0,0.0,0.000488758
1,0.0002,0.016377
2,0.0004,0.0324011
3,0.0006,0.0482559
4,0.0008,0.0642824
5,0.001,0.0800347
