,Current,Voltage
0,0.0,0.000579357
1,0.0002,0.0192928
2,0.0004,0.038197
3,0.0006,0.0569034
4,0.0008,0.0757551
5,0.001,0.0944781
