,Current,Voltage
0,0.0,0.000109673
1,0.0002,0.00249147
2,0.0004,0.00482559
3,0.0006,0.0071764
4,0.0008,0.00951529
5,0.001,0.0117731
