,Current,Voltage
0,0.0,0.000133514
1,0.0002,0.0022912
2,0.0004,0.00438929
3,0.0006,0.00653505
4,0.0008,0.00862837
5,0.001,0.0107336
