,Current,Voltage
0,0.0,0.000152588
1,0.0002,0.00197172
2,0.0004,0.00377893
3,0.0006,0.0055337
4,0.0008,0.00733852
5,0.001,0.00913858
