,Current,Voltage
0,0.0,0.000174046
1,0.0002,0.003438
2,0.0004,0.00661612
3,0.0006,0.0098753
4,0.0008,0.0130939
5,0.001,0.0162482
