,Current,Voltage
0,0.0,0.000240803
1,0.0002,0.00757694
2,0.0004,0.0148821
3,0.0006,0.0221014
4,0.0008,0.0293946
5,0.001,0.0366426
