,Current,Voltage
0,0.0,9.05991e-05
1,0.0002,0.003016
2,0.0004,0.00588655
3,0.0006,0.00874043
4,0.0008,0.0116205
5,0.001,0.014472
