,Current,Voltage
0,0.0,0.000295639
1,0.0002,0.00883341
2,0.0004,0.0172997
3,0.0006,0.0257158
4,0.0008,0.0342464
5,0.001,0.0426102
