,Current,Voltage
0,0.0,0.000360012
1,0.0002,0.0112867
2,0.0004,0.0222325
3,0.0006,0.0331116
4,0.0008,0.0441265
5,0.001,0.0549412
