,Current,Voltage
0,0.0,0.00020504
1,0.0002,0.004704
2,0.0004,0.0092268
3,0.0006,0.0136185
4,0.0008,0.0181627
5,0.001,0.0225782
