,Current,Voltage
0,0.0,0.000128746
1,0.0002,0.00339985
2,0.0004,0.0066328
3,0.0006,0.00980616
4,0.0008,0.0130391
5,0.001,0.0162172
