,Current,Voltage
0,0.0,0.000157356
1,0.0002,0.00290394
2,0.0004,0.00560045
3,0.0006,0.00825644
4,0.0008,0.0109243
5,0.001,0.0136256
