,Current,Voltage
0,0.0,0.00023365
1,0.0002,0.00632048
2,0.0004,0.012362
3,0.0006,0.0183892
4,0.0008,0.0244093
5,0.001,0.0304341
