,Current,Voltage
0,0.0,0.000207424
1,0.0002,0.00559092
2,0.0004,0.0108957
3,0.0006,0.0161862
4,0.0008,0.0215268
5,0.001,0.0267816
