,Current,Voltage
0,0.0,0.000174046
1,0.0002,0.00448227
2,0.0004,0.00877619
3,0.0006,0.0130081
4,0.0008,0.017302
5,0.001,0.0215864
