,Current,Voltage
0,0.0,0.000128746
1,0.0002,0.00226736
2,0.0004,0.00438452
3,0.0006,0.00649214
4,0.0008,0.00858784
5,0.001,0.0107002
