,Current,Voltage
0,0.0,0.000271797
1,0.0002,0.00769377
2,0.0004,0.0150847
3,0.0006,0.0224137
4,0.0008,0.0298357
5,0.001,0.037179
