,Current,Voltage
0,0.0,0.000553131
1,0.0002,0.0187993
2,0.0004,0.0371432
3,0.0006,0.0553727
4,0.0008,0.073719
5,0.001,0.0919223
