,Current,Voltage
0,0.0,8.34465e-05
1,0.0002,0.00285864
2,0.0004,0.00556946
3,0.0006,0.00823498
4,0.0008,0.0109935
5,0.001,0.0136518
