,Current,Voltage
0,0.0,0.000157356
1,0.0002,0.00348806
2,0.0004,0.00678301
3,0.0006,0.0100231
4,0.0008,0.0133371
5,0.001,0.0166106
