,Current,Voltage
0,0.0,0.000171661
1,0.0002,0.220988
2,0.0004,3.48155
3,0.0006,6.57758
4,0.0008,9.71288
5,0.001,10.0019
