,Current,Voltage
0,0.0,0.000152588
1,0.0002,0.00340462
2,0.0004,0.00654459
3,0.0006,0.0112557
4,0.0008,0.0149894
5,0.001,0.0187492
