,Current,Voltage
0,0.0,0.000150204
1,0.0002,0.00295401
2,0.0004,0.00567675
3,0.0006,0.00842094
4,0.0008,0.0111532
5,0.001,0.013864
