,Current,Voltage
0,0.0,0.000538826
1,0.0002,0.0168729
2,0.0004,0.0333309
3,0.0006,0.0496602
4,0.0008,0.0661135
5,0.001,0.0823879
