,Current,Voltage
0,0.0,0.000312328
1,0.0002,0.0094986
2,0.0004,0.0186801
3,0.0006,0.0278115
4,0.0008,0.0370097
5,0.001,0.0461102
