,Current,Voltage
0,0.0,0.00142336
1,0.0002,1.00225
2,0.0004,4.31333
3,0.0006,7.37808
4,0.0008,6.60097
5,0.001,6.32511
