,Current,Voltage
0,0.0,0.000567436
1,0.0002,0.0210238
2,0.0004,0.041647
3,0.0006,0.062077
4,0.0008,0.0827265
5,0.001,0.103121
