,Current,Voltage
0,0.0,0.000174046
1,0.0002,0.00440121
2,0.0004,0.0085783
3,0.0006,0.0127435
4,0.0008,0.0169373
5,0.001,0.0210905
