,Current,Voltage
0,0.0,0.000333786
1,0.0002,0.0098753
2,0.0004,0.0194693
3,0.0006,0.0289583
4,0.0008,0.0385475
5,0.001,0.0480437
