,Current,Voltage
0,0.0,0.000209808
1,0.0002,0.00584841
2,0.0004,0.0114536
3,0.0006,0.0170064
4,0.0008,0.0225735
5,0.001,0.0281429
