,Current,Voltage
0,0.0,0.000219345
1,0.0002,0.00580549
2,0.0004,0.0113535
3,0.0006,0.016849
4,0.0008,0.022428
5,0.001,0.0279498
