,Current,Voltage
0,0.0,0.000143051
1,0.0002,0.00272751
2,0.0004,0.00530005
3,0.0006,0.00780582
4,0.0008,0.0103211
5,0.001,0.0128818
