,Current,Voltage
0,0.0,0.000417233
1,0.0002,0.0160599
2,0.0004,0.0317907
3,0.0006,0.0474072
4,0.0008,0.0631237
5,0.001,0.0786495
