,Current,Voltage
0,0.0,0.000169277
1,0.0002,0.00460386
2,0.0004,0.00900507
3,0.0006,0.013392
4,0.0008,0.0177813
5,0.001,0.0221682
