,Current,Voltage
0,0.0,0.000114441
1,0.0002,0.00340223
2,0.0004,0.00659943
3,0.0006,0.00977278
4,0.0008,0.0129795
5,0.001,0.0161457
