,Current,Voltage
0,0.0,0.000188351
1,0.0002,0.00448942
2,0.0004,0.00881433
3,0.0006,0.0130033
4,0.0008,0.017283
5,0.001,0.0215364
