,Current,Voltage
0,0.0,0.000126362
1,0.0002,0.00328302
2,0.0004,0.00639439
3,0.0006,0.00947237
4,0.0008,0.0125933
5,0.001,0.0157166
