,Current,Voltage
0,0.0,0.00038147
1,0.0002,0.0133777
2,0.0004,0.0264478
3,0.0006,0.039382
4,0.0008,0.0524449
5,0.001,0.0653791
