,Current,Voltage
0,0.0,0.000169277
1,0.0002,0.0030899
2,0.0004,0.00596762
3,0.0006,0.00883818
4,0.0008,0.0117254
5,0.001,0.0146151
