,Current,Voltage
0,0.0,0.000224113
1,0.0002,0.0054884
2,0.0004,0.0108361
3,0.0006,7.31125
4,0.0008,9.86964
5,0.001,10.002
