,Current,Voltage
0,0.0,0.000183582
1,0.0002,0.00301838
2,0.0004,0.00587463
3,0.0006,0.00867367
4,0.0008,0.0114822
5,0.001,0.0143242
