,Current,Voltage
0,0.0,0.000183582
1,0.0002,0.00376463
2,0.0004,0.00731707
3,0.0006,0.0107789
4,0.0008,0.0143528
5,0.001,0.0178432
