,Current,Voltage
0,0.0,0.000133514
1,0.0002,0.00301838
2,0.0004,0.00586987
3,0.0006,0.00866175
4,0.0008,0.0114703
5,0.001,0.014286
