,Current,Voltage
0,0.0,0.000498295
1,0.0002,0.0191379
2,0.0004,0.0378799
3,0.0006,0.0564766
4,0.0008,0.0751638
5,0.001,0.0936961
