,Current,Voltage
0,0.0,0.000150204
1,0.0002,0.00338793
2,0.0004,0.00653028
3,0.0006,0.00966787
4,0.0008,0.0128436
5,0.001,0.0160003
