,Current,Voltage
0,0.0,0.0042448
1,8e-10,0.0127108
2,1.6e-09,0.0211835
3,2.4e-09,0.0296535
4,3.2e-09,0.0381207
5,4e-09,0.0465891
