{
  "mapping_offsets": [
    0.0,
    1.0,
    2.0,
    3.0,
    4.0,
    5.0,
    6.0
  ],
  "flir_offsets": [
    0,
    15,
    30
  ],
  "spin_speed": {
    "min": 100.0,
    "max": 3800.0,
    "value": {
      "0": 1000,
      "1": 1000,
      "2": 1000,
      "3": 1000,
      "4": 1000,
      "5": 1000
    },
    "units": "RPM",
    "optimize_with_chem_os": false
  },
  "spin_time": {
    "min": 10.0,
    "max": 120.0,
    "value": {
      "0": 60,
      "1": 60,
      "2": 60,
      "3": 60,
      "4": 60,
      "5": 60
    },
    "units": "s",
    "optimize_with_chem_os": false
  },
  "dispense_volume": {
    "min": 0.001,
    "max": 1.0,
    "value": 0.1,
    "units": "mL",
    "optimize_with_chem_os": false
  },
  "campaign_dispensed_amounts": {
    "spiro": {
      "chemical_name": "Spiro",
      "varied": false,
      "value": 0.07979999999999965,
      "units": "mg",
      "metadata": {
        "molar_weight_ mg": 1225.43,
        "concentration_mg_ml": 50,
        "requested_param": null,
        "requested_vol": 0.10292667803937058
      }
    },
    "cobalt": {
      "chemical_name": "FK102",
      "varied": true,
      "value": 0.0806,
      "units": "mg",
      "metadata": {
        "molar_weight_ mg": 1334.86,
        "concentration_mg_ml": 50,
        "requested_param": null,
        "requested_vol": 0.10540665529396274
      }
    },
    "tbp": {
      "chemical_name": "tBP",
      "varied": false,
      "value": 0.028899999999999704,
      "units": "mg",
      "metadata": {
        "molar_weight_ mg": 135.21,
        "concentration_mg_ml": 50,
        "requested_param": null,
        "requested_vol": 0.04166666666666667
      }
    },
    "annealing": {
      "varied": true,
      "value": 233.11730861663818,
      "units": "s",
      "metadata": {}
    }
  },
  "properties": {
    "measurement_0": 3.049427739730517e-07,
    "measurement_1": 2.851371442777742e-07,
    "measurement_2": 2.7052877504796264e-07,
    "measurement_3": 2.516428147292469e-07,
    "measurement_4": 2.442925884715773e-07,
    "measurement_5": 2.3343435451338305e-07,
    "measurement_6": 2.2611466618686591e-07,
    "measurement_mean": 2.594418738856945e-07
  },
  "active_parameters_pickle_file": {
    "filename": "not yet defined"
  },
  "processes": {
    "x0": 0.9044210490099962,
    "x1": 0.7297175526618958
  },
  "chemOS": {
    "requested_params": {
      "x0": 0.9401407241821289,
      "x1": 0.9713221192359924
    },
    "output_for_previous": {
      "campaign_name": "pseudomobility",
      "session_id": "dbad41d5-017b-4f35-b430-6be3f655fdb0",
      "experiment_id": "412973aa-ec99-41ee-bd1f-a065458f5bd6",
      "execution_id": "680af68d",
      "robot_id": "e0c4ac82",
      "processes": {
        "x0": 0.9044210490099962,
        "x1": 0.7297175526618958
      },
      "properties": {
        "measurement_0": 3.049427739730517e-07,
        "measurement_1": 2.851371442777742e-07,
        "measurement_2": 2.7052877504796264e-07,
        "measurement_3": 2.516428147292469e-07,
        "measurement_4": 2.442925884715773e-07,
        "measurement_5": 2.3343435451338305e-07,
        "measurement_6": 2.2611466618686591e-07,
        "measurement_mean": 2.594418738856945e-07
      }
    }
  },
  "operator_name": "Thomas",
  "operator_comment": "chemOS optimization of pseudomobility over cobalt annealing space"
}