,Current,Voltage
0,0.0,-0.0441275
1,8e-10,0.613286
2,1.6e-09,0.92703
3,2.4e-09,1.20121
4,3.2e-09,1.46694
5,4e-09,1.73009
