,Current,Voltage
0,0.0,0.000214577
1,0.0002,0.00538111
2,0.0004,0.0104904
3,0.0006,0.0155687
4,0.0008,0.0207353
5,0.001,0.0257611
