,Current,Voltage
0,0.0,-0.000107288
1,0.0002,2.38419e-06
2,0.0004,2.14577e-05
3,0.0006,3.8147e-05
4,0.0008,6.4373e-05
5,0.001,9.53674e-05
