,Current,Voltage
0,0.0,0.00113249
1,0.0002,0.0585032
2,0.0004,0.0947237
3,0.0006,0.13001
4,0.0008,0.165088
5,0.001,0.199308
