,Current,Voltage
0,0.0,0.00103474
1,0.0002,0.0400877
2,0.0004,0.0794625
3,0.0006,0.118508
4,0.0008,0.1579
5,0.001,0.196822
