,Current,Voltage
0,0.0,8.10623e-05
1,0.0002,0.00305176
2,0.0004,0.00618696
3,0.0006,0.00923634
4,0.0008,0.0123215
5,0.001,0.0153279
