,Current,Voltage
0,0.0,0.000154972
1,0.0002,0.00335217
2,0.0004,0.00645399
3,0.0006,0.00953913
4,0.0008,0.0127172
5,0.001,0.0158
