,Current,Voltage
0,0.0,0.000109673
1,0.0002,0.00175238
2,0.0004,0.00328779
3,0.0006,0.00486374
4,0.0008,0.00639677
5,0.001,0.00797749
