,Current,Voltage
0,0.0,0.000154972
1,0.0002,0.00510931
2,0.0004,0.0100732
3,0.0006,0.0149226
4,0.0008,0.0198102
5,0.001,0.0246906
