,Current,Voltage
0,0.0,0.000100136
1,0.0002,0.00329018
2,0.0004,0.00644445
3,0.0006,0.00958681
4,0.0008,0.0127125
5,0.001,0.0158334
