,Current,Voltage
0,0.0,0.000126362
1,0.0002,0.00191212
2,0.0004,0.00365019
3,0.0006,0.00539064
4,0.0008,0.00713348
5,0.001,0.0088954
