,Current,Voltage
0,0.0,0.000267029
1,0.0002,0.00756741
2,0.0004,0.0148463
3,0.0006,0.0221133
4,0.0008,0.0293779
5,0.001,0.036602
