,Current,Voltage
0,0.0,0.00108242
1,0.0002,0.040319
2,0.0004,0.0799513
3,0.0006,0.118744
4,0.0008,0.156424
5,0.001,0.191164
