,Current,Voltage
0,0.0,0.000169277
1,0.0002,0.00296831
2,0.0004,0.00570774
3,0.0006,0.00838518
4,0.0008,0.0111485
5,0.001,0.0138092
