,Current,Voltage
0,0.0,0.0121403
1,0.0002,0.115733
2,0.0004,0.217998
3,0.0006,0.317481
4,0.0008,0.415895
5,0.001,0.511558
