,Current,Voltage
0,0.0,0.000197887
1,0.0002,0.00578403
2,0.0004,0.0113487
3,0.0006,0.0168562
4,0.0008,0.0224137
5,0.001,0.0278997
