,Current,Voltage
0,0.0,0.00113487
1,0.0002,0.0441742
2,0.0004,0.0875521
3,0.0006,0.130563
4,0.0008,0.173934
5,0.001,0.216942
