,Current,Voltage
0,0.0,6.91414e-05
1,0.0002,0.0018692
2,0.0004,0.00360489
3,0.0006,0.00533342
4,0.0008,0.00705004
5,0.001,0.00880718
