,Current,Voltage
0,0.0,0.0067091
1,0.0002,2.36556
2,0.0004,8.50618
3,0.0006,10.0021
4,0.0008,10.0019
5,0.001,10.002
