,Current,Voltage
0,0.0,0.000126362
1,0.0002,0.00290871
2,0.0004,0.00561476
3,0.0006,0.00835657
4,0.0008,0.0110555
5,0.001,0.0137591
