,Current,Voltage
0,0.0,0.0246787
1,0.0002,0.0753236
2,0.0004,0.125661
3,0.0006,0.175083
4,0.0008,0.224512
5,0.001,0.272939
