,Current,Voltage
0,0.0,0.00017643
1,0.0002,0.00354528
2,0.0004,0.006814
3,0.0006,0.0100923
4,0.0008,0.0133491
5,0.001,0.0166392
