,Current,Voltage
0,0.0,0.000596046
1,0.0002,0.0210452
2,0.0004,0.0416398
3,0.0006,0.0620365
4,0.0008,0.0826049
5,0.001,0.10298
