,Current,Voltage
0,0.0,0.000264645
1,0.0002,0.00639677
2,0.0004,0.0125742
3,0.0006,0.01863
4,0.0008,0.0247598
5,0.001,0.0308537
