,Current,Voltage
0,0.0,0.000133514
1,0.0002,0.00145197
2,0.0004,0.00278234
3,0.0006,0.00412703
4,0.0008,0.00540495
5,0.001,0.00669956
