,Current,Voltage
0,0.0,0.000152588
1,0.0002,0.00317097
2,0.0004,0.00613928
3,0.0006,0.00910521
4,0.0008,0.0120592
5,0.001,0.0150323
