,Current,Voltage
0,0.0,0.000202656
1,0.0002,0.0037241
2,0.0004,0.00726938
3,0.0006,0.0107551
4,0.0008,0.014317
5,0.001,0.0177765
