,Current,Voltage
0,0.0,0.00025034
1,0.0002,0.00756502
2,0.0004,0.0148296
3,0.0006,0.022006
4,0.0008,0.0293064
5,0.001,0.0365162
