,Current,Voltage
0,0.0,0.000247955
1,0.0002,0.00706673
2,0.0004,0.0139117
3,0.0006,0.0206709
4,0.0008,0.0274849
5,0.001,0.0342655
