,Current,Voltage
0,0.0,0.000462532
1,0.0002,0.0153708
2,0.0004,0.0350308
3,0.0006,0.29062
4,0.0008,2.98148
5,0.001,10.0022
