,Current,Voltage
0,0.0,0.000119209
1,0.0002,0.0035882
2,0.0004,0.00700951
3,0.0006,0.0105047
4,0.0008,0.0142837
5,0.001,0.0184464
