,Current,Voltage
0,0.0,8.58307e-05
1,0.0002,0.00225306
2,0.0004,0.0043869
3,0.0006,0.0065136
4,0.0008,0.00867367
5,0.001,0.0107574
