,Current,Voltage
0,0.0,0.000231266
1,0.0002,0.0064373
2,0.0004,0.0125837
3,0.0006,0.0187254
4,0.0008,0.0249386
5,0.001,0.031054
