,Current,Voltage
0,0.0,7.62939e-05
1,0.0002,0.00173569
2,0.0004,0.00328541
3,0.0006,0.00485659
4,0.0008,0.00639677
5,0.001,0.00794888
