,Current,Voltage
0,0.0,0.000185966
1,0.0002,0.00362158
2,0.0004,0.00701666
3,0.0006,0.010457
4,0.0008,0.0138235
5,0.001,0.0172162
