,Current,Voltage
0,0.0,0.00762129
1,8e-10,0.0320191
2,1.6e-09,0.0563903
3,2.4e-09,0.0807581
4,3.2e-09,0.105141
5,4e-09,0.129541
