,Current,Voltage
0,0.0,9.05991e-05
1,0.0002,0.000123978
2,0.0004,0.000143051
3,0.0006,0.000143051
4,0.0008,0.000185966
5,0.001,0.000143051
