,Current,Voltage
0,0.0,0.000383854
1,0.0002,0.0120544
2,0.0004,0.0236607
3,0.0006,0.0352788
4,0.0008,0.0469613
5,0.001,0.0585604
