,Current,Voltage
0,0.0,0.000264645
1,0.0002,0.00692368
2,0.0004,0.0135207
3,0.0006,0.0201011
4,0.0008,0.0267124
5,0.001,0.0332928
