,Current,Voltage
0,0.0,0.000126362
1,0.0002,0.00190496
2,0.0004,0.00368595
3,0.0006,0.00541449
4,0.0008,0.00721455
5,0.001,0.00893354
