,Current,Voltage
0,0.0,-1.35162
1,0.0002,-0.681467
2,0.0004,-0.0765371
3,0.0006,0.463917
4,0.0008,0.956838
5,0.001,1.40041
