,Current,Voltage
0,0.0,0.000197887
1,0.0002,0.00660419
2,0.0004,0.0130486
3,0.0006,0.0193858
4,0.0008,0.0257969
5,0.001,0.0321126
