,Current,Voltage
0,0.0,7.39098e-05
1,0.0002,0.00108004
2,0.0004,0.00206947
3,0.0006,0.00297785
4,0.0008,0.00393152
5,0.001,0.00485182
