,Current,Voltage
0,0.0,0.012126
1,0.0002,0.0130463
2,0.0004,0.0157785
3,0.0006,0.0186539
4,0.0008,0.0215483
5,0.001,0.0243664
