,Current,Voltage
0,0.0,0.000224113
1,0.0002,0.00750542
2,0.0004,0.0147748
3,0.0006,0.0219607
4,0.0008,0.0292683
5,0.001,0.0364089
