,Current,Voltage
0,0.0,9.53674e-05
1,0.0002,0.000517368
2,0.0004,0.000858307
3,0.0006,0.00123739
4,0.0008,0.00157833
5,0.001,0.00195503
