,Current,Voltage
0,0.0,0.00107288
1,0.0002,0.0415254
2,0.0004,0.0823092
3,0.0006,0.122797
4,0.0008,0.163507
5,0.001,0.204003
