,Current,Voltage
0,0.0,0.000114441
1,0.0002,0.00308275
2,0.0004,0.00601053
3,0.0006,0.00890732
4,0.0008,0.0118256
5,0.001,0.0146961
