,Current,Voltage
0,0.0,8.58307e-05
1,0.0002,0.000457764
2,0.0004,0.000720024
3,0.0006,0.00099659
4,0.0008,0.00128269
5,0.001,0.00159264
