,Current,Voltage
0,0.0,0.000681877
1,0.0002,0.0247312
2,0.0004,0.0489783
3,0.0006,0.0729656
4,0.0008,0.0971723
5,0.001,0.121164
