,Current,Voltage
0,0.0,0.000100136
1,0.0002,0.000748634
2,0.0004,0.00128508
3,0.0006,0.00182629
4,0.0008,0.00239849
5,0.001,0.00295401
