,Current,Voltage
0,0.0,0.000166893
1,0.0002,0.00404596
2,0.0004,0.00792027
3,0.0006,0.0116968
4,0.0008,0.015583
5,0.001,0.0193524
