,Current,Voltage
0,0.0,0.000238419
1,0.0002,0.00591278
2,0.0004,0.0115371
3,0.0006,0.0171161
4,0.0008,0.0227857
5,0.001,0.0283718
