,Current,Voltage
0,0.0,0.000109673
1,0.0002,0.00227451
2,0.0004,0.00441313
3,0.0006,0.00648022
4,0.0008,0.00856876
5,0.001,0.010674
