,Current,Voltage
0,0.0,0.000169277
1,0.0002,0.00419855
2,0.0004,0.0082016
3,0.0006,0.0121069
4,0.0008,0.0161123
5,0.001,0.0201178
