,Current,Voltage
0,0.0,-1.33511
1,0.0002,-0.619497
2,0.0004,0.0263906
3,0.0006,0.604525
4,0.0008,1.13162
5,0.001,1.60615
