,Current,Voltage
0,0.0,-0.98702
1,0.0002,-0.583286
2,0.0004,-0.344937
3,0.0006,-0.200746
4,0.0008,-0.110333
5,0.001,-0.0519466
