,Current,Voltage
0,0.0,6.19888e-05
1,0.0002,0.00113487
2,0.0004,0.00212193
3,0.0006,0.00311375
4,0.0008,0.00415802
5,0.001,0.00513792
