,Current,Voltage
0,0.0,5.00679e-05
1,0.0002,0.00112295
2,0.0004,0.00210524
3,0.0006,0.00308752
4,0.0008,0.00403881
5,0.001,0.00502586
