,Current,Voltage
0,0.0,-1.29611
1,0.0002,-0.689948
2,0.0004,-0.0954509
3,0.0006,0.492785
4,0.0008,1.08618
5,0.001,1.67387
