,Current,Voltage
0,0.0,0.000991821
1,0.0002,0.0357795
2,0.0004,0.0708699
3,0.0006,0.105686
4,0.0008,0.140719
5,0.001,0.175512
