,Current,Voltage
0,0.0,-0.676682
1,0.0002,-0.142744
2,0.0004,-0.01513
3,0.0006,0.0497127
4,0.0008,0.0896692
5,0.001,0.119126
