,Current,Voltage
0,0.0,-1.31251
1,0.0002,-1.10193
2,0.0004,-0.920966
3,0.0006,-0.764196
4,0.0008,-0.627563
5,0.001,-0.508008
