,Current,Voltage
0,0.0,0.00017643
1,0.0002,0.00437021
2,0.0004,0.00857115
3,0.0006,0.01266
4,0.0008,0.016861
5,0.001,0.0210047
