,Current,Voltage
0,0.0,9.29832e-05
1,0.0002,0.00147104
2,0.0004,0.00283003
3,0.0006,0.00412464
4,0.0008,0.00545979
5,0.001,0.00682831
