,Current,Voltage
0,0.0,6.67572e-05
1,0.0002,0.00159502
2,0.0004,0.00309467
3,0.0006,0.00453949
4,0.0008,0.00603437
5,0.001,0.00746727
