,Current,Voltage
0,0.0,-0.391426
1,0.0002,-0.0568438
2,0.0004,-0.0154328
3,0.0006,0.00432491
4,0.0008,0.017817
5,0.001,0.028584
