,Current,Voltage
0,0.0,0.000202656
1,0.0002,0.00651598
2,0.0004,0.0128341
3,0.0006,0.0191212
4,0.0008,0.0254345
5,0.001,0.0316978
