,Current,Voltage
0,0.0,0.000123978
1,0.0002,0.00387907
2,0.0004,0.00766516
3,0.0006,0.0113606
4,0.0008,0.0151038
5,0.001,0.0188184
