,Current,Voltage
0,0.0,0.000488758
1,0.0002,0.0181484
2,0.0004,0.0359225
3,0.0006,0.0535631
4,0.0008,0.0713634
5,0.001,0.0889754
