,Current,Voltage
0,0.0,0.000138283
1,0.0002,0.00189543
2,0.0004,0.00360966
3,0.0006,0.00537872
4,0.0008,0.00708818
5,0.001,0.0088048
