,Current,Voltage
0,0.0,0.000329018
1,0.0002,0.0116682
2,0.0004,0.0229931
3,0.0006,0.0341916
4,0.0008,0.0455546
5,0.001,0.0567913
