,Current,Voltage
0,0.0,0.0149059
1,0.0002,0.578341
2,0.0004,1.14711
3,0.0006,1.71133
4,0.0008,2.28148
5,0.001,2.84657
