,Current,Voltage
0,0.0,0.000116825
1,0.0002,0.00143528
2,0.0004,0.00272274
3,0.0006,0.00400543
4,0.0008,0.00530481
5,0.001,0.00658751
