,Current,Voltage
0,0.0,0.000166893
1,0.0002,0.00411272
2,0.0004,0.00801802
3,0.0006,0.0118518
4,0.0008,0.0157928
5,0.001,0.0196266
