,Current,Voltage
0,0.0,7.62939e-05
1,0.0002,0.00107527
2,0.0004,0.00201702
3,0.0006,0.00293255
4,0.0008,0.00388622
5,0.001,0.00482321
