,Current,Voltage
0,0.0,0.000123978
1,0.0002,0.00268459
2,0.0004,0.00519991
3,0.0006,0.00766516
4,0.0008,0.0101423
5,0.001,0.0126147
