,Current,Voltage
0,0.0,7.86781e-05
1,0.0002,0.00291586
2,0.0004,0.00570774
3,0.0006,0.00845194
4,0.0008,0.0112438
5,0.001,0.0139856
