,Current,Voltage
0,0.0,0.000121593
1,0.0002,0.00184298
2,0.0004,0.00354767
3,0.0006,0.00523329
4,0.0008,0.0069046
5,0.001,0.00858307
