,Current,Voltage
0,0.0,0.000314713
1,0.0002,0.0109959
2,0.0004,0.0217271
3,0.0006,0.0323653
4,0.0008,0.0430989
5,0.001,0.0537467
