,Current,Voltage
0,0.0,0.017221
1,0.0002,0.625818
2,0.0004,1.2387
3,0.0006,1.84711
4,0.0008,2.46155
5,0.001,3.07161
