,Current,Voltage
0,0.0,0.000238419
1,0.0002,0.0084734
2,0.0004,0.0163364
3,0.0006,0.0241423
4,0.0008,0.0321221
5,0.001,0.0400686
