,Current,Voltage
0,0.0,0.000703335
1,0.0002,0.0264859
2,0.0004,0.0524521
3,0.0006,0.0781751
4,0.0008,0.104165
5,0.001,0.129876
