,Current,Voltage
0,0.0,0.000123978
1,0.0002,0.00302553
2,0.0004,0.00584126
3,0.0006,0.00864983
4,0.0008,0.0114775
5,0.001,0.0142908
