,Current,Voltage
0,0.0,0.000259876
1,0.0002,0.00693321
2,0.0004,0.0136137
3,0.0006,0.0202107
4,0.0008,0.0269032
5,0.001,0.033524
