,Current,Voltage
0,0.0,0.000510216
1,0.0002,0.0173068
2,0.0004,0.0341845
3,0.0006,0.0509572
4,0.0008,0.0678015
5,0.001,0.0845623
