,Current,Voltage
0,0.0,0.00226259
1,0.0002,8.61678
2,0.0004,10.0022
3,0.0006,10.0019
4,0.0008,10.0019
5,0.001,10.0019
