,Current,Voltage
0,0.0,0.000517368
1,0.0002,0.0169301
2,0.0004,0.0334501
3,0.0006,0.0499105
4,0.0008,0.0664496
5,0.001,0.0828314
