,Current,Voltage
0,0.0,0.00133514
1,0.0002,0.0473142
2,0.0004,0.0936604
3,0.0006,0.13967
4,0.0008,0.186069
5,0.001,0.232062
