,Current,Voltage
0,0.0,0.000426769
1,0.0002,0.0144958
2,0.0004,0.0283313
3,0.0006,0.0421453
4,0.0008,0.056088
5,0.001,0.069952
