,Current,Voltage
0,0.0,0.000846386
1,0.0002,0.0328636
2,0.0004,0.0651002
3,0.0006,0.0970721
4,0.0008,0.129294
5,0.001,0.161247
