,Current,Voltage
0,0.0,0.00152588
1,0.0002,0.0563049
2,0.0004,0.111609
3,0.0006,0.166373
4,0.0008,0.221541
5,0.001,0.276251
