,Current,Voltage
0,0.0,0.00618458
1,0.0002,0.235875
2,0.0004,0.467763
3,0.0006,0.697587
4,0.0008,0.929329
5,0.001,1.15887
