,Current,Voltage
0,0.0,0.000901222
1,0.0002,0.0193763
2,0.0004,0.0383186
3,0.0006,0.0571537
4,0.0008,0.0760174
5,0.001,0.094769
