,Current,Voltage
0,0.0,0.000255108
1,0.0002,0.00601053
2,0.0004,0.0117612
3,0.0006,0.0175238
4,0.0008,0.0232959
5,0.001,0.0289774
