,Current,Voltage
0,0.0,0.00352859
1,0.0002,0.144663
2,0.0004,0.286918
3,0.0006,0.428126
4,0.0008,0.57045
5,0.001,0.711553
