,Current,Voltage
0,0.0,0.000231266
1,0.0002,0.00560999
2,0.0004,0.0109386
3,0.0006,0.016284
4,0.0008,0.0215983
5,0.001,0.0268745
