,Current,Voltage
0,0.0,0.00500917
1,0.0002,0.199854
2,0.0004,0.396283
3,0.0006,0.591245
4,0.0008,0.78773
5,0.001,0.982225
