,Current,Voltage
0,0.0,0.00661612
1,0.0002,0.256259
2,0.0004,0.508213
3,0.0006,0.75778
4,0.0008,1.01031
5,0.001,1.25973
