,Current,Voltage
0,0.0,0.00633359
1,8e-10,0.0182562
2,1.6e-09,0.0301228
3,2.4e-09,0.0420094
4,3.2e-09,0.0538962
5,4e-09,0.0657737
