,Current,Voltage
0,0.0,0.012583
1,8e-10,0.05674
2,1.6e-09,0.100145
3,2.4e-09,0.143361
4,3.2e-09,0.186578
5,4e-09,0.230168
