,Current,Voltage
0,0.0,0.00447345
1,8e-10,0.0118163
2,1.6e-09,0.0191665
3,2.4e-09,0.0265377
4,3.2e-09,0.033901
5,4e-09,0.0412529
