,Current,Voltage
0,0.0,0.00027895
1,0.0002,0.00596285
2,0.0004,0.0116968
3,0.0006,0.0173068
4,0.0008,0.0229979
5,0.001,0.0286627
