,Current,Voltage
0,0.0,0.000274181
1,0.0002,0.00696898
2,0.0004,0.0136042
3,0.0006,0.020287
4,0.0008,0.0269151
5,0.001,0.0335598
