,Current,Voltage
0,0.0,0.000300407
1,0.0002,0.00848532
2,0.0004,0.0167394
3,0.0006,0.024929
4,0.0008,0.0331569
5,0.001,0.0413179
