,Current,Voltage
0,0.0,0.000174046
1,0.0002,0.00413418
2,0.0004,0.00805855
3,0.0006,0.0119543
4,0.0008,0.0159335
5,0.001,0.0198078
