,Current,Voltage
0,0.0,0.000269413
1,0.0002,0.00542641
2,0.0004,0.0104976
3,0.0006,0.0155973
4,0.0008,0.020678
5,0.001,0.0257826
