,Current,Voltage
0,0.0,0.000247955
1,0.0002,0.00543833
2,0.0004,0.0105834
3,0.0006,0.0156951
4,0.0008,0.0208473
5,0.001,0.025897
