,Current,Voltage
0,0.0,0.000312328
1,0.0002,0.0085783
2,0.0004,0.0168705
3,0.0006,0.0250769
4,0.0008,0.0333667
5,0.001,0.0415826
