,Current,Voltage
0,0.0,0.000290871
1,0.0002,0.00784874
2,0.0004,0.0154018
3,0.0006,0.02285
4,0.0008,0.0303745
5,0.001,0.0378299
