,Current,Voltage
0,0.0,0.000321865
1,0.0002,0.00835657
2,0.0004,0.0163555
3,0.0006,0.0243235
4,0.0008,0.0783038
5,0.001,0.94645
