,Current,Voltage
0,0.0,0.00025034
1,0.0002,0.00743628
2,0.0004,0.0146246
3,0.0006,0.0217152
4,0.0008,0.0288939
5,0.001,0.0359368
