,Current,Voltage
0,0.0,0.000545979
1,0.0002,0.0232124
2,0.0004,3.13361
3,0.0006,6.02957
4,0.0008,9.13481
5,0.001,10.0019
