,Current,Voltage
0,0.0,0.000274181
1,0.0002,0.00911236
2,0.0004,0.0179076
3,0.0006,0.0266695
4,0.0008,0.0354743
5,0.001,0.0442553
