,Current,Voltage
0,0.0,0.000243187
1,0.0002,0.0063014
2,0.0004,0.0123405
3,0.0006,0.0183296
4,0.0008,0.0243807
5,0.001,0.0303459
