,Current,Voltage
0,0.0,0.000669956
1,0.0002,0.0225234
2,0.0004,0.0444651
3,0.0006,0.0663185
4,0.0008,0.0882673
5,0.001,0.110075
