,Current,Voltage
0,0.0,0.000252724
1,0.0002,0.00798941
2,0.0004,0.0156736
3,0.0006,0.0233245
4,0.0008,0.031023
5,0.001,0.0386643
