,Current,Voltage
0,0.0,0.000574589
1,0.0002,0.0210619
2,0.0004,0.0417423
3,0.0006,0.0622034
4,0.0008,0.0828218
5,0.001,0.103292
