,Current,Voltage
0,0.0,0.000321865
1,0.0002,0.00856161
2,0.0004,0.0168014
3,0.0006,0.025003
4,0.0008,0.0332403
5,0.001,0.0414443
