,Current,Voltage
0,0.0,0.00030756
1,0.0002,0.00994444
2,0.0004,0.0195313
3,0.0006,0.0290847
4,0.0008,0.038693
5,0.001,0.0482345
