,Current,Voltage
0,0.0,0.00030756
1,0.0002,0.00939131
2,0.0004,0.0184417
3,0.0006,0.0274682
4,0.0008,0.0365114
5,0.001,0.0454831
