,Current,Voltage
0,0.0,0.00023365
1,0.0002,0.00650883
2,0.0004,0.0127864
3,0.0006,0.0190187
4,0.0008,0.0253129
5,0.001,0.0315547
