,Current,Voltage
0,0.0,0.000212193
1,0.0002,0.00660181
2,0.0004,0.0129604
3,0.0006,0.0192642
4,0.0008,0.025661
5,0.001,0.031991
