,Current,Voltage
0,0.0,0.000231266
1,0.0002,0.0061059
2,0.0004,0.0119376
3,0.0006,0.0177598
4,0.0008,0.0236273
5,0.001,0.0294113
