,Current,Voltage
0,0.0,0.000281334
1,0.0002,0.00797272
2,0.0004,0.015583
3,0.0006,0.0231671
4,0.0008,0.0307751
5,0.001,0.038352
