,Current,Voltage
0,0.0,0.000236034
1,0.0002,0.00656605
2,0.0004,0.012939
3,0.0006,0.0192118
4,0.0008,0.0255704
5,0.001,0.031836
