,Current,Voltage
0,0.0,0.000300407
1,0.0002,0.0101638
2,0.0004,0.0199819
3,0.0006,0.0297356
4,0.0008,0.0395632
5,0.001,0.0493431
