,Current,Voltage
0,0.0,0.000519753
1,0.0002,0.0209117
2,0.0004,0.0415659
3,0.0006,0.0624275
4,0.0008,0.0834894
5,0.001,0.103095
