,Current,Voltage
0,0.0,0.000317097
1,0.0002,0.00822783
2,0.0004,0.0160408
3,0.0006,0.0238657
4,0.0008,0.0317216
5,0.001,0.0395489
