,Current,Voltage
0,0.0,0.000238419
1,0.0002,0.00450611
2,0.0004,0.00874996
3,0.0006,0.012958
4,0.0008,0.0172091
5,0.001,0.0214505
