,Current,Voltage
0,0.0,0.000271797
1,0.0002,0.00605583
2,0.0004,0.0118494
3,0.0006,0.0175977
4,0.0008,0.0234175
5,0.001,0.0291729
