,Current,Voltage
0,0.0,0.000276566
1,0.0002,0.00777245
2,0.0004,0.0152588
3,0.0006,0.0227022
4,0.0008,0.0302148
5,0.001,0.0376081
