,Current,Voltage
0,0.0,0.000169277
1,0.0002,0.00196457
2,0.0004,0.00365973
3,0.0006,3.06653
4,0.0008,5.59078
5,0.001,8.17896
