,Current,Voltage
0,0.0,0.000228882
1,0.0002,0.00725269
2,0.0004,0.0142145
3,0.0006,0.0211287
4,0.0008,0.0280833
5,0.001,0.0350213
