,Current,Voltage
0,0.0,0.00102758
1,0.0002,0.0352049
2,0.0004,0.0695992
3,0.0006,0.103791
4,0.0008,0.138187
5,0.001,0.172329
