,Current,Voltage
0,0.0,0.000283718
1,0.0002,0.00702143
2,0.0004,0.0137401
3,0.0006,0.0203776
4,0.0008,0.0270844
5,0.001,0.0337553
