,Current,Voltage
0,0.0,0.00056982
1,0.0002,0.0178456
2,0.0004,0.0352454
3,0.0006,0.0524974
4,0.0008,0.0699091
5,0.001,0.0871515
