,Current,Voltage
0,0.0,0.000231266
1,0.0002,0.00651836
2,0.0004,0.0127339
3,0.0006,0.0189614
4,0.0008,0.0251889
5,0.001,0.0313592
