,Current,Voltage
0,0.0,0.000259876
1,0.0002,0.00505686
2,0.0004,0.00980139
3,0.0006,0.0145221
4,0.0008,0.019331
5,0.001,0.0240302
