,Current,Voltage
0,0.0,0.000245571
1,0.0002,0.00775814
2,0.0004,0.0153041
3,0.0006,0.0227785
4,0.0008,0.0302863
5,0.001,0.0377345
