,Current,Voltage
0,0.0,0.000219345
1,0.0002,0.00472546
2,0.0004,0.00914574
3,0.0006,0.0135422
4,0.0008,0.0179648
5,0.001,0.0223517
