,Current,Voltage
0,0.0,0.000226498
1,0.0002,0.00521898
2,0.0004,0.010097
3,0.0006,0.0150275
4,0.0008,0.0199342
5,0.001,0.0248241
