,Current,Voltage
0,0.0,0.00015974
1,0.0002,0.00173569
2,0.0004,0.00321865
3,0.0006,0.00472546
4,0.0008,0.00623465
5,0.001,0.00769854
