,Current,Voltage
0,0.0,0.000274181
1,0.0002,0.00843287
2,0.0004,0.0165939
3,0.0006,0.0246334
4,0.0008,0.0327635
5,0.001,0.0408888
