,Current,Voltage
0,0.0,0.000231266
1,0.0002,0.00453472
2,0.0004,0.00883341
3,0.0006,0.0130844
4,0.0008,0.017395
5,0.001,0.0216675
