,Current,Voltage
0,0.0,0.000281334
1,0.0002,0.00775814
2,0.0004,0.0153065
3,0.0006,0.0227666
4,0.0008,0.0302768
5,0.001,0.0377321
