,Current,Voltage
0,0.0,0.000209808
1,0.0002,0.00393867
2,0.0004,0.00762939
3,0.0006,0.0113201
4,0.0008,0.0149703
5,0.001,0.0186515
