,Current,Voltage
0,0.0,0.000281334
1,0.0002,0.00647783
2,0.0004,0.0125861
3,0.0006,0.0186849
4,0.0008,0.0248122
5,0.001,0.0308776
