,Current,Voltage
0,0.0,0.000283718
1,0.0002,0.00718832
2,0.0004,0.0141001
3,0.0006,0.0209999
4,0.0008,0.0278974
5,0.001,0.0347447
