,Current,Voltage
0,0.0,0.000188351
1,0.0002,0.00350714
2,0.0004,0.00680208
3,0.0006,0.010047
4,0.0008,0.0133443
5,0.001,0.0166297
