,Current,Voltage
0,0.0,0.000207424
1,0.0002,0.00625372
2,0.0004,0.0122547
3,0.0006,0.0182581
4,0.0008,0.0242305
5,0.001,0.0301814
