,Current,Voltage
0,0.0,0.000209808
1,0.0002,0.00636101
2,0.0004,0.0125146
3,0.0006,0.0186157
4,0.0008,0.0247931
5,0.001,0.0308633
