,Current,Voltage
0,0.0,0.000178814
1,0.0002,0.00429153
2,0.0004,0.00836611
3,0.0006,0.0124359
4,0.0008,0.016489
5,0.001,0.0205517
