,Current,Voltage
0,0.0,0.00033617
1,0.0002,0.00908375
2,0.0004,0.0178218
3,0.0006,0.0265169
4,0.0008,0.035212
5,0.001,0.0438976
